<?xml version="1.0" encoding="UTF-8"?><magicdraw><property classType="Property" humanType="Property" icon="MDMIExampleModel_files/icon_property_2081076388.png" id="_19_0_3_62501eb_1575932667280_396639_6039"><aggregation humanName="Aggregation" mode="s,e">none</aggregation><association classType="Association" humanName="Association" humanType="Association" icon="MDMIExampleModel_files/icon_association_1244187993.png" isRelationship="true" name="Association[MDMI::MDMI Example Healthcare Domain Model::vital sign observation -&gt; MDMI::MDMI Example Healthcare Domain Model::vital sign]" refid="_19_0_3_62501eb_1575932667280_292157_6037"/><documentation humanName="Documentation"/><effectiveIRI humanName="Effective IRI" mode="s,e">https://www.omg.org/spec/MDMI/MDMIExampleHealthcareDomainMode#</effectiveIRI><featuringClassifier classType="Association" humanName="Featuring Classifier" humanType="Association" icon="MDMIExampleModel_files/icon_association_1244187993.png" isRelationship="true" name="Association[MDMI::MDMI Example Healthcare Domain Model::vital sign observation -&gt; MDMI::MDMI Example Healthcare Domain Model::vital sign]" refid="_19_0_3_62501eb_1575932667280_292157_6037"/><isComposite humanName="Is Composite">false</isComposite><isDerived humanName="Is Derived" mode="s,e">false</isDerived><isDerivedUnion humanName="Is Derived Union" mode="e">false</isDerivedUnion><isID humanName="Is ID" mode="e">false</isID><isLeaf humanName="Is Leaf">false</isLeaf><isOrdered humanName="Is Ordered" mode="e">false</isOrdered><isReadOnly humanName="Is Read Only" mode="s,e">false</isReadOnly><isStatic humanName="Is Static" mode="s,e">false</isStatic><isUnique humanName="Is Unique" mode="e">true</isUnique><lower humanName="Lower">1</lower><multiplicity humanName="Multiplicity" mode="s,e"/><multiplicity humanName="Multiplicity" mode="s,e"/><name humanName="Name" mode="s,e"/><namespace classType="Association" humanName="Namespace" humanType="Association" icon="MDMIExampleModel_files/icon_association_1244187993.png" isRelationship="true" name="Association[MDMI::MDMI Example Healthcare Domain Model::vital sign observation -&gt; MDMI::MDMI Example Healthcare Domain Model::vital sign]" refid="_19_0_3_62501eb_1575932667280_292157_6037"/><navigable humanName="Navigable" mode="e">false</navigable><opposite classType="Property" humanName="Opposite" humanType="Property" icon="MDMIExampleModel_files/icon_property_2081076388.png" name=" : MDMI::MDMI Example Healthcare Domain Model::vital sign [0..*]" refid="_19_0_3_62501eb_1575932667280_478117_6038"/><ownedBy classType="Association" humanName="Owned By" humanType="Association" icon="MDMIExampleModel_files/icon_association_1244187993.png" isRelationship="true" mode="s,e" name="Association[MDMI::MDMI Example Healthcare Domain Model::vital sign observation -&gt; MDMI::MDMI Example Healthcare Domain Model::vital sign]" refid="_19_0_3_62501eb_1575932667280_292157_6037"/><owner classType="Association" humanName="Owner" humanType="Association" icon="MDMIExampleModel_files/icon_association_1244187993.png" isRelationship="true" name="Association[MDMI::MDMI Example Healthcare Domain Model::vital sign observation -&gt; MDMI::MDMI Example Healthcare Domain Model::vital sign]" refid="_19_0_3_62501eb_1575932667280_292157_6037"/><owningAssociation classType="Association" humanName="Owning Association" humanType="Association" icon="MDMIExampleModel_files/icon_association_1244187993.png" isRelationship="true" name="Association[MDMI::MDMI Example Healthcare Domain Model::vital sign observation -&gt; MDMI::MDMI Example Healthcare Domain Model::vital sign]" refid="_19_0_3_62501eb_1575932667280_292157_6037"/><qualifiedName humanName="Qualified Name" mode="e">MDMI::MDMI Example Healthcare Domain Model::::</qualifiedName><redefinitionContext humanName="Redefinition Context"><association classType="Association" humanType="Association" icon="MDMIExampleModel_files/icon_association_1244187993.png" isRelationship="true" name="Association[MDMI::MDMI Example Healthcare Domain Model::vital sign observation -&gt; MDMI::MDMI Example Healthcare Domain Model::vital sign]" refid="_19_0_3_62501eb_1575932667280_292157_6037"/></redefinitionContext><TO_DO humanName="To Do" mode="s,e"/><type classType="Class" humanName="Type" humanType="Class" icon="MDMIExampleModel_files/icon_class_197855654.png" mode="s,e" name="vital sign observation" refid="_19_0_3_62501eb_1575932666745_678311_5042"/><TYPE_MODIFIER humanName="Type Modifier" mode="e"/><upper humanName="Upper">1</upper><visibility humanName="Visibility" mode="s,e">private</visibility><appearsIn><diagram classType="Diagram" humanType="Diagram" icon="MDMIExampleModel_files/icon_Generic Table_1027115338.png" name="MDMI Example Healthcare Domain Model Table" refid="_19_0_3_62501eb_1581544907504_393675_6946"/><diagram classType="Diagram" humanType="Diagram" icon="MDMIExampleModel_files/icon_Concept Modeling Diagram_908398659.png" name="MDMI Model Complete" refid="_19_0_3_62501eb_1575932723465_630876_8237"/><diagram classType="Diagram" humanType="Diagram" icon="MDMIExampleModel_files/icon_Concept Modeling Diagram_908398659.png" name="MDMI Example Healthcare domain model" refid="_19_0_3_62501eb_1581107580097_335037_11353"/></appearsIn></property></magicdraw>