<?xml version="1.0" encoding="UTF-8"?><magicdraw><literalunlimitednatural classType="LiteralUnlimitedNatural" humanType="Literal Unlimited Natural" icon="MDMIExampleModel_files/icon_literalunlimitednatural_1707148776.png" id="_19_0_3_62501eb_1575932667334_962722_6154"><documentation humanName="Documentation"/><name humanName="Name"/><owner classType="Property" humanName="Owner" humanType="Property" icon="MDMIExampleModel_files/icon_property_2081076388.png" mode="e" name="has performer" refid="_19_0_3_62501eb_1575932667333_467556_6152"/><owningUpper classType="Property" humanName="Owning Upper" humanType="Property" icon="MDMIExampleModel_files/icon_property_2081076388.png" name="has performer" refid="_19_0_3_62501eb_1575932667333_467556_6152"/><qualifiedName humanName="Qualified Name">MDMI::MDMI Generic Statement Model::occurance::has performer::</qualifiedName><text humanName="Text" mode="standard">*</text><TO_DO humanName="To Do"/><TYPE_MODIFIER humanName="Type Modifier"/><value humanName="Value" mode="s,e">-1</value><visibility humanName="Visibility">public</visibility></literalunlimitednatural></magicdraw>