<?xml version="1.0" encoding="UTF-8"?><magicdraw><instancespecification classType="InstanceSpecification" humanType="Instance Specification" icon="MDMIExampleModel_files/icon_instancespecification_1476812556.png" id="_19_0_3_62501eb_1575932666734_169585_5027"><classifier humanName="Classifier" mode="s,e"><stereotype classType="Stereotype" humanType="Stereotype" icon="MDMIExampleModel_files/icon_stereotype_1164289802.png" name="Resource" refid="_18_0_1_8bf027c_1408661908824_320374_5622"/></classifier><documentation humanName="Documentation"/><name humanName="Name" mode="s,e"/><ownedElement humanName="Owned Element"><slot classType="Slot" humanType="Slot" icon="MDMIExampleModel_files/icon_slot_34298277.png" refid="_19_0_3_62501eb_1581544195515_204358_6532"/><slot classType="Slot" humanType="Slot" icon="MDMIExampleModel_files/icon_slot_34298277.png" refid="_19_0_3_62501eb_1581544195515_479410_6534"/></ownedElement><owner classType="Class" humanName="Owner" humanType="Class" icon="MDMIExampleModel_files/icon_class_197855654.png" mode="s,e" name="immunization activity" refid="_19_0_3_62501eb_1575932666733_316702_5026"/><qualifiedName humanName="Qualified Name" mode="e">MDMI::MDMI Example Healthcare Domain Model::immunization activity::</qualifiedName><slot humanName="Slot"><slot classType="Slot" humanType="Slot" icon="MDMIExampleModel_files/icon_slot_34298277.png" refid="_19_0_3_62501eb_1581544195515_204358_6532"/><slot classType="Slot" humanType="Slot" icon="MDMIExampleModel_files/icon_slot_34298277.png" refid="_19_0_3_62501eb_1581544195515_479410_6534"/></slot><stereotypedElement classType="Class" humanName="Stereotyped Element" humanType="Class" icon="MDMIExampleModel_files/icon_class_197855654.png" name="immunization activity" refid="_19_0_3_62501eb_1575932666733_316702_5026"/><TO_DO humanName="To Do" mode="s,e"/><visibility humanName="Visibility">public</visibility></instancespecification></magicdraw>