<?xml version="1.0" encoding="UTF-8"?><magicdraw><instancespecification classType="InstanceSpecification" humanType="Instance Specification" icon="MDMIExampleModel_files/icon_instancespecification_1476812556.png" id="_19_0_3_62501eb_1575932667256_248688_5991"><classifier humanName="Classifier" mode="s,e"><stereotype classType="Stereotype" humanType="Stereotype" icon="MDMIExampleModel_files/icon_stereotype_1164289802.png" name="Resource" refid="_18_0_1_8bf027c_1408661908824_320374_5622"/></classifier><documentation humanName="Documentation"/><name humanName="Name" mode="s,e"/><ownedElement humanName="Owned Element"><slot classType="Slot" humanType="Slot" icon="MDMIExampleModel_files/icon_slot_34298277.png" refid="_19_0_3_62501eb_1581544195482_705726_6284"/><slot classType="Slot" humanType="Slot" icon="MDMIExampleModel_files/icon_slot_34298277.png" refid="_19_0_3_62501eb_1581544195482_871718_6286"/></ownedElement><owner classType="Property" humanName="Owner" humanType="Property" icon="MDMIExampleModel_files/icon_property_2081076388.png" mode="s,e" name="has organization legal name" refid="_19_0_3_62501eb_1575932667254_160391_5987"/><qualifiedName humanName="Qualified Name" mode="e">MDMI::MDMI Generic Statement Model::organization::has organization legal name::</qualifiedName><slot humanName="Slot"><slot classType="Slot" humanType="Slot" icon="MDMIExampleModel_files/icon_slot_34298277.png" refid="_19_0_3_62501eb_1581544195482_705726_6284"/><slot classType="Slot" humanType="Slot" icon="MDMIExampleModel_files/icon_slot_34298277.png" refid="_19_0_3_62501eb_1581544195482_871718_6286"/></slot><stereotypedElement classType="Property" humanName="Stereotyped Element" humanType="Property" icon="MDMIExampleModel_files/icon_property_2081076388.png" name="has organization legal name" refid="_19_0_3_62501eb_1575932667254_160391_5987"/><TO_DO humanName="To Do" mode="s,e"/><visibility humanName="Visibility">public</visibility></instancespecification></magicdraw>