<?xml version="1.0" encoding="UTF-8"?><magicdraw><comment classType="Comment" humanType="Comment" icon="MDMIExampleModel_files/icon_comment_318950125.png" id="_19_0_3_62501eb_1576112940477_774362_12261"><annotatedElement humanName="Annotated Element" mode="s,e"><diagram classType="Diagram" humanType="Diagram" icon="MDMIExampleModel_files/icon_Concept Modeling Diagram_908398659.png" name="MDMI Model Complete" refid="_19_0_3_62501eb_1575932723465_630876_8237"/></annotatedElement><APPLIED_STEREOTYPES humanName="Applied Stereotype" mode="s,e"><stereotype classType="Stereotype" humanType="Stereotype" icon="MDMIExampleModel_files/icon_stereotype_1164289802.png" name="Literal Annotation" refid="_18_0_6_8d40284_1529075556359_481044_4712"/></APPLIED_STEREOTYPES><appliedStereotype humanName="Applied Stereotype" mode="s,e"><stereotype classType="Stereotype" humanType="Stereotype" icon="MDMIExampleModel_files/icon_stereotype_1164289802.png" name="Literal Annotation" refid="_18_0_6_8d40284_1529075556359_481044_4712"><property classType="Property" humanName="Annotation Property" humanType="Property" icon="MDMIExampleModel_files/icon_property_2081076388.png" name="annotationProperty" refid="_18_0_4_8d40284_1446637901611_333092_4293"><property classType="Property" humanType="Property" icon="MDMIExampleModel_files/icon_property_2081076388.png" name="definition" refid="_19_0_3_62501eb_1575932667171_152408_5827"/></property><property classType="Property" humanName="Base_ Comment" humanType="Property" icon="MDMIExampleModel_files/icon_property_2081076388.png" name="base_Comment" refid="_18_0_6_8d40284_1529075563218_973152_4714"/><property classType="Property" humanName="Base_ Comment" humanType="Property" icon="MDMIExampleModel_files/icon_property_2081076388.png" name="base_Comment" refid="_18_0_4_8d40284_1446637851399_224264_4289"/><property classType="Property" humanName="Datatype" humanType="Property" icon="MDMIExampleModel_files/icon_property_2081076388.png" name="datatype" refid="_18_0_6_8d40284_1525856815617_605073_4892"/><property classType="Property" humanName="Language" humanType="Property" icon="MDMIExampleModel_files/icon_property_2081076388.png" name="language" refid="_18_0_6_17770441_1521589781350_530230_4650"/></stereotype></appliedStereotype><appliedStereotypeInstance classType="InstanceSpecification" humanName="Applied Stereotype Instance" humanType="Instance Specification" icon="MDMIExampleModel_files/icon_instancespecification_1476812556.png" name=" : Concept Modeling Profile::Literal Annotation" refid="_19_0_3_62501eb_1576112940489_546044_12262"/><body humanName="Body" mode="s,e">a state of affairs is a static condition or "state" consisting of a set of entities, properties and the relationships between them.
[UML] State</body><documentation humanName="Documentation"/><ownedElement humanName="Owned Element"><instancespecification classType="InstanceSpecification" humanType="Instance Specification" icon="MDMIExampleModel_files/icon_instancespecification_1476812556.png" name=" : Concept Modeling Profile::Literal Annotation" refid="_19_0_3_62501eb_1576112940489_546044_12262"/></ownedElement><owner classType="Diagram" humanName="Owner" humanType="Diagram" icon="MDMIExampleModel_files/icon_Concept Modeling Diagram_908398659.png" mode="s,e" name="MDMI Model Complete" refid="_19_0_3_62501eb_1575932723465_630876_8237"/><owningElement classType="Diagram" humanName="Owning Element" humanType="Diagram" icon="MDMIExampleModel_files/icon_Concept Modeling Diagram_908398659.png" name="MDMI Model Complete" refid="_19_0_3_62501eb_1575932723465_630876_8237"/><TO_DO humanName="To Do" mode="s,e"/></comment></magicdraw>