<?xml version="1.0" encoding="UTF-8"?><magicdraw><generalization classType="Generalization" humanType="Generalization" icon="MDMIExampleModel_files/icon_generalization_1785807415.png" id="_19_0_3_62501eb_1575932667465_523093_6453"><documentation humanName="Documentation"/><general classType="Class" humanName="General" humanType="Class" icon="MDMIExampleModel_files/icon_class_197855654.png" mode="s,e" name="Concept" refid="_19_0_3_62501eb_1575932666753_490321_5054"/><isSubstitutable humanName="Is Substitutable">true</isSubstitutable><owner classType="Class" humanName="Owner" humanType="Class" icon="MDMIExampleModel_files/icon_class_197855654.png" mode="s,e" name="" refid="_19_0_3_62501eb_1575932666885_586398_5270"/><relatedElement humanName="Related Element"><class classType="Class" humanType="Class" icon="MDMIExampleModel_files/icon_class_197855654.png" name="" refid="_19_0_3_62501eb_1575932666885_586398_5270"/><class classType="Class" humanType="Class" icon="MDMIExampleModel_files/icon_class_197855654.png" name="Concept" refid="_19_0_3_62501eb_1575932666753_490321_5054"/></relatedElement><source humanName="Source"><class classType="Class" humanType="Class" icon="MDMIExampleModel_files/icon_class_197855654.png" name="" refid="_19_0_3_62501eb_1575932666885_586398_5270"/></source><specific classType="Class" humanName="Specific" humanType="Class" icon="MDMIExampleModel_files/icon_class_197855654.png" mode="s,e" name="" refid="_19_0_3_62501eb_1575932666885_586398_5270"/><target humanName="Target"><class classType="Class" humanType="Class" icon="MDMIExampleModel_files/icon_class_197855654.png" name="Concept" refid="_19_0_3_62501eb_1575932666753_490321_5054"/></target><TO_DO humanName="To Do" mode="s,e"/></generalization></magicdraw>