<?xml version="1.0" encoding="UTF-8"?><magicdraw><class classType="Class" humanType="Class" icon="MDMIExampleModel_files/icon_class_197855654.png" id="_19_0_3_62501eb_1575932666949_92682_5394"><allGeneralClassifiers humanName="All General Classifiers"><class classType="Class" humanType="Class" icon="MDMIExampleModel_files/icon_class_197855654.png" name="" refid="_19_0_3_62501eb_1575932666956_400227_5405"/><class classType="Class" humanType="Class" icon="MDMIExampleModel_files/icon_class_197855654.png" name="Concept" refid="_19_0_3_62501eb_1575932666753_490321_5054"/><class classType="Class" humanType="Class" icon="MDMIExampleModel_files/icon_class_197855654.png" name="specification" refid="_19_0_3_62501eb_1575932666875_940203_5255"/></allGeneralClassifiers><APPLIED_STEREOTYPES humanName="Applied Stereotype" mode="s,e"><stereotype classType="Stereotype" humanType="Stereotype" icon="MDMIExampleModel_files/icon_stereotype_1164289802.png" name="Resource" refid="_18_0_1_8bf027c_1408661908824_320374_5622"/></APPLIED_STEREOTYPES><appliedStereotype humanName="Applied Stereotype" mode="s,e"><stereotype classType="Stereotype" humanType="Stereotype" icon="MDMIExampleModel_files/icon_stereotype_1164289802.png" name="Resource" refid="_18_0_1_8bf027c_1408661908824_320374_5622"><property classType="Property" humanName="Base_ Class" humanType="Property" icon="MDMIExampleModel_files/icon_property_2081076388.png" name="base_Class" refid="_18_0_2_8bf027c_1422543627022_363414_4277"/><property classType="Property" humanName="Base_ Data Type" humanType="Property" icon="MDMIExampleModel_files/icon_property_2081076388.png" name="base_DataType" refid="_18_0_6_17770441_1507741165315_119007_4655"/><property classType="Property" humanName="Base_ Package" humanType="Property" icon="MDMIExampleModel_files/icon_property_2081076388.png" name="base_Package" refid="_18_0_1_8bf027c_1408661916404_267165_5624"/><property classType="Property" humanName="Base_ Property" humanType="Property" icon="MDMIExampleModel_files/icon_property_2081076388.png" name="base_Property" refid="_18_0_2_8bf027c_1422543627015_674115_4272"/><property classType="Property" humanName="IRI" humanType="Property" icon="MDMIExampleModel_files/icon_property_2081076388.png" name="IRI" refid="_18_0_2_8bf027c_1422542645920_899661_4258"/><property classType="Property" humanName="Label" humanType="Property" icon="MDMIExampleModel_files/icon_property_2081076388.png" name="label" refid="_19_0_8d40284_1546312882041_949754_4691"/></stereotype></appliedStereotype><appliedStereotypeInstance classType="InstanceSpecification" humanName="Applied Stereotype Instance" humanType="Instance Specification" icon="MDMIExampleModel_files/icon_instancespecification_1476812556.png" name=" : Concept Modeling Profile::Resource" refid="_19_0_3_62501eb_1575932666950_948025_5395"/><derivedExplanation humanName="Derived Explanation">things that are equivalent to specification</derivedExplanation><documentation humanName="Documentation"/><effectiveIRI humanName="Effective IRI" mode="s,e"/><generalization humanName="Generalization"><generalization classType="Generalization" humanType="Generalization" icon="MDMIExampleModel_files/icon_generalization_1785807415.png" isRelationship="true" refid="_19_0_3_62501eb_1575932667471_664004_6468"/><generalization classType="Generalization" humanType="Generalization" icon="MDMIExampleModel_files/icon_generalization_137055275.png" isRelationship="true" refid="_19_0_3_62501eb_1575932667480_331794_6489"/></generalization><inheritedMember humanName="Inherited Member"><property classType="Property" humanType="Property" icon="MDMIExampleModel_files/icon_property_2081076388.png" name="formal version" refid="_19_0_3_62501eb_1575932667208_334355_5892"/><property classType="Property" humanType="Property" icon="MDMIExampleModel_files/icon_property_2081076388.png" name="has broader" refid="_19_0_3_62501eb_1575932667145_766219_5771"/><property classType="Property" humanType="Property" icon="MDMIExampleModel_files/icon_property_2081076388.png" name="has broader match" refid="_19_0_3_62501eb_1575932667435_225426_6385"/><property classType="Property" humanType="Property" icon="MDMIExampleModel_files/icon_property_2081076388.png" name="has broader transitive" refid="_19_0_3_62501eb_1575932667217_743067_5911"/><property classType="Property" humanType="Property" icon="MDMIExampleModel_files/icon_property_2081076388.png" name="has close match" refid="_19_0_3_62501eb_1575932667044_464150_5556"/><property classType="Property" humanType="Property" icon="MDMIExampleModel_files/icon_property_2081076388.png" name="has exact match" refid="_19_0_3_62501eb_1575932667120_406991_5719"/><property classType="Property" humanType="Property" icon="MDMIExampleModel_files/icon_property_2081076388.png" name="has narrower" refid="_19_0_3_62501eb_1575932667310_891963_6104"/><property classType="Property" humanType="Property" icon="MDMIExampleModel_files/icon_property_2081076388.png" name="has narrower match" refid="_19_0_3_62501eb_1575932667421_572677_6353"/><property classType="Property" humanType="Property" icon="MDMIExampleModel_files/icon_property_2081076388.png" name="has narrower transitive" refid="_19_0_3_62501eb_1575932667116_548977_5709"/><property classType="Property" humanType="Property" icon="MDMIExampleModel_files/icon_property_2081076388.png" name="has related" refid="_19_0_3_62501eb_1575932667021_478992_5508"/><property classType="Property" humanType="Property" icon="MDMIExampleModel_files/icon_property_2081076388.png" name="has related match" refid="_19_0_3_62501eb_1575932667388_433085_6279"/><property classType="Property" humanType="Property" icon="MDMIExampleModel_files/icon_property_2081076388.png" name="has specification version" refid="_19_0_3_62501eb_1575932667159_173052_5804"/><property classType="Property" humanType="Property" icon="MDMIExampleModel_files/icon_property_2081076388.png" name="informative reference" refid="_19_0_3_62501eb_1575932667293_3419_6065"/><property classType="Property" humanType="Property" icon="MDMIExampleModel_files/icon_property_2081076388.png" name="is in mapping relation with" refid="_19_0_3_62501eb_1575932667328_177170_6142"/><property classType="Property" humanType="Property" icon="MDMIExampleModel_files/icon_property_2081076388.png" name="is in semantic relation with" refid="_19_0_3_62501eb_1575932667197_985009_5873"/><property classType="Property" humanType="Property" icon="MDMIExampleModel_files/icon_property_2081076388.png" name="is top concept in scheme" refid="_19_0_3_62501eb_1575932667053_241562_5576"/><property classType="Property" humanType="Property" icon="MDMIExampleModel_files/icon_property_2081076388.png" name="keyword" refid="_19_0_3_62501eb_1575932667298_417524_6077"/><property classType="Property" humanType="Property" icon="MDMIExampleModel_files/icon_property_2081076388.png" name="normative reference" refid="_19_0_3_62501eb_1575932667416_815866_6340"/><property classType="Property" humanType="Property" icon="MDMIExampleModel_files/icon_property_2081076388.png" name="related specification" refid="_19_0_3_62501eb_1575932667082_879802_5632"/><property classType="Property" humanType="Property" icon="MDMIExampleModel_files/icon_property_2081076388.png" name="responsible task force" refid="_19_0_3_62501eb_1575932667041_20555_5549"/><property classType="Property" humanType="Property" icon="MDMIExampleModel_files/icon_property_2081076388.png" name="short name for the specification or module" refid="_19_0_3_62501eb_1575932667026_596221_5517"/><property classType="Property" humanType="Property" icon="MDMIExampleModel_files/icon_property_2081076388.png" name="specification abbreviation or acronym" refid="_19_0_3_62501eb_1575932667211_605044_5898"/><property classType="Property" humanType="Property" icon="MDMIExampleModel_files/icon_property_2081076388.png" name="specification abstract" refid="_19_0_3_62501eb_1575932667343_643199_6175"/><property classType="Property" humanType="Property" icon="MDMIExampleModel_files/icon_property_2081076388.png" name="specification name or title" refid="_19_0_3_62501eb_1575932667156_249517_5796"/><property classType="Property" humanType="Property" icon="MDMIExampleModel_files/icon_property_2081076388.png" name="specification URL" refid="_19_0_3_62501eb_1575932667038_898839_5543"/><property classType="Property" humanType="Property" icon="MDMIExampleModel_files/icon_property_2081076388.png" name="submitter" refid="_19_0_3_62501eb_1575932667277_343931_6031"/><property classType="Property" humanType="Property" icon="MDMIExampleModel_files/icon_property_2081076388.png" name="technology area" refid="_19_0_3_62501eb_1575932667315_547942_6115"/><property classType="Property" humanType="Property" icon="MDMIExampleModel_files/icon_property_2081076388.png" name="topic area" refid="_19_0_3_62501eb_1575932667433_45377_6378"/></inheritedMember><isAbstract humanName="Is Abstract" mode="s,e">false</isAbstract><isActive humanName="Is Active" mode="s,e">false</isActive><isFinalSpecialization humanName="Is Final Specialization" mode="e">false</isFinalSpecialization><isLeaf humanName="Is Leaf" mode="e">false</isLeaf><member humanName="Member"><property classType="Property" humanType="Property" icon="MDMIExampleModel_files/icon_property_2081076388.png" name="formal version" refid="_19_0_3_62501eb_1575932667208_334355_5892"/><property classType="Property" humanType="Property" icon="MDMIExampleModel_files/icon_property_2081076388.png" name="has broader" refid="_19_0_3_62501eb_1575932667145_766219_5771"/><property classType="Property" humanType="Property" icon="MDMIExampleModel_files/icon_property_2081076388.png" name="has broader match" refid="_19_0_3_62501eb_1575932667435_225426_6385"/><property classType="Property" humanType="Property" icon="MDMIExampleModel_files/icon_property_2081076388.png" name="has broader transitive" refid="_19_0_3_62501eb_1575932667217_743067_5911"/><property classType="Property" humanType="Property" icon="MDMIExampleModel_files/icon_property_2081076388.png" name="has close match" refid="_19_0_3_62501eb_1575932667044_464150_5556"/><property classType="Property" humanType="Property" icon="MDMIExampleModel_files/icon_property_2081076388.png" name="has exact match" refid="_19_0_3_62501eb_1575932667120_406991_5719"/><property classType="Property" humanType="Property" icon="MDMIExampleModel_files/icon_property_2081076388.png" name="has narrower" refid="_19_0_3_62501eb_1575932667310_891963_6104"/><property classType="Property" humanType="Property" icon="MDMIExampleModel_files/icon_property_2081076388.png" name="has narrower match" refid="_19_0_3_62501eb_1575932667421_572677_6353"/><property classType="Property" humanType="Property" icon="MDMIExampleModel_files/icon_property_2081076388.png" name="has narrower transitive" refid="_19_0_3_62501eb_1575932667116_548977_5709"/><property classType="Property" humanType="Property" icon="MDMIExampleModel_files/icon_property_2081076388.png" name="has related" refid="_19_0_3_62501eb_1575932667021_478992_5508"/><property classType="Property" humanType="Property" icon="MDMIExampleModel_files/icon_property_2081076388.png" name="has related match" refid="_19_0_3_62501eb_1575932667388_433085_6279"/><property classType="Property" humanType="Property" icon="MDMIExampleModel_files/icon_property_2081076388.png" name="has specification version" refid="_19_0_3_62501eb_1575932667159_173052_5804"/><property classType="Property" humanType="Property" icon="MDMIExampleModel_files/icon_property_2081076388.png" name="informative reference" refid="_19_0_3_62501eb_1575932667293_3419_6065"/><property classType="Property" humanType="Property" icon="MDMIExampleModel_files/icon_property_2081076388.png" name="is in mapping relation with" refid="_19_0_3_62501eb_1575932667328_177170_6142"/><property classType="Property" humanType="Property" icon="MDMIExampleModel_files/icon_property_2081076388.png" name="is in semantic relation with" refid="_19_0_3_62501eb_1575932667197_985009_5873"/><property classType="Property" humanType="Property" icon="MDMIExampleModel_files/icon_property_2081076388.png" name="is top concept in scheme" refid="_19_0_3_62501eb_1575932667053_241562_5576"/><property classType="Property" humanType="Property" icon="MDMIExampleModel_files/icon_property_2081076388.png" name="keyword" refid="_19_0_3_62501eb_1575932667298_417524_6077"/><property classType="Property" humanType="Property" icon="MDMIExampleModel_files/icon_property_2081076388.png" name="normative reference" refid="_19_0_3_62501eb_1575932667416_815866_6340"/><property classType="Property" humanType="Property" icon="MDMIExampleModel_files/icon_property_2081076388.png" name="related specification" refid="_19_0_3_62501eb_1575932667082_879802_5632"/><property classType="Property" humanType="Property" icon="MDMIExampleModel_files/icon_property_2081076388.png" name="responsible task force" refid="_19_0_3_62501eb_1575932667041_20555_5549"/><property classType="Property" humanType="Property" icon="MDMIExampleModel_files/icon_property_2081076388.png" name="short name for the specification or module" refid="_19_0_3_62501eb_1575932667026_596221_5517"/><property classType="Property" humanType="Property" icon="MDMIExampleModel_files/icon_property_2081076388.png" name="specification abbreviation or acronym" refid="_19_0_3_62501eb_1575932667211_605044_5898"/><property classType="Property" humanType="Property" icon="MDMIExampleModel_files/icon_property_2081076388.png" name="specification abstract" refid="_19_0_3_62501eb_1575932667343_643199_6175"/><property classType="Property" humanType="Property" icon="MDMIExampleModel_files/icon_property_2081076388.png" name="specification name or title" refid="_19_0_3_62501eb_1575932667156_249517_5796"/><property classType="Property" humanType="Property" icon="MDMIExampleModel_files/icon_property_2081076388.png" name="specification URL" refid="_19_0_3_62501eb_1575932667038_898839_5543"/><property classType="Property" humanType="Property" icon="MDMIExampleModel_files/icon_property_2081076388.png" name="submitter" refid="_19_0_3_62501eb_1575932667277_343931_6031"/><property classType="Property" humanType="Property" icon="MDMIExampleModel_files/icon_property_2081076388.png" name="technology area" refid="_19_0_3_62501eb_1575932667315_547942_6115"/><property classType="Property" humanType="Property" icon="MDMIExampleModel_files/icon_property_2081076388.png" name="topic area" refid="_19_0_3_62501eb_1575932667433_45377_6378"/></member><name humanName="Name" mode="s,e"/><namespace classType="Package" humanName="Namespace" humanType="Package" icon="MDMIExampleModel_files/icon_package_906347731.png" name="MDMI Generic Statement Model" refid="_19_0_3_62501eb_1575932666657_153866_4950"/><ownedElement humanName="Owned Element"><generalization classType="Generalization" humanType="Generalization" icon="MDMIExampleModel_files/icon_generalization_1785807415.png" isRelationship="true" refid="_19_0_3_62501eb_1575932667471_664004_6468"/><generalization classType="Generalization" humanType="Generalization" icon="MDMIExampleModel_files/icon_generalization_137055275.png" isRelationship="true" refid="_19_0_3_62501eb_1575932667480_331794_6489"/><instancespecification classType="InstanceSpecification" humanType="Instance Specification" icon="MDMIExampleModel_files/icon_instancespecification_1476812556.png" name=" : Concept Modeling Profile::Resource" refid="_19_0_3_62501eb_1575932666950_948025_5395"/></ownedElement><owner classType="Package" humanName="Owner" humanType="Package" icon="MDMIExampleModel_files/icon_package_906347731.png" mode="s,e" name="MDMI Generic Statement Model" refid="_19_0_3_62501eb_1575932666657_153866_4950"/><owningPackage classType="Package" humanName="Owning Package" humanType="Package" icon="MDMIExampleModel_files/icon_package_906347731.png" name="MDMI Generic Statement Model" refid="_19_0_3_62501eb_1575932666657_153866_4950"/><package classType="Package" humanName="Package" humanType="Package" icon="MDMIExampleModel_files/icon_package_906347731.png" name="MDMI Generic Statement Model" refid="_19_0_3_62501eb_1575932666657_153866_4950"/><qualifiedName humanName="Qualified Name" mode="e">MDMI::MDMI Generic Statement Model::</qualifiedName><superClass humanName="Super Class"><class classType="Class" humanType="Class" icon="MDMIExampleModel_files/icon_class_197855654.png" name="Concept" refid="_19_0_3_62501eb_1575932666753_490321_5054"/><class classType="Class" humanType="Class" icon="MDMIExampleModel_files/icon_class_197855654.png" name="specification" refid="_19_0_3_62501eb_1575932666875_940203_5255"/></superClass><TO_DO humanName="To Do" mode="s,e"/><visibility humanName="Visibility" mode="e">public</visibility><appearsIn><diagram classType="Diagram" humanType="Diagram" icon="MDMIExampleModel_files/icon_Generic Table_1027115338.png" name="MDMI Generic Statment Model Table" refid="_19_0_3_62501eb_1577747393905_443025_6576"/></appearsIn></class></magicdraw>