<?xml version="1.0" encoding="UTF-8"?><magicdraw><package classType="Package" humanType="Package" icon="MDMIExampleModel_files/icon_package_906347731.png" id="_19_0_3_62501eb_1575932666657_153866_4950"><APPLIED_STEREOTYPES humanName="Applied Stereotype" mode="s,e"><stereotype classType="Stereotype" humanType="Stereotype" icon="MDMIExampleModel_files/icon_stereotype_1164289802.png" name="File Export Path" refid="_18_0_5_3bc0198_1465658479033_673028_4293"/><stereotype classType="Stereotype" humanType="Stereotype" icon="MDMIExampleModel_files/icon_stereotype_1164289802.png" name="Model" refid="_18_0_2_8bf027c_1422543641601_11667_4282"/></APPLIED_STEREOTYPES><appliedStereotype humanName="Applied Stereotype" mode="s,e"><stereotype classType="Stereotype" humanType="Stereotype" icon="MDMIExampleModel_files/icon_stereotype_1164289802.png" name="File Export Path" refid="_18_0_5_3bc0198_1465658479033_673028_4293"><property classType="Property" humanName="Base_ Package" humanType="Property" icon="MDMIExampleModel_files/icon_property_2081076388.png" name="base_Package" refid="_18_0_5_3bc0198_1465658479096_779557_4297"/><property classType="Property" humanName="File Export Path" humanType="Property" icon="MDMIExampleModel_files/icon_property_2081076388.png" name="fileExportPath" refid="_18_0_5_3bc0198_1465658479080_630495_4294"><String>&lt;project.dir&gt;\OWL</String></property></stereotype><stereotype classType="Stereotype" humanType="Stereotype" icon="MDMIExampleModel_files/icon_stereotype_1164289802.png" name="Model" refid="_18_0_2_8bf027c_1422543641601_11667_4282"><property classType="Property" humanName="Base_ Class" humanType="Property" icon="MDMIExampleModel_files/icon_property_2081076388.png" name="base_Class" refid="_18_0_2_8bf027c_1422543627022_363414_4277"/><property classType="Property" humanName="Base_ Data Type" humanType="Property" icon="MDMIExampleModel_files/icon_property_2081076388.png" name="base_DataType" refid="_18_0_6_17770441_1507741165315_119007_4655"/><property classType="Property" humanName="Base_ Package" humanType="Property" icon="MDMIExampleModel_files/icon_property_2081076388.png" name="base_Package" refid="_18_0_2_8bf027c_1422543695789_626614_4314"/><property classType="Property" humanName="Base_ Package" humanType="Property" icon="MDMIExampleModel_files/icon_property_2081076388.png" name="base_Package" refid="_18_0_1_8bf027c_1408661916404_267165_5624"/><property classType="Property" humanName="Base_ Property" humanType="Property" icon="MDMIExampleModel_files/icon_property_2081076388.png" name="base_Property" refid="_18_0_2_8bf027c_1422543627015_674115_4272"/><property classType="Property" humanName="IRI" humanType="Property" icon="MDMIExampleModel_files/icon_property_2081076388.png" name="IRI" refid="_18_0_2_8bf027c_1422542645920_899661_4258"><String>https://www.omg.org/spec/MDMI/MDMIGenericStatementModel</String></property><property classType="Property" humanName="Label" humanType="Property" icon="MDMIExampleModel_files/icon_property_2081076388.png" name="label" refid="_19_0_8d40284_1546312882041_949754_4691"><String>Model Driven Message Interoperability Data Model Expressed in OWL</String></property><property classType="Property" humanName="Namespace Prefix" humanType="Property" icon="MDMIExampleModel_files/icon_property_2081076388.png" name="namespacePrefix" refid="_18_0_1_8bf027c_1410291663142_556199_4654"><String/></property><property classType="Property" humanName="Version IRI" humanType="Property" icon="MDMIExampleModel_files/icon_property_2081076388.png" name="versionIRI" refid="_18_0_4_8d40284_1473879984835_915954_4299"><String>https://www.omg.org/spec/MDMI/20191101/MDMIExample/</String></property><property classType="Property" humanName="Xml Namespace" humanType="Property" icon="MDMIExampleModel_files/icon_property_2081076388.png" name="xmlNamespace" refid="_18_0_6_8d40284_1529316289784_698299_4653"><String>https://www.omg.org/spec/MDMI/MDMIExample/</String></property></stereotype></appliedStereotype><appliedStereotypeInstance classType="InstanceSpecification" humanName="Applied Stereotype Instance" humanType="Instance Specification" icon="MDMIExampleModel_files/icon_instancespecification_1476812556.png" name=" : Concept Modeling Profile::Model, CCM Internal Implementation Profile::File Export Path" refid="_19_0_3_62501eb_1575932666658_779435_4951"/><documentation humanName="Documentation" mode="standard">http://www.w3.org/standards/techs/owl#w3c_all</documentation><member humanName="Member"><class classType="Class" humanType="Class" icon="MDMIExampleModel_files/icon_class_197855654.png" name="" refid="_19_0_3_62501eb_1575932666784_613629_5100"/><class classType="Class" humanType="Class" icon="MDMIExampleModel_files/icon_class_197855654.png" name="" refid="_19_0_3_62501eb_1575932666806_995220_5133"/><class classType="Class" humanType="Class" icon="MDMIExampleModel_files/icon_class_197855654.png" name="" refid="_19_0_3_62501eb_1575932666821_66036_5158"/><class classType="Class" humanType="Class" icon="MDMIExampleModel_files/icon_class_197855654.png" name="" refid="_19_0_3_62501eb_1575932666879_155425_5261"/><class classType="Class" humanType="Class" icon="MDMIExampleModel_files/icon_class_197855654.png" name="" refid="_19_0_3_62501eb_1575932666885_586398_5270"/><class classType="Class" humanType="Class" icon="MDMIExampleModel_files/icon_class_197855654.png" name="" refid="_19_0_3_62501eb_1575932666899_217198_5297"/><class classType="Class" humanType="Class" icon="MDMIExampleModel_files/icon_class_197855654.png" name="" refid="_19_0_3_62501eb_1575932666912_105062_5324"/><class classType="Class" humanType="Class" icon="MDMIExampleModel_files/icon_class_197855654.png" name="" refid="_19_0_3_62501eb_1575932666934_981629_5367"/><class classType="Class" humanType="Class" icon="MDMIExampleModel_files/icon_class_197855654.png" name="" refid="_19_0_3_62501eb_1575932666949_92682_5394"/><class classType="Class" humanType="Class" icon="MDMIExampleModel_files/icon_class_197855654.png" name="" refid="_19_0_3_62501eb_1575932666960_789044_5413"/><generalizationset classType="GeneralizationSet" humanType="Generalization Set" icon="MDMIExampleModel_files/icon_generalizationset_2115919218.png" name="" refid="_19_0_3_62501eb_1576174393741_276695_12430"/><generalizationset classType="GeneralizationSet" humanType="Generalization Set" icon="MDMIExampleModel_files/icon_generalizationset_2115919218.png" name="" refid="_19_0_3_62501eb_1576176674663_491332_12479"/><generalizationset classType="GeneralizationSet" humanType="Generalization Set" icon="MDMIExampleModel_files/icon_generalizationset_2115919218.png" name="" refid="_19_0_3_62501eb_1576176813864_545242_12503"/><generalizationset classType="GeneralizationSet" humanType="Generalization Set" icon="MDMIExampleModel_files/icon_generalizationset_2115919218.png" name="" refid="_19_0_3_62501eb_1576174425809_912563_12442"/><generalizationset classType="GeneralizationSet" humanType="Generalization Set" icon="MDMIExampleModel_files/icon_generalizationset_2115919218.png" name="" refid="_19_0_3_62501eb_1581438740508_30_6742"/><class classType="Class" humanType="Class" icon="MDMIExampleModel_files/icon_class_197855654.png" name="activity" refid="_19_0_3_62501eb_1575932666830_569452_5171"/><class classType="Class" humanType="Class" icon="MDMIExampleModel_files/icon_class_197855654.png" name="activity method" refid="_19_0_3_62501eb_1575932666793_752841_5109"/><class classType="Class" humanType="Class" icon="MDMIExampleModel_files/icon_class_197855654.png" name="actor" refid="_19_0_3_62501eb_1575932666749_640357_5048"/><association classType="Association" humanType="Association" icon="MDMIExampleModel_files/icon_association_1244187993.png" isRelationship="true" name="Association[has author organization legal name:MDMI::MDMI Generic Statement Model::name &lt;- MDMI::MDMI Generic Statement Model::statement]" refid="_19_0_3_62501eb_1581108870250_545262_15555"/><association classType="Association" humanType="Association" icon="MDMIExampleModel_files/icon_association_1244187993.png" isRelationship="true" name="Association[has author person legal name:MDMI::MDMI Generic Statement Model::name &lt;- MDMI::MDMI Generic Statement Model::statement]" refid="_19_0_3_62501eb_1581108873347_603549_15580"/><association classType="Association" humanType="Association" icon="MDMIExampleModel_files/icon_association_1244187993.png" isRelationship="true" name="Association[has device name:MDMI::MDMI Generic Statement Model::name &lt;- MDMI::MDMI Generic Statement Model::device]" refid="_19_0_3_62501eb_1581108793531_721140_15452"/><association classType="Association" humanType="Association" icon="MDMIExampleModel_files/icon_association_1244187993.png" isRelationship="true" name="Association[has organization legal name:MDMI::MDMI Generic Statement Model::name &lt;- MDMI::MDMI Generic Statement Model::organization]" refid="_19_0_3_62501eb_1581108789938_650618_15419"/><association classType="Association" humanType="Association" icon="MDMIExampleModel_files/icon_association_1244187993.png" isRelationship="true" name="Association[has person legal name:MDMI::MDMI Generic Statement Model::name &lt;- MDMI::MDMI Generic Statement Model::person]" refid="_19_0_3_62501eb_1581108785363_900490_15391"/><association classType="Association" humanType="Association" icon="MDMIExampleModel_files/icon_association_1244187993.png" isRelationship="true" name="Association[MDMI::MDMI Generic Statement Model::activity -&gt; forms opinion:MDMI::MDMI Generic Statement Model::opinion]" refid="_19_0_3_62501eb_1576848597223_219451_6642"/><association classType="Association" humanType="Association" icon="MDMIExampleModel_files/icon_association_1244187993.png" isRelationship="true" name="Association[MDMI::MDMI Generic Statement Model::activity -&gt; has method:MDMI::MDMI Generic Statement Model::activity method]" refid="_19_0_3_62501eb_1575932667394_507699_6288"/><association classType="Association" humanType="Association" icon="MDMIExampleModel_files/icon_association_1244187993.png" isRelationship="true" name="Association[MDMI::MDMI Generic Statement Model::device activity method -&gt; has device:MDMI::MDMI Generic Statement Model::device]" refid="_19_0_3_62501eb_1576202203855_601703_12679"/><association classType="Association" humanType="Association" icon="MDMIExampleModel_files/icon_association_1244187993.png" isRelationship="true" name="Association[MDMI::MDMI Generic Statement Model::intervention request -&gt; MDMI::MDMI Example Healthcare Domain Model::clinical activity]" refid="_19_0_3_62501eb_1576709787037_254549_6730"/><association classType="Association" humanType="Association" icon="MDMIExampleModel_files/icon_association_1244187993.png" isRelationship="true" name="Association[MDMI::MDMI Generic Statement Model::intervention request -&gt; MDMI::MDMI Generic Statement Model::intervention activity]" refid="_19_0_3_62501eb_1581438576109_720063_6720"/><association classType="Association" humanType="Association" icon="MDMIExampleModel_files/icon_association_1244187993.png" isRelationship="true" name="Association[MDMI::MDMI Generic Statement Model::observation -&gt; observes:MDMI::MDMI Generic Statement Model::situation]" refid="_19_0_3_62501eb_1576086581611_122604_11630"/><association classType="Association" humanType="Association" icon="MDMIExampleModel_files/icon_association_1244187993.png" isRelationship="true" name="Association[MDMI::MDMI Generic Statement Model::observation request -&gt; MDMI::MDMI Generic Statement Model::observation]" refid="_19_0_3_62501eb_1576096197023_100474_11847"/><association classType="Association" humanType="Association" icon="MDMIExampleModel_files/icon_association_1244187993.png" isRelationship="true" name="Association[MDMI::MDMI Generic Statement Model::occurance -&gt; has performer:MDMI::MDMI Generic Statement Model::performer]" refid="_19_0_3_62501eb_1575932667333_973459_6151"/><association classType="Association" humanType="Association" icon="MDMIExampleModel_files/icon_association_1244187993.png" isRelationship="true" name="Association[MDMI::MDMI Generic Statement Model::occurance -&gt; results in:MDMI::MDMI Generic Statement Model::situation]" refid="_19_0_3_62501eb_1580941564397_211945_6829"/><association classType="Association" humanType="Association" icon="MDMIExampleModel_files/icon_association_1244187993.png" isRelationship="true" name="Association[MDMI::MDMI Generic Statement Model::opinion -&gt; is opinion about:MDMI::MDMI Generic Statement Model::situation]" refid="_19_0_3_62501eb_1576083879287_118914_11485"/><association classType="Association" humanType="Association" icon="MDMIExampleModel_files/icon_association_1244187993.png" isRelationship="true" name="Association[MDMI::MDMI Generic Statement Model::quality -&gt; quality of:MDMI::MDMI Generic Statement Model::entity]" refid="_19_0_3_62501eb_1581443199889_380336_6900"/><association classType="Association" humanType="Association" icon="MDMIExampleModel_files/icon_association_1244187993.png" isRelationship="true" name="Association[MDMI::MDMI Generic Statement Model::request event -&gt; requests:MDMI::MDMI Generic Statement Model::activity]" refid="_19_0_3_62501eb_1576172922510_932775_12374"/><association classType="Association" humanType="Association" icon="MDMIExampleModel_files/icon_association_1244187993.png" isRelationship="true" name="Association[MDMI::MDMI Generic Statement Model::situation -&gt; has participant:MDMI::MDMI Generic Statement Model::participant]" refid="_19_0_3_62501eb_1575932667428_653836_6368"/><association classType="Association" humanType="Association" icon="MDMIExampleModel_files/icon_association_1244187993.png" isRelationship="true" name="Association[MDMI::MDMI Generic Statement Model::situation -&gt; impacts:MDMI::MDMI Generic Statement Model::situation]" refid="_19_0_3_62501eb_1576095748112_581497_11817"/><association classType="Association" humanType="Association" icon="MDMIExampleModel_files/icon_association_1244187993.png" isRelationship="true" name="Association[MDMI::MDMI Generic Statement Model::statement -&gt; has author:MDMI::MDMI Generic Statement Model::author]" refid="_19_0_3_62501eb_1575932667192_591952_5862"/><association classType="Association" humanType="Association" icon="MDMIExampleModel_files/icon_association_1244187993.png" isRelationship="true" name="Association[MDMI::MDMI Generic Statement Model::statement -&gt; is statement about:MDMI::MDMI Generic Statement Model::situation]" refid="_19_0_3_62501eb_1575932667092_231921_5654"/><class classType="Class" humanType="Class" icon="MDMIExampleModel_files/icon_class_197855654.png" name="author" refid="_19_0_3_62501eb_1576849864957_287950_6731"/><class classType="Class" humanType="Class" icon="MDMIExampleModel_files/icon_class_197855654.png" name="classification" refid="_19_0_3_62501eb_1580940262123_801706_6663"/><class classType="Class" humanType="Class" icon="MDMIExampleModel_files/icon_class_197855654.png" name="date" refid="_19_0_3_62501eb_1580940401534_80760_6696"/><class classType="Class" humanType="Class" icon="MDMIExampleModel_files/icon_class_197855654.png" name="device" refid="_19_0_3_62501eb_1575932666757_882646_5060"/><class classType="Class" humanType="Class" icon="MDMIExampleModel_files/icon_class_197855654.png" name="device activity method" refid="_19_0_3_62501eb_1576202174195_656829_12643"/><class classType="Class" humanType="Class" icon="MDMIExampleModel_files/icon_class_197855654.png" name="duration" refid="_19_0_3_62501eb_1581101175327_116348_6884"/><class classType="Class" humanType="Class" icon="MDMIExampleModel_files/icon_class_197855654.png" name="entity" refid="_19_0_3_62501eb_1575932666833_337404_5177"/><class classType="Class" humanType="Class" icon="MDMIExampleModel_files/icon_class_197855654.png" name="event" refid="_19_0_3_62501eb_1576095716683_737733_11787"/><class classType="Class" humanType="Class" icon="MDMIExampleModel_files/icon_class_197855654.png" name="image" refid="_19_0_3_62501eb_1575932666897_152140_5291"/><class classType="Class" humanType="Class" icon="MDMIExampleModel_files/icon_class_197855654.png" name="intervention activity" refid="_19_0_3_62501eb_1581438537725_61074_6681"/><class classType="Class" humanType="Class" icon="MDMIExampleModel_files/icon_class_197855654.png" name="intervention request" refid="_19_0_3_62501eb_1576709747934_437778_6674"/><diagram classType="Diagram" humanType="Diagram" icon="MDMIExampleModel_files/icon_Concept Modeling Diagram_908398659.png" name="MDMI Generic Statement Model" refid="_19_0_3_62501eb_1581107569012_223945_9467"/><diagram classType="Diagram" humanType="Diagram" icon="MDMIExampleModel_files/icon_Generic Table_1027115338.png" name="MDMI Generic Statment Model Table" refid="_19_0_3_62501eb_1577747393905_443025_6576"/><class classType="Class" humanType="Class" icon="MDMIExampleModel_files/icon_class_197855654.png" name="measure" refid="_19_0_3_62501eb_1576170667237_815450_12266"/><class classType="Class" humanType="Class" icon="MDMIExampleModel_files/icon_class_197855654.png" name="name" refid="_19_0_3_62501eb_1576084508438_340072_11517"/><class classType="Class" humanType="Class" icon="MDMIExampleModel_files/icon_class_197855654.png" name="number" refid="_19_0_3_62501eb_1581463933182_334177_7210"/><class classType="Class" humanType="Class" icon="MDMIExampleModel_files/icon_class_197855654.png" name="observation" refid="_19_0_3_62501eb_1575932666772_864372_5082"/><class classType="Class" humanType="Class" icon="MDMIExampleModel_files/icon_class_197855654.png" name="observation request" refid="_19_0_3_62501eb_1575932666737_504492_5032"/><class classType="Class" humanType="Class" icon="MDMIExampleModel_files/icon_class_197855654.png" name="occurance" refid="_19_0_3_62501eb_1575935168544_195001_10522"/><class classType="Class" humanType="Class" icon="MDMIExampleModel_files/icon_class_197855654.png" name="opinion" refid="_19_0_3_62501eb_1576083367880_541631_11403"/><class classType="Class" humanType="Class" icon="MDMIExampleModel_files/icon_class_197855654.png" name="organization" refid="_19_0_3_62501eb_1575932666929_866372_5357"/><class classType="Class" humanType="Class" icon="MDMIExampleModel_files/icon_class_197855654.png" name="participant" refid="_19_0_3_62501eb_1576850536524_218970_6810"/><class classType="Class" humanType="Class" icon="MDMIExampleModel_files/icon_class_197855654.png" name="performer" refid="_19_0_3_62501eb_1576850580916_621317_6852"/><class classType="Class" humanType="Class" icon="MDMIExampleModel_files/icon_class_197855654.png" name="person" refid="_19_0_3_62501eb_1575932666943_147059_5382"/><class classType="Class" humanType="Class" icon="MDMIExampleModel_files/icon_class_197855654.png" name="physical location" refid="_19_0_3_62501eb_1575932666849_491941_5207"/><class classType="Class" humanType="Class" icon="MDMIExampleModel_files/icon_class_197855654.png" name="point in time" refid="_19_0_3_62501eb_1580940455797_393934_6729"/><class classType="Class" humanType="Class" icon="MDMIExampleModel_files/icon_class_197855654.png" name="quality" refid="_19_0_3_62501eb_1581442611967_928760_6856"/><class classType="Class" humanType="Class" icon="MDMIExampleModel_files/icon_class_197855654.png" name="reference" refid="_19_0_3_62501eb_1581108481818_433571_15249"/><class classType="Class" humanType="Class" icon="MDMIExampleModel_files/icon_class_89813810.png" name="repeditive" refid="_19_0_3_62501eb_1581101236143_628242_6917"/><class classType="Class" humanType="Class" icon="MDMIExampleModel_files/icon_class_197855654.png" name="request event" refid="_19_0_3_62501eb_1575935387412_105451_10553"/><class classType="Class" humanType="Class" icon="MDMIExampleModel_files/icon_class_197855654.png" name="responsible actor" refid="_19_0_3_62501eb_1575934072041_722247_10489"/><class classType="Class" humanType="Class" icon="MDMIExampleModel_files/icon_class_197855654.png" name="role of actor" refid="_19_0_3_62501eb_1576850489061_38912_6785"/><class classType="Class" humanType="Class" icon="MDMIExampleModel_files/icon_class_197855654.png" name="situation" refid="_19_0_3_62501eb_1576028809689_551010_11362"/><class classType="Class" humanType="Class" icon="MDMIExampleModel_files/icon_class_197855654.png" name="software agent" refid="_19_0_3_62501eb_1576849320133_762448_6658"/><class classType="Class" humanType="Class" icon="MDMIExampleModel_files/icon_class_197855654.png" name="state of affairs" refid="_19_0_3_62501eb_1576086516037_803558_11593"/><class classType="Class" humanType="Class" icon="MDMIExampleModel_files/icon_class_197855654.png" name="statement" refid="_19_0_3_62501eb_1575932666795_903202_5115"/><enumeration classType="Enumeration" humanType="Enumeration" icon="MDMIExampleModel_files/icon_enumeration_332498651.png" name="statement mode" refid="_19_0_3_62501eb_1581107183841_822878_7517"/><class classType="Class" humanType="Class" icon="MDMIExampleModel_files/icon_class_197855654.png" name="status" refid="_19_0_3_62501eb_1575932666836_576930_5183"/><class classType="Class" humanType="Class" icon="MDMIExampleModel_files/icon_class_197855654.png" name="subject" refid="_19_0_3_62501eb_1576850740293_252071_6897"/><class classType="Class" humanType="Class" icon="MDMIExampleModel_files/icon_class_197855654.png" name="substance" refid="_19_0_3_62501eb_1575932666888_692035_5273"/><class classType="Class" humanType="Class" icon="MDMIExampleModel_files/icon_class_89813810.png" name="temporal" refid="_19_0_3_62501eb_1576101736124_819385_11939"/><class classType="Class" humanType="Class" icon="MDMIExampleModel_files/icon_class_197855654.png" name="text" refid="_19_0_3_62501eb_1575932666894_310076_5285"/><class classType="Class" humanType="Class" icon="MDMIExampleModel_files/icon_class_197855654.png" name="Thing" refid="_19_0_3_62501eb_1575932666741_328464_5038"/><class classType="Class" humanType="Class" icon="MDMIExampleModel_files/icon_class_197855654.png" name="value" refid="_19_0_3_62501eb_1575933984075_329352_10447"/></member><name humanName="Name" mode="s,e">MDMI Generic Statement Model</name><namespace classType="Package" humanName="Namespace" humanType="Package" icon="MDMIExampleModel_files/icon_package_906347731.png" name="MDMI" refid="_19_0_3_62501eb_1581544289418_292808_6659"/><nestingPackage classType="Package" humanName="Nesting Package" humanType="Package" icon="MDMIExampleModel_files/icon_package_906347731.png" name="MDMI" refid="_19_0_3_62501eb_1581544289418_292808_6659"/><ownedComment humanName="Owned Comment"><comment classType="Comment" humanType="Comment" icon="MDMIExampleModel_files/icon_comment_318950125.png" refid="_19_0_3_62501eb_1575932667725_38732_7046"/><comment classType="Comment" humanType="Comment" icon="MDMIExampleModel_files/icon_comment_1248435962.png" refid="_19_0_3_62501eb_1575932667792_62833_7224"/><comment classType="Comment" humanType="Comment" icon="MDMIExampleModel_files/icon_comment_1248435962.png" refid="_19_0_3_62501eb_1575932667817_772083_7302"/><comment classType="Comment" humanType="Comment" icon="MDMIExampleModel_files/icon_comment_1248435962.png" refid="_19_0_3_62501eb_1575932667894_206688_7538"/><comment classType="Comment" humanType="Comment" icon="MDMIExampleModel_files/icon_comment_1248435962.png" refid="_19_0_3_62501eb_1575932667970_415478_7738"/><comment classType="Comment" humanType="Comment" icon="MDMIExampleModel_files/icon_comment_1248435962.png" refid="_19_0_3_62501eb_1575932668002_635198_7822"/><comment classType="Comment" humanType="Comment" icon="MDMIExampleModel_files/icon_comment_1248435962.png" refid="_19_0_3_62501eb_1575932668035_177786_7898"/><comment classType="Comment" humanType="Comment" icon="MDMIExampleModel_files/icon_comment_1248435962.png" refid="_19_0_3_62501eb_1575932668052_949967_7938"/><comment classType="Comment" humanType="Comment" icon="MDMIExampleModel_files/icon_comment_1248435962.png" refid="_19_0_3_62501eb_1575932668068_399939_7978"/></ownedComment><ownedDiagram humanName="Owned Diagram"><diagram classType="Diagram" humanType="Diagram" icon="MDMIExampleModel_files/icon_Concept Modeling Diagram_908398659.png" name="MDMI Generic Statement Model" refid="_19_0_3_62501eb_1581107569012_223945_9467"/><diagram classType="Diagram" humanType="Diagram" icon="MDMIExampleModel_files/icon_Generic Table_1027115338.png" name="MDMI Generic Statment Model Table" refid="_19_0_3_62501eb_1577747393905_443025_6576"/></ownedDiagram><ownedElement humanName="Owned Element"><class classType="Class" humanType="Class" icon="MDMIExampleModel_files/icon_class_197855654.png" name="" refid="_19_0_3_62501eb_1575932666784_613629_5100"/><class classType="Class" humanType="Class" icon="MDMIExampleModel_files/icon_class_197855654.png" name="" refid="_19_0_3_62501eb_1575932666806_995220_5133"/><class classType="Class" humanType="Class" icon="MDMIExampleModel_files/icon_class_197855654.png" name="" refid="_19_0_3_62501eb_1575932666821_66036_5158"/><class classType="Class" humanType="Class" icon="MDMIExampleModel_files/icon_class_197855654.png" name="" refid="_19_0_3_62501eb_1575932666879_155425_5261"/><class classType="Class" humanType="Class" icon="MDMIExampleModel_files/icon_class_197855654.png" name="" refid="_19_0_3_62501eb_1575932666885_586398_5270"/><class classType="Class" humanType="Class" icon="MDMIExampleModel_files/icon_class_197855654.png" name="" refid="_19_0_3_62501eb_1575932666899_217198_5297"/><class classType="Class" humanType="Class" icon="MDMIExampleModel_files/icon_class_197855654.png" name="" refid="_19_0_3_62501eb_1575932666912_105062_5324"/><class classType="Class" humanType="Class" icon="MDMIExampleModel_files/icon_class_197855654.png" name="" refid="_19_0_3_62501eb_1575932666934_981629_5367"/><class classType="Class" humanType="Class" icon="MDMIExampleModel_files/icon_class_197855654.png" name="" refid="_19_0_3_62501eb_1575932666949_92682_5394"/><class classType="Class" humanType="Class" icon="MDMIExampleModel_files/icon_class_197855654.png" name="" refid="_19_0_3_62501eb_1575932666960_789044_5413"/><generalizationset classType="GeneralizationSet" humanType="Generalization Set" icon="MDMIExampleModel_files/icon_generalizationset_2115919218.png" name="" refid="_19_0_3_62501eb_1576174393741_276695_12430"/><generalizationset classType="GeneralizationSet" humanType="Generalization Set" icon="MDMIExampleModel_files/icon_generalizationset_2115919218.png" name="" refid="_19_0_3_62501eb_1576176674663_491332_12479"/><generalizationset classType="GeneralizationSet" humanType="Generalization Set" icon="MDMIExampleModel_files/icon_generalizationset_2115919218.png" name="" refid="_19_0_3_62501eb_1576176813864_545242_12503"/><generalizationset classType="GeneralizationSet" humanType="Generalization Set" icon="MDMIExampleModel_files/icon_generalizationset_2115919218.png" name="" refid="_19_0_3_62501eb_1576174425809_912563_12442"/><generalizationset classType="GeneralizationSet" humanType="Generalization Set" icon="MDMIExampleModel_files/icon_generalizationset_2115919218.png" name="" refid="_19_0_3_62501eb_1581438740508_30_6742"/><comment classType="Comment" humanType="Comment" icon="MDMIExampleModel_files/icon_comment_318950125.png" refid="_19_0_3_62501eb_1575932667725_38732_7046"/><comment classType="Comment" humanType="Comment" icon="MDMIExampleModel_files/icon_comment_1248435962.png" refid="_19_0_3_62501eb_1575932667792_62833_7224"/><comment classType="Comment" humanType="Comment" icon="MDMIExampleModel_files/icon_comment_1248435962.png" refid="_19_0_3_62501eb_1575932667817_772083_7302"/><comment classType="Comment" humanType="Comment" icon="MDMIExampleModel_files/icon_comment_1248435962.png" refid="_19_0_3_62501eb_1575932667894_206688_7538"/><comment classType="Comment" humanType="Comment" icon="MDMIExampleModel_files/icon_comment_1248435962.png" refid="_19_0_3_62501eb_1575932667970_415478_7738"/><comment classType="Comment" humanType="Comment" icon="MDMIExampleModel_files/icon_comment_1248435962.png" refid="_19_0_3_62501eb_1575932668002_635198_7822"/><comment classType="Comment" humanType="Comment" icon="MDMIExampleModel_files/icon_comment_1248435962.png" refid="_19_0_3_62501eb_1575932668035_177786_7898"/><comment classType="Comment" humanType="Comment" icon="MDMIExampleModel_files/icon_comment_1248435962.png" refid="_19_0_3_62501eb_1575932668052_949967_7938"/><comment classType="Comment" humanType="Comment" icon="MDMIExampleModel_files/icon_comment_1248435962.png" refid="_19_0_3_62501eb_1575932668068_399939_7978"/><instancespecification classType="InstanceSpecification" humanType="Instance Specification" icon="MDMIExampleModel_files/icon_instancespecification_1476812556.png" name=" : Concept Modeling Profile::Model, CCM Internal Implementation Profile::File Export Path" refid="_19_0_3_62501eb_1575932666658_779435_4951"/><class classType="Class" humanType="Class" icon="MDMIExampleModel_files/icon_class_197855654.png" name="activity" refid="_19_0_3_62501eb_1575932666830_569452_5171"/><class classType="Class" humanType="Class" icon="MDMIExampleModel_files/icon_class_197855654.png" name="activity method" refid="_19_0_3_62501eb_1575932666793_752841_5109"/><class classType="Class" humanType="Class" icon="MDMIExampleModel_files/icon_class_197855654.png" name="actor" refid="_19_0_3_62501eb_1575932666749_640357_5048"/><association classType="Association" humanType="Association" icon="MDMIExampleModel_files/icon_association_1244187993.png" isRelationship="true" name="Association[has author organization legal name:MDMI::MDMI Generic Statement Model::name &lt;- MDMI::MDMI Generic Statement Model::statement]" refid="_19_0_3_62501eb_1581108870250_545262_15555"/><association classType="Association" humanType="Association" icon="MDMIExampleModel_files/icon_association_1244187993.png" isRelationship="true" name="Association[has author person legal name:MDMI::MDMI Generic Statement Model::name &lt;- MDMI::MDMI Generic Statement Model::statement]" refid="_19_0_3_62501eb_1581108873347_603549_15580"/><association classType="Association" humanType="Association" icon="MDMIExampleModel_files/icon_association_1244187993.png" isRelationship="true" name="Association[has device name:MDMI::MDMI Generic Statement Model::name &lt;- MDMI::MDMI Generic Statement Model::device]" refid="_19_0_3_62501eb_1581108793531_721140_15452"/><association classType="Association" humanType="Association" icon="MDMIExampleModel_files/icon_association_1244187993.png" isRelationship="true" name="Association[has organization legal name:MDMI::MDMI Generic Statement Model::name &lt;- MDMI::MDMI Generic Statement Model::organization]" refid="_19_0_3_62501eb_1581108789938_650618_15419"/><association classType="Association" humanType="Association" icon="MDMIExampleModel_files/icon_association_1244187993.png" isRelationship="true" name="Association[has person legal name:MDMI::MDMI Generic Statement Model::name &lt;- MDMI::MDMI Generic Statement Model::person]" refid="_19_0_3_62501eb_1581108785363_900490_15391"/><association classType="Association" humanType="Association" icon="MDMIExampleModel_files/icon_association_1244187993.png" isRelationship="true" name="Association[MDMI::MDMI Generic Statement Model::activity -&gt; forms opinion:MDMI::MDMI Generic Statement Model::opinion]" refid="_19_0_3_62501eb_1576848597223_219451_6642"/><association classType="Association" humanType="Association" icon="MDMIExampleModel_files/icon_association_1244187993.png" isRelationship="true" name="Association[MDMI::MDMI Generic Statement Model::activity -&gt; has method:MDMI::MDMI Generic Statement Model::activity method]" refid="_19_0_3_62501eb_1575932667394_507699_6288"/><association classType="Association" humanType="Association" icon="MDMIExampleModel_files/icon_association_1244187993.png" isRelationship="true" name="Association[MDMI::MDMI Generic Statement Model::device activity method -&gt; has device:MDMI::MDMI Generic Statement Model::device]" refid="_19_0_3_62501eb_1576202203855_601703_12679"/><association classType="Association" humanType="Association" icon="MDMIExampleModel_files/icon_association_1244187993.png" isRelationship="true" name="Association[MDMI::MDMI Generic Statement Model::intervention request -&gt; MDMI::MDMI Example Healthcare Domain Model::clinical activity]" refid="_19_0_3_62501eb_1576709787037_254549_6730"/><association classType="Association" humanType="Association" icon="MDMIExampleModel_files/icon_association_1244187993.png" isRelationship="true" name="Association[MDMI::MDMI Generic Statement Model::intervention request -&gt; MDMI::MDMI Generic Statement Model::intervention activity]" refid="_19_0_3_62501eb_1581438576109_720063_6720"/><association classType="Association" humanType="Association" icon="MDMIExampleModel_files/icon_association_1244187993.png" isRelationship="true" name="Association[MDMI::MDMI Generic Statement Model::observation -&gt; observes:MDMI::MDMI Generic Statement Model::situation]" refid="_19_0_3_62501eb_1576086581611_122604_11630"/><association classType="Association" humanType="Association" icon="MDMIExampleModel_files/icon_association_1244187993.png" isRelationship="true" name="Association[MDMI::MDMI Generic Statement Model::observation request -&gt; MDMI::MDMI Generic Statement Model::observation]" refid="_19_0_3_62501eb_1576096197023_100474_11847"/><association classType="Association" humanType="Association" icon="MDMIExampleModel_files/icon_association_1244187993.png" isRelationship="true" name="Association[MDMI::MDMI Generic Statement Model::occurance -&gt; has performer:MDMI::MDMI Generic Statement Model::performer]" refid="_19_0_3_62501eb_1575932667333_973459_6151"/><association classType="Association" humanType="Association" icon="MDMIExampleModel_files/icon_association_1244187993.png" isRelationship="true" name="Association[MDMI::MDMI Generic Statement Model::occurance -&gt; results in:MDMI::MDMI Generic Statement Model::situation]" refid="_19_0_3_62501eb_1580941564397_211945_6829"/><association classType="Association" humanType="Association" icon="MDMIExampleModel_files/icon_association_1244187993.png" isRelationship="true" name="Association[MDMI::MDMI Generic Statement Model::opinion -&gt; is opinion about:MDMI::MDMI Generic Statement Model::situation]" refid="_19_0_3_62501eb_1576083879287_118914_11485"/><association classType="Association" humanType="Association" icon="MDMIExampleModel_files/icon_association_1244187993.png" isRelationship="true" name="Association[MDMI::MDMI Generic Statement Model::quality -&gt; quality of:MDMI::MDMI Generic Statement Model::entity]" refid="_19_0_3_62501eb_1581443199889_380336_6900"/><association classType="Association" humanType="Association" icon="MDMIExampleModel_files/icon_association_1244187993.png" isRelationship="true" name="Association[MDMI::MDMI Generic Statement Model::request event -&gt; requests:MDMI::MDMI Generic Statement Model::activity]" refid="_19_0_3_62501eb_1576172922510_932775_12374"/><association classType="Association" humanType="Association" icon="MDMIExampleModel_files/icon_association_1244187993.png" isRelationship="true" name="Association[MDMI::MDMI Generic Statement Model::situation -&gt; has participant:MDMI::MDMI Generic Statement Model::participant]" refid="_19_0_3_62501eb_1575932667428_653836_6368"/><association classType="Association" humanType="Association" icon="MDMIExampleModel_files/icon_association_1244187993.png" isRelationship="true" name="Association[MDMI::MDMI Generic Statement Model::situation -&gt; impacts:MDMI::MDMI Generic Statement Model::situation]" refid="_19_0_3_62501eb_1576095748112_581497_11817"/><association classType="Association" humanType="Association" icon="MDMIExampleModel_files/icon_association_1244187993.png" isRelationship="true" name="Association[MDMI::MDMI Generic Statement Model::statement -&gt; has author:MDMI::MDMI Generic Statement Model::author]" refid="_19_0_3_62501eb_1575932667192_591952_5862"/><association classType="Association" humanType="Association" icon="MDMIExampleModel_files/icon_association_1244187993.png" isRelationship="true" name="Association[MDMI::MDMI Generic Statement Model::statement -&gt; is statement about:MDMI::MDMI Generic Statement Model::situation]" refid="_19_0_3_62501eb_1575932667092_231921_5654"/><class classType="Class" humanType="Class" icon="MDMIExampleModel_files/icon_class_197855654.png" name="author" refid="_19_0_3_62501eb_1576849864957_287950_6731"/><class classType="Class" humanType="Class" icon="MDMIExampleModel_files/icon_class_197855654.png" name="classification" refid="_19_0_3_62501eb_1580940262123_801706_6663"/><class classType="Class" humanType="Class" icon="MDMIExampleModel_files/icon_class_197855654.png" name="date" refid="_19_0_3_62501eb_1580940401534_80760_6696"/><class classType="Class" humanType="Class" icon="MDMIExampleModel_files/icon_class_197855654.png" name="device" refid="_19_0_3_62501eb_1575932666757_882646_5060"/><class classType="Class" humanType="Class" icon="MDMIExampleModel_files/icon_class_197855654.png" name="device activity method" refid="_19_0_3_62501eb_1576202174195_656829_12643"/><class classType="Class" humanType="Class" icon="MDMIExampleModel_files/icon_class_197855654.png" name="duration" refid="_19_0_3_62501eb_1581101175327_116348_6884"/><class classType="Class" humanType="Class" icon="MDMIExampleModel_files/icon_class_197855654.png" name="entity" refid="_19_0_3_62501eb_1575932666833_337404_5177"/><class classType="Class" humanType="Class" icon="MDMIExampleModel_files/icon_class_197855654.png" name="event" refid="_19_0_3_62501eb_1576095716683_737733_11787"/><class classType="Class" humanType="Class" icon="MDMIExampleModel_files/icon_class_197855654.png" name="image" refid="_19_0_3_62501eb_1575932666897_152140_5291"/><class classType="Class" humanType="Class" icon="MDMIExampleModel_files/icon_class_197855654.png" name="intervention activity" refid="_19_0_3_62501eb_1581438537725_61074_6681"/><class classType="Class" humanType="Class" icon="MDMIExampleModel_files/icon_class_197855654.png" name="intervention request" refid="_19_0_3_62501eb_1576709747934_437778_6674"/><diagram classType="Diagram" humanType="Diagram" icon="MDMIExampleModel_files/icon_Concept Modeling Diagram_908398659.png" name="MDMI Generic Statement Model" refid="_19_0_3_62501eb_1581107569012_223945_9467"/><diagram classType="Diagram" humanType="Diagram" icon="MDMIExampleModel_files/icon_Generic Table_1027115338.png" name="MDMI Generic Statment Model Table" refid="_19_0_3_62501eb_1577747393905_443025_6576"/><class classType="Class" humanType="Class" icon="MDMIExampleModel_files/icon_class_197855654.png" name="measure" refid="_19_0_3_62501eb_1576170667237_815450_12266"/><class classType="Class" humanType="Class" icon="MDMIExampleModel_files/icon_class_197855654.png" name="name" refid="_19_0_3_62501eb_1576084508438_340072_11517"/><class classType="Class" humanType="Class" icon="MDMIExampleModel_files/icon_class_197855654.png" name="number" refid="_19_0_3_62501eb_1581463933182_334177_7210"/><class classType="Class" humanType="Class" icon="MDMIExampleModel_files/icon_class_197855654.png" name="observation" refid="_19_0_3_62501eb_1575932666772_864372_5082"/><class classType="Class" humanType="Class" icon="MDMIExampleModel_files/icon_class_197855654.png" name="observation request" refid="_19_0_3_62501eb_1575932666737_504492_5032"/><class classType="Class" humanType="Class" icon="MDMIExampleModel_files/icon_class_197855654.png" name="occurance" refid="_19_0_3_62501eb_1575935168544_195001_10522"/><class classType="Class" humanType="Class" icon="MDMIExampleModel_files/icon_class_197855654.png" name="opinion" refid="_19_0_3_62501eb_1576083367880_541631_11403"/><class classType="Class" humanType="Class" icon="MDMIExampleModel_files/icon_class_197855654.png" name="organization" refid="_19_0_3_62501eb_1575932666929_866372_5357"/><class classType="Class" humanType="Class" icon="MDMIExampleModel_files/icon_class_197855654.png" name="participant" refid="_19_0_3_62501eb_1576850536524_218970_6810"/><class classType="Class" humanType="Class" icon="MDMIExampleModel_files/icon_class_197855654.png" name="performer" refid="_19_0_3_62501eb_1576850580916_621317_6852"/><class classType="Class" humanType="Class" icon="MDMIExampleModel_files/icon_class_197855654.png" name="person" refid="_19_0_3_62501eb_1575932666943_147059_5382"/><class classType="Class" humanType="Class" icon="MDMIExampleModel_files/icon_class_197855654.png" name="physical location" refid="_19_0_3_62501eb_1575932666849_491941_5207"/><class classType="Class" humanType="Class" icon="MDMIExampleModel_files/icon_class_197855654.png" name="point in time" refid="_19_0_3_62501eb_1580940455797_393934_6729"/><class classType="Class" humanType="Class" icon="MDMIExampleModel_files/icon_class_197855654.png" name="quality" refid="_19_0_3_62501eb_1581442611967_928760_6856"/><class classType="Class" humanType="Class" icon="MDMIExampleModel_files/icon_class_197855654.png" name="reference" refid="_19_0_3_62501eb_1581108481818_433571_15249"/><class classType="Class" humanType="Class" icon="MDMIExampleModel_files/icon_class_89813810.png" name="repeditive" refid="_19_0_3_62501eb_1581101236143_628242_6917"/><class classType="Class" humanType="Class" icon="MDMIExampleModel_files/icon_class_197855654.png" name="request event" refid="_19_0_3_62501eb_1575935387412_105451_10553"/><class classType="Class" humanType="Class" icon="MDMIExampleModel_files/icon_class_197855654.png" name="responsible actor" refid="_19_0_3_62501eb_1575934072041_722247_10489"/><class classType="Class" humanType="Class" icon="MDMIExampleModel_files/icon_class_197855654.png" name="role of actor" refid="_19_0_3_62501eb_1576850489061_38912_6785"/><class classType="Class" humanType="Class" icon="MDMIExampleModel_files/icon_class_197855654.png" name="situation" refid="_19_0_3_62501eb_1576028809689_551010_11362"/><class classType="Class" humanType="Class" icon="MDMIExampleModel_files/icon_class_197855654.png" name="software agent" refid="_19_0_3_62501eb_1576849320133_762448_6658"/><class classType="Class" humanType="Class" icon="MDMIExampleModel_files/icon_class_197855654.png" name="state of affairs" refid="_19_0_3_62501eb_1576086516037_803558_11593"/><class classType="Class" humanType="Class" icon="MDMIExampleModel_files/icon_class_197855654.png" name="statement" refid="_19_0_3_62501eb_1575932666795_903202_5115"/><enumeration classType="Enumeration" humanType="Enumeration" icon="MDMIExampleModel_files/icon_enumeration_332498651.png" name="statement mode" refid="_19_0_3_62501eb_1581107183841_822878_7517"/><class classType="Class" humanType="Class" icon="MDMIExampleModel_files/icon_class_197855654.png" name="status" refid="_19_0_3_62501eb_1575932666836_576930_5183"/><class classType="Class" humanType="Class" icon="MDMIExampleModel_files/icon_class_197855654.png" name="subject" refid="_19_0_3_62501eb_1576850740293_252071_6897"/><class classType="Class" humanType="Class" icon="MDMIExampleModel_files/icon_class_197855654.png" name="substance" refid="_19_0_3_62501eb_1575932666888_692035_5273"/><class classType="Class" humanType="Class" icon="MDMIExampleModel_files/icon_class_89813810.png" name="temporal" refid="_19_0_3_62501eb_1576101736124_819385_11939"/><class classType="Class" humanType="Class" icon="MDMIExampleModel_files/icon_class_197855654.png" name="text" refid="_19_0_3_62501eb_1575932666894_310076_5285"/><class classType="Class" humanType="Class" icon="MDMIExampleModel_files/icon_class_197855654.png" name="Thing" refid="_19_0_3_62501eb_1575932666741_328464_5038"/><class classType="Class" humanType="Class" icon="MDMIExampleModel_files/icon_class_197855654.png" name="value" refid="_19_0_3_62501eb_1575933984075_329352_10447"/></ownedElement><ownedMember humanName="Owned Member"><class classType="Class" humanType="Class" icon="MDMIExampleModel_files/icon_class_197855654.png" name="" refid="_19_0_3_62501eb_1575932666784_613629_5100"/><class classType="Class" humanType="Class" icon="MDMIExampleModel_files/icon_class_197855654.png" name="" refid="_19_0_3_62501eb_1575932666806_995220_5133"/><class classType="Class" humanType="Class" icon="MDMIExampleModel_files/icon_class_197855654.png" name="" refid="_19_0_3_62501eb_1575932666821_66036_5158"/><class classType="Class" humanType="Class" icon="MDMIExampleModel_files/icon_class_197855654.png" name="" refid="_19_0_3_62501eb_1575932666879_155425_5261"/><class classType="Class" humanType="Class" icon="MDMIExampleModel_files/icon_class_197855654.png" name="" refid="_19_0_3_62501eb_1575932666885_586398_5270"/><class classType="Class" humanType="Class" icon="MDMIExampleModel_files/icon_class_197855654.png" name="" refid="_19_0_3_62501eb_1575932666899_217198_5297"/><class classType="Class" humanType="Class" icon="MDMIExampleModel_files/icon_class_197855654.png" name="" refid="_19_0_3_62501eb_1575932666912_105062_5324"/><class classType="Class" humanType="Class" icon="MDMIExampleModel_files/icon_class_197855654.png" name="" refid="_19_0_3_62501eb_1575932666934_981629_5367"/><class classType="Class" humanType="Class" icon="MDMIExampleModel_files/icon_class_197855654.png" name="" refid="_19_0_3_62501eb_1575932666949_92682_5394"/><class classType="Class" humanType="Class" icon="MDMIExampleModel_files/icon_class_197855654.png" name="" refid="_19_0_3_62501eb_1575932666960_789044_5413"/><generalizationset classType="GeneralizationSet" humanType="Generalization Set" icon="MDMIExampleModel_files/icon_generalizationset_2115919218.png" name="" refid="_19_0_3_62501eb_1576174393741_276695_12430"/><generalizationset classType="GeneralizationSet" humanType="Generalization Set" icon="MDMIExampleModel_files/icon_generalizationset_2115919218.png" name="" refid="_19_0_3_62501eb_1576176674663_491332_12479"/><generalizationset classType="GeneralizationSet" humanType="Generalization Set" icon="MDMIExampleModel_files/icon_generalizationset_2115919218.png" name="" refid="_19_0_3_62501eb_1576176813864_545242_12503"/><generalizationset classType="GeneralizationSet" humanType="Generalization Set" icon="MDMIExampleModel_files/icon_generalizationset_2115919218.png" name="" refid="_19_0_3_62501eb_1576174425809_912563_12442"/><generalizationset classType="GeneralizationSet" humanType="Generalization Set" icon="MDMIExampleModel_files/icon_generalizationset_2115919218.png" name="" refid="_19_0_3_62501eb_1581438740508_30_6742"/><class classType="Class" humanType="Class" icon="MDMIExampleModel_files/icon_class_197855654.png" name="activity" refid="_19_0_3_62501eb_1575932666830_569452_5171"/><class classType="Class" humanType="Class" icon="MDMIExampleModel_files/icon_class_197855654.png" name="activity method" refid="_19_0_3_62501eb_1575932666793_752841_5109"/><class classType="Class" humanType="Class" icon="MDMIExampleModel_files/icon_class_197855654.png" name="actor" refid="_19_0_3_62501eb_1575932666749_640357_5048"/><association classType="Association" humanType="Association" icon="MDMIExampleModel_files/icon_association_1244187993.png" isRelationship="true" name="Association[has author organization legal name:MDMI::MDMI Generic Statement Model::name &lt;- MDMI::MDMI Generic Statement Model::statement]" refid="_19_0_3_62501eb_1581108870250_545262_15555"/><association classType="Association" humanType="Association" icon="MDMIExampleModel_files/icon_association_1244187993.png" isRelationship="true" name="Association[has author person legal name:MDMI::MDMI Generic Statement Model::name &lt;- MDMI::MDMI Generic Statement Model::statement]" refid="_19_0_3_62501eb_1581108873347_603549_15580"/><association classType="Association" humanType="Association" icon="MDMIExampleModel_files/icon_association_1244187993.png" isRelationship="true" name="Association[has device name:MDMI::MDMI Generic Statement Model::name &lt;- MDMI::MDMI Generic Statement Model::device]" refid="_19_0_3_62501eb_1581108793531_721140_15452"/><association classType="Association" humanType="Association" icon="MDMIExampleModel_files/icon_association_1244187993.png" isRelationship="true" name="Association[has organization legal name:MDMI::MDMI Generic Statement Model::name &lt;- MDMI::MDMI Generic Statement Model::organization]" refid="_19_0_3_62501eb_1581108789938_650618_15419"/><association classType="Association" humanType="Association" icon="MDMIExampleModel_files/icon_association_1244187993.png" isRelationship="true" name="Association[has person legal name:MDMI::MDMI Generic Statement Model::name &lt;- MDMI::MDMI Generic Statement Model::person]" refid="_19_0_3_62501eb_1581108785363_900490_15391"/><association classType="Association" humanType="Association" icon="MDMIExampleModel_files/icon_association_1244187993.png" isRelationship="true" name="Association[MDMI::MDMI Generic Statement Model::activity -&gt; forms opinion:MDMI::MDMI Generic Statement Model::opinion]" refid="_19_0_3_62501eb_1576848597223_219451_6642"/><association classType="Association" humanType="Association" icon="MDMIExampleModel_files/icon_association_1244187993.png" isRelationship="true" name="Association[MDMI::MDMI Generic Statement Model::activity -&gt; has method:MDMI::MDMI Generic Statement Model::activity method]" refid="_19_0_3_62501eb_1575932667394_507699_6288"/><association classType="Association" humanType="Association" icon="MDMIExampleModel_files/icon_association_1244187993.png" isRelationship="true" name="Association[MDMI::MDMI Generic Statement Model::device activity method -&gt; has device:MDMI::MDMI Generic Statement Model::device]" refid="_19_0_3_62501eb_1576202203855_601703_12679"/><association classType="Association" humanType="Association" icon="MDMIExampleModel_files/icon_association_1244187993.png" isRelationship="true" name="Association[MDMI::MDMI Generic Statement Model::intervention request -&gt; MDMI::MDMI Example Healthcare Domain Model::clinical activity]" refid="_19_0_3_62501eb_1576709787037_254549_6730"/><association classType="Association" humanType="Association" icon="MDMIExampleModel_files/icon_association_1244187993.png" isRelationship="true" name="Association[MDMI::MDMI Generic Statement Model::intervention request -&gt; MDMI::MDMI Generic Statement Model::intervention activity]" refid="_19_0_3_62501eb_1581438576109_720063_6720"/><association classType="Association" humanType="Association" icon="MDMIExampleModel_files/icon_association_1244187993.png" isRelationship="true" name="Association[MDMI::MDMI Generic Statement Model::observation -&gt; observes:MDMI::MDMI Generic Statement Model::situation]" refid="_19_0_3_62501eb_1576086581611_122604_11630"/><association classType="Association" humanType="Association" icon="MDMIExampleModel_files/icon_association_1244187993.png" isRelationship="true" name="Association[MDMI::MDMI Generic Statement Model::observation request -&gt; MDMI::MDMI Generic Statement Model::observation]" refid="_19_0_3_62501eb_1576096197023_100474_11847"/><association classType="Association" humanType="Association" icon="MDMIExampleModel_files/icon_association_1244187993.png" isRelationship="true" name="Association[MDMI::MDMI Generic Statement Model::occurance -&gt; has performer:MDMI::MDMI Generic Statement Model::performer]" refid="_19_0_3_62501eb_1575932667333_973459_6151"/><association classType="Association" humanType="Association" icon="MDMIExampleModel_files/icon_association_1244187993.png" isRelationship="true" name="Association[MDMI::MDMI Generic Statement Model::occurance -&gt; results in:MDMI::MDMI Generic Statement Model::situation]" refid="_19_0_3_62501eb_1580941564397_211945_6829"/><association classType="Association" humanType="Association" icon="MDMIExampleModel_files/icon_association_1244187993.png" isRelationship="true" name="Association[MDMI::MDMI Generic Statement Model::opinion -&gt; is opinion about:MDMI::MDMI Generic Statement Model::situation]" refid="_19_0_3_62501eb_1576083879287_118914_11485"/><association classType="Association" humanType="Association" icon="MDMIExampleModel_files/icon_association_1244187993.png" isRelationship="true" name="Association[MDMI::MDMI Generic Statement Model::quality -&gt; quality of:MDMI::MDMI Generic Statement Model::entity]" refid="_19_0_3_62501eb_1581443199889_380336_6900"/><association classType="Association" humanType="Association" icon="MDMIExampleModel_files/icon_association_1244187993.png" isRelationship="true" name="Association[MDMI::MDMI Generic Statement Model::request event -&gt; requests:MDMI::MDMI Generic Statement Model::activity]" refid="_19_0_3_62501eb_1576172922510_932775_12374"/><association classType="Association" humanType="Association" icon="MDMIExampleModel_files/icon_association_1244187993.png" isRelationship="true" name="Association[MDMI::MDMI Generic Statement Model::situation -&gt; has participant:MDMI::MDMI Generic Statement Model::participant]" refid="_19_0_3_62501eb_1575932667428_653836_6368"/><association classType="Association" humanType="Association" icon="MDMIExampleModel_files/icon_association_1244187993.png" isRelationship="true" name="Association[MDMI::MDMI Generic Statement Model::situation -&gt; impacts:MDMI::MDMI Generic Statement Model::situation]" refid="_19_0_3_62501eb_1576095748112_581497_11817"/><association classType="Association" humanType="Association" icon="MDMIExampleModel_files/icon_association_1244187993.png" isRelationship="true" name="Association[MDMI::MDMI Generic Statement Model::statement -&gt; has author:MDMI::MDMI Generic Statement Model::author]" refid="_19_0_3_62501eb_1575932667192_591952_5862"/><association classType="Association" humanType="Association" icon="MDMIExampleModel_files/icon_association_1244187993.png" isRelationship="true" name="Association[MDMI::MDMI Generic Statement Model::statement -&gt; is statement about:MDMI::MDMI Generic Statement Model::situation]" refid="_19_0_3_62501eb_1575932667092_231921_5654"/><class classType="Class" humanType="Class" icon="MDMIExampleModel_files/icon_class_197855654.png" name="author" refid="_19_0_3_62501eb_1576849864957_287950_6731"/><class classType="Class" humanType="Class" icon="MDMIExampleModel_files/icon_class_197855654.png" name="classification" refid="_19_0_3_62501eb_1580940262123_801706_6663"/><class classType="Class" humanType="Class" icon="MDMIExampleModel_files/icon_class_197855654.png" name="date" refid="_19_0_3_62501eb_1580940401534_80760_6696"/><class classType="Class" humanType="Class" icon="MDMIExampleModel_files/icon_class_197855654.png" name="device" refid="_19_0_3_62501eb_1575932666757_882646_5060"/><class classType="Class" humanType="Class" icon="MDMIExampleModel_files/icon_class_197855654.png" name="device activity method" refid="_19_0_3_62501eb_1576202174195_656829_12643"/><class classType="Class" humanType="Class" icon="MDMIExampleModel_files/icon_class_197855654.png" name="duration" refid="_19_0_3_62501eb_1581101175327_116348_6884"/><class classType="Class" humanType="Class" icon="MDMIExampleModel_files/icon_class_197855654.png" name="entity" refid="_19_0_3_62501eb_1575932666833_337404_5177"/><class classType="Class" humanType="Class" icon="MDMIExampleModel_files/icon_class_197855654.png" name="event" refid="_19_0_3_62501eb_1576095716683_737733_11787"/><class classType="Class" humanType="Class" icon="MDMIExampleModel_files/icon_class_197855654.png" name="image" refid="_19_0_3_62501eb_1575932666897_152140_5291"/><class classType="Class" humanType="Class" icon="MDMIExampleModel_files/icon_class_197855654.png" name="intervention activity" refid="_19_0_3_62501eb_1581438537725_61074_6681"/><class classType="Class" humanType="Class" icon="MDMIExampleModel_files/icon_class_197855654.png" name="intervention request" refid="_19_0_3_62501eb_1576709747934_437778_6674"/><diagram classType="Diagram" humanType="Diagram" icon="MDMIExampleModel_files/icon_Concept Modeling Diagram_908398659.png" name="MDMI Generic Statement Model" refid="_19_0_3_62501eb_1581107569012_223945_9467"/><diagram classType="Diagram" humanType="Diagram" icon="MDMIExampleModel_files/icon_Generic Table_1027115338.png" name="MDMI Generic Statment Model Table" refid="_19_0_3_62501eb_1577747393905_443025_6576"/><class classType="Class" humanType="Class" icon="MDMIExampleModel_files/icon_class_197855654.png" name="measure" refid="_19_0_3_62501eb_1576170667237_815450_12266"/><class classType="Class" humanType="Class" icon="MDMIExampleModel_files/icon_class_197855654.png" name="name" refid="_19_0_3_62501eb_1576084508438_340072_11517"/><class classType="Class" humanType="Class" icon="MDMIExampleModel_files/icon_class_197855654.png" name="number" refid="_19_0_3_62501eb_1581463933182_334177_7210"/><class classType="Class" humanType="Class" icon="MDMIExampleModel_files/icon_class_197855654.png" name="observation" refid="_19_0_3_62501eb_1575932666772_864372_5082"/><class classType="Class" humanType="Class" icon="MDMIExampleModel_files/icon_class_197855654.png" name="observation request" refid="_19_0_3_62501eb_1575932666737_504492_5032"/><class classType="Class" humanType="Class" icon="MDMIExampleModel_files/icon_class_197855654.png" name="occurance" refid="_19_0_3_62501eb_1575935168544_195001_10522"/><class classType="Class" humanType="Class" icon="MDMIExampleModel_files/icon_class_197855654.png" name="opinion" refid="_19_0_3_62501eb_1576083367880_541631_11403"/><class classType="Class" humanType="Class" icon="MDMIExampleModel_files/icon_class_197855654.png" name="organization" refid="_19_0_3_62501eb_1575932666929_866372_5357"/><class classType="Class" humanType="Class" icon="MDMIExampleModel_files/icon_class_197855654.png" name="participant" refid="_19_0_3_62501eb_1576850536524_218970_6810"/><class classType="Class" humanType="Class" icon="MDMIExampleModel_files/icon_class_197855654.png" name="performer" refid="_19_0_3_62501eb_1576850580916_621317_6852"/><class classType="Class" humanType="Class" icon="MDMIExampleModel_files/icon_class_197855654.png" name="person" refid="_19_0_3_62501eb_1575932666943_147059_5382"/><class classType="Class" humanType="Class" icon="MDMIExampleModel_files/icon_class_197855654.png" name="physical location" refid="_19_0_3_62501eb_1575932666849_491941_5207"/><class classType="Class" humanType="Class" icon="MDMIExampleModel_files/icon_class_197855654.png" name="point in time" refid="_19_0_3_62501eb_1580940455797_393934_6729"/><class classType="Class" humanType="Class" icon="MDMIExampleModel_files/icon_class_197855654.png" name="quality" refid="_19_0_3_62501eb_1581442611967_928760_6856"/><class classType="Class" humanType="Class" icon="MDMIExampleModel_files/icon_class_197855654.png" name="reference" refid="_19_0_3_62501eb_1581108481818_433571_15249"/><class classType="Class" humanType="Class" icon="MDMIExampleModel_files/icon_class_89813810.png" name="repeditive" refid="_19_0_3_62501eb_1581101236143_628242_6917"/><class classType="Class" humanType="Class" icon="MDMIExampleModel_files/icon_class_197855654.png" name="request event" refid="_19_0_3_62501eb_1575935387412_105451_10553"/><class classType="Class" humanType="Class" icon="MDMIExampleModel_files/icon_class_197855654.png" name="responsible actor" refid="_19_0_3_62501eb_1575934072041_722247_10489"/><class classType="Class" humanType="Class" icon="MDMIExampleModel_files/icon_class_197855654.png" name="role of actor" refid="_19_0_3_62501eb_1576850489061_38912_6785"/><class classType="Class" humanType="Class" icon="MDMIExampleModel_files/icon_class_197855654.png" name="situation" refid="_19_0_3_62501eb_1576028809689_551010_11362"/><class classType="Class" humanType="Class" icon="MDMIExampleModel_files/icon_class_197855654.png" name="software agent" refid="_19_0_3_62501eb_1576849320133_762448_6658"/><class classType="Class" humanType="Class" icon="MDMIExampleModel_files/icon_class_197855654.png" name="state of affairs" refid="_19_0_3_62501eb_1576086516037_803558_11593"/><class classType="Class" humanType="Class" icon="MDMIExampleModel_files/icon_class_197855654.png" name="statement" refid="_19_0_3_62501eb_1575932666795_903202_5115"/><enumeration classType="Enumeration" humanType="Enumeration" icon="MDMIExampleModel_files/icon_enumeration_332498651.png" name="statement mode" refid="_19_0_3_62501eb_1581107183841_822878_7517"/><class classType="Class" humanType="Class" icon="MDMIExampleModel_files/icon_class_197855654.png" name="status" refid="_19_0_3_62501eb_1575932666836_576930_5183"/><class classType="Class" humanType="Class" icon="MDMIExampleModel_files/icon_class_197855654.png" name="subject" refid="_19_0_3_62501eb_1576850740293_252071_6897"/><class classType="Class" humanType="Class" icon="MDMIExampleModel_files/icon_class_197855654.png" name="substance" refid="_19_0_3_62501eb_1575932666888_692035_5273"/><class classType="Class" humanType="Class" icon="MDMIExampleModel_files/icon_class_89813810.png" name="temporal" refid="_19_0_3_62501eb_1576101736124_819385_11939"/><class classType="Class" humanType="Class" icon="MDMIExampleModel_files/icon_class_197855654.png" name="text" refid="_19_0_3_62501eb_1575932666894_310076_5285"/><class classType="Class" humanType="Class" icon="MDMIExampleModel_files/icon_class_197855654.png" name="Thing" refid="_19_0_3_62501eb_1575932666741_328464_5038"/><class classType="Class" humanType="Class" icon="MDMIExampleModel_files/icon_class_197855654.png" name="value" refid="_19_0_3_62501eb_1575933984075_329352_10447"/></ownedMember><ownedType humanName="Owned Type"><class classType="Class" humanType="Class" icon="MDMIExampleModel_files/icon_class_197855654.png" name="" refid="_19_0_3_62501eb_1575932666784_613629_5100"/><class classType="Class" humanType="Class" icon="MDMIExampleModel_files/icon_class_197855654.png" name="" refid="_19_0_3_62501eb_1575932666806_995220_5133"/><class classType="Class" humanType="Class" icon="MDMIExampleModel_files/icon_class_197855654.png" name="" refid="_19_0_3_62501eb_1575932666821_66036_5158"/><class classType="Class" humanType="Class" icon="MDMIExampleModel_files/icon_class_197855654.png" name="" refid="_19_0_3_62501eb_1575932666879_155425_5261"/><class classType="Class" humanType="Class" icon="MDMIExampleModel_files/icon_class_197855654.png" name="" refid="_19_0_3_62501eb_1575932666885_586398_5270"/><class classType="Class" humanType="Class" icon="MDMIExampleModel_files/icon_class_197855654.png" name="" refid="_19_0_3_62501eb_1575932666899_217198_5297"/><class classType="Class" humanType="Class" icon="MDMIExampleModel_files/icon_class_197855654.png" name="" refid="_19_0_3_62501eb_1575932666912_105062_5324"/><class classType="Class" humanType="Class" icon="MDMIExampleModel_files/icon_class_197855654.png" name="" refid="_19_0_3_62501eb_1575932666934_981629_5367"/><class classType="Class" humanType="Class" icon="MDMIExampleModel_files/icon_class_197855654.png" name="" refid="_19_0_3_62501eb_1575932666949_92682_5394"/><class classType="Class" humanType="Class" icon="MDMIExampleModel_files/icon_class_197855654.png" name="" refid="_19_0_3_62501eb_1575932666960_789044_5413"/><class classType="Class" humanType="Class" icon="MDMIExampleModel_files/icon_class_197855654.png" name="activity" refid="_19_0_3_62501eb_1575932666830_569452_5171"/><class classType="Class" humanType="Class" icon="MDMIExampleModel_files/icon_class_197855654.png" name="activity method" refid="_19_0_3_62501eb_1575932666793_752841_5109"/><class classType="Class" humanType="Class" icon="MDMIExampleModel_files/icon_class_197855654.png" name="actor" refid="_19_0_3_62501eb_1575932666749_640357_5048"/><association classType="Association" humanType="Association" icon="MDMIExampleModel_files/icon_association_1244187993.png" isRelationship="true" name="Association[has author organization legal name:MDMI::MDMI Generic Statement Model::name &lt;- MDMI::MDMI Generic Statement Model::statement]" refid="_19_0_3_62501eb_1581108870250_545262_15555"/><association classType="Association" humanType="Association" icon="MDMIExampleModel_files/icon_association_1244187993.png" isRelationship="true" name="Association[has author person legal name:MDMI::MDMI Generic Statement Model::name &lt;- MDMI::MDMI Generic Statement Model::statement]" refid="_19_0_3_62501eb_1581108873347_603549_15580"/><association classType="Association" humanType="Association" icon="MDMIExampleModel_files/icon_association_1244187993.png" isRelationship="true" name="Association[has device name:MDMI::MDMI Generic Statement Model::name &lt;- MDMI::MDMI Generic Statement Model::device]" refid="_19_0_3_62501eb_1581108793531_721140_15452"/><association classType="Association" humanType="Association" icon="MDMIExampleModel_files/icon_association_1244187993.png" isRelationship="true" name="Association[has organization legal name:MDMI::MDMI Generic Statement Model::name &lt;- MDMI::MDMI Generic Statement Model::organization]" refid="_19_0_3_62501eb_1581108789938_650618_15419"/><association classType="Association" humanType="Association" icon="MDMIExampleModel_files/icon_association_1244187993.png" isRelationship="true" name="Association[has person legal name:MDMI::MDMI Generic Statement Model::name &lt;- MDMI::MDMI Generic Statement Model::person]" refid="_19_0_3_62501eb_1581108785363_900490_15391"/><association classType="Association" humanType="Association" icon="MDMIExampleModel_files/icon_association_1244187993.png" isRelationship="true" name="Association[MDMI::MDMI Generic Statement Model::activity -&gt; forms opinion:MDMI::MDMI Generic Statement Model::opinion]" refid="_19_0_3_62501eb_1576848597223_219451_6642"/><association classType="Association" humanType="Association" icon="MDMIExampleModel_files/icon_association_1244187993.png" isRelationship="true" name="Association[MDMI::MDMI Generic Statement Model::activity -&gt; has method:MDMI::MDMI Generic Statement Model::activity method]" refid="_19_0_3_62501eb_1575932667394_507699_6288"/><association classType="Association" humanType="Association" icon="MDMIExampleModel_files/icon_association_1244187993.png" isRelationship="true" name="Association[MDMI::MDMI Generic Statement Model::device activity method -&gt; has device:MDMI::MDMI Generic Statement Model::device]" refid="_19_0_3_62501eb_1576202203855_601703_12679"/><association classType="Association" humanType="Association" icon="MDMIExampleModel_files/icon_association_1244187993.png" isRelationship="true" name="Association[MDMI::MDMI Generic Statement Model::intervention request -&gt; MDMI::MDMI Example Healthcare Domain Model::clinical activity]" refid="_19_0_3_62501eb_1576709787037_254549_6730"/><association classType="Association" humanType="Association" icon="MDMIExampleModel_files/icon_association_1244187993.png" isRelationship="true" name="Association[MDMI::MDMI Generic Statement Model::intervention request -&gt; MDMI::MDMI Generic Statement Model::intervention activity]" refid="_19_0_3_62501eb_1581438576109_720063_6720"/><association classType="Association" humanType="Association" icon="MDMIExampleModel_files/icon_association_1244187993.png" isRelationship="true" name="Association[MDMI::MDMI Generic Statement Model::observation -&gt; observes:MDMI::MDMI Generic Statement Model::situation]" refid="_19_0_3_62501eb_1576086581611_122604_11630"/><association classType="Association" humanType="Association" icon="MDMIExampleModel_files/icon_association_1244187993.png" isRelationship="true" name="Association[MDMI::MDMI Generic Statement Model::observation request -&gt; MDMI::MDMI Generic Statement Model::observation]" refid="_19_0_3_62501eb_1576096197023_100474_11847"/><association classType="Association" humanType="Association" icon="MDMIExampleModel_files/icon_association_1244187993.png" isRelationship="true" name="Association[MDMI::MDMI Generic Statement Model::occurance -&gt; has performer:MDMI::MDMI Generic Statement Model::performer]" refid="_19_0_3_62501eb_1575932667333_973459_6151"/><association classType="Association" humanType="Association" icon="MDMIExampleModel_files/icon_association_1244187993.png" isRelationship="true" name="Association[MDMI::MDMI Generic Statement Model::occurance -&gt; results in:MDMI::MDMI Generic Statement Model::situation]" refid="_19_0_3_62501eb_1580941564397_211945_6829"/><association classType="Association" humanType="Association" icon="MDMIExampleModel_files/icon_association_1244187993.png" isRelationship="true" name="Association[MDMI::MDMI Generic Statement Model::opinion -&gt; is opinion about:MDMI::MDMI Generic Statement Model::situation]" refid="_19_0_3_62501eb_1576083879287_118914_11485"/><association classType="Association" humanType="Association" icon="MDMIExampleModel_files/icon_association_1244187993.png" isRelationship="true" name="Association[MDMI::MDMI Generic Statement Model::quality -&gt; quality of:MDMI::MDMI Generic Statement Model::entity]" refid="_19_0_3_62501eb_1581443199889_380336_6900"/><association classType="Association" humanType="Association" icon="MDMIExampleModel_files/icon_association_1244187993.png" isRelationship="true" name="Association[MDMI::MDMI Generic Statement Model::request event -&gt; requests:MDMI::MDMI Generic Statement Model::activity]" refid="_19_0_3_62501eb_1576172922510_932775_12374"/><association classType="Association" humanType="Association" icon="MDMIExampleModel_files/icon_association_1244187993.png" isRelationship="true" name="Association[MDMI::MDMI Generic Statement Model::situation -&gt; has participant:MDMI::MDMI Generic Statement Model::participant]" refid="_19_0_3_62501eb_1575932667428_653836_6368"/><association classType="Association" humanType="Association" icon="MDMIExampleModel_files/icon_association_1244187993.png" isRelationship="true" name="Association[MDMI::MDMI Generic Statement Model::situation -&gt; impacts:MDMI::MDMI Generic Statement Model::situation]" refid="_19_0_3_62501eb_1576095748112_581497_11817"/><association classType="Association" humanType="Association" icon="MDMIExampleModel_files/icon_association_1244187993.png" isRelationship="true" name="Association[MDMI::MDMI Generic Statement Model::statement -&gt; has author:MDMI::MDMI Generic Statement Model::author]" refid="_19_0_3_62501eb_1575932667192_591952_5862"/><association classType="Association" humanType="Association" icon="MDMIExampleModel_files/icon_association_1244187993.png" isRelationship="true" name="Association[MDMI::MDMI Generic Statement Model::statement -&gt; is statement about:MDMI::MDMI Generic Statement Model::situation]" refid="_19_0_3_62501eb_1575932667092_231921_5654"/><class classType="Class" humanType="Class" icon="MDMIExampleModel_files/icon_class_197855654.png" name="author" refid="_19_0_3_62501eb_1576849864957_287950_6731"/><class classType="Class" humanType="Class" icon="MDMIExampleModel_files/icon_class_197855654.png" name="classification" refid="_19_0_3_62501eb_1580940262123_801706_6663"/><class classType="Class" humanType="Class" icon="MDMIExampleModel_files/icon_class_197855654.png" name="date" refid="_19_0_3_62501eb_1580940401534_80760_6696"/><class classType="Class" humanType="Class" icon="MDMIExampleModel_files/icon_class_197855654.png" name="device" refid="_19_0_3_62501eb_1575932666757_882646_5060"/><class classType="Class" humanType="Class" icon="MDMIExampleModel_files/icon_class_197855654.png" name="device activity method" refid="_19_0_3_62501eb_1576202174195_656829_12643"/><class classType="Class" humanType="Class" icon="MDMIExampleModel_files/icon_class_197855654.png" name="duration" refid="_19_0_3_62501eb_1581101175327_116348_6884"/><class classType="Class" humanType="Class" icon="MDMIExampleModel_files/icon_class_197855654.png" name="entity" refid="_19_0_3_62501eb_1575932666833_337404_5177"/><class classType="Class" humanType="Class" icon="MDMIExampleModel_files/icon_class_197855654.png" name="event" refid="_19_0_3_62501eb_1576095716683_737733_11787"/><class classType="Class" humanType="Class" icon="MDMIExampleModel_files/icon_class_197855654.png" name="image" refid="_19_0_3_62501eb_1575932666897_152140_5291"/><class classType="Class" humanType="Class" icon="MDMIExampleModel_files/icon_class_197855654.png" name="intervention activity" refid="_19_0_3_62501eb_1581438537725_61074_6681"/><class classType="Class" humanType="Class" icon="MDMIExampleModel_files/icon_class_197855654.png" name="intervention request" refid="_19_0_3_62501eb_1576709747934_437778_6674"/><class classType="Class" humanType="Class" icon="MDMIExampleModel_files/icon_class_197855654.png" name="measure" refid="_19_0_3_62501eb_1576170667237_815450_12266"/><class classType="Class" humanType="Class" icon="MDMIExampleModel_files/icon_class_197855654.png" name="name" refid="_19_0_3_62501eb_1576084508438_340072_11517"/><class classType="Class" humanType="Class" icon="MDMIExampleModel_files/icon_class_197855654.png" name="number" refid="_19_0_3_62501eb_1581463933182_334177_7210"/><class classType="Class" humanType="Class" icon="MDMIExampleModel_files/icon_class_197855654.png" name="observation" refid="_19_0_3_62501eb_1575932666772_864372_5082"/><class classType="Class" humanType="Class" icon="MDMIExampleModel_files/icon_class_197855654.png" name="observation request" refid="_19_0_3_62501eb_1575932666737_504492_5032"/><class classType="Class" humanType="Class" icon="MDMIExampleModel_files/icon_class_197855654.png" name="occurance" refid="_19_0_3_62501eb_1575935168544_195001_10522"/><class classType="Class" humanType="Class" icon="MDMIExampleModel_files/icon_class_197855654.png" name="opinion" refid="_19_0_3_62501eb_1576083367880_541631_11403"/><class classType="Class" humanType="Class" icon="MDMIExampleModel_files/icon_class_197855654.png" name="organization" refid="_19_0_3_62501eb_1575932666929_866372_5357"/><class classType="Class" humanType="Class" icon="MDMIExampleModel_files/icon_class_197855654.png" name="participant" refid="_19_0_3_62501eb_1576850536524_218970_6810"/><class classType="Class" humanType="Class" icon="MDMIExampleModel_files/icon_class_197855654.png" name="performer" refid="_19_0_3_62501eb_1576850580916_621317_6852"/><class classType="Class" humanType="Class" icon="MDMIExampleModel_files/icon_class_197855654.png" name="person" refid="_19_0_3_62501eb_1575932666943_147059_5382"/><class classType="Class" humanType="Class" icon="MDMIExampleModel_files/icon_class_197855654.png" name="physical location" refid="_19_0_3_62501eb_1575932666849_491941_5207"/><class classType="Class" humanType="Class" icon="MDMIExampleModel_files/icon_class_197855654.png" name="point in time" refid="_19_0_3_62501eb_1580940455797_393934_6729"/><class classType="Class" humanType="Class" icon="MDMIExampleModel_files/icon_class_197855654.png" name="quality" refid="_19_0_3_62501eb_1581442611967_928760_6856"/><class classType="Class" humanType="Class" icon="MDMIExampleModel_files/icon_class_197855654.png" name="reference" refid="_19_0_3_62501eb_1581108481818_433571_15249"/><class classType="Class" humanType="Class" icon="MDMIExampleModel_files/icon_class_89813810.png" name="repeditive" refid="_19_0_3_62501eb_1581101236143_628242_6917"/><class classType="Class" humanType="Class" icon="MDMIExampleModel_files/icon_class_197855654.png" name="request event" refid="_19_0_3_62501eb_1575935387412_105451_10553"/><class classType="Class" humanType="Class" icon="MDMIExampleModel_files/icon_class_197855654.png" name="responsible actor" refid="_19_0_3_62501eb_1575934072041_722247_10489"/><class classType="Class" humanType="Class" icon="MDMIExampleModel_files/icon_class_197855654.png" name="role of actor" refid="_19_0_3_62501eb_1576850489061_38912_6785"/><class classType="Class" humanType="Class" icon="MDMIExampleModel_files/icon_class_197855654.png" name="situation" refid="_19_0_3_62501eb_1576028809689_551010_11362"/><class classType="Class" humanType="Class" icon="MDMIExampleModel_files/icon_class_197855654.png" name="software agent" refid="_19_0_3_62501eb_1576849320133_762448_6658"/><class classType="Class" humanType="Class" icon="MDMIExampleModel_files/icon_class_197855654.png" name="state of affairs" refid="_19_0_3_62501eb_1576086516037_803558_11593"/><class classType="Class" humanType="Class" icon="MDMIExampleModel_files/icon_class_197855654.png" name="statement" refid="_19_0_3_62501eb_1575932666795_903202_5115"/><enumeration classType="Enumeration" humanType="Enumeration" icon="MDMIExampleModel_files/icon_enumeration_332498651.png" name="statement mode" refid="_19_0_3_62501eb_1581107183841_822878_7517"/><class classType="Class" humanType="Class" icon="MDMIExampleModel_files/icon_class_197855654.png" name="status" refid="_19_0_3_62501eb_1575932666836_576930_5183"/><class classType="Class" humanType="Class" icon="MDMIExampleModel_files/icon_class_197855654.png" name="subject" refid="_19_0_3_62501eb_1576850740293_252071_6897"/><class classType="Class" humanType="Class" icon="MDMIExampleModel_files/icon_class_197855654.png" name="substance" refid="_19_0_3_62501eb_1575932666888_692035_5273"/><class classType="Class" humanType="Class" icon="MDMIExampleModel_files/icon_class_89813810.png" name="temporal" refid="_19_0_3_62501eb_1576101736124_819385_11939"/><class classType="Class" humanType="Class" icon="MDMIExampleModel_files/icon_class_197855654.png" name="text" refid="_19_0_3_62501eb_1575932666894_310076_5285"/><class classType="Class" humanType="Class" icon="MDMIExampleModel_files/icon_class_197855654.png" name="Thing" refid="_19_0_3_62501eb_1575932666741_328464_5038"/><class classType="Class" humanType="Class" icon="MDMIExampleModel_files/icon_class_197855654.png" name="value" refid="_19_0_3_62501eb_1575933984075_329352_10447"/></ownedType><owner classType="Package" humanName="Owner" humanType="Package" icon="MDMIExampleModel_files/icon_package_906347731.png" mode="s,e" name="MDMI" refid="_19_0_3_62501eb_1581544289418_292808_6659"/><owningPackage classType="Package" humanName="Owning Package" humanType="Package" icon="MDMIExampleModel_files/icon_package_906347731.png" name="MDMI" refid="_19_0_3_62501eb_1581544289418_292808_6659"/><packagedElement humanName="Packaged Element"><class classType="Class" humanType="Class" icon="MDMIExampleModel_files/icon_class_197855654.png" name="" refid="_19_0_3_62501eb_1575932666784_613629_5100"/><class classType="Class" humanType="Class" icon="MDMIExampleModel_files/icon_class_197855654.png" name="" refid="_19_0_3_62501eb_1575932666806_995220_5133"/><class classType="Class" humanType="Class" icon="MDMIExampleModel_files/icon_class_197855654.png" name="" refid="_19_0_3_62501eb_1575932666821_66036_5158"/><class classType="Class" humanType="Class" icon="MDMIExampleModel_files/icon_class_197855654.png" name="" refid="_19_0_3_62501eb_1575932666879_155425_5261"/><class classType="Class" humanType="Class" icon="MDMIExampleModel_files/icon_class_197855654.png" name="" refid="_19_0_3_62501eb_1575932666885_586398_5270"/><class classType="Class" humanType="Class" icon="MDMIExampleModel_files/icon_class_197855654.png" name="" refid="_19_0_3_62501eb_1575932666899_217198_5297"/><class classType="Class" humanType="Class" icon="MDMIExampleModel_files/icon_class_197855654.png" name="" refid="_19_0_3_62501eb_1575932666912_105062_5324"/><class classType="Class" humanType="Class" icon="MDMIExampleModel_files/icon_class_197855654.png" name="" refid="_19_0_3_62501eb_1575932666934_981629_5367"/><class classType="Class" humanType="Class" icon="MDMIExampleModel_files/icon_class_197855654.png" name="" refid="_19_0_3_62501eb_1575932666949_92682_5394"/><class classType="Class" humanType="Class" icon="MDMIExampleModel_files/icon_class_197855654.png" name="" refid="_19_0_3_62501eb_1575932666960_789044_5413"/><generalizationset classType="GeneralizationSet" humanType="Generalization Set" icon="MDMIExampleModel_files/icon_generalizationset_2115919218.png" name="" refid="_19_0_3_62501eb_1576174393741_276695_12430"/><generalizationset classType="GeneralizationSet" humanType="Generalization Set" icon="MDMIExampleModel_files/icon_generalizationset_2115919218.png" name="" refid="_19_0_3_62501eb_1576176674663_491332_12479"/><generalizationset classType="GeneralizationSet" humanType="Generalization Set" icon="MDMIExampleModel_files/icon_generalizationset_2115919218.png" name="" refid="_19_0_3_62501eb_1576176813864_545242_12503"/><generalizationset classType="GeneralizationSet" humanType="Generalization Set" icon="MDMIExampleModel_files/icon_generalizationset_2115919218.png" name="" refid="_19_0_3_62501eb_1576174425809_912563_12442"/><generalizationset classType="GeneralizationSet" humanType="Generalization Set" icon="MDMIExampleModel_files/icon_generalizationset_2115919218.png" name="" refid="_19_0_3_62501eb_1581438740508_30_6742"/><class classType="Class" humanType="Class" icon="MDMIExampleModel_files/icon_class_197855654.png" name="activity" refid="_19_0_3_62501eb_1575932666830_569452_5171"/><class classType="Class" humanType="Class" icon="MDMIExampleModel_files/icon_class_197855654.png" name="activity method" refid="_19_0_3_62501eb_1575932666793_752841_5109"/><class classType="Class" humanType="Class" icon="MDMIExampleModel_files/icon_class_197855654.png" name="actor" refid="_19_0_3_62501eb_1575932666749_640357_5048"/><association classType="Association" humanType="Association" icon="MDMIExampleModel_files/icon_association_1244187993.png" isRelationship="true" name="Association[has author organization legal name:MDMI::MDMI Generic Statement Model::name &lt;- MDMI::MDMI Generic Statement Model::statement]" refid="_19_0_3_62501eb_1581108870250_545262_15555"/><association classType="Association" humanType="Association" icon="MDMIExampleModel_files/icon_association_1244187993.png" isRelationship="true" name="Association[has author person legal name:MDMI::MDMI Generic Statement Model::name &lt;- MDMI::MDMI Generic Statement Model::statement]" refid="_19_0_3_62501eb_1581108873347_603549_15580"/><association classType="Association" humanType="Association" icon="MDMIExampleModel_files/icon_association_1244187993.png" isRelationship="true" name="Association[has device name:MDMI::MDMI Generic Statement Model::name &lt;- MDMI::MDMI Generic Statement Model::device]" refid="_19_0_3_62501eb_1581108793531_721140_15452"/><association classType="Association" humanType="Association" icon="MDMIExampleModel_files/icon_association_1244187993.png" isRelationship="true" name="Association[has organization legal name:MDMI::MDMI Generic Statement Model::name &lt;- MDMI::MDMI Generic Statement Model::organization]" refid="_19_0_3_62501eb_1581108789938_650618_15419"/><association classType="Association" humanType="Association" icon="MDMIExampleModel_files/icon_association_1244187993.png" isRelationship="true" name="Association[has person legal name:MDMI::MDMI Generic Statement Model::name &lt;- MDMI::MDMI Generic Statement Model::person]" refid="_19_0_3_62501eb_1581108785363_900490_15391"/><association classType="Association" humanType="Association" icon="MDMIExampleModel_files/icon_association_1244187993.png" isRelationship="true" name="Association[MDMI::MDMI Generic Statement Model::activity -&gt; forms opinion:MDMI::MDMI Generic Statement Model::opinion]" refid="_19_0_3_62501eb_1576848597223_219451_6642"/><association classType="Association" humanType="Association" icon="MDMIExampleModel_files/icon_association_1244187993.png" isRelationship="true" name="Association[MDMI::MDMI Generic Statement Model::activity -&gt; has method:MDMI::MDMI Generic Statement Model::activity method]" refid="_19_0_3_62501eb_1575932667394_507699_6288"/><association classType="Association" humanType="Association" icon="MDMIExampleModel_files/icon_association_1244187993.png" isRelationship="true" name="Association[MDMI::MDMI Generic Statement Model::device activity method -&gt; has device:MDMI::MDMI Generic Statement Model::device]" refid="_19_0_3_62501eb_1576202203855_601703_12679"/><association classType="Association" humanType="Association" icon="MDMIExampleModel_files/icon_association_1244187993.png" isRelationship="true" name="Association[MDMI::MDMI Generic Statement Model::intervention request -&gt; MDMI::MDMI Example Healthcare Domain Model::clinical activity]" refid="_19_0_3_62501eb_1576709787037_254549_6730"/><association classType="Association" humanType="Association" icon="MDMIExampleModel_files/icon_association_1244187993.png" isRelationship="true" name="Association[MDMI::MDMI Generic Statement Model::intervention request -&gt; MDMI::MDMI Generic Statement Model::intervention activity]" refid="_19_0_3_62501eb_1581438576109_720063_6720"/><association classType="Association" humanType="Association" icon="MDMIExampleModel_files/icon_association_1244187993.png" isRelationship="true" name="Association[MDMI::MDMI Generic Statement Model::observation -&gt; observes:MDMI::MDMI Generic Statement Model::situation]" refid="_19_0_3_62501eb_1576086581611_122604_11630"/><association classType="Association" humanType="Association" icon="MDMIExampleModel_files/icon_association_1244187993.png" isRelationship="true" name="Association[MDMI::MDMI Generic Statement Model::observation request -&gt; MDMI::MDMI Generic Statement Model::observation]" refid="_19_0_3_62501eb_1576096197023_100474_11847"/><association classType="Association" humanType="Association" icon="MDMIExampleModel_files/icon_association_1244187993.png" isRelationship="true" name="Association[MDMI::MDMI Generic Statement Model::occurance -&gt; has performer:MDMI::MDMI Generic Statement Model::performer]" refid="_19_0_3_62501eb_1575932667333_973459_6151"/><association classType="Association" humanType="Association" icon="MDMIExampleModel_files/icon_association_1244187993.png" isRelationship="true" name="Association[MDMI::MDMI Generic Statement Model::occurance -&gt; results in:MDMI::MDMI Generic Statement Model::situation]" refid="_19_0_3_62501eb_1580941564397_211945_6829"/><association classType="Association" humanType="Association" icon="MDMIExampleModel_files/icon_association_1244187993.png" isRelationship="true" name="Association[MDMI::MDMI Generic Statement Model::opinion -&gt; is opinion about:MDMI::MDMI Generic Statement Model::situation]" refid="_19_0_3_62501eb_1576083879287_118914_11485"/><association classType="Association" humanType="Association" icon="MDMIExampleModel_files/icon_association_1244187993.png" isRelationship="true" name="Association[MDMI::MDMI Generic Statement Model::quality -&gt; quality of:MDMI::MDMI Generic Statement Model::entity]" refid="_19_0_3_62501eb_1581443199889_380336_6900"/><association classType="Association" humanType="Association" icon="MDMIExampleModel_files/icon_association_1244187993.png" isRelationship="true" name="Association[MDMI::MDMI Generic Statement Model::request event -&gt; requests:MDMI::MDMI Generic Statement Model::activity]" refid="_19_0_3_62501eb_1576172922510_932775_12374"/><association classType="Association" humanType="Association" icon="MDMIExampleModel_files/icon_association_1244187993.png" isRelationship="true" name="Association[MDMI::MDMI Generic Statement Model::situation -&gt; has participant:MDMI::MDMI Generic Statement Model::participant]" refid="_19_0_3_62501eb_1575932667428_653836_6368"/><association classType="Association" humanType="Association" icon="MDMIExampleModel_files/icon_association_1244187993.png" isRelationship="true" name="Association[MDMI::MDMI Generic Statement Model::situation -&gt; impacts:MDMI::MDMI Generic Statement Model::situation]" refid="_19_0_3_62501eb_1576095748112_581497_11817"/><association classType="Association" humanType="Association" icon="MDMIExampleModel_files/icon_association_1244187993.png" isRelationship="true" name="Association[MDMI::MDMI Generic Statement Model::statement -&gt; has author:MDMI::MDMI Generic Statement Model::author]" refid="_19_0_3_62501eb_1575932667192_591952_5862"/><association classType="Association" humanType="Association" icon="MDMIExampleModel_files/icon_association_1244187993.png" isRelationship="true" name="Association[MDMI::MDMI Generic Statement Model::statement -&gt; is statement about:MDMI::MDMI Generic Statement Model::situation]" refid="_19_0_3_62501eb_1575932667092_231921_5654"/><class classType="Class" humanType="Class" icon="MDMIExampleModel_files/icon_class_197855654.png" name="author" refid="_19_0_3_62501eb_1576849864957_287950_6731"/><class classType="Class" humanType="Class" icon="MDMIExampleModel_files/icon_class_197855654.png" name="classification" refid="_19_0_3_62501eb_1580940262123_801706_6663"/><class classType="Class" humanType="Class" icon="MDMIExampleModel_files/icon_class_197855654.png" name="date" refid="_19_0_3_62501eb_1580940401534_80760_6696"/><class classType="Class" humanType="Class" icon="MDMIExampleModel_files/icon_class_197855654.png" name="device" refid="_19_0_3_62501eb_1575932666757_882646_5060"/><class classType="Class" humanType="Class" icon="MDMIExampleModel_files/icon_class_197855654.png" name="device activity method" refid="_19_0_3_62501eb_1576202174195_656829_12643"/><class classType="Class" humanType="Class" icon="MDMIExampleModel_files/icon_class_197855654.png" name="duration" refid="_19_0_3_62501eb_1581101175327_116348_6884"/><class classType="Class" humanType="Class" icon="MDMIExampleModel_files/icon_class_197855654.png" name="entity" refid="_19_0_3_62501eb_1575932666833_337404_5177"/><class classType="Class" humanType="Class" icon="MDMIExampleModel_files/icon_class_197855654.png" name="event" refid="_19_0_3_62501eb_1576095716683_737733_11787"/><class classType="Class" humanType="Class" icon="MDMIExampleModel_files/icon_class_197855654.png" name="image" refid="_19_0_3_62501eb_1575932666897_152140_5291"/><class classType="Class" humanType="Class" icon="MDMIExampleModel_files/icon_class_197855654.png" name="intervention activity" refid="_19_0_3_62501eb_1581438537725_61074_6681"/><class classType="Class" humanType="Class" icon="MDMIExampleModel_files/icon_class_197855654.png" name="intervention request" refid="_19_0_3_62501eb_1576709747934_437778_6674"/><class classType="Class" humanType="Class" icon="MDMIExampleModel_files/icon_class_197855654.png" name="measure" refid="_19_0_3_62501eb_1576170667237_815450_12266"/><class classType="Class" humanType="Class" icon="MDMIExampleModel_files/icon_class_197855654.png" name="name" refid="_19_0_3_62501eb_1576084508438_340072_11517"/><class classType="Class" humanType="Class" icon="MDMIExampleModel_files/icon_class_197855654.png" name="number" refid="_19_0_3_62501eb_1581463933182_334177_7210"/><class classType="Class" humanType="Class" icon="MDMIExampleModel_files/icon_class_197855654.png" name="observation" refid="_19_0_3_62501eb_1575932666772_864372_5082"/><class classType="Class" humanType="Class" icon="MDMIExampleModel_files/icon_class_197855654.png" name="observation request" refid="_19_0_3_62501eb_1575932666737_504492_5032"/><class classType="Class" humanType="Class" icon="MDMIExampleModel_files/icon_class_197855654.png" name="occurance" refid="_19_0_3_62501eb_1575935168544_195001_10522"/><class classType="Class" humanType="Class" icon="MDMIExampleModel_files/icon_class_197855654.png" name="opinion" refid="_19_0_3_62501eb_1576083367880_541631_11403"/><class classType="Class" humanType="Class" icon="MDMIExampleModel_files/icon_class_197855654.png" name="organization" refid="_19_0_3_62501eb_1575932666929_866372_5357"/><class classType="Class" humanType="Class" icon="MDMIExampleModel_files/icon_class_197855654.png" name="participant" refid="_19_0_3_62501eb_1576850536524_218970_6810"/><class classType="Class" humanType="Class" icon="MDMIExampleModel_files/icon_class_197855654.png" name="performer" refid="_19_0_3_62501eb_1576850580916_621317_6852"/><class classType="Class" humanType="Class" icon="MDMIExampleModel_files/icon_class_197855654.png" name="person" refid="_19_0_3_62501eb_1575932666943_147059_5382"/><class classType="Class" humanType="Class" icon="MDMIExampleModel_files/icon_class_197855654.png" name="physical location" refid="_19_0_3_62501eb_1575932666849_491941_5207"/><class classType="Class" humanType="Class" icon="MDMIExampleModel_files/icon_class_197855654.png" name="point in time" refid="_19_0_3_62501eb_1580940455797_393934_6729"/><class classType="Class" humanType="Class" icon="MDMIExampleModel_files/icon_class_197855654.png" name="quality" refid="_19_0_3_62501eb_1581442611967_928760_6856"/><class classType="Class" humanType="Class" icon="MDMIExampleModel_files/icon_class_197855654.png" name="reference" refid="_19_0_3_62501eb_1581108481818_433571_15249"/><class classType="Class" humanType="Class" icon="MDMIExampleModel_files/icon_class_89813810.png" name="repeditive" refid="_19_0_3_62501eb_1581101236143_628242_6917"/><class classType="Class" humanType="Class" icon="MDMIExampleModel_files/icon_class_197855654.png" name="request event" refid="_19_0_3_62501eb_1575935387412_105451_10553"/><class classType="Class" humanType="Class" icon="MDMIExampleModel_files/icon_class_197855654.png" name="responsible actor" refid="_19_0_3_62501eb_1575934072041_722247_10489"/><class classType="Class" humanType="Class" icon="MDMIExampleModel_files/icon_class_197855654.png" name="role of actor" refid="_19_0_3_62501eb_1576850489061_38912_6785"/><class classType="Class" humanType="Class" icon="MDMIExampleModel_files/icon_class_197855654.png" name="situation" refid="_19_0_3_62501eb_1576028809689_551010_11362"/><class classType="Class" humanType="Class" icon="MDMIExampleModel_files/icon_class_197855654.png" name="software agent" refid="_19_0_3_62501eb_1576849320133_762448_6658"/><class classType="Class" humanType="Class" icon="MDMIExampleModel_files/icon_class_197855654.png" name="state of affairs" refid="_19_0_3_62501eb_1576086516037_803558_11593"/><class classType="Class" humanType="Class" icon="MDMIExampleModel_files/icon_class_197855654.png" name="statement" refid="_19_0_3_62501eb_1575932666795_903202_5115"/><enumeration classType="Enumeration" humanType="Enumeration" icon="MDMIExampleModel_files/icon_enumeration_332498651.png" name="statement mode" refid="_19_0_3_62501eb_1581107183841_822878_7517"/><class classType="Class" humanType="Class" icon="MDMIExampleModel_files/icon_class_197855654.png" name="status" refid="_19_0_3_62501eb_1575932666836_576930_5183"/><class classType="Class" humanType="Class" icon="MDMIExampleModel_files/icon_class_197855654.png" name="subject" refid="_19_0_3_62501eb_1576850740293_252071_6897"/><class classType="Class" humanType="Class" icon="MDMIExampleModel_files/icon_class_197855654.png" name="substance" refid="_19_0_3_62501eb_1575932666888_692035_5273"/><class classType="Class" humanType="Class" icon="MDMIExampleModel_files/icon_class_89813810.png" name="temporal" refid="_19_0_3_62501eb_1576101736124_819385_11939"/><class classType="Class" humanType="Class" icon="MDMIExampleModel_files/icon_class_197855654.png" name="text" refid="_19_0_3_62501eb_1575932666894_310076_5285"/><class classType="Class" humanType="Class" icon="MDMIExampleModel_files/icon_class_197855654.png" name="Thing" refid="_19_0_3_62501eb_1575932666741_328464_5038"/><class classType="Class" humanType="Class" icon="MDMIExampleModel_files/icon_class_197855654.png" name="value" refid="_19_0_3_62501eb_1575933984075_329352_10447"/></packagedElement><qualifiedName humanName="Qualified Name" mode="e">MDMI::MDMI Generic Statement Model</qualifiedName><TO_DO humanName="To Do" mode="s,e"/><URI humanName="URI" mode="s,e">https://www.omg.org/spec/MDMI/MDMIGenericStatementModel</URI><visibility humanName="Visibility">public</visibility></package></magicdraw>