<?xml version="1.0" encoding="UTF-8"?><magicdraw><association classType="Association" humanType="Association" icon="MDMIExampleModel_files/icon_association_1244187993.png" id="_19_0_3_62501eb_1576096197023_100474_11847"><documentation humanName="Documentation"/><endType humanName="End Type"><class classType="Class" humanType="Class" icon="MDMIExampleModel_files/icon_class_197855654.png" name="observation" refid="_19_0_3_62501eb_1575932666772_864372_5082"/><class classType="Class" humanType="Class" icon="MDMIExampleModel_files/icon_class_197855654.png" name="observation request" refid="_19_0_3_62501eb_1575932666737_504492_5032"/></endType><feature humanName="Feature"><property classType="Property" humanType="Property" icon="MDMIExampleModel_files/icon_property_2081076388.png" name=" : MDMI::MDMI Generic Statement Model::observation request" refid="_19_0_3_62501eb_1576096197024_812717_11849"/></feature><isAbstract humanName="Is Abstract">false</isAbstract><isDerived humanName="Is Derived">false</isDerived><isFinalSpecialization humanName="Is Final Specialization">false</isFinalSpecialization><isLeaf humanName="Is Leaf">false</isLeaf><member humanName="Member"><property classType="Property" humanType="Property" icon="MDMIExampleModel_files/icon_property_2081076388.png" name=" : MDMI::MDMI Generic Statement Model::observation [0..*]" refid="_19_0_3_62501eb_1576096197023_207180_11848"/><property classType="Property" humanType="Property" icon="MDMIExampleModel_files/icon_property_2081076388.png" name=" : MDMI::MDMI Generic Statement Model::observation request" refid="_19_0_3_62501eb_1576096197024_812717_11849"/></member><memberEnd humanName="Member End"><property classType="Property" humanType="Property" icon="MDMIExampleModel_files/icon_property_2081076388.png" name=" : MDMI::MDMI Generic Statement Model::observation [0..*]" refid="_19_0_3_62501eb_1576096197023_207180_11848"/><property classType="Property" humanType="Property" icon="MDMIExampleModel_files/icon_property_2081076388.png" name=" : MDMI::MDMI Generic Statement Model::observation request" refid="_19_0_3_62501eb_1576096197024_812717_11849"/></memberEnd><name humanName="Name" mode="s,e"/><namespace classType="Package" humanName="Namespace" humanType="Package" icon="MDMIExampleModel_files/icon_package_906347731.png" name="MDMI Generic Statement Model" refid="_19_0_3_62501eb_1575932666657_153866_4950"/><ownedElement humanName="Owned Element"><property classType="Property" humanType="Property" icon="MDMIExampleModel_files/icon_property_2081076388.png" name=" : MDMI::MDMI Generic Statement Model::observation request" refid="_19_0_3_62501eb_1576096197024_812717_11849"/></ownedElement><ownedEnd humanName="Owned End"><property classType="Property" humanType="Property" icon="MDMIExampleModel_files/icon_property_2081076388.png" name=" : MDMI::MDMI Generic Statement Model::observation request" refid="_19_0_3_62501eb_1576096197024_812717_11849"/></ownedEnd><ownedMember humanName="Owned Member"><property classType="Property" humanType="Property" icon="MDMIExampleModel_files/icon_property_2081076388.png" name=" : MDMI::MDMI Generic Statement Model::observation request" refid="_19_0_3_62501eb_1576096197024_812717_11849"/></ownedMember><owner classType="Package" humanName="Owner" humanType="Package" icon="MDMIExampleModel_files/icon_package_906347731.png" mode="s,e" name="MDMI Generic Statement Model" refid="_19_0_3_62501eb_1575932666657_153866_4950"/><owningPackage classType="Package" humanName="Owning Package" humanType="Package" icon="MDMIExampleModel_files/icon_package_906347731.png" name="MDMI Generic Statement Model" refid="_19_0_3_62501eb_1575932666657_153866_4950"/><package classType="Package" humanName="Package" humanType="Package" icon="MDMIExampleModel_files/icon_package_906347731.png" name="MDMI Generic Statement Model" refid="_19_0_3_62501eb_1575932666657_153866_4950"/><qualifiedName humanName="Qualified Name" mode="e">MDMI::MDMI Generic Statement Model::</qualifiedName><relatedElement humanName="Related Element"><class classType="Class" humanType="Class" icon="MDMIExampleModel_files/icon_class_197855654.png" name="observation" refid="_19_0_3_62501eb_1575932666772_864372_5082"/><class classType="Class" humanType="Class" icon="MDMIExampleModel_files/icon_class_197855654.png" name="observation request" refid="_19_0_3_62501eb_1575932666737_504492_5032"/></relatedElement><TO_DO humanName="To Do"/><visibility humanName="Visibility" mode="s,e">public</visibility><appearsIn><diagram classType="Diagram" humanType="Diagram" icon="MDMIExampleModel_files/icon_Concept Modeling Diagram_908398659.png" name="MDMI Model Complete" refid="_19_0_3_62501eb_1575932723465_630876_8237"/><diagram classType="Diagram" humanType="Diagram" icon="MDMIExampleModel_files/icon_Concept Modeling Diagram_908398659.png" name="MDMI Generic Statement Model" refid="_19_0_3_62501eb_1581107569012_223945_9467"/><diagram classType="Diagram" humanType="Diagram" icon="MDMIExampleModel_files/icon_Concept Modeling Diagram_908398659.png" name="MDMI Example Healthcare domain model" refid="_19_0_3_62501eb_1581107580097_335037_11353"/></appearsIn></association></magicdraw>