<?xml version="1.0" encoding="UTF-8"?><magicdraw><diagram classType="Diagram" diagramType="Generic Table" height="6465" humanType="Diagram" icon="MDMIExampleModel_files/icon_Generic Table_1027115338.png" id="_19_0_3_62501eb_1577747393905_443025_6576" src="MDMIExampleModel_files/_19_0_3_62501eb_1577747393905_443025_6576.png" width="1440"><APPLIED_STEREOTYPES humanName="Applied Stereotype" mode="s,e"><stereotype classType="Stereotype" humanType="Stereotype" icon="MDMIExampleModel_files/icon_stereotype_1164289802.png" name="DiagramInfo" refid="_9_0_be00301_1108044380615_150487_0"/><stereotype classType="Stereotype" humanType="Stereotype" icon="MDMIExampleModel_files/icon_stereotype_1164289802.png" name="DiagramTable" refid="_16_5beta1_8ba0276_1232443673758_573873_267"/><stereotype classType="Stereotype" humanType="Stereotype" icon="MDMIExampleModel_files/icon_stereotype_1164289802.png" name="DiagramTableMapToDataSource" refid="_19_0beta_8e8028e_1487939521699_367317_4570"/></APPLIED_STEREOTYPES><appliedStereotype humanName="Applied Stereotype" mode="s,e"><stereotype classType="Stereotype" humanType="Stereotype" icon="MDMIExampleModel_files/icon_stereotype_1164289802.png" name="DiagramInfo" refid="_9_0_be00301_1108044380615_150487_0"><property classType="Property" humanName="Author" humanType="Property" icon="MDMIExampleModel_files/icon_property_2081076388.png" name="Author" refid="_be00301_1077726770128_871366_1"><String>cory-</String></property><property classType="Property" humanName="Base_ Diagram" humanType="Property" icon="MDMIExampleModel_files/icon_property_2081076388.png" name="base_Diagram" refid="_10_0EAPbeta_be00301_1123081772498_901864_356"/><property classType="Property" humanName="Base_ Element" humanType="Property" icon="MDMIExampleModel_files/icon_property_2081076388.png" name="base_Element" refid="_10_0EAPbeta_be00301_1123081772098_411862_275"/><property classType="Property" humanName="Creation Date" humanType="Property" icon="MDMIExampleModel_files/icon_property_2081076388.png" name="Creation date" refid="_be00301_1073306188629_537791_2"><String>12/30/19 6:09 PM</String></property><property classType="Property" humanName="Last modified by" humanType="Property" icon="MDMIExampleModel_files/icon_property_2081076388.png" name="Last modified by" refid="_16_8beta_8ca0285_1257244649124_794756_344"><String>cory-</String></property><property classType="Property" humanName="Modification Date" humanType="Property" icon="MDMIExampleModel_files/icon_property_2081076388.png" name="Modification date" refid="_be00301_1073394345322_922552_1"><String>2/12/20 5:00 PM</String></property></stereotype><stereotype classType="Stereotype" humanType="Stereotype" icon="MDMIExampleModel_files/icon_stereotype_1164289802.png" name="DiagramTable" refid="_16_5beta1_8ba0276_1232443673758_573873_267"><property classType="Property" humanName="Additional Elements" humanType="Property" icon="MDMIExampleModel_files/icon_property_2081076388.png" name="additionalElements" refid="_18_0beta_8e10289_1387266836276_325174_3258"/><property classType="Property" humanName="Base_ Diagram" humanType="Property" icon="MDMIExampleModel_files/icon_property_2081076388.png" name="base_Diagram" refid="_16_5beta1_8ba0276_1232443673820_514879_282"/><property classType="Property" humanName="Base_ Element" humanType="Property" icon="MDMIExampleModel_files/icon_property_2081076388.png" name="base_Element" refid="_10_0EAPbeta_be00301_1123081772098_411862_275"/><property classType="Property" humanName="Column Elements" humanType="Property" icon="MDMIExampleModel_files/icon_property_2081076388.png" name="columnElements" refid="_16_5beta1_8ba0276_1232443673774_745303_270"/><property classType="Property" humanName="Column Ids" humanType="Property" icon="MDMIExampleModel_files/icon_property_2081076388.png" name="columnIds" refid="_17_0beta_8ba0276_1284990422899_274631_1524"><String>_NUMBER_</String><String>QPROP:Element:aggregation</String><String>QPROP:Element:APPLIED_STEREOTYPES</String><String>QPROP:Element:Base Classifiers</String><String>QPROP:Element:CUSTOM_IMAGE</String><String>QPROP:Element:defaultValue</String><String>QPROP:Element:documentation</String><String>QPROP:Element:isAbstract</String><String>QPROP:Element:isActive</String><String>QPROP:Element:isDerived</String><String>QPROP:Element:isReadOnly</String><String>QPROP:Element:isStatic</String><String>QPROP:Element:multiplicity</String><String>QPROP:Element:name</String><String>QPROP:Element:owner</String><String>QPROP:Element:owningTemplateParameter</String><String>QPROP:Element:Realized Interfaces</String><String>QPROP:Element:TO_DO</String><String>QPROP:Element:type</String><String>QPROP:Element:visibility</String></property><property classType="Property" humanName="Column Width" humanType="Property" icon="MDMIExampleModel_files/icon_property_2081076388.png" name="columnWidth" refid="_16_5beta1_8ba0276_1232443673774_678788_272"/><property classType="Property" humanName="Custom Columns" humanType="Property" icon="MDMIExampleModel_files/icon_property_2081076388.png" name="customColumns" refid="_18_3beta_936029d_1442477256724_752086_4181"/><property classType="Property" humanName="Default Row Elements Owner" humanType="Property" icon="MDMIExampleModel_files/icon_property_2081076388.png" name="defaultRowElementsOwner" refid="_16_8beta_8ba0276_1257943223236_390587_970"/><property classType="Property" humanName="Description Area" humanType="Property" icon="MDMIExampleModel_files/icon_property_2081076388.png" name="descriptionArea" refid="_19_0_1_8550268_1523863637916_738800_4576"/><property classType="Property" humanName="Display Mode" humanType="Property" icon="MDMIExampleModel_files/icon_property_2081076388.png" name="displayMode" refid="_18_4beta_8bb027e_1454316266838_307823_4186"><enumerationliteral classType="EnumerationLiteral" humanType="Enumeration Literal" icon="MDMIExampleModel_files/icon_enumerationliteral_1079409857.png" name="List" refid="_18_4beta_8bb027e_1454316252125_379490_4185"/></property><property classType="Property" humanName="Excluded Elements" humanType="Property" icon="MDMIExampleModel_files/icon_property_2081076388.png" name="excludedElements" refid="_18_0beta_8e10289_1385043703949_249972_3255"/><property classType="Property" humanName="Expanded Rows" humanType="Property" icon="MDMIExampleModel_files/icon_property_2081076388.png" name="expandedRows" refid="_18_4beta_8bb027e_1455110673049_895110_4182"/><property classType="Property" humanName="Hide Columns" humanType="Property" icon="MDMIExampleModel_files/icon_property_2081076388.png" name="hideColumns" refid="_16_8beta_8e8028e_1257349277183_113594_375"><String>QPROP:Element:aggregation</String><String>QPROP:Element:APPLIED_STEREOTYPES</String><String>QPROP:Element:CUSTOM_IMAGE</String><String>QPROP:Element:defaultValue</String><String>QPROP:Element:isAbstract</String><String>QPROP:Element:isActive</String><String>QPROP:Element:isDerived</String><String>QPROP:Element:isReadOnly</String><String>QPROP:Element:isStatic</String><String>QPROP:Element:multiplicity</String><String>QPROP:Element:owningTemplateParameter</String><String>QPROP:Element:Realized Interfaces</String><String>QPROP:Element:TO_DO</String><String>QPROP:Element:visibility</String></property><property classType="Property" humanName="Legends" humanType="Property" icon="MDMIExampleModel_files/icon_property_2081076388.png" name="legends" refid="_18_5_867026b_1484054979432_737411_4502"/><property classType="Property" humanName="Limit Row Height" humanType="Property" icon="MDMIExampleModel_files/icon_property_2081076388.png" name="limitRowHeight" refid="_19_0_3_2f80124_1566821667492_562063_4796"/><property classType="Property" humanName="Options" humanType="Property" icon="MDMIExampleModel_files/icon_property_2081076388.png" name="options" refid="_19_0beta_903028d_1485175182772_137731_4516"/><property classType="Property" humanName="Query" humanType="Property" icon="MDMIExampleModel_files/icon_property_2081076388.png" name="query" refid="_18_3beta_8ca0285_1443508783585_522957_4181"/><property classType="Property" humanName="Row Elements" humanType="Property" icon="MDMIExampleModel_files/icon_property_2081076388.png" name="rowElements" refid="_16_5beta1_8ba0276_1232443673774_531258_269"/><property classType="Property" humanName="Row Element Type" humanType="Property" icon="MDMIExampleModel_files/icon_property_2081076388.png" name="rowElementType" refid="_17_0beta_641020e_1283429856637_842592_1509"><class classType="Class" humanType="Class" icon="MDMIExampleModel_files/icon_class_920985379.png" name="Class" refid="_9_0_62a020a_1105704885343_144138_7929"/><class classType="Class" humanType="Class" icon="MDMIExampleModel_files/icon_class_920985379.png" name="PrimitiveType" refid="_9_0_62a020a_1105704885449_652048_7963"/><class classType="Class" humanType="Class" icon="MDMIExampleModel_files/icon_class_920985379.png" name="Property" refid="_9_0_62a020a_1105704884574_96724_7644"/></property><property classType="Property" humanName="Row Filters" humanType="Property" icon="MDMIExampleModel_files/icon_property_2081076388.png" name="rowFilters" refid="_16_9beta_8ba0276_1273470566124_805209_1268"/><property classType="Property" humanName="Rows Order" humanType="Property" icon="MDMIExampleModel_files/icon_property_2081076388.png" name="rowsOrder" refid="_18_4beta_8ca0285_1458902698310_703893_4206"/><property classType="Property" humanName="Scope" humanType="Property" icon="MDMIExampleModel_files/icon_property_2081076388.png" name="scope" refid="_18_0beta_8e10289_1385041001405_147345_3249"><package classType="Package" humanType="Package" icon="MDMIExampleModel_files/icon_package_906347731.png" name="MDMI Generic Statement Model" refid="_19_0_3_62501eb_1575932666657_153866_4950"/></property><property classType="Property" humanName="Show Column Icons" humanType="Property" icon="MDMIExampleModel_files/icon_property_2081076388.png" name="showColumnIcons" refid="_18_4beta_903028d_1459327564137_868388_4205"><Boolean>true</Boolean></property><property classType="Property" humanName="Show Detailed Column Name" humanType="Property" icon="MDMIExampleModel_files/icon_property_2081076388.png" name="showDetailedColumnName" refid="_17_0beta_641020e_1285323269972_481272_1555"><Boolean>false</Boolean></property><property classType="Property" humanName="Show Element Number" humanType="Property" icon="MDMIExampleModel_files/icon_property_2081076388.png" name="showElementNumber" refid="_18_4beta_8ca0285_1458828406415_992338_4191"><Boolean>false</Boolean></property><property classType="Property" humanName="Show Element Type" humanType="Property" icon="MDMIExampleModel_files/icon_property_2081076388.png" name="showElementType" refid="_19_0_1_8550268_1523435181435_653231_4573"><Boolean>true</Boolean></property><property classType="Property" humanName="Show Filter" humanType="Property" icon="MDMIExampleModel_files/icon_property_2081076388.png" name="showFilter" refid="_19_0_1_8550268_1522219586115_964746_4554"><Boolean>true</Boolean></property><property classType="Property" humanName="Show Full Path" humanType="Property" icon="MDMIExampleModel_files/icon_property_2081076388.png" name="showFullPath" refid="_16_6beta_8ba0276_1244211637437_237626_366"/><property classType="Property" humanName="Show Scope" humanType="Property" icon="MDMIExampleModel_files/icon_property_2081076388.png" name="showScope" refid="_19_0_1_8550268_1522219562203_535547_4553"><Boolean>true</Boolean></property><property classType="Property" humanName="Show Scope As Root" humanType="Property" icon="MDMIExampleModel_files/icon_property_2081076388.png" name="showScopeAsRoot" refid="_18_4_8bb027e_1464087593838_682092_4209"><Boolean>false</Boolean></property><property classType="Property" humanName="Sort" humanType="Property" icon="MDMIExampleModel_files/icon_property_2081076388.png" name="sort" refid="_16_6beta_9020291_1246357739330_848040_336"/><property classType="Property" humanName="Types Include Subtypes" humanType="Property" icon="MDMIExampleModel_files/icon_property_2081076388.png" name="typesIncludeSubtypes" refid="_18_0beta_8e10289_1386323880115_217238_3252"><Boolean>false</Boolean></property><property classType="Property" humanName="Wrap Text" humanType="Property" icon="MDMIExampleModel_files/icon_property_2081076388.png" name="wrapText" refid="_19_0_3_936029d_1557135423123_63182_4791"/></stereotype><stereotype classType="Stereotype" humanType="Stereotype" icon="MDMIExampleModel_files/icon_stereotype_1164289802.png" name="DiagramTableMapToDataSource" refid="_19_0beta_8e8028e_1487939521699_367317_4570"><property classType="Property" humanName="Base_ Diagram" humanType="Property" icon="MDMIExampleModel_files/icon_property_2081076388.png" name="base_Diagram" refid="_19_0beta_8e8028e_1487939521708_180028_4578"/><property classType="Property" humanName="Delete Row Option" humanType="Property" icon="MDMIExampleModel_files/icon_property_2081076388.png" name="deleteRowOption" refid="_19_0beta_903028d_1489669994696_927618_4570"><String>MARK_AS_OBSOLETE</String></property><property classType="Property" humanName="Delimiter" humanType="Property" icon="MDMIExampleModel_files/icon_property_2081076388.png" name="delimiter" refid="_19_0beta_8e8028e_1487939521701_806878_4574"><String>,</String></property><property classType="Property" humanName="First Cell" humanType="Property" icon="MDMIExampleModel_files/icon_property_2081076388.png" name="firstCell" refid="_19_0beta_8e8028e_1487939521701_478199_4573"><String>A1</String></property><property classType="Property" humanName="First Row Represents Heading" humanType="Property" icon="MDMIExampleModel_files/icon_property_2081076388.png" name="firstRowRepresentsHeading" refid="_19_0beta_8e8028e_1487939521701_464433_4575"><Boolean>true</Boolean></property><property classType="Property" humanName="Last Modified" humanType="Property" icon="MDMIExampleModel_files/icon_property_2081076388.png" name="lastModified" refid="_19_0beta_8ee028a_1491205607047_993976_4570"><String>1581545813775</String></property><property classType="Property" humanName="Mapping" humanType="Property" icon="MDMIExampleModel_files/icon_property_2081076388.png" name="mapping" refid="_19_0beta_8e8028e_1487939521701_259183_4576"><String>QPROP:Element:Base Classifiers_-----&gt;_Base Classifier (C1)</String><String>QPROP:Element:documentation_-----&gt;_Documentation (E1)</String><String>QPROP:Element:name_-----&gt;_Name (A1)</String><String>QPROP:Element:owner_-----&gt;_Owner (B1)</String><String>QPROP:Element:type_-----&gt;_Type (D1)</String></property><property classType="Property" humanName="Mapping Columns" humanType="Property" icon="MDMIExampleModel_files/icon_property_2081076388.png" name="mappingColumns" refid="_19_0beta_8e8028e_1488283240715_116364_4570"><String>QPROP:Element:Base Classifiers_-&gt;_Base Classifier_-----&gt;_Base Classifier (C1)_-&gt;_Base Classifier (C1)</String><String>QPROP:Element:documentation_-&gt;_Documentation_-----&gt;_Documentation (E1)_-&gt;_Documentation (E1)</String><String>QPROP:Element:name_-&gt;_Name_-----&gt;_Name (A1)_-&gt;_Name (A1)</String><String>QPROP:Element:owner_-&gt;_Owner_-----&gt;_Owner (B1)_-&gt;_Owner (B1)</String><String>QPROP:Element:type_-&gt;_Type_-----&gt;_Type (D1)_-&gt;_Type (D1)</String></property><property classType="Property" humanName="Sheet" humanType="Property" icon="MDMIExampleModel_files/icon_property_2081076388.png" name="sheet" refid="_19_0beta_8e8028e_1487939521701_240772_4572"><String>Sheet1</String></property><property classType="Property" humanName="Sheets" humanType="Property" icon="MDMIExampleModel_files/icon_property_2081076388.png" name="sheets" refid="_19_0beta_8e8028e_1504016107095_502880_4491"><String>Sheet1</String></property><property classType="Property" humanName="Url" humanType="Property" icon="MDMIExampleModel_files/icon_property_2081076388.png" name="url" refid="_19_0beta_8e8028e_1487939521700_207028_4571"><String>file://K:/GIT/ConceptLibrary/Libraries/Health/Generated/MDMI Generic Statment Model Table.xlsx</String></property></stereotype></appliedStereotype><appliedStereotypeInstance classType="InstanceSpecification" humanName="Applied Stereotype Instance" humanType="Instance Specification" icon="MDMIExampleModel_files/icon_instancespecification_1476812556.png" name=" : UML Standard Profile::MagicDraw Profile::DiagramTable, UML Standard Profile::MagicDraw Profile::DiagramInfo, UML Standard Profile::MagicDraw Profile::DiagramTableMapToDataSource" refid="_19_0_3_62501eb_1577747393905_806697_6577"/><documentation humanName="Documentation"/><map><area name="Property statement has mode" refid="_19_0_3_62501eb_1581107253713_613598_7545" shape="poly"><point x="35" y="1878"/><point x="315" y="1878"/><point x="315" y="1930"/><point x="35" y="1930"/></area><area name="Class" refid="_19_0_3_62501eb_1575932666821_66036_5158" shape="poly"><point x="35" y="23"/><point x="315" y="23"/><point x="315" y="75"/><point x="35" y="75"/></area><area name="Property has status" refid="_19_0_3_62501eb_1575932667367_837624_6228" shape="poly"><point x="35" y="2991"/><point x="315" y="2991"/><point x="315" y="3043"/><point x="35" y="3043"/></area><area name="Class entity" refid="_19_0_3_62501eb_1575932666833_337404_5177" shape="poly"><point x="316" y="2567"/><point x="596" y="2567"/><point x="596" y="2619"/><point x="316" y="2619"/></area><area name="Class entity" refid="_19_0_3_62501eb_1575932666833_337404_5177" shape="poly"><point x="316" y="2408"/><point x="596" y="2408"/><point x="596" y="2460"/><point x="316" y="2460"/></area><area name="Class entity" refid="_19_0_3_62501eb_1575932666833_337404_5177" shape="poly"><point x="597" y="5266"/><point x="877" y="5266"/><point x="877" y="5318"/><point x="597" y="5318"/></area><area name="Class entity" refid="_19_0_3_62501eb_1575932666833_337404_5177" shape="poly"><point x="35" y="4210"/><point x="315" y="4210"/><point x="315" y="4262"/><point x="35" y="4262"/></area><area name="Class entity" refid="_19_0_3_62501eb_1575932666833_337404_5177" shape="poly"><point x="597" y="6200"/><point x="877" y="6200"/><point x="877" y="6252"/><point x="597" y="6252"/></area><area name="Class entity" refid="_19_0_3_62501eb_1575932666833_337404_5177" shape="poly"><point x="597" y="5820"/><point x="877" y="5820"/><point x="877" y="5918"/><point x="597" y="5918"/></area><area name="Class entity" refid="_19_0_3_62501eb_1575932666833_337404_5177" shape="poly"><point x="878" y="3309"/><point x="1158" y="3309"/><point x="1158" y="3361"/><point x="878" y="3361"/></area><area name="Class entity" refid="_19_0_3_62501eb_1575932666833_337404_5177" shape="poly"><point x="597" y="3839"/><point x="877" y="3839"/><point x="877" y="3891"/><point x="597" y="3891"/></area><area name="Class entity" refid="_19_0_3_62501eb_1575932666833_337404_5177" shape="poly"><point x="597" y="3786"/><point x="877" y="3786"/><point x="877" y="3838"/><point x="597" y="3838"/></area><area name="Association" refid="_19_0_3_62501eb_1576095748112_581497_11817" shape="poly"><point x="316" y="1507"/><point x="596" y="1507"/><point x="596" y="1559"/><point x="316" y="1559"/></area><area name="Class opinion" refid="_19_0_3_62501eb_1576083367880_541631_11403" shape="poly"><point x="35" y="4937"/><point x="315" y="4937"/><point x="315" y="4989"/><point x="35" y="4989"/></area><area name="Class opinion" refid="_19_0_3_62501eb_1576083367880_541631_11403" shape="poly"><point x="316" y="2196"/><point x="596" y="2196"/><point x="596" y="2248"/><point x="316" y="2248"/></area><area name="Class opinion" refid="_19_0_3_62501eb_1576083367880_541631_11403" shape="poly"><point x="316" y="3097"/><point x="596" y="3097"/><point x="596" y="3149"/><point x="316" y="3149"/></area><area name="Class opinion" refid="_19_0_3_62501eb_1576083367880_541631_11403" shape="poly"><point x="878" y="1931"/><point x="1158" y="1931"/><point x="1158" y="1983"/><point x="878" y="1983"/></area><area name="Class opinion" refid="_19_0_3_62501eb_1576083367880_541631_11403" shape="poly"><point x="878" y="1242"/><point x="1158" y="1242"/><point x="1158" y="1294"/><point x="878" y="1294"/></area><area name="Property" refid="_19_0_3_62501eb_1576202203856_485378_12681" shape="poly"><point x="35" y="765"/><point x="315" y="765"/><point x="315" y="817"/><point x="35" y="817"/></area><area name="Class performer" refid="_19_0_3_62501eb_1576850580916_621317_6852" shape="poly"><point x="878" y="2779"/><point x="1158" y="2779"/><point x="1158" y="2831"/><point x="878" y="2831"/></area><area name="Class performer" refid="_19_0_3_62501eb_1576850580916_621317_6852" shape="poly"><point x="35" y="5144"/><point x="315" y="5144"/><point x="315" y="5196"/><point x="35" y="5196"/></area><area name="Class device activity method" refid="_19_0_3_62501eb_1576202174195_656829_12643" shape="poly"><point x="316" y="2249"/><point x="596" y="2249"/><point x="596" y="2301"/><point x="316" y="2301"/></area><area name="Class device activity method" refid="_19_0_3_62501eb_1576202174195_656829_12643" shape="poly"><point x="878" y="765"/><point x="1158" y="765"/><point x="1158" y="817"/><point x="878" y="817"/></area><area name="Class device activity method" refid="_19_0_3_62501eb_1576202174195_656829_12643" shape="poly"><point x="35" y="4104"/><point x="315" y="4104"/><point x="315" y="4156"/><point x="35" y="4156"/></area><area name="Class module" refid="_19_0_3_62501eb_1575932666901_817044_5300" shape="poly"><point x="597" y="367"/><point x="877" y="367"/><point x="877" y="393"/><point x="597" y="393"/></area><area name="Class" refid="_19_0_3_62501eb_1575932666879_155425_5261" shape="poly"><point x="35" y="76"/><point x="315" y="76"/><point x="315" y="128"/><point x="35" y="128"/></area><area name="Association" refid="_19_0_3_62501eb_1576709787037_254549_6730" shape="poly"><point x="316" y="871"/><point x="596" y="871"/><point x="596" y="923"/><point x="316" y="923"/></area><area name="Class" refid="_19_0_3_62501eb_1575932666934_981629_5367" shape="poly"><point x="35" y="129"/><point x="315" y="129"/><point x="315" y="181"/><point x="35" y="181"/></area><area name="Class intervention request" refid="_19_0_3_62501eb_1576709747934_437778_6674" shape="poly"><point x="878" y="871"/><point x="1158" y="871"/><point x="1158" y="923"/><point x="878" y="923"/></area><area name="Class intervention request" refid="_19_0_3_62501eb_1576709747934_437778_6674" shape="poly"><point x="35" y="4422"/><point x="315" y="4422"/><point x="315" y="4474"/><point x="35" y="4474"/></area><area name="Class intervention request" refid="_19_0_3_62501eb_1576709747934_437778_6674" shape="poly"><point x="316" y="553"/><point x="596" y="553"/><point x="596" y="605"/><point x="316" y="605"/></area><area name="Class intervention request" refid="_19_0_3_62501eb_1576709747934_437778_6674" shape="poly"><point x="316" y="818"/><point x="596" y="818"/><point x="596" y="870"/><point x="316" y="870"/></area><area name="Class intervention request" refid="_19_0_3_62501eb_1576709747934_437778_6674" shape="poly"><point x="878" y="924"/><point x="1158" y="924"/><point x="1158" y="976"/><point x="878" y="976"/></area><area name="Property" refid="_19_0_3_62501eb_1576083879288_530519_11487" shape="poly"><point x="35" y="1242"/><point x="315" y="1242"/><point x="315" y="1294"/><point x="35" y="1294"/></area><area name="Association" refid="_19_0_3_62501eb_1576086581611_122604_11630" shape="poly"><point x="316" y="977"/><point x="596" y="977"/><point x="596" y="1029"/><point x="316" y="1029"/></area><area name="Property has legal name" refid="_19_0_3_62501eb_1575932667015_135638_5492" shape="poly"><point x="35" y="2461"/><point x="315" y="2461"/><point x="315" y="2513"/><point x="35" y="2513"/></area><area name="Property has participant" refid="_19_0_3_62501eb_1575932667428_714208_6369" shape="poly"><point x="35" y="2726"/><point x="315" y="2726"/><point x="315" y="2778"/><point x="35" y="2778"/></area><area name="Class text" refid="_19_0_3_62501eb_1575932666894_310076_5285" shape="poly"><point x="35" y="6306"/><point x="315" y="6306"/><point x="315" y="6358"/><point x="35" y="6358"/></area><area name="Association" refid="_19_0_3_62501eb_1581443199889_380336_6900" shape="poly"><point x="316" y="1401"/><point x="596" y="1401"/><point x="596" y="1453"/><point x="316" y="1453"/></area><area name="Property" refid="_19_0_3_62501eb_1576096197023_207180_11848" shape="poly"><point x="35" y="1030"/><point x="315" y="1030"/><point x="315" y="1082"/><point x="35" y="1082"/></area><area name="Class issue resolution" refid="_19_0_3_62501eb_1575932666904_755600_5306" shape="poly"><point x="597" y="208"/><point x="877" y="208"/><point x="877" y="234"/><point x="597" y="234"/></area><area name="Package MDMI Generic Statement Model" refid="_19_0_3_62501eb_1575932666657_153866_4950" shape="poly"><point x="316" y="4740"/><point x="596" y="4740"/><point x="596" y="4936"/><point x="316" y="4936"/></area><area name="Package MDMI Generic Statement Model" refid="_19_0_3_62501eb_1575932666657_153866_4950" shape="poly"><point x="316" y="447"/><point x="596" y="447"/><point x="596" y="499"/><point x="316" y="499"/></area><area name="Package MDMI Generic Statement Model" refid="_19_0_3_62501eb_1575932666657_153866_4950" shape="poly"><point x="316" y="4937"/><point x="596" y="4937"/><point x="596" y="4989"/><point x="316" y="4989"/></area><area name="Package MDMI Generic Statement Model" refid="_19_0_3_62501eb_1575932666657_153866_4950" shape="poly"><point x="316" y="394"/><point x="596" y="394"/><point x="596" y="446"/><point x="316" y="446"/></area><area name="Package MDMI Generic Statement Model" refid="_19_0_3_62501eb_1575932666657_153866_4950" shape="poly"><point x="316" y="4104"/><point x="596" y="4104"/><point x="596" y="4156"/><point x="316" y="4156"/></area><area name="Package MDMI Generic Statement Model" refid="_19_0_3_62501eb_1575932666657_153866_4950" shape="poly"><point x="316" y="23"/><point x="596" y="23"/><point x="596" y="75"/><point x="316" y="75"/></area><area name="Package MDMI Generic Statement Model" refid="_19_0_3_62501eb_1575932666657_153866_4950" shape="poly"><point x="316" y="341"/><point x="596" y="341"/><point x="596" y="393"/><point x="316" y="393"/></area><area name="Package MDMI Generic Statement Model" refid="_19_0_3_62501eb_1575932666657_153866_4950" shape="poly"><point x="316" y="5722"/><point x="596" y="5722"/><point x="596" y="5918"/><point x="316" y="5918"/></area><area name="Package MDMI Generic Statement Model" refid="_19_0_3_62501eb_1575932666657_153866_4950" shape="poly"><point x="316" y="5919"/><point x="596" y="5919"/><point x="596" y="5971"/><point x="316" y="5971"/></area><area name="Package MDMI Generic Statement Model" refid="_19_0_3_62501eb_1575932666657_153866_4950" shape="poly"><point x="316" y="4157"/><point x="596" y="4157"/><point x="596" y="4209"/><point x="316" y="4209"/></area><area name="Package MDMI Generic Statement Model" refid="_19_0_3_62501eb_1575932666657_153866_4950" shape="poly"><point x="316" y="288"/><point x="596" y="288"/><point x="596" y="340"/><point x="316" y="340"/></area><area name="Package MDMI Generic Statement Model" refid="_19_0_3_62501eb_1575932666657_153866_4950" shape="poly"><point x="316" y="76"/><point x="596" y="76"/><point x="596" y="128"/><point x="316" y="128"/></area><area name="Package MDMI Generic Statement Model" refid="_19_0_3_62501eb_1575932666657_153866_4950" shape="poly"><point x="316" y="4210"/><point x="596" y="4210"/><point x="596" y="4262"/><point x="316" y="4262"/></area><area name="Package MDMI Generic Statement Model" refid="_19_0_3_62501eb_1575932666657_153866_4950" shape="poly"><point x="316" y="5091"/><point x="596" y="5091"/><point x="596" y="5143"/><point x="316" y="5143"/></area><area name="Package MDMI Generic Statement Model" refid="_19_0_3_62501eb_1575932666657_153866_4950" shape="poly"><point x="316" y="3733"/><point x="596" y="3733"/><point x="596" y="3785"/><point x="316" y="3785"/></area><area name="Package MDMI Generic Statement Model" refid="_19_0_3_62501eb_1575932666657_153866_4950" shape="poly"><point x="316" y="5144"/><point x="596" y="5144"/><point x="596" y="5196"/><point x="316" y="5196"/></area><area name="Package MDMI Generic Statement Model" refid="_19_0_3_62501eb_1575932666657_153866_4950" shape="poly"><point x="316" y="4263"/><point x="596" y="4263"/><point x="596" y="4315"/><point x="316" y="4315"/></area><area name="Package MDMI Generic Statement Model" refid="_19_0_3_62501eb_1575932666657_153866_4950" shape="poly"><point x="316" y="6041"/><point x="596" y="6041"/><point x="596" y="6093"/><point x="316" y="6093"/></area><area name="Package MDMI Generic Statement Model" refid="_19_0_3_62501eb_1575932666657_153866_4950" shape="poly"><point x="316" y="4316"/><point x="596" y="4316"/><point x="596" y="4368"/><point x="316" y="4368"/></area><area name="Package MDMI Generic Statement Model" refid="_19_0_3_62501eb_1575932666657_153866_4950" shape="poly"><point x="316" y="6094"/><point x="596" y="6094"/><point x="596" y="6146"/><point x="316" y="6146"/></area><area name="Package MDMI Generic Statement Model" refid="_19_0_3_62501eb_1575932666657_153866_4950" shape="poly"><point x="316" y="3786"/><point x="596" y="3786"/><point x="596" y="3838"/><point x="316" y="3838"/></area><area name="Package MDMI Generic Statement Model" refid="_19_0_3_62501eb_1575932666657_153866_4950" shape="poly"><point x="316" y="4369"/><point x="596" y="4369"/><point x="596" y="4421"/><point x="316" y="4421"/></area><area name="Package MDMI Generic Statement Model" refid="_19_0_3_62501eb_1575932666657_153866_4950" shape="poly"><point x="316" y="6147"/><point x="596" y="6147"/><point x="596" y="6199"/><point x="316" y="6199"/></area><area name="Package MDMI Generic Statement Model" refid="_19_0_3_62501eb_1575932666657_153866_4950" shape="poly"><point x="316" y="5266"/><point x="596" y="5266"/><point x="596" y="5318"/><point x="316" y="5318"/></area><area name="Package MDMI Generic Statement Model" refid="_19_0_3_62501eb_1575932666657_153866_4950" shape="poly"><point x="316" y="4422"/><point x="596" y="4422"/><point x="596" y="4474"/><point x="316" y="4474"/></area><area name="Package MDMI Generic Statement Model" refid="_19_0_3_62501eb_1575932666657_153866_4950" shape="poly"><point x="316" y="6200"/><point x="596" y="6200"/><point x="596" y="6252"/><point x="316" y="6252"/></area><area name="Package MDMI Generic Statement Model" refid="_19_0_3_62501eb_1575932666657_153866_4950" shape="poly"><point x="316" y="5319"/><point x="596" y="5319"/><point x="596" y="5371"/><point x="316" y="5371"/></area><area name="Package MDMI Generic Statement Model" refid="_19_0_3_62501eb_1575932666657_153866_4950" shape="poly"><point x="316" y="3839"/><point x="596" y="3839"/><point x="596" y="3891"/><point x="316" y="3891"/></area><area name="Package MDMI Generic Statement Model" refid="_19_0_3_62501eb_1575932666657_153866_4950" shape="poly"><point x="316" y="4475"/><point x="596" y="4475"/><point x="596" y="4527"/><point x="316" y="4527"/></area><area name="Package MDMI Generic Statement Model" refid="_19_0_3_62501eb_1575932666657_153866_4950" shape="poly"><point x="316" y="6253"/><point x="596" y="6253"/><point x="596" y="6305"/><point x="316" y="6305"/></area><area name="Package MDMI Generic Statement Model" refid="_19_0_3_62501eb_1575932666657_153866_4950" shape="poly"><point x="316" y="5372"/><point x="596" y="5372"/><point x="596" y="5456"/><point x="316" y="5456"/></area><area name="Package MDMI Generic Statement Model" refid="_19_0_3_62501eb_1575932666657_153866_4950" shape="poly"><point x="316" y="4528"/><point x="596" y="4528"/><point x="596" y="4580"/><point x="316" y="4580"/></area><area name="Package MDMI Generic Statement Model" refid="_19_0_3_62501eb_1575932666657_153866_4950" shape="poly"><point x="316" y="6306"/><point x="596" y="6306"/><point x="596" y="6358"/><point x="316" y="6358"/></area><area name="Package MDMI Generic Statement Model" refid="_19_0_3_62501eb_1575932666657_153866_4950" shape="poly"><point x="316" y="4990"/><point x="596" y="4990"/><point x="596" y="5090"/><point x="316" y="5090"/></area><area name="Package MDMI Generic Statement Model" refid="_19_0_3_62501eb_1575932666657_153866_4950" shape="poly"><point x="316" y="5457"/><point x="596" y="5457"/><point x="596" y="5509"/><point x="316" y="5509"/></area><area name="Package MDMI Generic Statement Model" refid="_19_0_3_62501eb_1575932666657_153866_4950" shape="poly"><point x="316" y="3892"/><point x="596" y="3892"/><point x="596" y="3944"/><point x="316" y="3944"/></area><area name="Package MDMI Generic Statement Model" refid="_19_0_3_62501eb_1575932666657_153866_4950" shape="poly"><point x="316" y="4581"/><point x="596" y="4581"/><point x="596" y="4633"/><point x="316" y="4633"/></area><area name="Package MDMI Generic Statement Model" refid="_19_0_3_62501eb_1575932666657_153866_4950" shape="poly"><point x="316" y="6359"/><point x="596" y="6359"/><point x="596" y="6411"/><point x="316" y="6411"/></area><area name="Package MDMI Generic Statement Model" refid="_19_0_3_62501eb_1575932666657_153866_4950" shape="poly"><point x="316" y="5510"/><point x="596" y="5510"/><point x="596" y="5562"/><point x="316" y="5562"/></area><area name="Package MDMI Generic Statement Model" refid="_19_0_3_62501eb_1575932666657_153866_4950" shape="poly"><point x="316" y="4634"/><point x="596" y="4634"/><point x="596" y="4686"/><point x="316" y="4686"/></area><area name="Package MDMI Generic Statement Model" refid="_19_0_3_62501eb_1575932666657_153866_4950" shape="poly"><point x="316" y="6412"/><point x="596" y="6412"/><point x="596" y="6464"/><point x="316" y="6464"/></area><area name="Package MDMI Generic Statement Model" refid="_19_0_3_62501eb_1575932666657_153866_4950" shape="poly"><point x="316" y="3945"/><point x="596" y="3945"/><point x="596" y="3997"/><point x="316" y="3997"/></area><area name="Package MDMI Generic Statement Model" refid="_19_0_3_62501eb_1575932666657_153866_4950" shape="poly"><point x="316" y="5563"/><point x="596" y="5563"/><point x="596" y="5615"/><point x="316" y="5615"/></area><area name="Package MDMI Generic Statement Model" refid="_19_0_3_62501eb_1575932666657_153866_4950" shape="poly"><point x="316" y="4687"/><point x="596" y="4687"/><point x="596" y="4739"/><point x="316" y="4739"/></area><area name="Package MDMI Generic Statement Model" refid="_19_0_3_62501eb_1575932666657_153866_4950" shape="poly"><point x="316" y="5972"/><point x="596" y="5972"/><point x="596" y="6040"/><point x="316" y="6040"/></area><area name="Package MDMI Generic Statement Model" refid="_19_0_3_62501eb_1575932666657_153866_4950" shape="poly"><point x="316" y="5616"/><point x="596" y="5616"/><point x="596" y="5668"/><point x="316" y="5668"/></area><area name="Package MDMI Generic Statement Model" refid="_19_0_3_62501eb_1575932666657_153866_4950" shape="poly"><point x="316" y="235"/><point x="596" y="235"/><point x="596" y="287"/><point x="316" y="287"/></area><area name="Package MDMI Generic Statement Model" refid="_19_0_3_62501eb_1575932666657_153866_4950" shape="poly"><point x="316" y="3998"/><point x="596" y="3998"/><point x="596" y="4050"/><point x="316" y="4050"/></area><area name="Package MDMI Generic Statement Model" refid="_19_0_3_62501eb_1575932666657_153866_4950" shape="poly"><point x="316" y="5669"/><point x="596" y="5669"/><point x="596" y="5721"/><point x="316" y="5721"/></area><area name="Package MDMI Generic Statement Model" refid="_19_0_3_62501eb_1575932666657_153866_4950" shape="poly"><point x="316" y="5197"/><point x="596" y="5197"/><point x="596" y="5265"/><point x="316" y="5265"/></area><area name="Package MDMI Generic Statement Model" refid="_19_0_3_62501eb_1575932666657_153866_4950" shape="poly"><point x="316" y="182"/><point x="596" y="182"/><point x="596" y="234"/><point x="316" y="234"/></area><area name="Package MDMI Generic Statement Model" refid="_19_0_3_62501eb_1575932666657_153866_4950" shape="poly"><point x="316" y="4051"/><point x="596" y="4051"/><point x="596" y="4103"/><point x="316" y="4103"/></area><area name="Package MDMI Generic Statement Model" refid="_19_0_3_62501eb_1575932666657_153866_4950" shape="poly"><point x="316" y="129"/><point x="596" y="129"/><point x="596" y="181"/><point x="316" y="181"/></area><area name="Package MDMI Generic Statement Model" refid="_19_0_3_62501eb_1575932666657_153866_4950" shape="poly"><point x="316" y="500"/><point x="596" y="500"/><point x="596" y="552"/><point x="316" y="552"/></area><area name="Property has device" refid="_19_0_3_62501eb_1576202203856_603188_12680" shape="poly"><point x="35" y="2249"/><point x="315" y="2249"/><point x="315" y="2301"/><point x="35" y="2301"/></area><area name="Class specification family" refid="_19_0_3_62501eb_1575932666723_49396_5020" shape="poly"><point x="597" y="526"/><point x="877" y="526"/><point x="877" y="552"/><point x="597" y="552"/></area><area name="Property has author" refid="_19_0_3_62501eb_1575932667192_372439_5863" shape="poly"><point x="35" y="1984"/><point x="315" y="1984"/><point x="315" y="2036"/><point x="35" y="2036"/></area><area name="Property" refid="_19_0_3_62501eb_1576086581611_510608_11632" shape="poly"><point x="35" y="977"/><point x="315" y="977"/><point x="315" y="1029"/><point x="35" y="1029"/></area><area name="Association" refid="_19_0_3_62501eb_1576096197023_100474_11847" shape="poly"><point x="316" y="1083"/><point x="596" y="1083"/><point x="596" y="1135"/><point x="316" y="1135"/></area><area name="Association" refid="_19_0_3_62501eb_1581108873347_603549_15580" shape="poly"><point x="316" y="1666"/><point x="596" y="1666"/><point x="596" y="1718"/><point x="316" y="1718"/></area><area name="Association" refid="_19_0_3_62501eb_1580941564397_211945_6829" shape="poly"><point x="316" y="1189"/><point x="596" y="1189"/><point x="596" y="1241"/><point x="316" y="1241"/></area><area name="Class specification" refid="_19_0_3_62501eb_1575932666875_940203_5255" shape="poly"><point x="597" y="314"/><point x="877" y="314"/><point x="877" y="340"/><point x="597" y="340"/></area><area name="Class Ordered Collection" refid="_19_0_3_62501eb_1575932666907_731215_5312" shape="poly"><point x="597" y="155"/><point x="877" y="155"/><point x="877" y="181"/><point x="597" y="181"/></area><area name="Class substance" refid="_19_0_3_62501eb_1575932666888_692035_5273" shape="poly"><point x="35" y="6200"/><point x="315" y="6200"/><point x="315" y="6252"/><point x="35" y="6252"/></area><area name="Property is statement about" refid="_19_0_3_62501eb_1575932667092_434899_5655" shape="poly"><point x="35" y="3150"/><point x="315" y="3150"/><point x="315" y="3202"/><point x="35" y="3202"/></area><area name="Property" refid="_19_0_3_62501eb_1581108793531_214676_15453" shape="poly"><point x="35" y="712"/><point x="315" y="712"/><point x="315" y="764"/><point x="35" y="764"/></area><area name="Class bibliographic citation" refid="_19_0_3_62501eb_1575932666843_840779_5195" shape="poly"><point x="597" y="261"/><point x="877" y="261"/><point x="877" y="287"/><point x="597" y="287"/></area><area name="Class date" refid="_19_0_3_62501eb_1580940401534_80760_6696" shape="poly"><point x="35" y="3998"/><point x="315" y="3998"/><point x="315" y="4050"/><point x="35" y="4050"/></area><area name="Class occurance" refid="_19_0_3_62501eb_1575935168544_195001_10522" shape="poly"><point x="597" y="3733"/><point x="877" y="3733"/><point x="877" y="3785"/><point x="597" y="3785"/></area><area name="Class occurance" refid="_19_0_3_62501eb_1575935168544_195001_10522" shape="poly"><point x="878" y="1189"/><point x="1158" y="1189"/><point x="1158" y="1241"/><point x="878" y="1241"/></area><area name="Class occurance" refid="_19_0_3_62501eb_1575935168544_195001_10522" shape="poly"><point x="597" y="4263"/><point x="877" y="4263"/><point x="877" y="4315"/><point x="597" y="4315"/></area><area name="Class occurance" refid="_19_0_3_62501eb_1575935168544_195001_10522" shape="poly"><point x="878" y="1136"/><point x="1158" y="1136"/><point x="1158" y="1188"/><point x="878" y="1188"/></area><area name="Class occurance" refid="_19_0_3_62501eb_1575935168544_195001_10522" shape="poly"><point x="316" y="3680"/><point x="596" y="3680"/><point x="596" y="3732"/><point x="316" y="3732"/></area><area name="Class occurance" refid="_19_0_3_62501eb_1575935168544_195001_10522" shape="poly"><point x="316" y="2779"/><point x="596" y="2779"/><point x="596" y="2831"/><point x="316" y="2831"/></area><area name="Class occurance" refid="_19_0_3_62501eb_1575935168544_195001_10522" shape="poly"><point x="35" y="4740"/><point x="315" y="4740"/><point x="315" y="4936"/><point x="35" y="4936"/></area><area name="Class activity" refid="_19_0_3_62501eb_1575932666830_569452_5171" shape="poly"><point x="316" y="2514"/><point x="596" y="2514"/><point x="596" y="2566"/><point x="316" y="2566"/></area><area name="Class activity" refid="_19_0_3_62501eb_1575932666830_569452_5171" shape="poly"><point x="597" y="4369"/><point x="877" y="4369"/><point x="877" y="4421"/><point x="597" y="4421"/></area><area name="Class activity" refid="_19_0_3_62501eb_1575932666830_569452_5171" shape="poly"><point x="316" y="1931"/><point x="596" y="1931"/><point x="596" y="1983"/><point x="316" y="1983"/></area><area name="Class activity" refid="_19_0_3_62501eb_1575932666830_569452_5171" shape="poly"><point x="597" y="4634"/><point x="877" y="4634"/><point x="877" y="4686"/><point x="597" y="4686"/></area><area name="Class activity" refid="_19_0_3_62501eb_1575932666830_569452_5171" shape="poly"><point x="878" y="3627"/><point x="1158" y="3627"/><point x="1158" y="3679"/><point x="878" y="3679"/></area><area name="Class activity" refid="_19_0_3_62501eb_1575932666830_569452_5171" shape="poly"><point x="878" y="659"/><point x="1158" y="659"/><point x="1158" y="711"/><point x="878" y="711"/></area><area name="Class activity" refid="_19_0_3_62501eb_1575932666830_569452_5171" shape="poly"><point x="316" y="2885"/><point x="596" y="2885"/><point x="596" y="2937"/><point x="316" y="2937"/></area><area name="Class activity" refid="_19_0_3_62501eb_1575932666830_569452_5171" shape="poly"><point x="878" y="606"/><point x="1158" y="606"/><point x="1158" y="658"/><point x="878" y="658"/></area><area name="Class activity" refid="_19_0_3_62501eb_1575932666830_569452_5171" shape="poly"><point x="35" y="3733"/><point x="315" y="3733"/><point x="315" y="3785"/><point x="35" y="3785"/></area><area name="Property has organization legal name" refid="_19_0_3_62501eb_1575932667254_160391_5987" shape="poly"><point x="35" y="2673"/><point x="315" y="2673"/><point x="315" y="2725"/><point x="35" y="2725"/></area><area name="Property is opinion about" refid="_19_0_3_62501eb_1576083879287_407590_11486" shape="poly"><point x="35" y="3097"/><point x="315" y="3097"/><point x="315" y="3149"/><point x="35" y="3149"/></area><area name="Class value" refid="_19_0_3_62501eb_1575933984075_329352_10447" shape="poly"><point x="597" y="4157"/><point x="877" y="4157"/><point x="877" y="4209"/><point x="597" y="4209"/></area><area name="Class value" refid="_19_0_3_62501eb_1575933984075_329352_10447" shape="poly"><point x="35" y="6412"/><point x="315" y="6412"/><point x="315" y="6464"/><point x="35" y="6464"/></area><area name="Class value" refid="_19_0_3_62501eb_1575933984075_329352_10447" shape="poly"><point x="597" y="4528"/><point x="877" y="4528"/><point x="877" y="4580"/><point x="597" y="4580"/></area><area name="Class value" refid="_19_0_3_62501eb_1575933984075_329352_10447" shape="poly"><point x="597" y="4316"/><point x="877" y="4316"/><point x="877" y="4368"/><point x="597" y="4368"/></area><area name="Class value" refid="_19_0_3_62501eb_1575933984075_329352_10447" shape="poly"><point x="597" y="6306"/><point x="877" y="6306"/><point x="877" y="6358"/><point x="597" y="6358"/></area><area name="Class value" refid="_19_0_3_62501eb_1575933984075_329352_10447" shape="poly"><point x="597" y="5319"/><point x="877" y="5319"/><point x="877" y="5371"/><point x="597" y="5371"/></area><area name="Class value" refid="_19_0_3_62501eb_1575933984075_329352_10447" shape="poly"><point x="597" y="6094"/><point x="877" y="6094"/><point x="877" y="6146"/><point x="597" y="6146"/></area><area name="Class value" refid="_19_0_3_62501eb_1575933984075_329352_10447" shape="poly"><point x="878" y="3362"/><point x="1158" y="3362"/><point x="1158" y="3414"/><point x="878" y="3414"/></area><area name="Class value" refid="_19_0_3_62501eb_1575933984075_329352_10447" shape="poly"><point x="597" y="3945"/><point x="877" y="3945"/><point x="877" y="3997"/><point x="597" y="3997"/></area><area name="Class value" refid="_19_0_3_62501eb_1575933984075_329352_10447" shape="poly"><point x="597" y="5457"/><point x="877" y="5457"/><point x="877" y="5509"/><point x="597" y="5509"/></area><area name="Class value" refid="_19_0_3_62501eb_1575933984075_329352_10447" shape="poly"><point x="597" y="4475"/><point x="877" y="4475"/><point x="877" y="4527"/><point x="597" y="4527"/></area><area name="Class value" refid="_19_0_3_62501eb_1575933984075_329352_10447" shape="poly"><point x="597" y="4581"/><point x="877" y="4581"/><point x="877" y="4633"/><point x="597" y="4633"/></area><area name="Association" refid="_19_0_3_62501eb_1576202203855_601703_12679" shape="poly"><point x="316" y="765"/><point x="596" y="765"/><point x="596" y="817"/><point x="316" y="817"/></area><area name="Class organization" refid="_19_0_3_62501eb_1575932666929_866372_5357" shape="poly"><point x="35" y="4990"/><point x="315" y="4990"/><point x="315" y="5090"/><point x="35" y="5090"/></area><area name="Class organization" refid="_19_0_3_62501eb_1575932666929_866372_5357" shape="poly"><point x="878" y="1295"/><point x="1158" y="1295"/><point x="1158" y="1347"/><point x="878" y="1347"/></area><area name="Class organization" refid="_19_0_3_62501eb_1575932666929_866372_5357" shape="poly"><point x="316" y="2673"/><point x="596" y="2673"/><point x="596" y="2725"/><point x="316" y="2725"/></area><area name="Class" refid="_19_0_3_62501eb_1575932666784_613629_5100" shape="poly"><point x="35" y="235"/><point x="315" y="235"/><point x="315" y="287"/><point x="35" y="287"/></area><area name="Class" refid="_19_0_3_62501eb_1575932666885_586398_5270" shape="poly"><point x="35" y="182"/><point x="315" y="182"/><point x="315" y="234"/><point x="35" y="234"/></area><area name="Class point in time" refid="_19_0_3_62501eb_1580940455797_393934_6729" shape="poly"><point x="878" y="1825"/><point x="1158" y="1825"/><point x="1158" y="1877"/><point x="878" y="1877"/></area><area name="Class point in time" refid="_19_0_3_62501eb_1580940455797_393934_6729" shape="poly"><point x="878" y="2938"/><point x="1158" y="2938"/><point x="1158" y="2990"/><point x="878" y="2990"/></area><area name="Class point in time" refid="_19_0_3_62501eb_1580940455797_393934_6729" shape="poly"><point x="35" y="5319"/><point x="315" y="5319"/><point x="315" y="5371"/><point x="35" y="5371"/></area><area name="Class point in time" refid="_19_0_3_62501eb_1580940455797_393934_6729" shape="poly"><point x="878" y="2355"/><point x="1158" y="2355"/><point x="1158" y="2407"/><point x="878" y="2407"/></area><area name="Class point in time" refid="_19_0_3_62501eb_1580940455797_393934_6729" shape="poly"><point x="597" y="3998"/><point x="877" y="3998"/><point x="877" y="4050"/><point x="597" y="4050"/></area><area name="Class event" refid="_19_0_3_62501eb_1576095716683_737733_11787" shape="poly"><point x="35" y="4263"/><point x="315" y="4263"/><point x="315" y="4315"/><point x="35" y="4315"/></area><area name="Class event" refid="_19_0_3_62501eb_1576095716683_737733_11787" shape="poly"><point x="597" y="6041"/><point x="877" y="6041"/><point x="877" y="6093"/><point x="597" y="6093"/></area><area name="Class event" refid="_19_0_3_62501eb_1576095716683_737733_11787" shape="poly"><point x="597" y="5563"/><point x="877" y="5563"/><point x="877" y="5615"/><point x="597" y="5615"/></area><area name="Property" refid="_19_0_3_62501eb_1576096197024_812717_11849" shape="poly"><point x="35" y="1083"/><point x="315" y="1083"/><point x="315" y="1135"/><point x="35" y="1135"/></area><area name="Property observes" refid="_19_0_3_62501eb_1576086581611_790338_11631" shape="poly"><point x="35" y="3256"/><point x="315" y="3256"/><point x="315" y="3308"/><point x="35" y="3308"/></area><area name="Property has confidence" refid="_19_0_3_62501eb_1576083391481_968796_11427" shape="poly"><point x="35" y="2196"/><point x="315" y="2196"/><point x="315" y="2248"/><point x="35" y="2248"/></area><area name="Association" refid="_19_0_3_62501eb_1581108789938_650618_15419" shape="poly"><point x="316" y="1295"/><point x="596" y="1295"/><point x="596" y="1347"/><point x="316" y="1347"/></area><area name="Class clinical activity" refid="_19_0_3_62501eb_1576709459751_212403_6610" shape="poly"><point x="878" y="553"/><point x="1158" y="553"/><point x="1158" y="605"/><point x="878" y="605"/></area><area name="Association" refid="_19_0_3_62501eb_1581108870250_545262_15555" shape="poly"><point x="316" y="1772"/><point x="596" y="1772"/><point x="596" y="1824"/><point x="316" y="1824"/></area><area name="Class" refid="_19_0_3_62501eb_1575932666949_92682_5394" shape="poly"><point x="35" y="288"/><point x="315" y="288"/><point x="315" y="340"/><point x="35" y="340"/></area><area name="Property" refid="_19_0_3_62501eb_1576709787037_143956_6732" shape="poly"><point x="35" y="871"/><point x="315" y="871"/><point x="315" y="923"/><point x="35" y="923"/></area><area name="Class image" refid="_19_0_3_62501eb_1575932666897_152140_5291" shape="poly"><point x="35" y="4316"/><point x="315" y="4316"/><point x="315" y="4368"/><point x="35" y="4368"/></area><area name="Class actor" refid="_19_0_3_62501eb_1575932666749_640357_5048" shape="poly"><point x="597" y="5919"/><point x="877" y="5919"/><point x="877" y="5971"/><point x="597" y="5971"/></area><area name="Class actor" refid="_19_0_3_62501eb_1575932666749_640357_5048" shape="poly"><point x="597" y="5616"/><point x="877" y="5616"/><point x="877" y="5668"/><point x="597" y="5668"/></area><area name="Class actor" refid="_19_0_3_62501eb_1575932666749_640357_5048" shape="poly"><point x="597" y="4051"/><point x="877" y="4051"/><point x="877" y="4103"/><point x="597" y="4103"/></area><area name="Class actor" refid="_19_0_3_62501eb_1575932666749_640357_5048" shape="poly"><point x="597" y="5669"/><point x="877" y="5669"/><point x="877" y="5721"/><point x="597" y="5721"/></area><area name="Class actor" refid="_19_0_3_62501eb_1575932666749_640357_5048" shape="poly"><point x="35" y="3839"/><point x="315" y="3839"/><point x="315" y="3891"/><point x="35" y="3891"/></area><area name="Property has end date time" refid="_19_0_3_62501eb_1576101763461_228873_11967" shape="poly"><point x="35" y="2355"/><point x="315" y="2355"/><point x="315" y="2407"/><point x="35" y="2407"/></area><area name="Property" refid="_19_0_3_62501eb_1575932667092_27802_5656" shape="poly"><point x="35" y="1613"/><point x="315" y="1613"/><point x="315" y="1665"/><point x="35" y="1665"/></area><area name="Class organization" refid="_19_0_3_62501eb_1575932666827_84442_5165" shape="poly"><point x="597" y="420"/><point x="877" y="420"/><point x="877" y="446"/><point x="597" y="446"/></area><area name="Property repetition count" refid="_19_0_3_62501eb_1581101574783_378464_7001" shape="poly"><point x="35" y="3415"/><point x="315" y="3415"/><point x="315" y="3467"/><point x="35" y="3467"/></area><area name="Class temporal" refid="_19_0_3_62501eb_1576101736124_819385_11939" shape="poly"><point x="316" y="2355"/><point x="596" y="2355"/><point x="596" y="2407"/><point x="316" y="2407"/></area><area name="Class temporal" refid="_19_0_3_62501eb_1576101736124_819385_11939" shape="poly"><point x="316" y="1825"/><point x="596" y="1825"/><point x="596" y="1877"/><point x="316" y="1877"/></area><area name="Class temporal" refid="_19_0_3_62501eb_1576101736124_819385_11939" shape="poly"><point x="316" y="2938"/><point x="596" y="2938"/><point x="596" y="2990"/><point x="316" y="2990"/></area><area name="Class temporal" refid="_19_0_3_62501eb_1576101736124_819385_11939" shape="poly"><point x="597" y="5722"/><point x="877" y="5722"/><point x="877" y="5820"/><point x="597" y="5820"/></area><area name="Class temporal" refid="_19_0_3_62501eb_1576101736124_819385_11939" shape="poly"><point x="35" y="6253"/><point x="315" y="6253"/><point x="315" y="6305"/><point x="35" y="6305"/></area><area name="Property quality of" refid="_19_0_3_62501eb_1581443199889_651145_6901" shape="poly"><point x="35" y="3309"/><point x="315" y="3309"/><point x="315" y="3361"/><point x="35" y="3361"/></area><area name="Class responsible actor" refid="_19_0_3_62501eb_1575934072041_722247_10489" shape="poly"><point x="316" y="2461"/><point x="596" y="2461"/><point x="596" y="2513"/><point x="316" y="2513"/></area><area name="Class responsible actor" refid="_19_0_3_62501eb_1575934072041_722247_10489" shape="poly"><point x="597" y="5197"/><point x="877" y="5197"/><point x="877" y="5265"/><point x="597" y="5265"/></area><area name="Class responsible actor" refid="_19_0_3_62501eb_1575934072041_722247_10489" shape="poly"><point x="35" y="5616"/><point x="315" y="5616"/><point x="315" y="5668"/><point x="35" y="5668"/></area><area name="Class responsible actor" refid="_19_0_3_62501eb_1575934072041_722247_10489" shape="poly"><point x="597" y="4990"/><point x="877" y="4990"/><point x="877" y="5090"/><point x="597" y="5090"/></area><area name="Class responsible actor" refid="_19_0_3_62501eb_1575934072041_722247_10489" shape="poly"><point x="597" y="5117"/><point x="877" y="5117"/><point x="877" y="5143"/><point x="597" y="5143"/></area><area name="Property measured in unit" refid="_19_0_3_62501eb_1576170937470_220512_12296" shape="poly"><point x="35" y="3203"/><point x="315" y="3203"/><point x="315" y="3255"/><point x="35" y="3255"/></area><area name="Class device" refid="_19_0_3_62501eb_1575932666757_882646_5060" shape="poly"><point x="316" y="2302"/><point x="596" y="2302"/><point x="596" y="2354"/><point x="316" y="2354"/></area><area name="Class device" refid="_19_0_3_62501eb_1575932666757_882646_5060" shape="poly"><point x="878" y="712"/><point x="1158" y="712"/><point x="1158" y="764"/><point x="878" y="764"/></area><area name="Class device" refid="_19_0_3_62501eb_1575932666757_882646_5060" shape="poly"><point x="35" y="4051"/><point x="315" y="4051"/><point x="315" y="4103"/><point x="35" y="4103"/></area><area name="Class device" refid="_19_0_3_62501eb_1575932666757_882646_5060" shape="poly"><point x="878" y="2249"/><point x="1158" y="2249"/><point x="1158" y="2301"/><point x="878" y="2301"/></area><area name="Class Collection" refid="_19_0_3_62501eb_1575932666946_382641_5388" shape="poly"><point x="597" y="129"/><point x="877" y="129"/><point x="877" y="155"/><point x="597" y="155"/></area><area name="Property" refid="_19_0_3_62501eb_1581438576110_725081_6722" shape="poly"><point x="35" y="924"/><point x="315" y="924"/><point x="315" y="976"/><point x="35" y="976"/></area><area name="Property results in" refid="_19_0_3_62501eb_1580941564397_522285_6830" shape="poly"><point x="35" y="3680"/><point x="315" y="3680"/><point x="315" y="3732"/><point x="35" y="3732"/></area><area name="Property has device name" refid="_19_0_3_62501eb_1575932667175_970155_5834" shape="poly"><point x="35" y="2302"/><point x="315" y="2302"/><point x="315" y="2354"/><point x="35" y="2354"/></area><area name="Class observation request" refid="_19_0_3_62501eb_1575932666737_504492_5032" shape="poly"><point x="878" y="1083"/><point x="1158" y="1083"/><point x="1158" y="1135"/><point x="878" y="1135"/></area><area name="Class observation request" refid="_19_0_3_62501eb_1575932666737_504492_5032" shape="poly"><point x="316" y="1030"/><point x="596" y="1030"/><point x="596" y="1082"/><point x="316" y="1082"/></area><area name="Class observation request" refid="_19_0_3_62501eb_1575932666737_504492_5032" shape="poly"><point x="35" y="4687"/><point x="315" y="4687"/><point x="315" y="4739"/><point x="35" y="4739"/></area><area name="Property requests" refid="_19_0_3_62501eb_1576172922511_184769_12375" shape="poly"><point x="35" y="3627"/><point x="315" y="3627"/><point x="315" y="3679"/><point x="35" y="3679"/></area><area name="Association" refid="_19_0_3_62501eb_1576848597223_219451_6642" shape="poly"><point x="316" y="659"/><point x="596" y="659"/><point x="596" y="711"/><point x="316" y="711"/></area><area name="Association" refid="_19_0_3_62501eb_1575932667192_591952_5862" shape="poly"><point x="316" y="1719"/><point x="596" y="1719"/><point x="596" y="1771"/><point x="316" y="1771"/></area><area name="Class Thing" refid="_19_0_3_62501eb_1575932666741_328464_5038" shape="poly"><point x="597" y="4210"/><point x="877" y="4210"/><point x="877" y="4262"/><point x="597" y="4262"/></area><area name="Class Thing" refid="_19_0_3_62501eb_1575932666741_328464_5038" shape="poly"><point x="35" y="6359"/><point x="315" y="6359"/><point x="315" y="6411"/><point x="35" y="6411"/></area><area name="Property has name" refid="_19_0_3_62501eb_1575932667382_843344_6263" shape="poly"><point x="35" y="2567"/><point x="315" y="2567"/><point x="315" y="2619"/><point x="35" y="2619"/></area><area name="Property" refid="_19_0_3_62501eb_1581108789939_285255_15420" shape="poly"><point x="35" y="1295"/><point x="315" y="1295"/><point x="315" y="1347"/><point x="35" y="1347"/></area><area name="Property has purpose" refid="_19_0_3_62501eb_1580941864417_747915_6879" shape="poly"><point x="35" y="2885"/><point x="315" y="2885"/><point x="315" y="2937"/><point x="35" y="2937"/></area><area name="Property has id" refid="_19_0_3_62501eb_1575932666986_460361_5442" shape="poly"><point x="35" y="2408"/><point x="315" y="2408"/><point x="315" y="2460"/><point x="35" y="2460"/></area><area name="Property has classification" refid="_19_0_3_62501eb_1576112106614_661844_12252" shape="poly"><point x="35" y="2143"/><point x="315" y="2143"/><point x="315" y="2195"/><point x="35" y="2195"/></area><area name="Association" refid="_19_0_3_62501eb_1581438576109_720063_6720" shape="poly"><point x="316" y="924"/><point x="596" y="924"/><point x="596" y="976"/><point x="316" y="976"/></area><area name="Property" refid="_19_0_3_62501eb_1581108873347_968274_15581" shape="poly"><point x="35" y="1666"/><point x="315" y="1666"/><point x="315" y="1718"/><point x="35" y="1718"/></area><area name="Property has author person legal name" refid="_19_0_3_62501eb_1575932667241_955582_5957" shape="poly"><point x="35" y="2090"/><point x="315" y="2090"/><point x="315" y="2142"/><point x="35" y="2142"/></area><area name="Class situation" refid="_19_0_3_62501eb_1576028809689_551010_11362" shape="poly"><point x="878" y="3097"/><point x="1158" y="3097"/><point x="1158" y="3149"/><point x="878" y="3149"/></area><area name="Class situation" refid="_19_0_3_62501eb_1576028809689_551010_11362" shape="poly"><point x="597" y="5510"/><point x="877" y="5510"/><point x="877" y="5562"/><point x="597" y="5562"/></area><area name="Class situation" refid="_19_0_3_62501eb_1576028809689_551010_11362" shape="poly"><point x="878" y="3680"/><point x="1158" y="3680"/><point x="1158" y="3732"/><point x="878" y="3732"/></area><area name="Class situation" refid="_19_0_3_62501eb_1576028809689_551010_11362" shape="poly"><point x="316" y="2991"/><point x="596" y="2991"/><point x="596" y="3043"/><point x="316" y="3043"/></area><area name="Class situation" refid="_19_0_3_62501eb_1576028809689_551010_11362" shape="poly"><point x="878" y="3256"/><point x="1158" y="3256"/><point x="1158" y="3308"/><point x="878" y="3308"/></area><area name="Class situation" refid="_19_0_3_62501eb_1576028809689_551010_11362" shape="poly"><point x="597" y="4740"/><point x="877" y="4740"/><point x="877" y="4936"/><point x="597" y="4936"/></area><area name="Class situation" refid="_19_0_3_62501eb_1576028809689_551010_11362" shape="poly"><point x="878" y="3150"/><point x="1158" y="3150"/><point x="1158" y="3202"/><point x="878" y="3202"/></area><area name="Class situation" refid="_19_0_3_62501eb_1576028809689_551010_11362" shape="poly"><point x="878" y="3044"/><point x="1158" y="3044"/><point x="1158" y="3096"/><point x="878" y="3096"/></area><area name="Class situation" refid="_19_0_3_62501eb_1576028809689_551010_11362" shape="poly"><point x="597" y="5972"/><point x="877" y="5972"/><point x="877" y="6040"/><point x="597" y="6040"/></area><area name="Class situation" refid="_19_0_3_62501eb_1576028809689_551010_11362" shape="poly"><point x="316" y="2143"/><point x="596" y="2143"/><point x="596" y="2195"/><point x="316" y="2195"/></area><area name="Class situation" refid="_19_0_3_62501eb_1576028809689_551010_11362" shape="poly"><point x="878" y="1560"/><point x="1158" y="1560"/><point x="1158" y="1612"/><point x="878" y="1612"/></area><area name="Class situation" refid="_19_0_3_62501eb_1576028809689_551010_11362" shape="poly"><point x="878" y="1507"/><point x="1158" y="1507"/><point x="1158" y="1559"/><point x="878" y="1559"/></area><area name="Class situation" refid="_19_0_3_62501eb_1576028809689_551010_11362" shape="poly"><point x="316" y="3044"/><point x="596" y="3044"/><point x="596" y="3096"/><point x="316" y="3096"/></area><area name="Class situation" refid="_19_0_3_62501eb_1576028809689_551010_11362" shape="poly"><point x="35" y="5722"/><point x="315" y="5722"/><point x="315" y="5918"/><point x="35" y="5918"/></area><area name="Class situation" refid="_19_0_3_62501eb_1576028809689_551010_11362" shape="poly"><point x="316" y="2726"/><point x="596" y="2726"/><point x="596" y="2778"/><point x="316" y="2778"/></area><area name="Association" refid="_19_0_3_62501eb_1581108793531_721140_15452" shape="poly"><point x="316" y="712"/><point x="596" y="712"/><point x="596" y="764"/><point x="316" y="764"/></area><area name="Class status" refid="_19_0_3_62501eb_1575932666836_576930_5183" shape="poly"><point x="878" y="2991"/><point x="1158" y="2991"/><point x="1158" y="3043"/><point x="878" y="3043"/></area><area name="Class status" refid="_19_0_3_62501eb_1575932666836_576930_5183" shape="poly"><point x="35" y="6094"/><point x="315" y="6094"/><point x="315" y="6146"/><point x="35" y="6146"/></area><area name="Association" refid="_19_0_3_62501eb_1581108785363_900490_15391" shape="poly"><point x="316" y="1348"/><point x="596" y="1348"/><point x="596" y="1400"/><point x="316" y="1400"/></area><area name="Class physical location" refid="_19_0_3_62501eb_1575932666849_491941_5207" shape="poly"><point x="35" y="5266"/><point x="315" y="5266"/><point x="315" y="5318"/><point x="35" y="5318"/></area><area name="Association" refid="_19_0_3_62501eb_1575932667092_231921_5654" shape="poly"><point x="316" y="1613"/><point x="596" y="1613"/><point x="596" y="1665"/><point x="316" y="1665"/></area><area name="Property repetition frequency" refid="_19_0_3_62501eb_1581101328930_67789_6977" shape="poly"><point x="35" y="3521"/><point x="315" y="3521"/><point x="315" y="3573"/><point x="35" y="3573"/></area><area name="Property has performer" refid="_19_0_3_62501eb_1575932667333_467556_6152" shape="poly"><point x="35" y="2779"/><point x="315" y="2779"/><point x="315" y="2831"/><point x="35" y="2831"/></area><area name="Class classification" refid="_19_0_3_62501eb_1580940262123_801706_6663" shape="poly"><point x="35" y="3945"/><point x="315" y="3945"/><point x="315" y="3997"/><point x="35" y="3997"/></area><area name="Class classification" refid="_19_0_3_62501eb_1580940262123_801706_6663" shape="poly"><point x="878" y="2143"/><point x="1158" y="2143"/><point x="1158" y="2195"/><point x="878" y="2195"/></area><area name="Property quality value" refid="_19_0_3_62501eb_1581462600542_147084_7120" shape="poly"><point x="35" y="3362"/><point x="315" y="3362"/><point x="315" y="3414"/><point x="35" y="3414"/></area><area name="Property" refid="_19_0_3_62501eb_1581438576109_569498_6721" shape="poly"><point x="35" y="818"/><point x="315" y="818"/><point x="315" y="870"/><point x="35" y="870"/></area><area name="Class" refid="_19_0_3_62501eb_1575932666960_789044_5413" shape="poly"><point x="35" y="341"/><point x="315" y="341"/><point x="315" y="393"/><point x="35" y="393"/></area><area name="Association" refid="_19_0_3_62501eb_1576172922510_932775_12374" shape="poly"><point x="316" y="1454"/><point x="596" y="1454"/><point x="596" y="1506"/><point x="316" y="1506"/></area><area name="Property has person legal name" refid="_19_0_3_62501eb_1575932667078_786920_5623" shape="poly"><point x="35" y="2832"/><point x="315" y="2832"/><point x="315" y="2884"/><point x="35" y="2884"/></area><area name="Property occurs on" refid="_19_0_3_62501eb_1575938134460_403191_11049" shape="poly"><point x="35" y="1825"/><point x="315" y="1825"/><point x="315" y="1877"/><point x="35" y="1877"/></area><area name="Class specification version" refid="_19_0_3_62501eb_1575932666859_443685_5225" shape="poly"><point x="597" y="473"/><point x="877" y="473"/><point x="877" y="499"/><point x="597" y="499"/></area><area name="Property" refid="_19_0_3_62501eb_1575932667192_867628_5864" shape="poly"><point x="35" y="1719"/><point x="315" y="1719"/><point x="315" y="1771"/><point x="35" y="1771"/></area><area name="Class participant" refid="_19_0_3_62501eb_1576850536524_218970_6810" shape="poly"><point x="597" y="5144"/><point x="877" y="5144"/><point x="877" y="5196"/><point x="597" y="5196"/></area><area name="Class participant" refid="_19_0_3_62501eb_1576850536524_218970_6810" shape="poly"><point x="878" y="2726"/><point x="1158" y="2726"/><point x="1158" y="2778"/><point x="878" y="2778"/></area><area name="Class participant" refid="_19_0_3_62501eb_1576850536524_218970_6810" shape="poly"><point x="597" y="6173"/><point x="877" y="6173"/><point x="877" y="6199"/><point x="597" y="6199"/></area><area name="Class participant" refid="_19_0_3_62501eb_1576850536524_218970_6810" shape="poly"><point x="35" y="5091"/><point x="315" y="5091"/><point x="315" y="5143"/><point x="35" y="5143"/></area><area name="Property" refid="_19_0_3_62501eb_1576172922511_230827_12376" shape="poly"><point x="35" y="1454"/><point x="315" y="1454"/><point x="315" y="1506"/><point x="35" y="1506"/></area><area name="Association" refid="_19_0_3_62501eb_1575932667394_507699_6288" shape="poly"><point x="316" y="606"/><point x="596" y="606"/><point x="596" y="658"/><point x="316" y="658"/></area><area name="Property" refid="_19_0_3_62501eb_1581443199889_641024_6902" shape="poly"><point x="35" y="1401"/><point x="315" y="1401"/><point x="315" y="1453"/><point x="35" y="1453"/></area><area name="Class activity method" refid="_19_0_3_62501eb_1575932666793_752841_5109" shape="poly"><point x="878" y="2514"/><point x="1158" y="2514"/><point x="1158" y="2566"/><point x="878" y="2566"/></area><area name="Class activity method" refid="_19_0_3_62501eb_1575932666793_752841_5109" shape="poly"><point x="597" y="4104"/><point x="877" y="4104"/><point x="877" y="4156"/><point x="597" y="4156"/></area><area name="Class activity method" refid="_19_0_3_62501eb_1575932666793_752841_5109" shape="poly"><point x="35" y="3786"/><point x="315" y="3786"/><point x="315" y="3838"/><point x="35" y="3838"/></area><area name="Class reference" refid="_19_0_3_62501eb_1581108481818_433571_15249" shape="poly"><point x="878" y="2885"/><point x="1158" y="2885"/><point x="1158" y="2937"/><point x="878" y="2937"/></area><area name="Class reference" refid="_19_0_3_62501eb_1581108481818_433571_15249" shape="poly"><point x="878" y="2196"/><point x="1158" y="2196"/><point x="1158" y="2248"/><point x="878" y="2248"/></area><area name="Class reference" refid="_19_0_3_62501eb_1581108481818_433571_15249" shape="poly"><point x="35" y="5457"/><point x="315" y="5457"/><point x="315" y="5509"/><point x="35" y="5509"/></area><area name="Class" refid="_19_0_3_62501eb_1575932666806_995220_5133" shape="poly"><point x="35" y="394"/><point x="315" y="394"/><point x="315" y="446"/><point x="35" y="446"/></area><area name="Class MIME MediaType" refid="_19_0_3_62501eb_1575932666923_822646_5345" shape="poly"><point x="597" y="49"/><point x="877" y="49"/><point x="877" y="75"/><point x="597" y="75"/></area><area name="Class Concept" refid="_19_0_3_62501eb_1575932666753_490321_5054" shape="poly"><point x="597" y="182"/><point x="877" y="182"/><point x="877" y="208"/><point x="597" y="208"/></area><area name="Class Concept" refid="_19_0_3_62501eb_1575932666753_490321_5054" shape="poly"><point x="597" y="447"/><point x="877" y="447"/><point x="877" y="473"/><point x="597" y="473"/></area><area name="Class Concept" refid="_19_0_3_62501eb_1575932666753_490321_5054" shape="poly"><point x="597" y="288"/><point x="877" y="288"/><point x="877" y="314"/><point x="597" y="314"/></area><area name="Class Concept" refid="_19_0_3_62501eb_1575932666753_490321_5054" shape="poly"><point x="597" y="76"/><point x="877" y="76"/><point x="877" y="102"/><point x="597" y="102"/></area><area name="Class Concept" refid="_19_0_3_62501eb_1575932666753_490321_5054" shape="poly"><point x="597" y="235"/><point x="877" y="235"/><point x="877" y="261"/><point x="597" y="261"/></area><area name="Class Concept" refid="_19_0_3_62501eb_1575932666753_490321_5054" shape="poly"><point x="597" y="394"/><point x="877" y="394"/><point x="877" y="420"/><point x="597" y="420"/></area><area name="Class Concept" refid="_19_0_3_62501eb_1575932666753_490321_5054" shape="poly"><point x="597" y="23"/><point x="877" y="23"/><point x="877" y="49"/><point x="597" y="49"/></area><area name="Class Concept" refid="_19_0_3_62501eb_1575932666753_490321_5054" shape="poly"><point x="597" y="341"/><point x="877" y="341"/><point x="877" y="367"/><point x="597" y="367"/></area><area name="Class Concept" refid="_19_0_3_62501eb_1575932666753_490321_5054" shape="poly"><point x="597" y="500"/><point x="877" y="500"/><point x="877" y="526"/><point x="597" y="526"/></area><area name="Property" refid="_19_0_3_62501eb_1575932667333_241052_6153" shape="poly"><point x="35" y="1136"/><point x="315" y="1136"/><point x="315" y="1188"/><point x="35" y="1188"/></area><area name="Property has start date time" refid="_19_0_3_62501eb_1576101750592_112250_11963" shape="poly"><point x="35" y="2938"/><point x="315" y="2938"/><point x="315" y="2990"/><point x="35" y="2990"/></area><area name="Class author" refid="_19_0_3_62501eb_1576849864957_287950_6731" shape="poly"><point x="878" y="1984"/><point x="1158" y="1984"/><point x="1158" y="2036"/><point x="878" y="2036"/></area><area name="Class author" refid="_19_0_3_62501eb_1576849864957_287950_6731" shape="poly"><point x="35" y="3892"/><point x="315" y="3892"/><point x="315" y="3944"/><point x="35" y="3944"/></area><area name="Property" refid="_19_0_3_62501eb_1580941564397_966544_6831" shape="poly"><point x="35" y="1189"/><point x="315" y="1189"/><point x="315" y="1241"/><point x="35" y="1241"/></area><area name="Class content type" refid="_19_0_3_62501eb_1575932666866_664905_5237" shape="poly"><point x="597" y="102"/><point x="877" y="102"/><point x="877" y="128"/><point x="597" y="128"/></area><area name="Property" refid="_19_0_3_62501eb_1581108870250_67384_15556" shape="poly"><point x="35" y="1772"/><point x="315" y="1772"/><point x="315" y="1824"/><point x="35" y="1824"/></area><area name="Class software agent" refid="_19_0_3_62501eb_1576849320133_762448_6658" shape="poly"><point x="35" y="5919"/><point x="315" y="5919"/><point x="315" y="5971"/><point x="35" y="5971"/></area><area name="Class request event" refid="_19_0_3_62501eb_1575935387412_105451_10553" shape="poly"><point x="316" y="3627"/><point x="596" y="3627"/><point x="596" y="3679"/><point x="316" y="3679"/></area><area name="Class request event" refid="_19_0_3_62501eb_1575935387412_105451_10553" shape="poly"><point x="597" y="4422"/><point x="877" y="4422"/><point x="877" y="4474"/><point x="597" y="4474"/></area><area name="Class request event" refid="_19_0_3_62501eb_1575935387412_105451_10553" shape="poly"><point x="878" y="1454"/><point x="1158" y="1454"/><point x="1158" y="1506"/><point x="878" y="1506"/></area><area name="Class request event" refid="_19_0_3_62501eb_1575935387412_105451_10553" shape="poly"><point x="35" y="5563"/><point x="315" y="5563"/><point x="315" y="5615"/><point x="35" y="5615"/></area><area name="Class request event" refid="_19_0_3_62501eb_1575935387412_105451_10553" shape="poly"><point x="597" y="4687"/><point x="877" y="4687"/><point x="877" y="4739"/><point x="597" y="4739"/></area><area name="Property" refid="_19_0_3_62501eb_1575932667394_46488_6290" shape="poly"><point x="35" y="606"/><point x="315" y="606"/><point x="315" y="658"/><point x="35" y="658"/></area><area name="Class repeditive" refid="_19_0_3_62501eb_1581101236143_628242_6917" shape="poly"><point x="316" y="3574"/><point x="596" y="3574"/><point x="596" y="3626"/><point x="316" y="3626"/></area><area name="Class repeditive" refid="_19_0_3_62501eb_1581101236143_628242_6917" shape="poly"><point x="316" y="3468"/><point x="596" y="3468"/><point x="596" y="3520"/><point x="316" y="3520"/></area><area name="Class repeditive" refid="_19_0_3_62501eb_1581101236143_628242_6917" shape="poly"><point x="316" y="3521"/><point x="596" y="3521"/><point x="596" y="3573"/><point x="316" y="3573"/></area><area name="Class repeditive" refid="_19_0_3_62501eb_1581101236143_628242_6917" shape="poly"><point x="35" y="5510"/><point x="315" y="5510"/><point x="315" y="5562"/><point x="35" y="5562"/></area><area name="Class repeditive" refid="_19_0_3_62501eb_1581101236143_628242_6917" shape="poly"><point x="316" y="3415"/><point x="596" y="3415"/><point x="596" y="3467"/><point x="316" y="3467"/></area><area name="Property" refid="_19_0_3_62501eb_1576095748113_468474_11819" shape="poly"><point x="35" y="1507"/><point x="315" y="1507"/><point x="315" y="1559"/><point x="35" y="1559"/></area><area name="Property" refid="_19_0_3_62501eb_1575932667429_877854_6370" shape="poly"><point x="35" y="1560"/><point x="315" y="1560"/><point x="315" y="1612"/><point x="35" y="1612"/></area><area name="Association" refid="_19_0_3_62501eb_1575932667333_973459_6151" shape="poly"><point x="316" y="1136"/><point x="596" y="1136"/><point x="596" y="1188"/><point x="316" y="1188"/></area><area name="Enumeration statement mode" refid="_19_0_3_62501eb_1581107183841_822878_7517" shape="poly"><point x="878" y="1878"/><point x="1158" y="1878"/><point x="1158" y="1930"/><point x="878" y="1930"/></area><area name="Class subject" refid="_19_0_3_62501eb_1576850740293_252071_6897" shape="poly"><point x="35" y="6147"/><point x="315" y="6147"/><point x="315" y="6199"/><point x="35" y="6199"/></area><area name="Property forms opinion" refid="_19_0_3_62501eb_1576848597223_354518_6643" shape="poly"><point x="35" y="1931"/><point x="315" y="1931"/><point x="315" y="1983"/><point x="35" y="1983"/></area><area name="Class observation" refid="_19_0_3_62501eb_1575932666772_864372_5082" shape="poly"><point x="878" y="1030"/><point x="1158" y="1030"/><point x="1158" y="1082"/><point x="878" y="1082"/></area><area name="Class observation" refid="_19_0_3_62501eb_1575932666772_864372_5082" shape="poly"><point x="35" y="4634"/><point x="315" y="4634"/><point x="315" y="4686"/><point x="35" y="4686"/></area><area name="Class observation" refid="_19_0_3_62501eb_1575932666772_864372_5082" shape="poly"><point x="316" y="3256"/><point x="596" y="3256"/><point x="596" y="3308"/><point x="316" y="3308"/></area><area name="Class observation" refid="_19_0_3_62501eb_1575932666772_864372_5082" shape="poly"><point x="878" y="977"/><point x="1158" y="977"/><point x="1158" y="1029"/><point x="878" y="1029"/></area><area name="Property impacts" refid="_19_0_3_62501eb_1576095748112_812917_11818" shape="poly"><point x="35" y="3044"/><point x="315" y="3044"/><point x="315" y="3096"/><point x="35" y="3096"/></area><area name="Class" refid="_19_0_3_62501eb_1575932666912_105062_5324" shape="poly"><point x="35" y="447"/><point x="315" y="447"/><point x="315" y="499"/><point x="35" y="499"/></area><area name="Property repetition separation" refid="_19_0_3_62501eb_1581101386566_964060_6981" shape="poly"><point x="35" y="3574"/><point x="315" y="3574"/><point x="315" y="3626"/><point x="35" y="3626"/></area><area name="Property has author organization legal name" refid="_19_0_3_62501eb_1575932667300_648086_6084" shape="poly"><point x="35" y="2037"/><point x="315" y="2037"/><point x="315" y="2089"/><point x="35" y="2089"/></area><area name="Property" refid="_19_0_3_62501eb_1576848597223_683858_6644" shape="poly"><point x="35" y="659"/><point x="315" y="659"/><point x="315" y="711"/><point x="35" y="711"/></area><area name="Class statement" refid="_19_0_3_62501eb_1575932666795_903202_5115" shape="poly"><point x="35" y="6041"/><point x="315" y="6041"/><point x="315" y="6093"/><point x="35" y="6093"/></area><area name="Class statement" refid="_19_0_3_62501eb_1575932666795_903202_5115" shape="poly"><point x="878" y="1772"/><point x="1158" y="1772"/><point x="1158" y="1824"/><point x="878" y="1824"/></area><area name="Class statement" refid="_19_0_3_62501eb_1575932666795_903202_5115" shape="poly"><point x="878" y="1719"/><point x="1158" y="1719"/><point x="1158" y="1771"/><point x="878" y="1771"/></area><area name="Class statement" refid="_19_0_3_62501eb_1575932666795_903202_5115" shape="poly"><point x="316" y="2037"/><point x="596" y="2037"/><point x="596" y="2089"/><point x="316" y="2089"/></area><area name="Class statement" refid="_19_0_3_62501eb_1575932666795_903202_5115" shape="poly"><point x="878" y="1666"/><point x="1158" y="1666"/><point x="1158" y="1718"/><point x="878" y="1718"/></area><area name="Class statement" refid="_19_0_3_62501eb_1575932666795_903202_5115" shape="poly"><point x="316" y="1984"/><point x="596" y="1984"/><point x="596" y="2036"/><point x="316" y="2036"/></area><area name="Class statement" refid="_19_0_3_62501eb_1575932666795_903202_5115" shape="poly"><point x="878" y="1613"/><point x="1158" y="1613"/><point x="1158" y="1665"/><point x="878" y="1665"/></area><area name="Class statement" refid="_19_0_3_62501eb_1575932666795_903202_5115" shape="poly"><point x="316" y="2090"/><point x="596" y="2090"/><point x="596" y="2142"/><point x="316" y="2142"/></area><area name="Class statement" refid="_19_0_3_62501eb_1575932666795_903202_5115" shape="poly"><point x="316" y="1878"/><point x="596" y="1878"/><point x="596" y="1930"/><point x="316" y="1930"/></area><area name="Class statement" refid="_19_0_3_62501eb_1575932666795_903202_5115" shape="poly"><point x="316" y="3150"/><point x="596" y="3150"/><point x="596" y="3202"/><point x="316" y="3202"/></area><area name="Association" refid="_19_0_3_62501eb_1575932667428_653836_6368" shape="poly"><point x="316" y="1560"/><point x="596" y="1560"/><point x="596" y="1612"/><point x="316" y="1612"/></area><area name="Association" refid="_19_0_3_62501eb_1576083879287_118914_11485" shape="poly"><point x="316" y="1242"/><point x="596" y="1242"/><point x="596" y="1294"/><point x="316" y="1294"/></area><area name="Class name" refid="_19_0_3_62501eb_1576084508438_340072_11517" shape="poly"><point x="878" y="2832"/><point x="1158" y="2832"/><point x="1158" y="2884"/><point x="878" y="2884"/></area><area name="Class name" refid="_19_0_3_62501eb_1576084508438_340072_11517" shape="poly"><point x="878" y="2673"/><point x="1158" y="2673"/><point x="1158" y="2725"/><point x="878" y="2725"/></area><area name="Class name" refid="_19_0_3_62501eb_1576084508438_340072_11517" shape="poly"><point x="35" y="4528"/><point x="315" y="4528"/><point x="315" y="4580"/><point x="35" y="4580"/></area><area name="Class name" refid="_19_0_3_62501eb_1576084508438_340072_11517" shape="poly"><point x="878" y="2567"/><point x="1158" y="2567"/><point x="1158" y="2619"/><point x="878" y="2619"/></area><area name="Class name" refid="_19_0_3_62501eb_1576084508438_340072_11517" shape="poly"><point x="878" y="2461"/><point x="1158" y="2461"/><point x="1158" y="2513"/><point x="878" y="2513"/></area><area name="Class name" refid="_19_0_3_62501eb_1576084508438_340072_11517" shape="poly"><point x="878" y="2037"/><point x="1158" y="2037"/><point x="1158" y="2089"/><point x="878" y="2089"/></area><area name="Class name" refid="_19_0_3_62501eb_1576084508438_340072_11517" shape="poly"><point x="878" y="2302"/><point x="1158" y="2302"/><point x="1158" y="2354"/><point x="878" y="2354"/></area><area name="Class name" refid="_19_0_3_62501eb_1576084508438_340072_11517" shape="poly"><point x="878" y="2090"/><point x="1158" y="2090"/><point x="1158" y="2142"/><point x="878" y="2142"/></area><area name="Class measure" refid="_19_0_3_62501eb_1576170667237_815450_12266" shape="poly"><point x="316" y="3203"/><point x="596" y="3203"/><point x="596" y="3255"/><point x="316" y="3255"/></area><area name="Class measure" refid="_19_0_3_62501eb_1576170667237_815450_12266" shape="poly"><point x="35" y="4475"/><point x="315" y="4475"/><point x="315" y="4527"/><point x="35" y="4527"/></area><area name="Class measure" refid="_19_0_3_62501eb_1576170667237_815450_12266" shape="poly"><point x="316" y="2620"/><point x="596" y="2620"/><point x="596" y="2672"/><point x="316" y="2672"/></area><area name="Class state of affairs" refid="_19_0_3_62501eb_1576086516037_803558_11593" shape="poly"><point x="35" y="5972"/><point x="315" y="5972"/><point x="315" y="6040"/><point x="35" y="6040"/></area><area name="Class state of affairs" refid="_19_0_3_62501eb_1576086516037_803558_11593" shape="poly"><point x="597" y="4937"/><point x="877" y="4937"/><point x="877" y="4989"/><point x="597" y="4989"/></area><area name="Class state of affairs" refid="_19_0_3_62501eb_1576086516037_803558_11593" shape="poly"><point x="597" y="5372"/><point x="877" y="5372"/><point x="877" y="5456"/><point x="597" y="5456"/></area><area name="Property" refid="_19_0_3_62501eb_1576709787037_333102_6731" shape="poly"><point x="35" y="553"/><point x="315" y="553"/><point x="315" y="605"/><point x="35" y="605"/></area><area name="Class number" refid="_19_0_3_62501eb_1581463933182_334177_7210" shape="poly"><point x="878" y="3415"/><point x="1158" y="3415"/><point x="1158" y="3467"/><point x="878" y="3467"/></area><area name="Class number" refid="_19_0_3_62501eb_1581463933182_334177_7210" shape="poly"><point x="35" y="4581"/><point x="315" y="4581"/><point x="315" y="4633"/><point x="35" y="4633"/></area><area name="Class intervention activity" refid="_19_0_3_62501eb_1581438537725_61074_6681" shape="poly"><point x="878" y="818"/><point x="1158" y="818"/><point x="1158" y="870"/><point x="878" y="870"/></area><area name="Class intervention activity" refid="_19_0_3_62501eb_1581438537725_61074_6681" shape="poly"><point x="35" y="4369"/><point x="315" y="4369"/><point x="315" y="4421"/><point x="35" y="4421"/></area><area name="Property has numeric value" refid="_19_0_3_62501eb_1575932667362_181560_6218" shape="poly"><point x="35" y="2620"/><point x="315" y="2620"/><point x="315" y="2672"/><point x="35" y="2672"/></area><area name="Class" refid="_19_0_3_62501eb_1575932666899_217198_5297" shape="poly"><point x="35" y="500"/><point x="315" y="500"/><point x="315" y="552"/><point x="35" y="552"/></area><area name="Property has method" refid="_19_0_3_62501eb_1575932667394_631964_6289" shape="poly"><point x="35" y="2514"/><point x="315" y="2514"/><point x="315" y="2566"/><point x="35" y="2566"/></area><area name="Class role of actor" refid="_19_0_3_62501eb_1576850489061_38912_6785" shape="poly"><point x="597" y="5091"/><point x="877" y="5091"/><point x="877" y="5117"/><point x="597" y="5117"/></area><area name="Class role of actor" refid="_19_0_3_62501eb_1576850489061_38912_6785" shape="poly"><point x="35" y="5669"/><point x="315" y="5669"/><point x="315" y="5721"/><point x="35" y="5721"/></area><area name="Class role of actor" refid="_19_0_3_62501eb_1576850489061_38912_6785" shape="poly"><point x="597" y="3892"/><point x="877" y="3892"/><point x="877" y="3944"/><point x="597" y="3944"/></area><area name="Property" refid="_19_0_3_62501eb_1581108785363_116033_15392" shape="poly"><point x="35" y="1348"/><point x="315" y="1348"/><point x="315" y="1400"/><point x="35" y="1400"/></area><area name="Class duration" refid="_19_0_3_62501eb_1581101175327_116348_6884" shape="poly"><point x="35" y="4157"/><point x="315" y="4157"/><point x="315" y="4209"/><point x="35" y="4209"/></area><area name="Class duration" refid="_19_0_3_62501eb_1581101175327_116348_6884" shape="poly"><point x="878" y="3521"/><point x="1158" y="3521"/><point x="1158" y="3573"/><point x="878" y="3573"/></area><area name="Class duration" refid="_19_0_3_62501eb_1581101175327_116348_6884" shape="poly"><point x="878" y="3574"/><point x="1158" y="3574"/><point x="1158" y="3626"/><point x="878" y="3626"/></area><area name="Class duration" refid="_19_0_3_62501eb_1581101175327_116348_6884" shape="poly"><point x="878" y="3468"/><point x="1158" y="3468"/><point x="1158" y="3520"/><point x="878" y="3520"/></area><area name="Property repetition duration" refid="_19_0_3_62501eb_1581101418443_883251_6985" shape="poly"><point x="35" y="3468"/><point x="315" y="3468"/><point x="315" y="3520"/><point x="35" y="3520"/></area><area name="Class person" refid="_19_0_3_62501eb_1575932666943_147059_5382" shape="poly"><point x="35" y="5197"/><point x="315" y="5197"/><point x="315" y="5265"/><point x="35" y="5265"/></area><area name="Class person" refid="_19_0_3_62501eb_1575932666943_147059_5382" shape="poly"><point x="597" y="6147"/><point x="877" y="6147"/><point x="877" y="6173"/><point x="597" y="6173"/></area><area name="Class person" refid="_19_0_3_62501eb_1575932666943_147059_5382" shape="poly"><point x="316" y="2832"/><point x="596" y="2832"/><point x="596" y="2884"/><point x="316" y="2884"/></area><area name="Class person" refid="_19_0_3_62501eb_1575932666943_147059_5382" shape="poly"><point x="878" y="1348"/><point x="1158" y="1348"/><point x="1158" y="1400"/><point x="878" y="1400"/></area><area name="Data Type anyURI" refid="_19_0_3_62501eb_1575932666978_523723_5429" shape="poly"><point x="878" y="2408"/><point x="1158" y="2408"/><point x="1158" y="2460"/><point x="878" y="2460"/></area><area name="Class quality" refid="_19_0_3_62501eb_1581442611967_928760_6856" shape="poly"><point x="35" y="5372"/><point x="315" y="5372"/><point x="315" y="5456"/><point x="35" y="5456"/></area><area name="Class quality" refid="_19_0_3_62501eb_1581442611967_928760_6856" shape="poly"><point x="316" y="3309"/><point x="596" y="3309"/><point x="596" y="3361"/><point x="316" y="3361"/></area><area name="Class quality" refid="_19_0_3_62501eb_1581442611967_928760_6856" shape="poly"><point x="316" y="3362"/><point x="596" y="3362"/><point x="596" y="3414"/><point x="316" y="3414"/></area><area name="Class quality" refid="_19_0_3_62501eb_1581442611967_928760_6856" shape="poly"><point x="878" y="1401"/><point x="1158" y="1401"/><point x="1158" y="1453"/><point x="878" y="1453"/></area></map><name humanName="Name" mode="s,e">MDMI Generic Statment Model Table</name><namespace classType="Package" humanName="Namespace" humanType="Package" icon="MDMIExampleModel_files/icon_package_906347731.png" name="MDMI Generic Statement Model" refid="_19_0_3_62501eb_1575932666657_153866_4950"/><ownedElement humanName="Owned Element"><instancespecification classType="InstanceSpecification" humanType="Instance Specification" icon="MDMIExampleModel_files/icon_instancespecification_1476812556.png" name=" : UML Standard Profile::MagicDraw Profile::DiagramTable, UML Standard Profile::MagicDraw Profile::DiagramInfo, UML Standard Profile::MagicDraw Profile::DiagramTableMapToDataSource" refid="_19_0_3_62501eb_1577747393905_806697_6577"/></ownedElement><owner classType="Package" humanName="Owner" humanType="Package" icon="MDMIExampleModel_files/icon_package_906347731.png" mode="s,e" name="MDMI Generic Statement Model" refid="_19_0_3_62501eb_1575932666657_153866_4950"/><ownerOfDiagram classType="Package" humanName="Owner Of Diagram" humanType="Package" icon="MDMIExampleModel_files/icon_package_906347731.png" name="MDMI Generic Statement Model" refid="_19_0_3_62501eb_1575932666657_153866_4950"/><qualifiedName humanName="Qualified Name" mode="e">MDMI::MDMI Generic Statement Model::MDMI Generic Statment Model Table</qualifiedName><TO_DO humanName="To Do" mode="s,e"/><DIAGRAM_TYPE_DERIVED_PROPERTY humanName="Type">Generic Table</DIAGRAM_TYPE_DERIVED_PROPERTY><visibility humanName="Visibility">public</visibility></diagram></magicdraw>