<?xml version="1.0" encoding="UTF-8"?><magicdraw><generalization classType="Generalization" humanType="Generalization" icon="MDMIExampleModel_files/icon_generalization_137055275.png" id="_19_0_3_62501eb_1575932667487_386033_6503"><APPLIED_STEREOTYPES humanName="Applied Stereotype" mode="s,e"><stereotype classType="Stereotype" humanType="Stereotype" icon="MDMIExampleModel_files/icon_stereotype_137055275.png" name="Equivalent Class" refid="_18_0_4_8d40284_1459972500203_691763_4288"/></APPLIED_STEREOTYPES><appliedStereotype humanName="Applied Stereotype" mode="s,e"><stereotype classType="Stereotype" humanType="Stereotype" icon="MDMIExampleModel_files/icon_stereotype_137055275.png" name="Equivalent Class" refid="_18_0_4_8d40284_1459972500203_691763_4288"><property classType="Property" humanName="Base_ Generalization" humanType="Property" icon="MDMIExampleModel_files/icon_property_2081076388.png" name="base_Generalization" refid="_18_0_4_8d40284_1460034093697_967638_4290"/></stereotype></appliedStereotype><appliedStereotypeInstance classType="InstanceSpecification" humanName="Applied Stereotype Instance" humanType="Instance Specification" icon="MDMIExampleModel_files/icon_instancespecification_1476812556.png" name=" : Concept Modeling Profile::Equivalent Class" refid="_19_0_3_62501eb_1575932667487_640439_6504"/><documentation humanName="Documentation"/><general classType="Class" humanName="General" humanType="Class" icon="MDMIExampleModel_files/icon_class_197855654.png" mode="s,e" name="bibliographic citation" refid="_19_0_3_62501eb_1575932666843_840779_5195"/><isSubstitutable humanName="Is Substitutable">true</isSubstitutable><ownedElement humanName="Owned Element"><instancespecification classType="InstanceSpecification" humanType="Instance Specification" icon="MDMIExampleModel_files/icon_instancespecification_1476812556.png" name=" : Concept Modeling Profile::Equivalent Class" refid="_19_0_3_62501eb_1575932667487_640439_6504"/></ownedElement><owner classType="Class" humanName="Owner" humanType="Class" icon="MDMIExampleModel_files/icon_class_197855654.png" mode="s,e" name="" refid="_19_0_3_62501eb_1575932666784_613629_5100"/><relatedElement humanName="Related Element"><class classType="Class" humanType="Class" icon="MDMIExampleModel_files/icon_class_197855654.png" name="" refid="_19_0_3_62501eb_1575932666784_613629_5100"/><class classType="Class" humanType="Class" icon="MDMIExampleModel_files/icon_class_197855654.png" name="bibliographic citation" refid="_19_0_3_62501eb_1575932666843_840779_5195"/></relatedElement><source humanName="Source"><class classType="Class" humanType="Class" icon="MDMIExampleModel_files/icon_class_197855654.png" name="" refid="_19_0_3_62501eb_1575932666784_613629_5100"/></source><specific classType="Class" humanName="Specific" humanType="Class" icon="MDMIExampleModel_files/icon_class_197855654.png" mode="s,e" name="" refid="_19_0_3_62501eb_1575932666784_613629_5100"/><target humanName="Target"><class classType="Class" humanType="Class" icon="MDMIExampleModel_files/icon_class_197855654.png" name="bibliographic citation" refid="_19_0_3_62501eb_1575932666843_840779_5195"/></target><TO_DO humanName="To Do" mode="s,e"/></generalization></magicdraw>