<?xml version="1.0" encoding="UTF-8"?><magicdraw><comment classType="Comment" humanType="Comment" icon="MDMIExampleModel_files/icon_comment_1248435962.png" id="_19_0_3_62501eb_1575932667894_206688_7538"><annotatedElement humanName="Annotated Element" mode="s,e"><package classType="Package" humanType="Package" icon="MDMIExampleModel_files/icon_package_906347731.png" name="MDMI Generic Statement Model" refid="_19_0_3_62501eb_1575932666657_153866_4950"/></annotatedElement><APPLIED_STEREOTYPES humanName="Applied Stereotype" mode="s,e"><stereotype classType="Stereotype" humanType="Stereotype" icon="MDMIExampleModel_files/icon_stereotype_1164289802.png" name="Literal Annotation" refid="_18_0_6_8d40284_1529075556359_481044_4712"/></APPLIED_STEREOTYPES><appliedStereotype humanName="Applied Stereotype" mode="s,e"><stereotype classType="Stereotype" humanType="Stereotype" icon="MDMIExampleModel_files/icon_stereotype_1164289802.png" name="Literal Annotation" refid="_18_0_6_8d40284_1529075556359_481044_4712"><property classType="Property" humanName="Annotation Property" humanType="Property" icon="MDMIExampleModel_files/icon_property_2081076388.png" name="annotationProperty" refid="_18_0_4_8d40284_1446637901611_333092_4293"><property classType="Property" humanType="Property" icon="MDMIExampleModel_files/icon_property_2081076388.png" name="alternative label" refid="_19_0_3_62501eb_1575932667355_275893_6201"/></property><property classType="Property" humanName="Base_ Comment" humanType="Property" icon="MDMIExampleModel_files/icon_property_2081076388.png" name="base_Comment" refid="_18_0_6_8d40284_1529075563218_973152_4714"/><property classType="Property" humanName="Base_ Comment" humanType="Property" icon="MDMIExampleModel_files/icon_property_2081076388.png" name="base_Comment" refid="_18_0_4_8d40284_1446637851399_224264_4289"/><property classType="Property" humanName="Datatype" humanType="Property" icon="MDMIExampleModel_files/icon_property_2081076388.png" name="datatype" refid="_18_0_6_8d40284_1525856815617_605073_4892"><primitivetype classType="PrimitiveType" humanType="Primitive Type" icon="MDMIExampleModel_files/icon_primitivetype_1340086275.png" name="String" refid="_9_0_2_91a0295_1110274713995_297054_0"/></property><property classType="Property" humanName="Language" humanType="Property" icon="MDMIExampleModel_files/icon_property_2081076388.png" name="language" refid="_18_0_6_17770441_1521589781350_530230_4650"/></stereotype></appliedStereotype><appliedStereotypeInstance classType="InstanceSpecification" humanName="Applied Stereotype Instance" humanType="Instance Specification" icon="MDMIExampleModel_files/icon_instancespecification_1476812556.png" name=" : Concept Modeling Profile::Literal Annotation" refid="_19_0_3_62501eb_1575932667895_1025_7539"/><body humanName="Body" mode="s,e">MDMI</body><documentation humanName="Documentation"/><ownedElement humanName="Owned Element"><instancespecification classType="InstanceSpecification" humanType="Instance Specification" icon="MDMIExampleModel_files/icon_instancespecification_1476812556.png" name=" : Concept Modeling Profile::Literal Annotation" refid="_19_0_3_62501eb_1575932667895_1025_7539"/></ownedElement><owner classType="Package" humanName="Owner" humanType="Package" icon="MDMIExampleModel_files/icon_package_906347731.png" mode="s,e" name="MDMI Generic Statement Model" refid="_19_0_3_62501eb_1575932666657_153866_4950"/><owningElement classType="Package" humanName="Owning Element" humanType="Package" icon="MDMIExampleModel_files/icon_package_906347731.png" name="MDMI Generic Statement Model" refid="_19_0_3_62501eb_1575932666657_153866_4950"/><TO_DO humanName="To Do" mode="s,e"/></comment></magicdraw>