<?xml version="1.0" encoding="UTF-8"?><magicdraw><generalization classType="Generalization" humanType="Generalization" icon="MDMIExampleModel_files/icon_generalization_1785807415.png" id="_19_0_3_62501eb_1576850791747_379209_6927"><APPLIED_STEREOTYPES humanName="Applied Stereotype" mode="s,e"><stereotype classType="Stereotype" humanType="Stereotype" icon="MDMIExampleModel_files/icon_stereotype_1164289802.png" name="Facet Of" refid="_17_0_5_1_7b3022e_1400519996298_378531_5942"/></APPLIED_STEREOTYPES><appliedStereotype humanName="Applied Stereotype" mode="s,e"><stereotype classType="Stereotype" humanType="Stereotype" icon="MDMIExampleModel_files/icon_stereotype_1164289802.png" name="Facet Of" refid="_17_0_5_1_7b3022e_1400519996298_378531_5942"><property classType="Property" humanName="Base_ Generalization" humanType="Property" icon="MDMIExampleModel_files/icon_property_2081076388.png" name="base_Generalization" refid="_17_0_5_1_7b3022e_1400679376520_623189_4591"/><property classType="Property" humanName="Base_ Generalization Set" humanType="Property" icon="MDMIExampleModel_files/icon_property_2081076388.png" name="base_GeneralizationSet" refid="_19_0_1_8d40284_1551284256064_546470_4686"/></stereotype></appliedStereotype><appliedStereotypeInstance classType="InstanceSpecification" humanName="Applied Stereotype Instance" humanType="Instance Specification" icon="MDMIExampleModel_files/icon_instancespecification_1476812556.png" name=" : Concept Modeling Profile::Facet Of" refid="_19_0_3_62501eb_1576850802835_855088_6929"/><documentation humanName="Documentation"/><general classType="Class" humanName="General" humanType="Class" icon="MDMIExampleModel_files/icon_class_197855654.png" mode="s,e" name="person" refid="_19_0_3_62501eb_1575932666943_147059_5382"/><isSubstitutable humanName="Is Substitutable">true</isSubstitutable><ownedElement humanName="Owned Element"><instancespecification classType="InstanceSpecification" humanType="Instance Specification" icon="MDMIExampleModel_files/icon_instancespecification_1476812556.png" name=" : Concept Modeling Profile::Facet Of" refid="_19_0_3_62501eb_1576850802835_855088_6929"/></ownedElement><owner classType="Class" humanName="Owner" humanType="Class" icon="MDMIExampleModel_files/icon_class_197855654.png" mode="s,e" name="subject" refid="_19_0_3_62501eb_1576850740293_252071_6897"/><relatedElement humanName="Related Element"><class classType="Class" humanType="Class" icon="MDMIExampleModel_files/icon_class_197855654.png" name="person" refid="_19_0_3_62501eb_1575932666943_147059_5382"/><class classType="Class" humanType="Class" icon="MDMIExampleModel_files/icon_class_197855654.png" name="subject" refid="_19_0_3_62501eb_1576850740293_252071_6897"/></relatedElement><source humanName="Source"><class classType="Class" humanType="Class" icon="MDMIExampleModel_files/icon_class_197855654.png" name="subject" refid="_19_0_3_62501eb_1576850740293_252071_6897"/></source><specific classType="Class" humanName="Specific" humanType="Class" icon="MDMIExampleModel_files/icon_class_197855654.png" mode="s,e" name="subject" refid="_19_0_3_62501eb_1576850740293_252071_6897"/><target humanName="Target"><class classType="Class" humanType="Class" icon="MDMIExampleModel_files/icon_class_197855654.png" name="person" refid="_19_0_3_62501eb_1575932666943_147059_5382"/></target><TO_DO humanName="To Do" mode="s,e"/><appearsIn><diagram classType="Diagram" humanType="Diagram" icon="MDMIExampleModel_files/icon_Concept Modeling Diagram_908398659.png" name="MDMI Model Complete" refid="_19_0_3_62501eb_1575932723465_630876_8237"/><diagram classType="Diagram" humanType="Diagram" icon="MDMIExampleModel_files/icon_Concept Modeling Diagram_908398659.png" name="MDMI Generic Statement Model" refid="_19_0_3_62501eb_1581107569012_223945_9467"/><diagram classType="Diagram" humanType="Diagram" icon="MDMIExampleModel_files/icon_Concept Modeling Diagram_908398659.png" name="MDMI Example Healthcare domain model" refid="_19_0_3_62501eb_1581107580097_335037_11353"/></appearsIn></generalization></magicdraw>