<?xml version="1.0" encoding="UTF-8"?><magicdraw><instancespecification classType="InstanceSpecification" humanType="Instance Specification" icon="MDMIExampleModel_files/icon_instancespecification_1476812556.png" id="_19_0_3_62501eb_1576850802835_855088_6929"><classifier humanName="Classifier" mode="s,e"><stereotype classType="Stereotype" humanType="Stereotype" icon="MDMIExampleModel_files/icon_stereotype_1164289802.png" name="Facet Of" refid="_17_0_5_1_7b3022e_1400519996298_378531_5942"/></classifier><documentation humanName="Documentation"/><name humanName="Name" mode="s,e"/><owner classType="Generalization" humanName="Owner" humanType="Generalization" icon="MDMIExampleModel_files/icon_generalization_1785807415.png" isRelationship="true" mode="s,e" refid="_19_0_3_62501eb_1576850791747_379209_6927"/><qualifiedName humanName="Qualified Name" mode="e"/><stereotypedElement classType="Generalization" humanName="Stereotyped Element" humanType="Generalization" icon="MDMIExampleModel_files/icon_generalization_1785807415.png" isRelationship="true" refid="_19_0_3_62501eb_1576850791747_379209_6927"/><TO_DO humanName="To Do" mode="s,e"/><visibility humanName="Visibility">public</visibility></instancespecification></magicdraw>