<?xml version="1.0" encoding="UTF-8"?><magicdraw><literalunlimitednatural classType="LiteralUnlimitedNatural" humanType="Literal Unlimited Natural" icon="MDMIExampleModel_files/icon_literalunlimitednatural_1707148776.png" id="_19_0_3_62501eb_1576171289967_885020_12339"><documentation humanName="Documentation"/><name humanName="Name"/><owner classType="Property" humanName="Owner" humanType="Property" icon="MDMIExampleModel_files/icon_property_2081076388.png" mode="e" name="has site" refid="_19_0_3_62501eb_1576171289955_293204_12330"/><owningUpper classType="Property" humanName="Owning Upper" humanType="Property" icon="MDMIExampleModel_files/icon_property_2081076388.png" name="has site" refid="_19_0_3_62501eb_1576171289955_293204_12330"/><qualifiedName humanName="Qualified Name">MDMI::MDMI Example Healthcare Domain Model::clinical situation::has site::</qualifiedName><text humanName="Text" mode="standard">1</text><TO_DO humanName="To Do"/><TYPE_MODIFIER humanName="Type Modifier"/><value humanName="Value" mode="s,e">1</value><visibility humanName="Visibility">public</visibility></literalunlimitednatural></magicdraw>