<?xml version="1.0" encoding="UTF-8"?><magicdraw><class classType="Class" humanType="Class" icon="MDMIExampleModel_files/icon_class_197855654.png" id="_19_0_3_62501eb_1575932666749_640357_5048"><allGeneralClassifiers humanName="All General Classifiers"><class classType="Class" humanType="Class" icon="MDMIExampleModel_files/icon_class_197855654.png" name="entity" refid="_19_0_3_62501eb_1575932666833_337404_5177"/><class classType="Class" humanType="Class" icon="MDMIExampleModel_files/icon_class_197855654.png" name="Thing" refid="_19_0_3_62501eb_1575932666741_328464_5038"/></allGeneralClassifiers><allSpecificClassifiers humanName="All Specific Classifiers"><class classType="Class" humanType="Class" icon="MDMIExampleModel_files/icon_class_197855654.png" name="author" refid="_19_0_3_62501eb_1576849864957_287950_6731"/><class classType="Class" humanType="Class" icon="MDMIExampleModel_files/icon_class_197855654.png" name="device" refid="_19_0_3_62501eb_1575932666757_882646_5060"/><class classType="Class" humanType="Class" icon="MDMIExampleModel_files/icon_class_197855654.png" name="organization" refid="_19_0_3_62501eb_1575932666929_866372_5357"/><class classType="Class" humanType="Class" icon="MDMIExampleModel_files/icon_class_197855654.png" name="participant" refid="_19_0_3_62501eb_1576850536524_218970_6810"/><class classType="Class" humanType="Class" icon="MDMIExampleModel_files/icon_class_197855654.png" name="performer" refid="_19_0_3_62501eb_1576850580916_621317_6852"/><class classType="Class" humanType="Class" icon="MDMIExampleModel_files/icon_class_197855654.png" name="person" refid="_19_0_3_62501eb_1575932666943_147059_5382"/><class classType="Class" humanType="Class" icon="MDMIExampleModel_files/icon_class_197855654.png" name="responsible actor" refid="_19_0_3_62501eb_1575934072041_722247_10489"/><class classType="Class" humanType="Class" icon="MDMIExampleModel_files/icon_class_197855654.png" name="role of actor" refid="_19_0_3_62501eb_1576850489061_38912_6785"/><class classType="Class" humanType="Class" icon="MDMIExampleModel_files/icon_class_197855654.png" name="software agent" refid="_19_0_3_62501eb_1576849320133_762448_6658"/><class classType="Class" humanType="Class" icon="MDMIExampleModel_files/icon_class_197855654.png" name="subject" refid="_19_0_3_62501eb_1576850740293_252071_6897"/></allSpecificClassifiers><APPLIED_STEREOTYPES humanName="Applied Stereotype" mode="s,e"><stereotype classType="Stereotype" humanType="Stereotype" icon="MDMIExampleModel_files/icon_stereotype_1164289802.png" name="Resource" refid="_18_0_1_8bf027c_1408661908824_320374_5622"/></APPLIED_STEREOTYPES><appliedStereotype humanName="Applied Stereotype" mode="s,e"><stereotype classType="Stereotype" humanType="Stereotype" icon="MDMIExampleModel_files/icon_stereotype_1164289802.png" name="Resource" refid="_18_0_1_8bf027c_1408661908824_320374_5622"><property classType="Property" humanName="Base_ Class" humanType="Property" icon="MDMIExampleModel_files/icon_property_2081076388.png" name="base_Class" refid="_18_0_2_8bf027c_1422543627022_363414_4277"/><property classType="Property" humanName="Base_ Data Type" humanType="Property" icon="MDMIExampleModel_files/icon_property_2081076388.png" name="base_DataType" refid="_18_0_6_17770441_1507741165315_119007_4655"/><property classType="Property" humanName="Base_ Package" humanType="Property" icon="MDMIExampleModel_files/icon_property_2081076388.png" name="base_Package" refid="_18_0_1_8bf027c_1408661916404_267165_5624"/><property classType="Property" humanName="Base_ Property" humanType="Property" icon="MDMIExampleModel_files/icon_property_2081076388.png" name="base_Property" refid="_18_0_2_8bf027c_1422543627015_674115_4272"/><property classType="Property" humanName="IRI" humanType="Property" icon="MDMIExampleModel_files/icon_property_2081076388.png" name="IRI" refid="_18_0_2_8bf027c_1422542645920_899661_4258"><String>actor</String></property><property classType="Property" humanName="Label" humanType="Property" icon="MDMIExampleModel_files/icon_property_2081076388.png" name="label" refid="_19_0_8d40284_1546312882041_949754_4691"><String>actor</String></property></stereotype></appliedStereotype><appliedStereotypeInstance classType="InstanceSpecification" humanName="Applied Stereotype Instance" humanType="Instance Specification" icon="MDMIExampleModel_files/icon_instancespecification_1476812556.png" name=" : Concept Modeling Profile::Resource" refid="_19_0_3_62501eb_1575932666750_657124_5049"/><derivedExplanation humanName="Derived Explanation"/><documentation humanName="Documentation" mode="standard">a role an entity can take</documentation><effectiveIRI humanName="Effective IRI" mode="s,e">https://www.omg.org/spec/MDMI/MDMIExample/actor</effectiveIRI><generalization humanName="Generalization"><generalization classType="Generalization" humanType="Generalization" icon="MDMIExampleModel_files/icon_generalization_1785807415.png" isRelationship="true" refid="_19_0_3_62501eb_1576088953187_834455_11732"/></generalization><inheritedMember humanName="Inherited Member"><property classType="Property" humanType="Property" icon="MDMIExampleModel_files/icon_property_2081076388.png" name="has id" refid="_19_0_3_62501eb_1575932666986_460361_5442"/><property classType="Property" humanType="Property" icon="MDMIExampleModel_files/icon_property_2081076388.png" name="has name" refid="_19_0_3_62501eb_1575932667382_843344_6263"/></inheritedMember><isAbstract humanName="Is Abstract" mode="s,e">false</isAbstract><isActive humanName="Is Active" mode="s,e">false</isActive><isFinalSpecialization humanName="Is Final Specialization" mode="e">false</isFinalSpecialization><isLeaf humanName="Is Leaf" mode="e">false</isLeaf><member humanName="Member"><property classType="Property" humanType="Property" icon="MDMIExampleModel_files/icon_property_2081076388.png" name="has id" refid="_19_0_3_62501eb_1575932666986_460361_5442"/><property classType="Property" humanType="Property" icon="MDMIExampleModel_files/icon_property_2081076388.png" name="has name" refid="_19_0_3_62501eb_1575932667382_843344_6263"/></member><name humanName="Name" mode="s,e">actor</name><namespace classType="Package" humanName="Namespace" humanType="Package" icon="MDMIExampleModel_files/icon_package_906347731.png" name="MDMI Generic Statement Model" refid="_19_0_3_62501eb_1575932666657_153866_4950"/><ownedComment humanName="Owned Comment"><comment classType="Comment" humanType="Comment" icon="MDMIExampleModel_files/icon_comment_318950125.png" refid="_19_0_3_62501eb_1575932667921_176387_7612"/></ownedComment><ownedElement humanName="Owned Element"><generalization classType="Generalization" humanType="Generalization" icon="MDMIExampleModel_files/icon_generalization_1785807415.png" isRelationship="true" refid="_19_0_3_62501eb_1576088953187_834455_11732"/><comment classType="Comment" humanType="Comment" icon="MDMIExampleModel_files/icon_comment_318950125.png" refid="_19_0_3_62501eb_1575932667921_176387_7612"/><instancespecification classType="InstanceSpecification" humanType="Instance Specification" icon="MDMIExampleModel_files/icon_instancespecification_1476812556.png" name=" : Concept Modeling Profile::Resource" refid="_19_0_3_62501eb_1575932666750_657124_5049"/></ownedElement><owner classType="Package" humanName="Owner" humanType="Package" icon="MDMIExampleModel_files/icon_package_906347731.png" mode="s,e" name="MDMI Generic Statement Model" refid="_19_0_3_62501eb_1575932666657_153866_4950"/><owningPackage classType="Package" humanName="Owning Package" humanType="Package" icon="MDMIExampleModel_files/icon_package_906347731.png" name="MDMI Generic Statement Model" refid="_19_0_3_62501eb_1575932666657_153866_4950"/><package classType="Package" humanName="Package" humanType="Package" icon="MDMIExampleModel_files/icon_package_906347731.png" name="MDMI Generic Statement Model" refid="_19_0_3_62501eb_1575932666657_153866_4950"/><qualifiedName humanName="Qualified Name" mode="e">MDMI::MDMI Generic Statement Model::actor</qualifiedName><specificClassifier humanName="Specific Classifier"><class classType="Class" humanType="Class" icon="MDMIExampleModel_files/icon_class_197855654.png" name="device" refid="_19_0_3_62501eb_1575932666757_882646_5060"/><class classType="Class" humanType="Class" icon="MDMIExampleModel_files/icon_class_197855654.png" name="responsible actor" refid="_19_0_3_62501eb_1575934072041_722247_10489"/><class classType="Class" humanType="Class" icon="MDMIExampleModel_files/icon_class_197855654.png" name="role of actor" refid="_19_0_3_62501eb_1576850489061_38912_6785"/><class classType="Class" humanType="Class" icon="MDMIExampleModel_files/icon_class_197855654.png" name="software agent" refid="_19_0_3_62501eb_1576849320133_762448_6658"/></specificClassifier><superClass humanName="Super Class"><class classType="Class" humanType="Class" icon="MDMIExampleModel_files/icon_class_197855654.png" name="entity" refid="_19_0_3_62501eb_1575932666833_337404_5177"/></superClass><TO_DO humanName="To Do" mode="s,e"/><visibility humanName="Visibility" mode="e">public</visibility><appearsIn><diagram classType="Diagram" humanType="Diagram" icon="MDMIExampleModel_files/icon_Concept Modeling Diagram_908398659.png" name="MDMI Model Complete" refid="_19_0_3_62501eb_1575932723465_630876_8237"/><diagram classType="Diagram" humanType="Diagram" icon="MDMIExampleModel_files/icon_Generic Table_1027115338.png" name="MDMI Generic Statment Model Table" refid="_19_0_3_62501eb_1577747393905_443025_6576"/><diagram classType="Diagram" humanType="Diagram" icon="MDMIExampleModel_files/icon_Concept Modeling Diagram_908398659.png" name="MDMI Generic Statement Model" refid="_19_0_3_62501eb_1581107569012_223945_9467"/></appearsIn></class></magicdraw>