<?xml version="1.0" encoding="UTF-8"?><magicdraw><association classType="Association" humanType="Association" icon="MDMIExampleModel_files/icon_association_1244187993.png" id="_19_0_3_62501eb_1575938781063_129868_11137"><documentation humanName="Documentation"/><endType humanName="End Type"><class classType="Class" humanType="Class" icon="MDMIExampleModel_files/icon_class_197855654.png" name="medication" refid="_19_0_3_62501eb_1575938749735_717594_11092"/><class classType="Class" humanType="Class" icon="MDMIExampleModel_files/icon_class_197855654.png" name="medication activity" refid="_19_0_3_62501eb_1575932666846_481711_5201"/></endType><feature humanName="Feature"><property classType="Property" humanType="Property" icon="MDMIExampleModel_files/icon_property_2081076388.png" name=" : MDMI::MDMI Example Healthcare Domain Model::medication activity" refid="_19_0_3_62501eb_1575938781064_682315_11139"/></feature><isAbstract humanName="Is Abstract">false</isAbstract><isDerived humanName="Is Derived">false</isDerived><isFinalSpecialization humanName="Is Final Specialization">false</isFinalSpecialization><isLeaf humanName="Is Leaf">false</isLeaf><member humanName="Member"><property classType="Property" humanType="Property" icon="MDMIExampleModel_files/icon_property_2081076388.png" name=" : MDMI::MDMI Example Healthcare Domain Model::medication activity" refid="_19_0_3_62501eb_1575938781064_682315_11139"/><property classType="Property" humanType="Property" icon="MDMIExampleModel_files/icon_property_2081076388.png" name="consumes" refid="_19_0_3_62501eb_1575938781063_864467_11138"/></member><memberEnd humanName="Member End"><property classType="Property" humanType="Property" icon="MDMIExampleModel_files/icon_property_2081076388.png" name=" : MDMI::MDMI Example Healthcare Domain Model::medication activity" refid="_19_0_3_62501eb_1575938781064_682315_11139"/><property classType="Property" humanType="Property" icon="MDMIExampleModel_files/icon_property_2081076388.png" name="consumes" refid="_19_0_3_62501eb_1575938781063_864467_11138"/></memberEnd><name humanName="Name" mode="s,e"/><namespace classType="Package" humanName="Namespace" humanType="Package" icon="MDMIExampleModel_files/icon_package_906347731.png" name="MDMI Example Healthcare Domain Model" refid="_19_0_3_62501eb_1581106119184_43976_7372"/><ownedElement humanName="Owned Element"><property classType="Property" humanType="Property" icon="MDMIExampleModel_files/icon_property_2081076388.png" name=" : MDMI::MDMI Example Healthcare Domain Model::medication activity" refid="_19_0_3_62501eb_1575938781064_682315_11139"/></ownedElement><ownedEnd humanName="Owned End"><property classType="Property" humanType="Property" icon="MDMIExampleModel_files/icon_property_2081076388.png" name=" : MDMI::MDMI Example Healthcare Domain Model::medication activity" refid="_19_0_3_62501eb_1575938781064_682315_11139"/></ownedEnd><ownedMember humanName="Owned Member"><property classType="Property" humanType="Property" icon="MDMIExampleModel_files/icon_property_2081076388.png" name=" : MDMI::MDMI Example Healthcare Domain Model::medication activity" refid="_19_0_3_62501eb_1575938781064_682315_11139"/></ownedMember><owner classType="Package" humanName="Owner" humanType="Package" icon="MDMIExampleModel_files/icon_package_906347731.png" mode="s,e" name="MDMI Example Healthcare Domain Model" refid="_19_0_3_62501eb_1581106119184_43976_7372"/><owningPackage classType="Package" humanName="Owning Package" humanType="Package" icon="MDMIExampleModel_files/icon_package_906347731.png" name="MDMI Example Healthcare Domain Model" refid="_19_0_3_62501eb_1581106119184_43976_7372"/><package classType="Package" humanName="Package" humanType="Package" icon="MDMIExampleModel_files/icon_package_906347731.png" name="MDMI Example Healthcare Domain Model" refid="_19_0_3_62501eb_1581106119184_43976_7372"/><qualifiedName humanName="Qualified Name" mode="e">MDMI::MDMI Example Healthcare Domain Model::</qualifiedName><relatedElement humanName="Related Element"><class classType="Class" humanType="Class" icon="MDMIExampleModel_files/icon_class_197855654.png" name="medication" refid="_19_0_3_62501eb_1575938749735_717594_11092"/><class classType="Class" humanType="Class" icon="MDMIExampleModel_files/icon_class_197855654.png" name="medication activity" refid="_19_0_3_62501eb_1575932666846_481711_5201"/></relatedElement><TO_DO humanName="To Do"/><visibility humanName="Visibility" mode="s,e">public</visibility><appearsIn><diagram classType="Diagram" humanType="Diagram" icon="MDMIExampleModel_files/icon_Concept Modeling Diagram_908398659.png" name="MDMI Model Complete" refid="_19_0_3_62501eb_1575932723465_630876_8237"/><diagram classType="Diagram" humanType="Diagram" icon="MDMIExampleModel_files/icon_Concept Modeling Diagram_908398659.png" name="MDMI Example Healthcare domain model" refid="_19_0_3_62501eb_1581107580097_335037_11353"/></appearsIn></association></magicdraw>