<?xml version="1.0" encoding="UTF-8"?><magicdraw><property classType="Property" humanType="Property" icon="MDMIExampleModel_files/icon_property_2081076388.png" id="_19_0_3_62501eb_1578694996433_774413_6726"><aggregation humanName="Aggregation" mode="s,e">none</aggregation><APPLIED_STEREOTYPES humanName="Applied Stereotype" mode="s,e"><stereotype classType="Stereotype" humanType="Stereotype" icon="MDMIExampleModel_files/icon_stereotype_1164289802.png" name="Restriction" refid="_18_4_62501eb_1475863437366_111799_5462"/></APPLIED_STEREOTYPES><appliedStereotype humanName="Applied Stereotype" mode="s,e"><stereotype classType="Stereotype" humanType="Stereotype" icon="MDMIExampleModel_files/icon_stereotype_1164289802.png" name="Restriction" refid="_18_4_62501eb_1475863437366_111799_5462"><property classType="Property" humanName="Base_ Property" humanType="Property" icon="MDMIExampleModel_files/icon_property_2081076388.png" name="base_Property" refid="_18_4_62501eb_1475863691139_593281_5553"/></stereotype></appliedStereotype><appliedStereotypeInstance classType="InstanceSpecification" humanName="Applied Stereotype Instance" humanType="Instance Specification" icon="MDMIExampleModel_files/icon_instancespecification_1476812556.png" name=" : Concept Modeling Profile::Restriction" refid="_19_0_3_62501eb_1578695004692_96807_6740"/><association classType="Association" humanName="Association" humanType="Association" icon="MDMIExampleModel_files/icon_association_1244187993.png" isRelationship="true" name="Association[MDMI::MDMI Example Healthcare Domain Model::allergy opinion -&gt; MDMI::MDMI Example Healthcare Domain Model::allergy]" refid="_19_0_3_62501eb_1578694996433_76357_6725"/><UMLClass classType="Class" humanName="Class" humanType="Class" icon="MDMIExampleModel_files/icon_class_197855654.png" name="allergy opinion" refid="_19_0_3_62501eb_1578694889873_510687_6655"/><classifier classType="Class" humanName="Classifier" humanType="Class" icon="MDMIExampleModel_files/icon_class_197855654.png" name="allergy opinion" refid="_19_0_3_62501eb_1578694889873_510687_6655"/><documentation humanName="Documentation"/><effectiveIRI humanName="Effective IRI" mode="s,e">https://www.omg.org/spec/MDMI/MDMIExample/isOpinionAbout</effectiveIRI><featuringClassifier classType="Class" humanName="Featuring Classifier" humanType="Class" icon="MDMIExampleModel_files/icon_class_197855654.png" name="allergy opinion" refid="_19_0_3_62501eb_1578694889873_510687_6655"/><isComposite humanName="Is Composite">false</isComposite><isDerived humanName="Is Derived" mode="s,e">false</isDerived><isDerivedUnion humanName="Is Derived Union" mode="e">false</isDerivedUnion><isID humanName="Is ID" mode="e">false</isID><isLeaf humanName="Is Leaf">false</isLeaf><isOrdered humanName="Is Ordered" mode="e">false</isOrdered><isReadOnly humanName="Is Read Only" mode="s,e">false</isReadOnly><isStatic humanName="Is Static" mode="s,e">false</isStatic><isUnique humanName="Is Unique" mode="e">true</isUnique><lower humanName="Lower">0</lower><lowerValue classType="LiteralInteger" humanName="Lower Value" humanType="Literal Integer" icon="MDMIExampleModel_files/icon_literalinteger_44854703.png" name="0" refid="_19_0_3_62501eb_1578694996447_451686_6734" text="0"/><multiplicity humanName="Multiplicity" mode="s,e">0..*</multiplicity><multiplicity humanName="Multiplicity" mode="s,e">0..*</multiplicity><name humanName="Name" mode="s,e"/><namespace classType="Class" humanName="Namespace" humanType="Class" icon="MDMIExampleModel_files/icon_class_197855654.png" name="allergy opinion" refid="_19_0_3_62501eb_1578694889873_510687_6655"/><navigable humanName="Navigable" mode="e">true</navigable><opposite classType="Property" humanName="Opposite" humanType="Property" icon="MDMIExampleModel_files/icon_property_2081076388.png" name=" : MDMI::MDMI Example Healthcare Domain Model::allergy opinion" refid="_19_0_3_62501eb_1578694996434_437053_6727"/><ownedBy classType="Class" humanName="Owned By" humanType="Class" icon="MDMIExampleModel_files/icon_class_197855654.png" mode="s,e" name="allergy opinion" refid="_19_0_3_62501eb_1578694889873_510687_6655"/><ownedElement humanName="Owned Element"><instancespecification classType="InstanceSpecification" humanType="Instance Specification" icon="MDMIExampleModel_files/icon_instancespecification_1476812556.png" name=" : Concept Modeling Profile::Restriction" refid="_19_0_3_62501eb_1578695004692_96807_6740"/><literalunlimitednatural classType="LiteralUnlimitedNatural" humanType="Literal Unlimited Natural" icon="MDMIExampleModel_files/icon_literalunlimitednatural_1707148776.png" name="*" refid="_19_0_3_62501eb_1578694996448_990471_6735" text="*"/><literalinteger classType="LiteralInteger" humanType="Literal Integer" icon="MDMIExampleModel_files/icon_literalinteger_44854703.png" name="0" refid="_19_0_3_62501eb_1578694996447_451686_6734" text="0"/></ownedElement><owner classType="Class" humanName="Owner" humanType="Class" icon="MDMIExampleModel_files/icon_class_197855654.png" name="allergy opinion" refid="_19_0_3_62501eb_1578694889873_510687_6655"/><qualifiedName humanName="Qualified Name" mode="e">MDMI::MDMI Example Healthcare Domain Model::allergy opinion::</qualifiedName><redefinedElement humanName="Redefined Element"><property classType="Property" humanType="Property" icon="MDMIExampleModel_files/icon_property_2081076388.png" name="is opinion about" refid="_19_0_3_62501eb_1576083879287_407590_11486"/></redefinedElement><redefinedProperty humanName="Redefined Property" mode="e"><property classType="Property" humanType="Property" icon="MDMIExampleModel_files/icon_property_2081076388.png" name="is opinion about" refid="_19_0_3_62501eb_1576083879287_407590_11486"/></redefinedProperty><redefinitionContext humanName="Redefinition Context"><class classType="Class" humanType="Class" icon="MDMIExampleModel_files/icon_class_197855654.png" name="allergy opinion" refid="_19_0_3_62501eb_1578694889873_510687_6655"/></redefinitionContext><TO_DO humanName="To Do" mode="s,e"/><type classType="Class" humanName="Type" humanType="Class" icon="MDMIExampleModel_files/icon_class_197855654.png" mode="s,e" name="allergy" refid="_19_0_3_62501eb_1578694912303_354692_6680"/><TYPE_MODIFIER humanName="Type Modifier" mode="e"/><upper humanName="Upper">-1</upper><upperValue classType="LiteralUnlimitedNatural" humanName="Upper Value" humanType="Literal Unlimited Natural" icon="MDMIExampleModel_files/icon_literalunlimitednatural_1707148776.png" name="*" refid="_19_0_3_62501eb_1578694996448_990471_6735" text="*"/><visibility humanName="Visibility" mode="s,e">public</visibility><appearsIn><diagram classType="Diagram" humanType="Diagram" icon="MDMIExampleModel_files/icon_Generic Table_1027115338.png" name="MDMI Example Healthcare Domain Model Table" refid="_19_0_3_62501eb_1581544907504_393675_6946"/><diagram classType="Diagram" humanType="Diagram" icon="MDMIExampleModel_files/icon_Concept Modeling Diagram_908398659.png" name="MDMI Model Complete" refid="_19_0_3_62501eb_1575932723465_630876_8237"/><diagram classType="Diagram" humanType="Diagram" icon="MDMIExampleModel_files/icon_Concept Modeling Diagram_908398659.png" name="MDMI Example Healthcare domain model" refid="_19_0_3_62501eb_1581107580097_335037_11353"/></appearsIn></property></magicdraw>