<?xml version="1.0" encoding="UTF-8"?><magicdraw><instancespecification classType="InstanceSpecification" humanType="Instance Specification" icon="MDMIExampleModel_files/icon_instancespecification_1476812556.png" id="_19_0_3_62501eb_1576096202374_502278_11862"><classifier humanName="Classifier" mode="s,e"><stereotype classType="Stereotype" humanType="Stereotype" icon="MDMIExampleModel_files/icon_stereotype_1164289802.png" name="Restriction" refid="_18_4_62501eb_1475863437366_111799_5462"/></classifier><documentation humanName="Documentation"/><name humanName="Name" mode="s,e"/><owner classType="Property" humanName="Owner" humanType="Property" icon="MDMIExampleModel_files/icon_property_2081076388.png" mode="s,e" name=" : MDMI::MDMI Generic Statement Model::observation [0..*]" refid="_19_0_3_62501eb_1576096197023_207180_11848"/><qualifiedName humanName="Qualified Name" mode="e">MDMI::MDMI Generic Statement Model::observation request::::</qualifiedName><stereotypedElement classType="Property" humanName="Stereotyped Element" humanType="Property" icon="MDMIExampleModel_files/icon_property_2081076388.png" name=" : MDMI::MDMI Generic Statement Model::observation [0..*]" refid="_19_0_3_62501eb_1576096197023_207180_11848"/><TO_DO humanName="To Do" mode="s,e"/><visibility humanName="Visibility">public</visibility></instancespecification></magicdraw>