<?xml version="1.0" encoding="UTF-8"?><magicdraw><instancespecification classType="InstanceSpecification" humanType="Instance Specification" icon="MDMIExampleModel_files/icon_instancespecification_1476812556.png" id="_19_0_3_62501eb_1575932668035_686879_7899"><classifier humanName="Classifier" mode="s,e"><stereotype classType="Stereotype" humanType="Stereotype" icon="MDMIExampleModel_files/icon_stereotype_1164289802.png" name="Literal Annotation" refid="_18_0_6_8d40284_1529075556359_481044_4712"/></classifier><documentation humanName="Documentation"/><name humanName="Name" mode="s,e"/><ownedElement humanName="Owned Element"><slot classType="Slot" humanType="Slot" icon="MDMIExampleModel_files/icon_slot_34298277.png" refid="_19_0_3_62501eb_1581544195452_22942_6078"/><slot classType="Slot" humanType="Slot" icon="MDMIExampleModel_files/icon_slot_34298277.png" refid="_19_0_3_62501eb_1581544195453_574387_6080"/></ownedElement><owner classType="Comment" humanName="Owner" humanType="Comment" icon="MDMIExampleModel_files/icon_comment_1248435962.png" mode="s,e" refid="_19_0_3_62501eb_1575932668035_177786_7898"/><qualifiedName humanName="Qualified Name" mode="e"/><slot humanName="Slot"><slot classType="Slot" humanType="Slot" icon="MDMIExampleModel_files/icon_slot_34298277.png" refid="_19_0_3_62501eb_1581544195452_22942_6078"/><slot classType="Slot" humanType="Slot" icon="MDMIExampleModel_files/icon_slot_34298277.png" refid="_19_0_3_62501eb_1581544195453_574387_6080"/></slot><stereotypedElement classType="Comment" humanName="Stereotyped Element" humanType="Comment" icon="MDMIExampleModel_files/icon_comment_1248435962.png" refid="_19_0_3_62501eb_1575932668035_177786_7898"/><TO_DO humanName="To Do" mode="s,e"/><visibility humanName="Visibility">public</visibility></instancespecification></magicdraw>