<?xml version="1.0" encoding="UTF-8"?><magicdraw><literalinteger classType="LiteralInteger" humanType="Literal Integer" icon="MDMIExampleModel_files/icon_literalinteger_44854703.png" id="_19_0_3_62501eb_1576086581642_499589_11639"><documentation humanName="Documentation"/><name humanName="Name"/><owner classType="Property" humanName="Owner" humanType="Property" icon="MDMIExampleModel_files/icon_property_2081076388.png" mode="e" name="observes" refid="_19_0_3_62501eb_1576086581611_790338_11631"/><owningLower classType="Property" humanName="Owning Lower" humanType="Property" icon="MDMIExampleModel_files/icon_property_2081076388.png" name="observes" refid="_19_0_3_62501eb_1576086581611_790338_11631"/><qualifiedName humanName="Qualified Name">MDMI::MDMI Generic Statement Model::observation::observes::</qualifiedName><text humanName="Text" mode="standard">0</text><TO_DO humanName="To Do"/><TYPE_MODIFIER humanName="Type Modifier"/><value humanName="Value" mode="s,e">0</value><visibility humanName="Visibility">public</visibility></literalinteger></magicdraw>