<?xml version="1.0" encoding="UTF-8"?><magicdraw><generalizationset classType="GeneralizationSet" humanType="Generalization Set" icon="MDMIExampleModel_files/icon_generalizationset_2115919218.png" id="_19_0_3_62501eb_1576174016149_896705_12418"><documentation humanName="Documentation"/><generalization humanName="Generalization" mode="s,e"><generalization classType="Generalization" humanType="Generalization" icon="MDMIExampleModel_files/icon_generalization_1785807415.png" isRelationship="true" refid="_19_0_3_62501eb_1576083821856_409813_11470"/><generalization classType="Generalization" humanType="Generalization" icon="MDMIExampleModel_files/icon_generalization_1785807415.png" isRelationship="true" refid="_19_0_3_62501eb_1575935433330_619980_10616"/></generalization><isCovering humanName="Is Covering" mode="s,e">false</isCovering><isDisjoint humanName="Is Disjoint" mode="s,e">true</isDisjoint><name humanName="Name" mode="s,e"/><namespace classType="Package" humanName="Namespace" humanType="Package" icon="MDMIExampleModel_files/icon_package_906347731.png" name="MDMI Example Healthcare Domain Model" refid="_19_0_3_62501eb_1581106119184_43976_7372"/><owner classType="Package" humanName="Owner" humanType="Package" icon="MDMIExampleModel_files/icon_package_906347731.png" mode="s,e" name="MDMI Example Healthcare Domain Model" refid="_19_0_3_62501eb_1581106119184_43976_7372"/><owningPackage classType="Package" humanName="Owning Package" humanType="Package" icon="MDMIExampleModel_files/icon_package_906347731.png" name="MDMI Example Healthcare Domain Model" refid="_19_0_3_62501eb_1581106119184_43976_7372"/><qualifiedName humanName="Qualified Name" mode="e">MDMI::MDMI Example Healthcare Domain Model::</qualifiedName><TO_DO humanName="To Do" mode="s,e"/><visibility humanName="Visibility">public</visibility><appearsIn><diagram classType="Diagram" humanType="Diagram" icon="MDMIExampleModel_files/icon_Concept Modeling Diagram_908398659.png" name="MDMI Model Complete" refid="_19_0_3_62501eb_1575932723465_630876_8237"/><diagram classType="Diagram" humanType="Diagram" icon="MDMIExampleModel_files/icon_Concept Modeling Diagram_908398659.png" name="MDMI Generic Statement Model" refid="_19_0_3_62501eb_1581107569012_223945_9467"/></appearsIn></generalizationset></magicdraw>