<?xml version="1.0" encoding="UTF-8"?><magicdraw><class classType="Class" humanType="Class" icon="MDMIExampleModel_files/icon_class_197855654.png" id="_19_0_3_62501eb_1575932666853_60531_5213"><allGeneralClassifiers humanName="All General Classifiers"><class classType="Class" humanType="Class" icon="MDMIExampleModel_files/icon_class_197855654.png" name="entity" refid="_19_0_3_62501eb_1575932666833_337404_5177"/><class classType="Class" humanType="Class" icon="MDMIExampleModel_files/icon_class_197855654.png" name="Thing" refid="_19_0_3_62501eb_1575932666741_328464_5038"/></allGeneralClassifiers><APPLIED_STEREOTYPES humanName="Applied Stereotype" mode="s,e"><stereotype classType="Stereotype" humanType="Stereotype" icon="MDMIExampleModel_files/icon_stereotype_1164289802.png" name="Resource" refid="_18_0_1_8bf027c_1408661908824_320374_5622"/></APPLIED_STEREOTYPES><appliedStereotype humanName="Applied Stereotype" mode="s,e"><stereotype classType="Stereotype" humanType="Stereotype" icon="MDMIExampleModel_files/icon_stereotype_1164289802.png" name="Resource" refid="_18_0_1_8bf027c_1408661908824_320374_5622"><property classType="Property" humanName="Base_ Class" humanType="Property" icon="MDMIExampleModel_files/icon_property_2081076388.png" name="base_Class" refid="_18_0_2_8bf027c_1422543627022_363414_4277"/><property classType="Property" humanName="Base_ Data Type" humanType="Property" icon="MDMIExampleModel_files/icon_property_2081076388.png" name="base_DataType" refid="_18_0_6_17770441_1507741165315_119007_4655"/><property classType="Property" humanName="Base_ Package" humanType="Property" icon="MDMIExampleModel_files/icon_property_2081076388.png" name="base_Package" refid="_18_0_1_8bf027c_1408661916404_267165_5624"/><property classType="Property" humanName="Base_ Property" humanType="Property" icon="MDMIExampleModel_files/icon_property_2081076388.png" name="base_Property" refid="_18_0_2_8bf027c_1422543627015_674115_4272"/><property classType="Property" humanName="IRI" humanType="Property" icon="MDMIExampleModel_files/icon_property_2081076388.png" name="IRI" refid="_18_0_2_8bf027c_1422542645920_899661_4258"><String>https://www.omg.org/spec/MDMI/MDMIExample/BodyLocation</String></property><property classType="Property" humanName="Label" humanType="Property" icon="MDMIExampleModel_files/icon_property_2081076388.png" name="label" refid="_19_0_8d40284_1546312882041_949754_4691"><String>body location</String></property></stereotype></appliedStereotype><appliedStereotypeInstance classType="InstanceSpecification" humanName="Applied Stereotype Instance" humanType="Instance Specification" icon="MDMIExampleModel_files/icon_instancespecification_1476812556.png" name=" : Concept Modeling Profile::Resource" refid="_19_0_3_62501eb_1575932666854_794200_5214"/><attribute humanName="Attribute"><property classType="Property" humanType="Property" icon="MDMIExampleModel_files/icon_property_2081076388.png" name="laterality" refid="_19_0_3_62501eb_1581116150135_739112_6711"/></attribute><derivedExplanation humanName="Derived Explanation"/><documentation humanName="Documentation" mode="standard">a class used in a dataelementconcept property</documentation><effectiveIRI humanName="Effective IRI" mode="s,e">https://www.omg.org/spec/MDMI/MDMIExample/BodyLocation</effectiveIRI><feature humanName="Feature"><property classType="Property" humanType="Property" icon="MDMIExampleModel_files/icon_property_2081076388.png" name="laterality" refid="_19_0_3_62501eb_1581116150135_739112_6711"/></feature><generalization humanName="Generalization"><generalization classType="Generalization" humanType="Generalization" icon="MDMIExampleModel_files/icon_generalization_1785807415.png" isRelationship="true" refid="_19_0_3_62501eb_1575935956993_234152_10672"/></generalization><inheritedMember humanName="Inherited Member"><property classType="Property" humanType="Property" icon="MDMIExampleModel_files/icon_property_2081076388.png" name="has id" refid="_19_0_3_62501eb_1575932666986_460361_5442"/><property classType="Property" humanType="Property" icon="MDMIExampleModel_files/icon_property_2081076388.png" name="has name" refid="_19_0_3_62501eb_1575932667382_843344_6263"/></inheritedMember><isAbstract humanName="Is Abstract" mode="s,e">false</isAbstract><isActive humanName="Is Active" mode="s,e">false</isActive><isFinalSpecialization humanName="Is Final Specialization" mode="e">false</isFinalSpecialization><isLeaf humanName="Is Leaf" mode="e">false</isLeaf><member humanName="Member"><property classType="Property" humanType="Property" icon="MDMIExampleModel_files/icon_property_2081076388.png" name="has id" refid="_19_0_3_62501eb_1575932666986_460361_5442"/><property classType="Property" humanType="Property" icon="MDMIExampleModel_files/icon_property_2081076388.png" name="has name" refid="_19_0_3_62501eb_1575932667382_843344_6263"/><property classType="Property" humanType="Property" icon="MDMIExampleModel_files/icon_property_2081076388.png" name="laterality" refid="_19_0_3_62501eb_1581116150135_739112_6711"/></member><name humanName="Name" mode="s,e">body location</name><namespace classType="Package" humanName="Namespace" humanType="Package" icon="MDMIExampleModel_files/icon_package_906347731.png" name="MDMI Example Healthcare Domain Model" refid="_19_0_3_62501eb_1581106119184_43976_7372"/><ownedAttribute humanName="Owned Attribute"><property classType="Property" humanType="Property" icon="MDMIExampleModel_files/icon_property_2081076388.png" name="laterality" refid="_19_0_3_62501eb_1581116150135_739112_6711"/></ownedAttribute><ownedComment humanName="Owned Comment"><comment classType="Comment" humanType="Comment" icon="MDMIExampleModel_files/icon_comment_318950125.png" refid="_19_0_3_62501eb_1575932667617_912708_6734"/></ownedComment><ownedElement humanName="Owned Element"><generalization classType="Generalization" humanType="Generalization" icon="MDMIExampleModel_files/icon_generalization_1785807415.png" isRelationship="true" refid="_19_0_3_62501eb_1575935956993_234152_10672"/><comment classType="Comment" humanType="Comment" icon="MDMIExampleModel_files/icon_comment_318950125.png" refid="_19_0_3_62501eb_1575932667617_912708_6734"/><instancespecification classType="InstanceSpecification" humanType="Instance Specification" icon="MDMIExampleModel_files/icon_instancespecification_1476812556.png" name=" : Concept Modeling Profile::Resource" refid="_19_0_3_62501eb_1575932666854_794200_5214"/><property classType="Property" humanType="Property" icon="MDMIExampleModel_files/icon_property_2081076388.png" name="laterality" refid="_19_0_3_62501eb_1581116150135_739112_6711"/></ownedElement><ownedMember humanName="Owned Member"><property classType="Property" humanType="Property" icon="MDMIExampleModel_files/icon_property_2081076388.png" name="laterality" refid="_19_0_3_62501eb_1581116150135_739112_6711"/></ownedMember><owner classType="Package" humanName="Owner" humanType="Package" icon="MDMIExampleModel_files/icon_package_906347731.png" mode="s,e" name="MDMI Example Healthcare Domain Model" refid="_19_0_3_62501eb_1581106119184_43976_7372"/><owningPackage classType="Package" humanName="Owning Package" humanType="Package" icon="MDMIExampleModel_files/icon_package_906347731.png" name="MDMI Example Healthcare Domain Model" refid="_19_0_3_62501eb_1581106119184_43976_7372"/><package classType="Package" humanName="Package" humanType="Package" icon="MDMIExampleModel_files/icon_package_906347731.png" name="MDMI Example Healthcare Domain Model" refid="_19_0_3_62501eb_1581106119184_43976_7372"/><qualifiedName humanName="Qualified Name" mode="e">MDMI::MDMI Example Healthcare Domain Model::body location</qualifiedName><role humanName="Role"><property classType="Property" humanType="Property" icon="MDMIExampleModel_files/icon_property_2081076388.png" name="laterality" refid="_19_0_3_62501eb_1581116150135_739112_6711"/></role><superClass humanName="Super Class"><class classType="Class" humanType="Class" icon="MDMIExampleModel_files/icon_class_197855654.png" name="entity" refid="_19_0_3_62501eb_1575932666833_337404_5177"/></superClass><TO_DO humanName="To Do" mode="s,e"/><visibility humanName="Visibility" mode="e">public</visibility><appearsIn><diagram classType="Diagram" humanType="Diagram" icon="MDMIExampleModel_files/icon_Generic Table_1027115338.png" name="MDMI Example Healthcare Domain Model Table" refid="_19_0_3_62501eb_1581544907504_393675_6946"/><diagram classType="Diagram" humanType="Diagram" icon="MDMIExampleModel_files/icon_Concept Modeling Diagram_908398659.png" name="MDMI Model Complete" refid="_19_0_3_62501eb_1575932723465_630876_8237"/><diagram classType="Diagram" humanType="Diagram" icon="MDMIExampleModel_files/icon_Concept Modeling Diagram_908398659.png" name="MDMI Example Healthcare domain model" refid="_19_0_3_62501eb_1581107580097_335037_11353"/></appearsIn></class></magicdraw>