<?xml version="1.0" encoding="UTF-8"?><magicdraw><generalization classType="Generalization" humanType="Generalization" icon="MDMIExampleModel_files/icon_generalization_1785807415.png" id="_19_0_3_62501eb_1576083821856_409813_11470"><documentation humanName="Documentation"/><general classType="Class" humanName="General" humanType="Class" icon="MDMIExampleModel_files/icon_class_197855654.png" mode="s,e" name="event" refid="_19_0_3_62501eb_1576095716683_737733_11787"/><generalizationSet humanName="Generalization Set" mode="s,e"><generalizationset classType="GeneralizationSet" humanType="Generalization Set" icon="MDMIExampleModel_files/icon_generalizationset_2115919218.png" name="" refid="_19_0_3_62501eb_1576174016149_896705_12418"/></generalizationSet><isSubstitutable humanName="Is Substitutable">true</isSubstitutable><owner classType="Class" humanName="Owner" humanType="Class" icon="MDMIExampleModel_files/icon_class_197855654.png" mode="s,e" name="statement" refid="_19_0_3_62501eb_1575932666795_903202_5115"/><relatedElement humanName="Related Element"><class classType="Class" humanType="Class" icon="MDMIExampleModel_files/icon_class_197855654.png" name="event" refid="_19_0_3_62501eb_1576095716683_737733_11787"/><class classType="Class" humanType="Class" icon="MDMIExampleModel_files/icon_class_197855654.png" name="statement" refid="_19_0_3_62501eb_1575932666795_903202_5115"/></relatedElement><source humanName="Source"><class classType="Class" humanType="Class" icon="MDMIExampleModel_files/icon_class_197855654.png" name="statement" refid="_19_0_3_62501eb_1575932666795_903202_5115"/></source><specific classType="Class" humanName="Specific" humanType="Class" icon="MDMIExampleModel_files/icon_class_197855654.png" mode="s,e" name="statement" refid="_19_0_3_62501eb_1575932666795_903202_5115"/><target humanName="Target"><class classType="Class" humanType="Class" icon="MDMIExampleModel_files/icon_class_197855654.png" name="event" refid="_19_0_3_62501eb_1576095716683_737733_11787"/></target><TO_DO humanName="To Do" mode="s,e"/><appearsIn><diagram classType="Diagram" humanType="Diagram" icon="MDMIExampleModel_files/icon_Concept Modeling Diagram_908398659.png" name="MDMI Model Complete" refid="_19_0_3_62501eb_1575932723465_630876_8237"/><diagram classType="Diagram" humanType="Diagram" icon="MDMIExampleModel_files/icon_Concept Modeling Diagram_908398659.png" name="MDMI Generic Statement Model" refid="_19_0_3_62501eb_1581107569012_223945_9467"/></appearsIn></generalization></magicdraw>