<?xml version="1.0" encoding="UTF-8"?><magicdraw><literalunlimitednatural classType="LiteralUnlimitedNatural" humanType="Literal Unlimited Natural" icon="MDMIExampleModel_files/icon_literalunlimitednatural_1707148776.png" id="_19_0_3_62501eb_1575932667016_159480_5494"><documentation humanName="Documentation"/><name humanName="Name"/><owner classType="Property" humanName="Owner" humanType="Property" icon="MDMIExampleModel_files/icon_property_2081076388.png" mode="e" name="has legal name" refid="_19_0_3_62501eb_1575932667015_135638_5492"/><owningUpper classType="Property" humanName="Owning Upper" humanType="Property" icon="MDMIExampleModel_files/icon_property_2081076388.png" name="has legal name" refid="_19_0_3_62501eb_1575932667015_135638_5492"/><qualifiedName humanName="Qualified Name">MDMI::MDMI Generic Statement Model::responsible actor::has legal name::</qualifiedName><text humanName="Text" mode="standard">*</text><TO_DO humanName="To Do"/><TYPE_MODIFIER humanName="Type Modifier"/><value humanName="Value" mode="s,e">-1</value><visibility humanName="Visibility">public</visibility></literalunlimitednatural></magicdraw>