<?xml version="1.0" encoding="UTF-8"?><magicdraw><generalization classType="Generalization" humanType="Generalization" icon="MDMIExampleModel_files/icon_generalization_1785807415.png" id="_19_0_3_62501eb_1575932667474_383182_6476"><documentation humanName="Documentation"/><general classType="Class" humanName="General" humanType="Class" icon="MDMIExampleModel_files/icon_class_197855654.png" mode="s,e" name="occurance" refid="_19_0_3_62501eb_1575935168544_195001_10522"/><isSubstitutable humanName="Is Substitutable">true</isSubstitutable><owner classType="Class" humanName="Owner" humanType="Class" icon="MDMIExampleModel_files/icon_class_197855654.png" mode="s,e" name="activity" refid="_19_0_3_62501eb_1575932666830_569452_5171"/><relatedElement humanName="Related Element"><class classType="Class" humanType="Class" icon="MDMIExampleModel_files/icon_class_197855654.png" name="activity" refid="_19_0_3_62501eb_1575932666830_569452_5171"/><class classType="Class" humanType="Class" icon="MDMIExampleModel_files/icon_class_197855654.png" name="occurance" refid="_19_0_3_62501eb_1575935168544_195001_10522"/></relatedElement><source humanName="Source"><class classType="Class" humanType="Class" icon="MDMIExampleModel_files/icon_class_197855654.png" name="activity" refid="_19_0_3_62501eb_1575932666830_569452_5171"/></source><specific classType="Class" humanName="Specific" humanType="Class" icon="MDMIExampleModel_files/icon_class_197855654.png" mode="s,e" name="activity" refid="_19_0_3_62501eb_1575932666830_569452_5171"/><target humanName="Target"><class classType="Class" humanType="Class" icon="MDMIExampleModel_files/icon_class_197855654.png" name="occurance" refid="_19_0_3_62501eb_1575935168544_195001_10522"/></target><TO_DO humanName="To Do" mode="s,e"/><appearsIn><diagram classType="Diagram" humanType="Diagram" icon="MDMIExampleModel_files/icon_Concept Modeling Diagram_908398659.png" name="MDMI Model Complete" refid="_19_0_3_62501eb_1575932723465_630876_8237"/><diagram classType="Diagram" humanType="Diagram" icon="MDMIExampleModel_files/icon_Concept Modeling Diagram_908398659.png" name="MDMI Generic Statement Model" refid="_19_0_3_62501eb_1581107569012_223945_9467"/><diagram classType="Diagram" humanType="Diagram" icon="MDMIExampleModel_files/icon_Concept Modeling Diagram_908398659.png" name="MDMI Example Healthcare domain model" refid="_19_0_3_62501eb_1581107580097_335037_11353"/></appearsIn></generalization></magicdraw>