<?xml version="1.0" encoding="UTF-8"?><magicdraw><instancespecification classType="InstanceSpecification" humanType="Instance Specification" icon="MDMIExampleModel_files/icon_instancespecification_1476812556.png" id="_19_0_3_62501eb_1576850931203_834585_6942"><classifier humanName="Classifier" mode="s,e"><stereotype classType="Stereotype" humanType="Stereotype" icon="MDMIExampleModel_files/icon_stereotype_1164289802.png" name="Role" refid="_18_0_2_3ba019e_1421782981734_29113_5226"/></classifier><documentation humanName="Documentation"/><name humanName="Name" mode="s,e"/><owner classType="Class" humanName="Owner" humanType="Class" icon="MDMIExampleModel_files/icon_class_197855654.png" mode="s,e" name="participant" refid="_19_0_3_62501eb_1576850536524_218970_6810"/><qualifiedName humanName="Qualified Name" mode="e">MDMI::MDMI Generic Statement Model::participant::</qualifiedName><stereotypedElement classType="Class" humanName="Stereotyped Element" humanType="Class" icon="MDMIExampleModel_files/icon_class_197855654.png" name="participant" refid="_19_0_3_62501eb_1576850536524_218970_6810"/><TO_DO humanName="To Do" mode="s,e"/><visibility humanName="Visibility">public</visibility></instancespecification></magicdraw>