<?xml version="1.0" encoding="UTF-8"?><magicdraw><class classType="Class" humanType="Class" icon="MDMIExampleModel_files/icon_class_89813810.png" id="_19_0_3_62501eb_1576101736124_819385_11939"><allSpecificClassifiers humanName="All Specific Classifiers"><class classType="Class" humanType="Class" icon="MDMIExampleModel_files/icon_class_197855654.png" name="activity" refid="_19_0_3_62501eb_1575932666830_569452_5171"/><class classType="Class" humanType="Class" icon="MDMIExampleModel_files/icon_class_197855654.png" name="allergic reaction" refid="_19_0_3_62501eb_1575932666937_126818_5370"/><class classType="Class" humanType="Class" icon="MDMIExampleModel_files/icon_class_197855654.png" name="allergic reaction observation" refid="_19_0_3_62501eb_1575932666914_330525_5327"/><class classType="Class" humanType="Class" icon="MDMIExampleModel_files/icon_class_197855654.png" name="allergy" refid="_19_0_3_62501eb_1578694912303_354692_6680"/><class classType="Class" humanType="Class" icon="MDMIExampleModel_files/icon_class_197855654.png" name="allergy opinion" refid="_19_0_3_62501eb_1578694889873_510687_6655"/><class classType="Class" humanType="Class" icon="MDMIExampleModel_files/icon_class_197855654.png" name="clinical activity" refid="_19_0_3_62501eb_1576709459751_212403_6610"/><class classType="Class" humanType="Class" icon="MDMIExampleModel_files/icon_class_197855654.png" name="clinical situation" refid="_19_0_3_62501eb_1575932666803_646860_5127"/><class classType="Class" humanType="Class" icon="MDMIExampleModel_files/icon_class_197855654.png" name="consult" refid="_19_0_3_62501eb_1576848426080_581998_6606"/><class classType="Class" humanType="Class" icon="MDMIExampleModel_files/icon_class_197855654.png" name="encounter" refid="_19_0_3_62501eb_1575932666920_674563_5339"/><class classType="Class" humanType="Class" icon="MDMIExampleModel_files/icon_class_197855654.png" name="event" refid="_19_0_3_62501eb_1576095716683_737733_11787"/><class classType="Class" humanType="Class" icon="MDMIExampleModel_files/icon_class_197855654.png" name="health related condition" refid="_19_0_3_62501eb_1576101195264_864774_11895"/><class classType="Class" humanType="Class" icon="MDMIExampleModel_files/icon_class_197855654.png" name="immunization activity" refid="_19_0_3_62501eb_1575932666733_316702_5026"/><class classType="Class" humanType="Class" icon="MDMIExampleModel_files/icon_class_197855654.png" name="intervention activity" refid="_19_0_3_62501eb_1581438537725_61074_6681"/><class classType="Class" humanType="Class" icon="MDMIExampleModel_files/icon_class_197855654.png" name="intervention request" refid="_19_0_3_62501eb_1576709747934_437778_6674"/><class classType="Class" humanType="Class" icon="MDMIExampleModel_files/icon_class_197855654.png" name="medication activity" refid="_19_0_3_62501eb_1575932666846_481711_5201"/><class classType="Class" humanType="Class" icon="MDMIExampleModel_files/icon_class_197855654.png" name="observation" refid="_19_0_3_62501eb_1575932666772_864372_5082"/><class classType="Class" humanType="Class" icon="MDMIExampleModel_files/icon_class_197855654.png" name="observation request" refid="_19_0_3_62501eb_1575932666737_504492_5032"/><class classType="Class" humanType="Class" icon="MDMIExampleModel_files/icon_class_197855654.png" name="occurance" refid="_19_0_3_62501eb_1575935168544_195001_10522"/><class classType="Class" humanType="Class" icon="MDMIExampleModel_files/icon_class_197855654.png" name="opinion" refid="_19_0_3_62501eb_1576083367880_541631_11403"/><class classType="Class" humanType="Class" icon="MDMIExampleModel_files/icon_class_197855654.png" name="procedure" refid="_19_0_3_62501eb_1576709434181_966028_6577"/><class classType="Class" humanType="Class" icon="MDMIExampleModel_files/icon_class_197855654.png" name="quality" refid="_19_0_3_62501eb_1581442611967_928760_6856"/><class classType="Class" humanType="Class" icon="MDMIExampleModel_files/icon_class_89813810.png" name="repeditive" refid="_19_0_3_62501eb_1581101236143_628242_6917"/><class classType="Class" humanType="Class" icon="MDMIExampleModel_files/icon_class_197855654.png" name="request event" refid="_19_0_3_62501eb_1575935387412_105451_10553"/><class classType="Class" humanType="Class" icon="MDMIExampleModel_files/icon_class_197855654.png" name="situation" refid="_19_0_3_62501eb_1576028809689_551010_11362"/><class classType="Class" humanType="Class" icon="MDMIExampleModel_files/icon_class_197855654.png" name="state of affairs" refid="_19_0_3_62501eb_1576086516037_803558_11593"/><class classType="Class" humanType="Class" icon="MDMIExampleModel_files/icon_class_197855654.png" name="statement" refid="_19_0_3_62501eb_1575932666795_903202_5115"/><class classType="Class" humanType="Class" icon="MDMIExampleModel_files/icon_class_197855654.png" name="vital sign" refid="_19_0_3_62501eb_1575932666765_847074_5072"/><class classType="Class" humanType="Class" icon="MDMIExampleModel_files/icon_class_197855654.png" name="vital sign observation" refid="_19_0_3_62501eb_1575932666745_678311_5042"/></allSpecificClassifiers><attribute humanName="Attribute"><property classType="Property" humanType="Property" icon="MDMIExampleModel_files/icon_property_2081076388.png" name="has end date time" refid="_19_0_3_62501eb_1576101763461_228873_11967"/><property classType="Property" humanType="Property" icon="MDMIExampleModel_files/icon_property_2081076388.png" name="has start date time" refid="_19_0_3_62501eb_1576101750592_112250_11963"/><property classType="Property" humanType="Property" icon="MDMIExampleModel_files/icon_property_2081076388.png" name="occurs on" refid="_19_0_3_62501eb_1575938134460_403191_11049"/></attribute><derivedExplanation humanName="Derived Explanation"/><documentation humanName="Documentation" mode="standard">something that can be observed as existing over time such that statements may be made about it</documentation><effectiveIRI humanName="Effective IRI" mode="s,e">https://www.omg.org/spec/MDMI/MDMIExample/Temporal</effectiveIRI><feature humanName="Feature"><property classType="Property" humanType="Property" icon="MDMIExampleModel_files/icon_property_2081076388.png" name="has end date time" refid="_19_0_3_62501eb_1576101763461_228873_11967"/><property classType="Property" humanType="Property" icon="MDMIExampleModel_files/icon_property_2081076388.png" name="has start date time" refid="_19_0_3_62501eb_1576101750592_112250_11963"/><property classType="Property" humanType="Property" icon="MDMIExampleModel_files/icon_property_2081076388.png" name="occurs on" refid="_19_0_3_62501eb_1575938134460_403191_11049"/></feature><isAbstract humanName="Is Abstract" mode="s,e">true</isAbstract><isActive humanName="Is Active" mode="s,e">false</isActive><isFinalSpecialization humanName="Is Final Specialization" mode="e">false</isFinalSpecialization><isLeaf humanName="Is Leaf" mode="e">false</isLeaf><member humanName="Member"><property classType="Property" humanType="Property" icon="MDMIExampleModel_files/icon_property_2081076388.png" name="has end date time" refid="_19_0_3_62501eb_1576101763461_228873_11967"/><property classType="Property" humanType="Property" icon="MDMIExampleModel_files/icon_property_2081076388.png" name="has start date time" refid="_19_0_3_62501eb_1576101750592_112250_11963"/><property classType="Property" humanType="Property" icon="MDMIExampleModel_files/icon_property_2081076388.png" name="occurs on" refid="_19_0_3_62501eb_1575938134460_403191_11049"/></member><name humanName="Name" mode="s,e">temporal</name><namespace classType="Package" humanName="Namespace" humanType="Package" icon="MDMIExampleModel_files/icon_package_906347731.png" name="MDMI Generic Statement Model" refid="_19_0_3_62501eb_1575932666657_153866_4950"/><ownedAttribute humanName="Owned Attribute"><property classType="Property" humanType="Property" icon="MDMIExampleModel_files/icon_property_2081076388.png" name="has end date time" refid="_19_0_3_62501eb_1576101763461_228873_11967"/><property classType="Property" humanType="Property" icon="MDMIExampleModel_files/icon_property_2081076388.png" name="has start date time" refid="_19_0_3_62501eb_1576101750592_112250_11963"/><property classType="Property" humanType="Property" icon="MDMIExampleModel_files/icon_property_2081076388.png" name="occurs on" refid="_19_0_3_62501eb_1575938134460_403191_11049"/></ownedAttribute><ownedComment humanName="Owned Comment"><comment classType="Comment" humanType="Comment" icon="MDMIExampleModel_files/icon_comment_318950125.png" refid="_19_0_3_62501eb_1576180096428_844430_12586"/></ownedComment><ownedElement humanName="Owned Element"><comment classType="Comment" humanType="Comment" icon="MDMIExampleModel_files/icon_comment_318950125.png" refid="_19_0_3_62501eb_1576180096428_844430_12586"/><property classType="Property" humanType="Property" icon="MDMIExampleModel_files/icon_property_2081076388.png" name="has end date time" refid="_19_0_3_62501eb_1576101763461_228873_11967"/><property classType="Property" humanType="Property" icon="MDMIExampleModel_files/icon_property_2081076388.png" name="has start date time" refid="_19_0_3_62501eb_1576101750592_112250_11963"/><property classType="Property" humanType="Property" icon="MDMIExampleModel_files/icon_property_2081076388.png" name="occurs on" refid="_19_0_3_62501eb_1575938134460_403191_11049"/></ownedElement><ownedMember humanName="Owned Member"><property classType="Property" humanType="Property" icon="MDMIExampleModel_files/icon_property_2081076388.png" name="has end date time" refid="_19_0_3_62501eb_1576101763461_228873_11967"/><property classType="Property" humanType="Property" icon="MDMIExampleModel_files/icon_property_2081076388.png" name="has start date time" refid="_19_0_3_62501eb_1576101750592_112250_11963"/><property classType="Property" humanType="Property" icon="MDMIExampleModel_files/icon_property_2081076388.png" name="occurs on" refid="_19_0_3_62501eb_1575938134460_403191_11049"/></ownedMember><owner classType="Package" humanName="Owner" humanType="Package" icon="MDMIExampleModel_files/icon_package_906347731.png" mode="s,e" name="MDMI Generic Statement Model" refid="_19_0_3_62501eb_1575932666657_153866_4950"/><owningPackage classType="Package" humanName="Owning Package" humanType="Package" icon="MDMIExampleModel_files/icon_package_906347731.png" name="MDMI Generic Statement Model" refid="_19_0_3_62501eb_1575932666657_153866_4950"/><package classType="Package" humanName="Package" humanType="Package" icon="MDMIExampleModel_files/icon_package_906347731.png" name="MDMI Generic Statement Model" refid="_19_0_3_62501eb_1575932666657_153866_4950"/><qualifiedName humanName="Qualified Name" mode="e">MDMI::MDMI Generic Statement Model::temporal</qualifiedName><role humanName="Role"><property classType="Property" humanType="Property" icon="MDMIExampleModel_files/icon_property_2081076388.png" name="has end date time" refid="_19_0_3_62501eb_1576101763461_228873_11967"/><property classType="Property" humanType="Property" icon="MDMIExampleModel_files/icon_property_2081076388.png" name="has start date time" refid="_19_0_3_62501eb_1576101750592_112250_11963"/><property classType="Property" humanType="Property" icon="MDMIExampleModel_files/icon_property_2081076388.png" name="occurs on" refid="_19_0_3_62501eb_1575938134460_403191_11049"/></role><specificClassifier humanName="Specific Classifier"><class classType="Class" humanType="Class" icon="MDMIExampleModel_files/icon_class_197855654.png" name="situation" refid="_19_0_3_62501eb_1576028809689_551010_11362"/></specificClassifier><TO_DO humanName="To Do" mode="s,e"/><visibility humanName="Visibility" mode="e">public</visibility><appearsIn><diagram classType="Diagram" humanType="Diagram" icon="MDMIExampleModel_files/icon_Concept Modeling Diagram_908398659.png" name="MDMI Model Complete" refid="_19_0_3_62501eb_1575932723465_630876_8237"/><diagram classType="Diagram" humanType="Diagram" icon="MDMIExampleModel_files/icon_Generic Table_1027115338.png" name="MDMI Generic Statment Model Table" refid="_19_0_3_62501eb_1577747393905_443025_6576"/><diagram classType="Diagram" humanType="Diagram" icon="MDMIExampleModel_files/icon_Concept Modeling Diagram_908398659.png" name="MDMI Generic Statement Model" refid="_19_0_3_62501eb_1581107569012_223945_9467"/></appearsIn></class></magicdraw>