<?xml version="1.0" encoding="UTF-8"?><magicdraw><literalunlimitednatural classType="LiteralUnlimitedNatural" humanType="Literal Unlimited Natural" icon="MDMIExampleModel_files/icon_literalunlimitednatural_1707148776.png" id="_19_0_3_62501eb_1575932667368_933160_6230"><documentation humanName="Documentation"/><name humanName="Name"/><owner classType="Property" humanName="Owner" humanType="Property" icon="MDMIExampleModel_files/icon_property_2081076388.png" mode="e" name="has status" refid="_19_0_3_62501eb_1575932667367_837624_6228"/><owningUpper classType="Property" humanName="Owning Upper" humanType="Property" icon="MDMIExampleModel_files/icon_property_2081076388.png" name="has status" refid="_19_0_3_62501eb_1575932667367_837624_6228"/><qualifiedName humanName="Qualified Name">MDMI::MDMI Generic Statement Model::situation::has status::</qualifiedName><text humanName="Text" mode="standard">*</text><TO_DO humanName="To Do"/><TYPE_MODIFIER humanName="Type Modifier"/><value humanName="Value" mode="s,e">-1</value><visibility humanName="Visibility">public</visibility></literalunlimitednatural></magicdraw>