<?xml version="1.0" encoding="UTF-8"?><magicdraw><diagram classType="Diagram" diagramType="Concept Modeling Diagram" height="1078" humanType="Diagram" icon="MDMIExampleModel_files/icon_Concept Modeling Diagram_908398659.png" id="_19_0_3_62501eb_1575932723465_630876_8237" src="MDMIExampleModel_files/_19_0_3_62501eb_1575932723465_630876_8237.png" width="2326"><APPLIED_STEREOTYPES humanName="Applied Stereotype" mode="s,e"><stereotype classType="Stereotype" humanType="Stereotype" icon="MDMIExampleModel_files/icon_stereotype_1164289802.png" name="DiagramInfo" refid="_9_0_be00301_1108044380615_150487_0"/></APPLIED_STEREOTYPES><appliedStereotype humanName="Applied Stereotype" mode="s,e"><stereotype classType="Stereotype" humanType="Stereotype" icon="MDMIExampleModel_files/icon_stereotype_1164289802.png" name="DiagramInfo" refid="_9_0_be00301_1108044380615_150487_0"><property classType="Property" humanName="Author" humanType="Property" icon="MDMIExampleModel_files/icon_property_2081076388.png" name="Author" refid="_be00301_1077726770128_871366_1"><String>cory-</String></property><property classType="Property" humanName="Base_ Diagram" humanType="Property" icon="MDMIExampleModel_files/icon_property_2081076388.png" name="base_Diagram" refid="_10_0EAPbeta_be00301_1123081772498_901864_356"/><property classType="Property" humanName="Base_ Element" humanType="Property" icon="MDMIExampleModel_files/icon_property_2081076388.png" name="base_Element" refid="_10_0EAPbeta_be00301_1123081772098_411862_275"/><property classType="Property" humanName="Creation Date" humanType="Property" icon="MDMIExampleModel_files/icon_property_2081076388.png" name="Creation date" refid="_be00301_1073306188629_537791_2"><String>12/9/19 6:05 PM</String></property><property classType="Property" humanName="Last modified by" humanType="Property" icon="MDMIExampleModel_files/icon_property_2081076388.png" name="Last modified by" refid="_16_8beta_8ca0285_1257244649124_794756_344"><String>cory-</String></property><property classType="Property" humanName="Modification Date" humanType="Property" icon="MDMIExampleModel_files/icon_property_2081076388.png" name="Modification date" refid="_be00301_1073394345322_922552_1"><String>2/11/20 6:37 PM</String></property></stereotype></appliedStereotype><appliedStereotypeInstance classType="InstanceSpecification" humanName="Applied Stereotype Instance" humanType="Instance Specification" icon="MDMIExampleModel_files/icon_instancespecification_1476812556.png" name=" : UML Standard Profile::MagicDraw Profile::DiagramInfo" refid="_19_0_3_62501eb_1575932723477_728891_8248"/><documentation humanName="Documentation" mode="standard">a state of affairs is a static condition or "state" consisting of a set of entities, properties and the relationships between them.
[UML] State</documentation><map><area isNotContentShape="false" name="Property is statement about" refid="_19_0_3_62501eb_1575932667092_434899_5655" shape="rect" type="0"><point x="662" y="328"/><point x="673" y="328"/><point x="673" y="339"/><point x="662" y="339"/></area><area isNotContentShape="false" name="Property has method" refid="_19_0_3_62501eb_1575932667394_631964_6289" shape="rect" type="0"><point x="2172" y="297"/><point x="2183" y="297"/><point x="2183" y="308"/><point x="2172" y="308"/></area><area isNotContentShape="false" name="Property" refid="_19_0_3_62501eb_1575932667283_578110_6044" shape="rect" type="0"><point x="440" y="773"/><point x="451" y="773"/><point x="451" y="784"/><point x="440" y="784"/></area><area isNotContentShape="false" name="Property has performer" refid="_19_0_3_62501eb_1575932667333_467556_6152" shape="rect" type="0"><point x="1215" y="408"/><point x="1226" y="408"/><point x="1226" y="419"/><point x="1215" y="419"/></area><area isNotContentShape="false" name="Property has patient" refid="_19_0_3_62501eb_1575932667400_432786_6303" shape="rect" type="0"><point x="1287" y="481"/><point x="1298" y="481"/><point x="1298" y="492"/><point x="1287" y="492"/></area><area isNotContentShape="false" name="Property has author" refid="_19_0_3_62501eb_1575932667192_372439_5863" shape="rect" type="0"><point x="1117" y="307"/><point x="1128" y="307"/><point x="1128" y="318"/><point x="1117" y="318"/></area><area isNotContentShape="false" name="Property has participant" refid="_19_0_3_62501eb_1575932667428_714208_6369" shape="rect" type="0"><point x="1187" y="352"/><point x="1198" y="352"/><point x="1198" y="363"/><point x="1187" y="363"/></area><area isNotContentShape="false" name="Property" refid="_19_0_3_62501eb_1575932667280_478117_6038" shape="rect" type="0"><point x="555" y="732"/><point x="566" y="732"/><point x="566" y="743"/><point x="555" y="743"/></area><area isNotContentShape="false" name="Property consumes" refid="_19_0_3_62501eb_1575938781063_864467_11138" shape="rect" type="0"><point x="2186" y="630"/><point x="2197" y="630"/><point x="2197" y="641"/><point x="2186" y="641"/></area><area isNotContentShape="false" name="Property is opinion about" refid="_19_0_3_62501eb_1576083879287_407590_11486" shape="rect" type="0"><point x="662" y="349"/><point x="673" y="349"/><point x="673" y="360"/><point x="662" y="360"/></area><area isNotContentShape="false" name="Property observes" refid="_19_0_3_62501eb_1576086581611_790338_11631" shape="rect" type="0"><point x="865" y="387"/><point x="876" y="387"/><point x="876" y="398"/><point x="865" y="398"/></area><area isNotContentShape="false" name="Property impacts" refid="_19_0_3_62501eb_1576095748112_812917_11818" shape="rect" type="0"><point x="662" y="377"/><point x="673" y="377"/><point x="673" y="388"/><point x="662" y="388"/></area><area isNotContentShape="false" name="Property" refid="_19_0_3_62501eb_1576096197023_207180_11848" shape="rect" type="0"><point x="1089" y="741"/><point x="1100" y="741"/><point x="1100" y="752"/><point x="1089" y="752"/></area><area isNotContentShape="false" name="Property has site" refid="_19_0_3_62501eb_1576171289955_293204_12330" shape="rect" type="0"><point x="1056" y="277"/><point x="1067" y="277"/><point x="1067" y="288"/><point x="1056" y="288"/></area><area isNotContentShape="false" name="Property requests" refid="_19_0_3_62501eb_1576172922511_184769_12375" shape="rect" type="0"><point x="914" y="650"/><point x="925" y="650"/><point x="925" y="661"/><point x="914" y="661"/></area><area isNotContentShape="false" name="Property has device" refid="_19_0_3_62501eb_1576202203856_603188_12680" shape="rect" type="0"><point x="2096" y="361"/><point x="2107" y="361"/><point x="2107" y="372"/><point x="2096" y="372"/></area><area isNotContentShape="false" name="Property" refid="_19_0_3_62501eb_1576709787037_333102_6731" shape="rect" type="0"><point x="1474" y="734"/><point x="1485" y="734"/><point x="1485" y="745"/><point x="1474" y="745"/></area><area isNotContentShape="false" name="Property forms opinion" refid="_19_0_3_62501eb_1576848597223_354518_6643" shape="rect" type="0"><point x="327" y="559"/><point x="338" y="559"/><point x="338" y="570"/><point x="327" y="570"/></area><area isNotContentShape="false" name="Property" refid="_19_0_3_62501eb_1578694996433_774413_6726" shape="rect" type="0"><point x="307" y="781"/><point x="318" y="781"/><point x="318" y="792"/><point x="307" y="792"/></area><area isNotContentShape="false" name="Property results in" refid="_19_0_3_62501eb_1580941564397_522285_6830" shape="rect" type="0"><point x="814" y="406"/><point x="825" y="406"/><point x="825" y="417"/><point x="814" y="417"/></area><area isNotContentShape="false" name="Property uses device" refid="_19_0_3_62501eb_1581105741408_741963_7330" shape="rect" type="0"><point x="2099" y="410"/><point x="2110" y="410"/><point x="2110" y="421"/><point x="2099" y="421"/></area><area isNotContentShape="false" name="Property" refid="_19_0_3_62501eb_1575932667092_27802_5656" shape="rect" type="0"><point x="104" y="669"/><point x="115" y="669"/><point x="115" y="680"/><point x="104" y="680"/></area><area isNotContentShape="false" name="Property" refid="_19_0_3_62501eb_1575932667394_46488_6290" shape="rect" type="0"><point x="1157" y="620"/><point x="1168" y="620"/><point x="1168" y="631"/><point x="1157" y="631"/></area><area isNotContentShape="false" name="Property" refid="_19_0_3_62501eb_1575932667284_121545_6045" shape="rect" type="0"><point x="440" y="816"/><point x="451" y="816"/><point x="451" y="827"/><point x="440" y="827"/></area><area isNotContentShape="false" name="Property" refid="_19_0_3_62501eb_1575932667333_241052_6153" shape="rect" type="0"><point x="926" y="480"/><point x="937" y="480"/><point x="937" y="491"/><point x="926" y="491"/></area><area isNotContentShape="false" name="Property" refid="_19_0_3_62501eb_1575932667401_681378_6304" shape="rect" type="0"><point x="1103" y="503"/><point x="1114" y="503"/><point x="1114" y="514"/><point x="1103" y="514"/></area><area isNotContentShape="false" name="Property" refid="_19_0_3_62501eb_1575932667192_867628_5864" shape="rect" type="0"><point x="62" y="669"/><point x="73" y="669"/><point x="73" y="680"/><point x="62" y="680"/></area><area isNotContentShape="false" name="Property" refid="_19_0_3_62501eb_1575932667429_877854_6370" shape="rect" type="0"><point x="865" y="352"/><point x="876" y="352"/><point x="876" y="363"/><point x="865" y="363"/></area><area isNotContentShape="false" name="Property" refid="_19_0_3_62501eb_1575932667280_396639_6039" shape="rect" type="0"><point x="765" y="816"/><point x="776" y="816"/><point x="776" y="827"/><point x="765" y="827"/></area><area isNotContentShape="false" name="Property" refid="_19_0_3_62501eb_1575938781064_682315_11139" shape="rect" type="0"><point x="1962" y="809"/><point x="1973" y="809"/><point x="1973" y="820"/><point x="1962" y="820"/></area><area isNotContentShape="false" name="Property" refid="_19_0_3_62501eb_1576083879288_530519_11487" shape="rect" type="0"><point x="184" y="543"/><point x="195" y="543"/><point x="195" y="554"/><point x="184" y="554"/></area><area isNotContentShape="false" name="Property" refid="_19_0_3_62501eb_1576086581611_510608_11632" shape="rect" type="0"><point x="1189" y="725"/><point x="1200" y="725"/><point x="1200" y="736"/><point x="1189" y="736"/></area><area isNotContentShape="false" name="Property" refid="_19_0_3_62501eb_1576095748113_468474_11819" shape="rect" type="0"><point x="685" y="406"/><point x="696" y="406"/><point x="696" y="417"/><point x="685" y="417"/></area><area isNotContentShape="false" name="Property" refid="_19_0_3_62501eb_1576096197024_812717_11849" shape="rect" type="0"><point x="932" y="741"/><point x="943" y="741"/><point x="943" y="752"/><point x="932" y="752"/></area><area isNotContentShape="false" name="Property" refid="_19_0_3_62501eb_1576171289956_933528_12331" shape="rect" type="0"><point x="1056" y="480"/><point x="1067" y="480"/><point x="1067" y="491"/><point x="1056" y="491"/></area><area isNotContentShape="false" name="Property" refid="_19_0_3_62501eb_1576172922511_230827_12376" shape="rect" type="0"><point x="849" y="662"/><point x="860" y="662"/><point x="860" y="673"/><point x="849" y="673"/></area><area isNotContentShape="false" name="Property" refid="_19_0_3_62501eb_1576202203856_485378_12681" shape="rect" type="0"><point x="2096" y="346"/><point x="2107" y="346"/><point x="2107" y="357"/><point x="2096" y="357"/></area><area isNotContentShape="false" name="Property" refid="_19_0_3_62501eb_1576709787037_143956_6732" shape="rect" type="0"><point x="1388" y="734"/><point x="1399" y="734"/><point x="1399" y="745"/><point x="1388" y="745"/></area><area isNotContentShape="false" name="Property" refid="_19_0_3_62501eb_1576848597223_683858_6644" shape="rect" type="0"><point x="937" y="620"/><point x="948" y="620"/><point x="948" y="631"/><point x="937" y="631"/></area><area isNotContentShape="false" name="Property" refid="_19_0_3_62501eb_1578694996434_437053_6727" shape="rect" type="0"><point x="307" y="647"/><point x="318" y="647"/><point x="318" y="658"/><point x="307" y="658"/></area><area isNotContentShape="false" name="Property" refid="_19_0_3_62501eb_1580941564397_966544_6831" shape="rect" type="0"><point x="905" y="480"/><point x="916" y="480"/><point x="916" y="491"/><point x="905" y="491"/></area><area isNotContentShape="false" name="Property" refid="_19_0_3_62501eb_1581105741408_455163_7331" shape="rect" type="0"><point x="1539" y="718"/><point x="1550" y="718"/><point x="1550" y="729"/><point x="1539" y="729"/></area><area isNotContentShape="false" name="Property impacts" refid="_19_0_3_62501eb_1576095748112_812917_11818" shape="rect" type="0"><point x="631" y="367"/><point x="670" y="367"/><point x="670" y="380"/><point x="631" y="380"/></area><area isNotContentShape="false" name="Property has site" refid="_19_0_3_62501eb_1576171289955_293204_12330" shape="rect" type="0"><point x="1019" y="280"/><point x="1059" y="280"/><point x="1059" y="293"/><point x="1019" y="293"/></area><area isNotContentShape="false" name="Property requests" refid="_19_0_3_62501eb_1576172922511_184769_12375" shape="rect" type="0"><point x="875" y="623"/><point x="920" y="623"/><point x="920" y="636"/><point x="875" y="636"/></area><area isNotContentShape="false" name="Property results in" refid="_19_0_3_62501eb_1580941564397_522285_6830" shape="rect" type="0"><point x="771" y="409"/><point x="817" y="409"/><point x="817" y="422"/><point x="771" y="422"/></area><area isNotContentShape="false" name="Property observes" refid="_19_0_3_62501eb_1576086581611_790338_11631" shape="rect" type="0"><point x="869" y="374"/><point x="917" y="374"/><point x="917" y="387"/><point x="869" y="387"/></area><area isNotContentShape="false" name="Property consumes" refid="_19_0_3_62501eb_1575938781063_864467_11138" shape="rect" type="0"><point x="2137" y="633"/><point x="2189" y="633"/><point x="2189" y="646"/><point x="2137" y="646"/></area><area isNotContentShape="false" name="Property has author" refid="_19_0_3_62501eb_1575932667192_372439_5863" shape="rect" type="0"><point x="1071" y="297"/><point x="1125" y="297"/><point x="1125" y="310"/><point x="1071" y="310"/></area><area isNotContentShape="false" name="Property has patient" refid="_19_0_3_62501eb_1575932667400_432786_6303" shape="rect" type="0"><point x="1235" y="484"/><point x="1290" y="484"/><point x="1290" y="497"/><point x="1235" y="497"/></area><area isNotContentShape="false" name="Property has device" refid="_19_0_3_62501eb_1576202203856_603188_12680" shape="rect" type="0"><point x="2044" y="356"/><point x="2099" y="356"/><point x="2099" y="369"/><point x="2044" y="369"/></area><area isNotContentShape="false" name="Property has method" refid="_19_0_3_62501eb_1575932667394_631964_6289" shape="rect" type="0"><point x="2180" y="301"/><point x="2238" y="301"/><point x="2238" y="314"/><point x="2180" y="314"/></area><area isNotContentShape="false" name="Property uses device" refid="_19_0_3_62501eb_1581105741408_741963_7330" shape="rect" type="0"><point x="2041" y="413"/><point x="2102" y="413"/><point x="2102" y="426"/><point x="2041" y="426"/></area><area isNotContentShape="false" name="Property forms opinion" refid="_19_0_3_62501eb_1576848597223_354518_6643" shape="rect" type="0"><point x="330" y="549"/><point x="397" y="549"/><point x="397" y="562"/><point x="330" y="562"/></area><area isNotContentShape="false" name="Property has performer" refid="_19_0_3_62501eb_1575932667333_467556_6152" shape="rect" type="0"><point x="1152" y="398"/><point x="1223" y="398"/><point x="1223" y="411"/><point x="1152" y="411"/></area><area isNotContentShape="false" name="Property has participant" refid="_19_0_3_62501eb_1575932667428_714208_6369" shape="rect" type="0"><point x="1122" y="342"/><point x="1195" y="342"/><point x="1195" y="355"/><point x="1122" y="355"/></area><area isNotContentShape="false" name="Property is opinion about" refid="_19_0_3_62501eb_1576083879287_407590_11486" shape="rect" type="0"><point x="593" y="339"/><point x="670" y="339"/><point x="670" y="352"/><point x="593" y="352"/></area><area isNotContentShape="false" name="Property is statement about" refid="_19_0_3_62501eb_1575932667092_434899_5655" shape="rect" type="0"><point x="580" y="318"/><point x="670" y="318"/><point x="670" y="331"/><point x="580" y="331"/></area><area isNotContentShape="false" name="Generalization" refid="_19_0_3_62501eb_1576850562458_536059_6848" shape="poly" type="0"><point x="1150" y="293"/><point x="1150" y="300"/><point x="1148" y="302"/><point x="1148" y="295"/></area><area isNotContentShape="false" name="Generalization" refid="_19_0_3_62501eb_1575935433330_619980_10616" shape="poly" type="0"><point x="831" y="661"/><point x="831" y="671"/><point x="829" y="673"/><point x="829" y="663"/></area><area isNotContentShape="false" name="Generalization" refid="_19_0_3_62501eb_1576095716692_494582_11811" shape="poly" type="0"><point x="603" y="577"/><point x="603" y="587"/><point x="601" y="589"/><point x="601" y="579"/></area><area isNotContentShape="false" name="Generalization" refid="_19_0_3_62501eb_1576709761105_65385_6704" shape="poly" type="0"><point x="1314" y="713"/><point x="1314" y="727"/><point x="1312" y="729"/><point x="1312" y="715"/></area><area isNotContentShape="false" name="Generalization" refid="_19_0_3_62501eb_1576850699497_113290_6894" shape="poly" type="0"><point x="1265" y="368"/><point x="1265" y="384"/><point x="1263" y="386"/><point x="1263" y="370"/></area><area isNotContentShape="false" name="Generalization" refid="_19_0_3_62501eb_1575932667466_802193_6454" shape="poly" type="0"><point x="1503" y="430"/><point x="1503" y="447"/><point x="1501" y="449"/><point x="1501" y="432"/></area><area isNotContentShape="false" name="Generalization" refid="_19_0_3_62501eb_1575932667468_615636_6462" shape="poly" type="0"><point x="1923" y="430"/><point x="1923" y="447"/><point x="1921" y="449"/><point x="1921" y="432"/></area><area isNotContentShape="false" name="Generalization" refid="_19_0_3_62501eb_1575935956993_234152_10672" shape="poly" type="0"><point x="1063" y="220"/><point x="1063" y="237"/><point x="1061" y="239"/><point x="1061" y="222"/></area><area isNotContentShape="false" name="Generalization" refid="_19_0_3_62501eb_1576083420527_376169_11437" shape="poly" type="0"><point x="225" y="535"/><point x="225" y="552"/><point x="223" y="554"/><point x="223" y="537"/></area><area isNotContentShape="false" name="Generalization" refid="_19_0_3_62501eb_1576083821856_409813_11470" shape="poly" type="0"><point x="250" y="661"/><point x="250" y="678"/><point x="248" y="680"/><point x="248" y="663"/></area><area isNotContentShape="false" name="Generalization" refid="_19_0_3_62501eb_1576111220975_198838_12226" shape="poly" type="0"><point x="1568" y="332"/><point x="1568" y="349"/><point x="1566" y="351"/><point x="1566" y="334"/></area><area isNotContentShape="false" name="Generalization" refid="_19_0_3_62501eb_1580940448153_421467_6726" shape="poly" type="0"><point x="1009" y="1010"/><point x="1009" y="1028"/><point x="1007" y="1030"/><point x="1007" y="1012"/></area><area isNotContentShape="false" name="Generalization" refid="_19_0_3_62501eb_1575935499756_229267_10633" shape="poly" type="0"><point x="831" y="713"/><point x="831" y="734"/><point x="829" y="736"/><point x="829" y="715"/></area><area isNotContentShape="false" name="Generalization" refid="_19_0_3_62501eb_1576088123916_869774_11695" shape="poly" type="0"><point x="1932" y="797"/><point x="1932" y="818"/><point x="1930" y="820"/><point x="1930" y="799"/></area><area isNotContentShape="false" name="Generalization" refid="_19_0_3_62501eb_1576088421634_225542_11714" shape="poly" type="0"><point x="1700" y="797"/><point x="1700" y="818"/><point x="1698" y="820"/><point x="1698" y="799"/></area><area isNotContentShape="false" name="Generalization" refid="_19_0_3_62501eb_1576709450886_51548_6607" shape="poly" type="0"><point x="1448" y="797"/><point x="1448" y="818"/><point x="1446" y="820"/><point x="1446" y="799"/></area><area isNotContentShape="false" name="Generalization" refid="_19_0_3_62501eb_1576848465514_817276_6636" shape="poly" type="0"><point x="1336" y="797"/><point x="1336" y="818"/><point x="1334" y="820"/><point x="1334" y="799"/></area><area isNotContentShape="false" name="Generalization" refid="_19_0_3_62501eb_1575932667475_424154_6479" shape="poly" type="0"><point x="1391" y="964"/><point x="1391" y="986"/><point x="1389" y="988"/><point x="1389" y="966"/></area><area isNotContentShape="false" name="Generalization" refid="_19_0_3_62501eb_1575932667476_274705_6482" shape="poly" type="0"><point x="1311" y="964"/><point x="1311" y="986"/><point x="1309" y="988"/><point x="1309" y="966"/></area><area isNotContentShape="false" name="Generalization" refid="_19_0_3_62501eb_1575932667475_727894_6478" shape="poly" type="0"><point x="1199" y="964"/><point x="1199" y="986"/><point x="1197" y="988"/><point x="1197" y="966"/></area><area isNotContentShape="false" name="Generalization" refid="_19_0_3_62501eb_1576084551205_977739_11547" shape="poly" type="0"><point x="1504" y="964"/><point x="1504" y="986"/><point x="1502" y="988"/><point x="1502" y="966"/></area><area isNotContentShape="false" name="Generalization" refid="_19_0_3_62501eb_1576173636720_55509_12398" shape="poly" type="0"><point x="1641" y="964"/><point x="1641" y="986"/><point x="1639" y="988"/><point x="1639" y="966"/></area><area isNotContentShape="false" name="Generalization" refid="_19_0_3_62501eb_1580940287567_892394_6693" shape="poly" type="0"><point x="1108" y="964"/><point x="1108" y="986"/><point x="1106" y="988"/><point x="1106" y="966"/></area><area isNotContentShape="false" name="Generalization" refid="_19_0_3_62501eb_1580940464680_34603_6759" shape="poly" type="0"><point x="1007" y="964"/><point x="1007" y="986"/><point x="1005" y="988"/><point x="1005" y="966"/></area><area isNotContentShape="false" name="Generalization" refid="_19_0_3_62501eb_1581101188358_926053_6914" shape="poly" type="0"><point x="907" y="964"/><point x="907" y="986"/><point x="905" y="988"/><point x="905" y="966"/></area><area isNotContentShape="false" name="Generalization" refid="_19_0_3_62501eb_1581108491355_424445_15325" shape="poly" type="0"><point x="796" y="964"/><point x="796" y="986"/><point x="794" y="988"/><point x="794" y="966"/></area><area isNotContentShape="false" name="Generalization" refid="_19_0_3_62501eb_1576088953187_834455_11732" shape="poly" type="0"><point x="1767" y="220"/><point x="1767" y="244"/><point x="1765" y="246"/><point x="1765" y="222"/></area><area isNotContentShape="false" name="Generalization" refid="_19_0_3_62501eb_1576202192509_374549_12673" shape="poly" type="0"><point x="2116" y="296"/><point x="2116" y="321"/><point x="2114" y="323"/><point x="2114" y="298"/></area><area isNotContentShape="false" name="Association" refid="_19_0_3_62501eb_1576202203855_601703_12679" shape="poly" type="0"><point x="2102" y="370"/><point x="2102" y="345"/><point x="2100" y="347"/><point x="2100" y="372"/></area><area isNotContentShape="false" name="Generalization" refid="_19_0_3_62501eb_1576709491095_849874_6661" shape="poly" type="0"><point x="1506" y="699"/><point x="1506" y="727"/><point x="1504" y="729"/><point x="1504" y="701"/></area><area isNotContentShape="false" name="Generalization" refid="_19_0_3_62501eb_1576012848356_85074_11359" shape="poly" type="0"><point x="1398" y="109"/><point x="1398" y="139"/><point x="1396" y="141"/><point x="1396" y="111"/></area><area isNotContentShape="false" name="Generalization" refid="_19_0_3_62501eb_1575932667477_54311_6484" shape="poly" type="0"><point x="631" y="794"/><point x="631" y="825"/><point x="629" y="827"/><point x="629" y="796"/></area><area isNotContentShape="false" name="Generalization" refid="_19_0_3_62501eb_1575932667472_832235_6470" shape="poly" type="0"><point x="1181" y="794"/><point x="1181" y="825"/><point x="1179" y="827"/><point x="1179" y="796"/></area><area isNotContentShape="false" name="Generalization" refid="_19_0_3_62501eb_1578694928898_554191_6710" shape="poly" type="0"><point x="274" y="591"/><point x="274" y="622"/><point x="272" y="624"/><point x="272" y="593"/></area><area isNotContentShape="false" name="Generalization" refid="_19_0_3_62501eb_1575932667470_419303_6466" shape="poly" type="0"><point x="1937" y="869"/><point x="1937" y="902"/><point x="1935" y="904"/><point x="1935" y="871"/></area><area isNotContentShape="false" name="Generalization" refid="_19_0_3_62501eb_1581102201232_494893_7279" shape="poly" type="0"><point x="383" y="939"/><point x="383" y="972"/><point x="381" y="974"/><point x="381" y="941"/></area><area isNotContentShape="false" name="Generalization" refid="_19_0_3_62501eb_1575936012711_306282_10688" shape="poly" type="0"><point x="852" y="454"/><point x="852" y="489"/><point x="850" y="491"/><point x="850" y="456"/></area><area isNotContentShape="false" name="Generalization" refid="_19_0_3_62501eb_1576086525382_904803_11623" shape="poly" type="0"><point x="400" y="454"/><point x="400" y="489"/><point x="398" y="491"/><point x="398" y="456"/></area><area isNotContentShape="false" name="Generalization" refid="_19_0_3_62501eb_1576095833416_700463_11838" shape="poly" type="0"><point x="1114" y="699"/><point x="1114" y="734"/><point x="1112" y="736"/><point x="1112" y="701"/></area><area isNotContentShape="false" name="Generalization" refid="_19_0_3_62501eb_1575932667473_459820_6473" shape="poly" type="0"><point x="2025" y="332"/><point x="2025" y="370"/><point x="2023" y="372"/><point x="2023" y="334"/></area><area isNotContentShape="false" name="Generalization" refid="_19_0_3_62501eb_1576849331043_226285_6688" shape="poly" type="0"><point x="1782" y="332"/><point x="1782" y="370"/><point x="1780" y="372"/><point x="1780" y="334"/></area><area isNotContentShape="false" name="Generalization" refid="_19_0_3_62501eb_1576850558719_602176_6840" shape="poly" type="0"><point x="1270" y="293"/><point x="1270" y="335"/><point x="1268" y="337"/><point x="1268" y="295"/></area><area isNotContentShape="false" name="Generalization" refid="_19_0_3_62501eb_1575932667474_383182_6476" shape="poly" type="0"><point x="936" y="577"/><point x="936" y="629"/><point x="934" y="631"/><point x="934" y="579"/></area><area isNotContentShape="false" name="Generalization" refid="_19_0_3_62501eb_1575935972854_893571_10680" shape="poly" type="0"><point x="1881" y="220"/><point x="1881" y="272"/><point x="1879" y="274"/><point x="1879" y="222"/></area><area isNotContentShape="false" name="Generalization" refid="_19_0_3_62501eb_1575936317820_226145_10696" shape="poly" type="0"><point x="2007" y="220"/><point x="2007" y="272"/><point x="2005" y="274"/><point x="2005" y="222"/></area><area isNotContentShape="false" name="Generalization" refid="_19_0_3_62501eb_1575938461828_953306_11064" shape="poly" type="0"><point x="2143" y="220"/><point x="2143" y="272"/><point x="2141" y="274"/><point x="2141" y="222"/></area><area isNotContentShape="false" name="Association" refid="_19_0_3_62501eb_1575932667283_175333_6043" shape="poly" type="0"><point x="446" y="772"/><point x="446" y="825"/><point x="444" y="827"/><point x="444" y="774"/></area><area isNotContentShape="false" name="Association" refid="_19_0_3_62501eb_1576095748112_581497_11817" shape="poly" type="0"><point x="673" y="381"/><point x="628" y="381"/><point x="628" y="419"/><point x="691" y="419"/><point x="691" y="405"/><point x="689" y="407"/><point x="689" y="421"/><point x="626" y="421"/><point x="626" y="383"/><point x="671" y="383"/></area><area isNotContentShape="false" name="Association" refid="_19_0_3_62501eb_1576172922510_932775_12374" shape="poly" type="0"><point x="925" y="654"/><point x="855" y="654"/><point x="855" y="671"/><point x="853" y="673"/><point x="853" y="656"/><point x="923" y="656"/></area><area isNotContentShape="false" name="Generalization" refid="_19_0_3_62501eb_1578694960936_58328_6718" shape="poly" type="0"><point x="344" y="716"/><point x="344" y="790"/><point x="342" y="792"/><point x="342" y="718"/></area><area isNotContentShape="false" name="Generalization" refid="_19_0_3_62501eb_1576850810241_425626_6939" shape="poly" type="0"><point x="1317" y="368"/><point x="1317" y="447"/><point x="1315" y="449"/><point x="1315" y="370"/></area><area isNotContentShape="false" name="Association" refid="_19_0_3_62501eb_1580941564397_211945_6829" shape="poly" type="0"><point x="820" y="405"/><point x="820" y="437"/><point x="911" y="437"/><point x="911" y="489"/><point x="909" y="491"/><point x="909" y="439"/><point x="818" y="439"/><point x="818" y="407"/></area><area isNotContentShape="false" name="Association" refid="_19_0_3_62501eb_1576709787037_254549_6730" shape="poly" type="0"><point x="1485" y="738"/><point x="1389" y="738"/><point x="1387" y="740"/><point x="1483" y="740"/></area><area isNotContentShape="false" name="Generalization" refid="_19_0_3_62501eb_1576850676450_981075_6882" shape="poly" type="0"><point x="1450" y="360"/><point x="1342" y="360"/><point x="1340" y="362"/><point x="1448" y="362"/></area><area isNotContentShape="false" name="Generalization" refid="_19_0_3_62501eb_1576850791747_379209_6927" shape="poly" type="0"><point x="1443" y="458"/><point x="1334" y="458"/><point x="1332" y="460"/><point x="1441" y="460"/></area><area isNotContentShape="false" name="Generalization" refid="_19_0_3_62501eb_1576101195275_599182_11919" shape="poly" type="0"><point x="547" y="626"/><point x="547" y="748"/><point x="488" y="748"/><point x="486" y="750"/><point x="545" y="750"/><point x="545" y="628"/></area><area isNotContentShape="false" name="Association" refid="_19_0_3_62501eb_1578694996433_76357_6725" shape="poly" type="0"><point x="313" y="790"/><point x="313" y="646"/><point x="311" y="648"/><point x="311" y="792"/></area><area isNotContentShape="false" name="Generalization" refid="_19_0_3_62501eb_1575932667465_200929_6452" shape="poly" type="0"><point x="397" y="535"/><point x="397" y="692"/><point x="395" y="694"/><point x="395" y="537"/></area><area isNotContentShape="false" name="Association" refid="_19_0_3_62501eb_1576096197023_100474_11847" shape="poly" type="0"><point x="1100" y="745"/><point x="933" y="745"/><point x="931" y="747"/><point x="1098" y="747"/></area><area isNotContentShape="false" name="Generalization" refid="_19_0_3_62501eb_1575932667472_854995_6469" shape="poly" type="0"><point x="862" y="405"/><point x="862" y="423"/><point x="1034" y="423"/><point x="1034" y="489"/><point x="1032" y="491"/><point x="1032" y="425"/><point x="860" y="425"/><point x="860" y="407"/></area><area isNotContentShape="false" name="Generalization" refid="_19_0_3_62501eb_1576709522644_386069_6669" shape="poly" type="0"><point x="1520" y="545"/><point x="1520" y="727"/><point x="1518" y="729"/><point x="1518" y="547"/></area><area isNotContentShape="false" name="Association" refid="_19_0_3_62501eb_1575932667400_955267_6302" shape="poly" type="0"><point x="1293" y="480"/><point x="1293" y="507"/><point x="1104" y="507"/><point x="1102" y="509"/><point x="1291" y="509"/><point x="1291" y="482"/></area><area isNotContentShape="false" name="Association" refid="_19_0_3_62501eb_1575932667280_292157_6037" shape="poly" type="0"><point x="561" y="731"/><point x="561" y="769"/><point x="771" y="769"/><point x="771" y="825"/><point x="769" y="827"/><point x="769" y="771"/><point x="559" y="771"/><point x="559" y="733"/></area><area isNotContentShape="false" name="Association" refid="_19_0_3_62501eb_1576171289955_996360_12329" shape="poly" type="0"><point x="1062" y="276"/><point x="1062" y="489"/><point x="1060" y="491"/><point x="1060" y="278"/></area><area isNotContentShape="false" name="Association" refid="_19_0_3_62501eb_1575938781063_129868_11137" shape="poly" type="0"><point x="2192" y="629"/><point x="2192" y="689"/><point x="1968" y="689"/><point x="1968" y="818"/><point x="1966" y="820"/><point x="1966" y="691"/><point x="2190" y="691"/><point x="2190" y="631"/></area><area isNotContentShape="false" name="Association" refid="_19_0_3_62501eb_1575932667333_973459_6151" shape="poly" type="0"><point x="1226" y="412"/><point x="932" y="412"/><point x="932" y="489"/><point x="930" y="491"/><point x="930" y="414"/><point x="1224" y="414"/></area><area isNotContentShape="false" name="Generalization" refid="_19_0_3_62501eb_1576101991862_563807_12005" shape="poly" type="0"><point x="372" y="377"/><point x="372" y="363"/><point x="673" y="363"/><point x="671" y="365"/><point x="370" y="365"/><point x="370" y="379"/></area><area isNotContentShape="false" name="Association" refid="_19_0_3_62501eb_1575932667428_653836_6368" shape="poly" type="0"><point x="1198" y="356"/><point x="866" y="356"/><point x="864" y="358"/><point x="1196" y="358"/></area><area isNotContentShape="false" name="Association" refid="_19_0_3_62501eb_1576086581611_122604_11630" shape="poly" type="0"><point x="866" y="391"/><point x="1195" y="391"/><point x="1195" y="734"/><point x="1193" y="736"/><point x="1193" y="393"/><point x="864" y="393"/></area><area isNotContentShape="false" name="Generalization" refid="_19_0_3_62501eb_1575938761506_468818_11122" shape="poly" type="0"><point x="2222" y="220"/><point x="2222" y="566"/><point x="2220" y="568"/><point x="2220" y="222"/></area><area isNotContentShape="false" name="Generalization" refid="_19_0_3_62501eb_1576850168714_477438_6778" shape="poly" type="0"><point x="1744" y="255"/><point x="1285" y="255"/><point x="1283" y="257"/><point x="1742" y="257"/></area><area isNotContentShape="false" name="Association" refid="_19_0_3_62501eb_1576083879287_118914_11485" shape="poly" type="0"><point x="673" y="353"/><point x="190" y="353"/><point x="190" y="552"/><point x="188" y="554"/><point x="188" y="355"/><point x="671" y="355"/></area><area isNotContentShape="false" name="Association" refid="_19_0_3_62501eb_1581105741408_953555_7329" shape="poly" type="0"><point x="2105" y="409"/><point x="2105" y="647"/><point x="1545" y="647"/><point x="1545" y="727"/><point x="1543" y="729"/><point x="1543" y="649"/><point x="2103" y="649"/><point x="2103" y="411"/></area><area isNotContentShape="false" name="Association" refid="_19_0_3_62501eb_1575932667092_231921_5654" shape="poly" type="0"><point x="673" y="332"/><point x="110" y="332"/><point x="110" y="678"/><point x="108" y="680"/><point x="108" y="334"/><point x="671" y="334"/></area><area isNotContentShape="false" name="Association" refid="_19_0_3_62501eb_1576848597223_219451_6642" shape="poly" type="0"><point x="328" y="563"/><point x="943" y="563"/><point x="943" y="629"/><point x="941" y="631"/><point x="941" y="565"/><point x="326" y="565"/></area><area isNotContentShape="false" name="Association" refid="_19_0_3_62501eb_1575932667394_507699_6288" shape="poly" type="0"><point x="2178" y="296"/><point x="2178" y="521"/><point x="1163" y="521"/><point x="1163" y="629"/><point x="1161" y="631"/><point x="1161" y="523"/><point x="2176" y="523"/><point x="2176" y="298"/></area><area isNotContentShape="false" name="Association" refid="_19_0_3_62501eb_1575932667192_591952_5862" shape="poly" type="0"><point x="1128" y="311"/><point x="68" y="311"/><point x="68" y="678"/><point x="66" y="680"/><point x="66" y="313"/><point x="1126" y="313"/></area><area isNotContentShape="false" name="Class actor" refid="_19_0_3_62501eb_1575932666749_640357_5048" shape="rect" type="0"><point x="1743" y="245"/><point x="1780" y="245"/><point x="1780" y="270"/><point x="1743" y="270"/></area><area isNotContentShape="false" name="Class author" refid="_19_0_3_62501eb_1576849864957_287950_6731" shape="rect" type="0"><point x="1127" y="301"/><point x="1173" y="301"/><point x="1173" y="335"/><point x="1127" y="335"/></area><area isNotContentShape="false" name="Class image" refid="_19_0_3_62501eb_1575932666897_152140_5291" shape="rect" type="0"><point x="1267" y="987"/><point x="1348" y="987"/><point x="1348" y="1012"/><point x="1267" y="1012"/></area><area isNotContentShape="false" name="Class substance" refid="_19_0_3_62501eb_1575932666888_692035_5273" shape="rect" type="0"><point x="1834" y="273"/><point x="1915" y="273"/><point x="1915" y="298"/><point x="1834" y="298"/></area><area isNotContentShape="false" name="Class value" refid="_19_0_3_62501eb_1575933984075_329352_10447" shape="rect" type="0"><point x="1288" y="910"/><point x="1369" y="910"/><point x="1369" y="935"/><point x="1288" y="935"/></area><area isNotContentShape="false" name="Class consult" refid="_19_0_3_62501eb_1576848426080_581998_6606" shape="rect" type="0"><point x="1295" y="819"/><point x="1376" y="819"/><point x="1376" y="844"/><point x="1295" y="844"/></area><area isNotContentShape="false" name="Class role of actor" refid="_19_0_3_62501eb_1576850489061_38912_6785" shape="rect" type="0"><point x="1204" y="245"/><point x="1285" y="245"/><point x="1285" y="279"/><point x="1204" y="279"/></area><area isNotContentShape="false" name="Class performer" refid="_19_0_3_62501eb_1576850580916_621317_6852" shape="rect" type="0"><point x="1225" y="385"/><point x="1306" y="385"/><point x="1306" y="419"/><point x="1225" y="419"/></area><area isNotContentShape="false" name="Class subject" refid="_19_0_3_62501eb_1576850740293_252071_6897" shape="rect" type="0"><point x="1253" y="448"/><point x="1334" y="448"/><point x="1334" y="482"/><point x="1253" y="482"/></area><area isNotContentShape="false" name="Class allergy" refid="_19_0_3_62501eb_1578694912303_354692_6680" shape="rect" type="0"><point x="287" y="791"/><point x="368" y="791"/><point x="368" y="816"/><point x="287" y="816"/></area><area isNotContentShape="false" name="Class date" refid="_19_0_3_62501eb_1580940401534_80760_6696" shape="rect" type="0"><point x="966" y="1029"/><point x="1047" y="1029"/><point x="1047" y="1054"/><point x="966" y="1054"/></area><area isNotContentShape="false" name="Class point in time" refid="_19_0_3_62501eb_1580940455797_393934_6729" shape="rect" type="0"><point x="966" y="987"/><point x="1047" y="987"/><point x="1047" y="1012"/><point x="966" y="1012"/></area><area isNotContentShape="false" name="Class text" refid="_19_0_3_62501eb_1575932666894_310076_5285" shape="rect" type="0"><point x="1169" y="987"/><point x="1254" y="987"/><point x="1254" y="1012"/><point x="1169" y="1012"/></area><area isNotContentShape="false" name="Class reference" refid="_19_0_3_62501eb_1581108481818_433571_15249" shape="rect" type="0"><point x="749" y="987"/><point x="836" y="987"/><point x="836" y="1012"/><point x="749" y="1012"/></area><area isNotContentShape="false" name="Class classification" refid="_19_0_3_62501eb_1580940262123_801706_6663" shape="rect" type="0"><point x="1064" y="987"/><point x="1152" y="987"/><point x="1152" y="1012"/><point x="1064" y="1012"/></area><area isNotContentShape="false" name="Class allergy opinion" refid="_19_0_3_62501eb_1578694889873_510687_6655" shape="rect" type="0"><point x="238" y="623"/><point x="327" y="623"/><point x="327" y="648"/><point x="238" y="648"/></area><area isNotContentShape="false" name="Class activity method" refid="_19_0_3_62501eb_1575932666793_752841_5109" shape="rect" type="0"><point x="2097" y="273"/><point x="2189" y="273"/><point x="2189" y="298"/><point x="2097" y="298"/></area><area isNotContentShape="false" name="Class state of affairs" refid="_19_0_3_62501eb_1576086516037_803558_11593" shape="rect" type="0"><point x="336" y="490"/><point x="428" y="490"/><point x="428" y="515"/><point x="336" y="515"/></area><area isNotContentShape="false" name="Class software agent" refid="_19_0_3_62501eb_1576849320133_762448_6658" shape="rect" type="0"><point x="1736" y="371"/><point x="1828" y="371"/><point x="1828" y="396"/><point x="1736" y="396"/></area><area isNotContentShape="false" name="Class duration" refid="_19_0_3_62501eb_1581101175327_116348_6884" shape="rect" type="0"><point x="861" y="987"/><point x="953" y="987"/><point x="953" y="1012"/><point x="861" y="1012"/></area><area isNotContentShape="false" name="Class allergic reaction" refid="_19_0_3_62501eb_1575932666937_126818_5370" shape="rect" type="0"><point x="392" y="749"/><point x="488" y="749"/><point x="488" y="774"/><point x="392" y="774"/></area><area isNotContentShape="false" name="Class clinical situation" refid="_19_0_3_62501eb_1575932666803_646860_5127" shape="rect" type="0"><point x="1008" y="490"/><point x="1104" y="490"/><point x="1104" y="515"/><point x="1008" y="515"/></area><area isNotContentShape="false" name="Class status" refid="_19_0_3_62501eb_1575932666836_576930_5183" shape="rect" type="0"><point x="1358" y="987"/><point x="1455" y="987"/><point x="1455" y="1012"/><point x="1358" y="1012"/></area><area isNotContentShape="false" name="Class physical location" refid="_19_0_3_62501eb_1575932666849_491941_5207" shape="rect" type="0"><point x="1957" y="273"/><point x="2056" y="273"/><point x="2056" y="298"/><point x="1957" y="298"/></area><area isNotContentShape="false" name="Class occurance" refid="_19_0_3_62501eb_1575935168544_195001_10522" shape="rect" type="0"><point x="840" y="490"/><point x="939" y="490"/><point x="939" y="515"/><point x="840" y="515"/></area><area isNotContentShape="false" name="Class request event" refid="_19_0_3_62501eb_1575935387412_105451_10553" shape="rect" type="0"><point x="805" y="672"/><point x="904" y="672"/><point x="904" y="697"/><point x="805" y="697"/></area><area isNotContentShape="false" name="Generalization Set" refid="_19_0_3_62501eb_1576176674663_491332_12479" shape="rect" type="0"><point x="1337" y="945"/><point x="1437" y="945"/><point x="1437" y="976"/><point x="1337" y="976"/></area><area isNotContentShape="false" name="Generalization Set" refid="_19_0_3_62501eb_1576174425809_912563_12442" shape="rect" type="0"><point x="1372" y="196"/><point x="1472" y="196"/><point x="1472" y="227"/><point x="1372" y="227"/></area><area isNotContentShape="false" name="Generalization Set" refid="_19_0_3_62501eb_1576174393741_276695_12430" shape="rect" type="0"><point x="1610" y="406"/><point x="1710" y="406"/><point x="1710" y="437"/><point x="1610" y="437"/></area><area isNotContentShape="false" name="Generalization Set" refid="_19_0_3_62501eb_1576174016149_896705_12418" shape="rect" type="0"><point x="609" y="644"/><point x="709" y="644"/><point x="709" y="675"/><point x="609" y="675"/></area><area isNotContentShape="false" name="Generalization Set" refid="_19_0_3_62501eb_1576176813864_545242_12503" shape="rect" type="0"><point x="655" y="458"/><point x="755" y="458"/><point x="755" y="489"/><point x="655" y="489"/></area><area isNotContentShape="false" name="Generalization Set" refid="_19_0_3_62501eb_1576176813864_545242_12503" shape="rect" type="0"><point x="385" y="923"/><point x="485" y="923"/><point x="485" y="954"/><point x="385" y="954"/></area><area isNotContentShape="false" name="Class Thing" refid="_19_0_3_62501eb_1575932666741_328464_5038" shape="rect" type="0"><point x="1358" y="56"/><point x="1463" y="56"/><point x="1463" y="111"/><point x="1358" y="111"/></area><area isNotContentShape="false" name="Property has numeric value" refid="_19_0_3_62501eb_1575932667362_181560_6218" shape="rect" type="0"><point x="1585" y="1008"/><point x="1696" y="1008"/><point x="1696" y="1021"/><point x="1585" y="1021"/></area><area isNotContentShape="false" name="Property measured in unit" refid="_19_0_3_62501eb_1576170937470_220512_12296" shape="rect" type="0"><point x="1585" y="1020"/><point x="1696" y="1020"/><point x="1696" y="1033"/><point x="1585" y="1033"/></area><area isNotContentShape="false" name="Class observation" refid="_19_0_3_62501eb_1575932666772_864372_5082" shape="rect" type="0"><point x="1099" y="735"/><point x="1212" y="735"/><point x="1212" y="760"/><point x="1099" y="760"/></area><area isNotContentShape="false" name="Class name" refid="_19_0_3_62501eb_1576084508438_340072_11517" shape="rect" type="0"><point x="1463" y="987"/><point x="1576" y="987"/><point x="1576" y="1012"/><point x="1463" y="1012"/></area><area isNotContentShape="false" name="Class measure" refid="_19_0_3_62501eb_1576170667237_815450_12266" shape="rect" type="0"><point x="1582" y="987"/><point x="1699" y="987"/><point x="1699" y="1039"/><point x="1582" y="1039"/></area><area isNotContentShape="false" name="Enumeration Literal assertion" refid="_19_0_3_62501eb_1581107211832_788821_7539" shape="rect" type="0"><point x="45" y="837"/><point x="166" y="837"/><point x="166" y="850"/><point x="45" y="850"/></area><area isNotContentShape="false" name="Enumeration Literal negation" refid="_19_0_3_62501eb_1581107219128_302564_7541" shape="rect" type="0"><point x="45" y="849"/><point x="166" y="849"/><point x="166" y="862"/><point x="45" y="862"/></area><area isNotContentShape="false" name="Enumeration Literal enquery" refid="_19_0_3_62501eb_1581107225472_908091_7543" shape="rect" type="0"><point x="45" y="861"/><point x="166" y="861"/><point x="166" y="874"/><point x="45" y="874"/></area><area isNotContentShape="false" name="Class observation request" refid="_19_0_3_62501eb_1575932666737_504492_5032" shape="rect" type="0"><point x="812" y="735"/><point x="933" y="735"/><point x="933" y="760"/><point x="812" y="760"/></area><area isNotContentShape="false" name="Class intervention request" refid="_19_0_3_62501eb_1576709747934_437778_6674" shape="rect" type="0"><point x="1267" y="728"/><point x="1389" y="728"/><point x="1389" y="753"/><point x="1267" y="753"/></area><area isNotContentShape="false" name="Enumeration statement mode" refid="_19_0_3_62501eb_1581107183841_822878_7517" shape="rect" type="0"><point x="42" y="791"/><point x="169" y="791"/><point x="169" y="880"/><point x="42" y="880"/></area><area isNotContentShape="false" name="Class device activity method" refid="_19_0_3_62501eb_1576202174195_656829_12643" shape="rect" type="0"><point x="2041" y="322"/><point x="2172" y="322"/><point x="2172" y="347"/><point x="2041" y="347"/></area><area isNotContentShape="false" name="Property laterality" refid="_19_0_3_62501eb_1581116150135_739112_6711" shape="rect" type="0"><point x="1025" y="259"/><point x="1159" y="259"/><point x="1159" y="272"/><point x="1025" y="272"/></area><area isNotContentShape="false" name="Class event" refid="_19_0_3_62501eb_1576095716683_737733_11787" shape="rect" type="0"><point x="546" y="588"/><point x="680" y="588"/><point x="680" y="628"/><point x="546" y="628"/></area><area isNotContentShape="false" name="Property has route" refid="_19_0_3_62501eb_1581105641554_143458_7315" shape="rect" type="0"><point x="1869" y="840"/><point x="2004" y="840"/><point x="2004" y="853"/><point x="1869" y="853"/></area><area isNotContentShape="false" name="Property has dosage" refid="_19_0_3_62501eb_1581115363833_428095_6704" shape="rect" type="0"><point x="1869" y="852"/><point x="2004" y="852"/><point x="2004" y="865"/><point x="1869" y="865"/></area><area isNotContentShape="false" name="Class health related condition" refid="_19_0_3_62501eb_1576101195264_864774_11895" shape="rect" type="0"><point x="343" y="693"/><point x="481" y="693"/><point x="481" y="718"/><point x="343" y="718"/></area><area isNotContentShape="false" name="Class body location" refid="_19_0_3_62501eb_1575932666853_60531_5213" shape="rect" type="0"><point x="1022" y="238"/><point x="1162" y="238"/><point x="1162" y="278"/><point x="1022" y="278"/></area><area isNotContentShape="false" name="Class medication activity" refid="_19_0_3_62501eb_1575932666846_481711_5201" shape="rect" type="0"><point x="1866" y="819"/><point x="2007" y="819"/><point x="2007" y="871"/><point x="1866" y="871"/></area><area isNotContentShape="false" name="Property has location" refid="_19_0_3_62501eb_1581105916125_511300_7348" shape="rect" type="0"><point x="1487" y="749"/><point x="1629" y="749"/><point x="1629" y="762"/><point x="1487" y="762"/></area><area isNotContentShape="false" name="Class participant" refid="_19_0_3_62501eb_1576850536524_218970_6810" shape="rect" type="0"><point x="1197" y="336"/><point x="1342" y="336"/><point x="1342" y="370"/><point x="1197" y="370"/></area><area isNotContentShape="false" name="Class clinical activity" refid="_19_0_3_62501eb_1576709459751_212403_6610" shape="rect" type="0"><point x="1484" y="728"/><point x="1632" y="728"/><point x="1632" y="768"/><point x="1484" y="768"/></area><area isNotContentShape="false" name="Property has strength" refid="_19_0_3_62501eb_1581105588214_737974_7307" shape="rect" type="0"><point x="2145" y="588"/><point x="2299" y="588"/><point x="2299" y="601"/><point x="2145" y="601"/></area><area isNotContentShape="false" name="Property has dose form" refid="_19_0_3_62501eb_1581105619554_611153_7311" shape="rect" type="0"><point x="2145" y="600"/><point x="2299" y="600"/><point x="2299" y="613"/><point x="2145" y="613"/></area><area isNotContentShape="false" name="Class immunization activity" refid="_19_0_3_62501eb_1575932666733_316702_5026" shape="rect" type="0"><point x="1869" y="903"/><point x="2024" y="903"/><point x="2024" y="939"/><point x="1869" y="939"/></area><area isNotContentShape="false" name="Property has vital sigh value" refid="_19_0_3_62501eb_1576170905738_395553_12292" shape="rect" type="0"><point x="507" y="714"/><point x="667" y="714"/><point x="667" y="727"/><point x="507" y="727"/></area><area isNotContentShape="false" name="Class medication" refid="_19_0_3_62501eb_1575938749735_717594_11092" shape="rect" type="0"><point x="2142" y="567"/><point x="2302" y="567"/><point x="2302" y="631"/><point x="2142" y="631"/></area><area isNotContentShape="false" name="Property has confidence" refid="_19_0_3_62501eb_1576083391481_968796_11427" shape="rect" type="0"><point x="164" y="574"/><point x="325" y="574"/><point x="325" y="587"/><point x="164" y="587"/></area><area isNotContentShape="false" name="Class encounter" refid="_19_0_3_62501eb_1575932666920_674563_5339" shape="rect" type="0"><point x="1673" y="819"/><point x="1839" y="819"/><point x="1839" y="848"/><point x="1673" y="848"/></area><area isNotContentShape="false" name="Class vital sign" refid="_19_0_3_62501eb_1575932666765_847074_5072" shape="rect" type="0"><point x="504" y="693"/><point x="670" y="693"/><point x="670" y="733"/><point x="504" y="733"/></area><area isNotContentShape="false" name="Class opinion" refid="_19_0_3_62501eb_1576083367880_541631_11403" shape="rect" type="0"><point x="161" y="553"/><point x="328" y="553"/><point x="328" y="593"/><point x="161" y="593"/></area><area isNotContentShape="false" name="Property has name" refid="_19_0_3_62501eb_1575932667382_843344_6263" shape="rect" type="0"><point x="1312" y="161"/><point x="1495" y="161"/><point x="1495" y="174"/><point x="1312" y="174"/></area><area isNotContentShape="false" name="Property has start date time" refid="_19_0_3_62501eb_1576101750592_112250_11963" shape="rect" type="0"><point x="255" y="399"/><point x="438" y="399"/><point x="438" y="412"/><point x="255" y="412"/></area><area isNotContentShape="false" name="Property has start date time" refid="_19_0_3_62501eb_1576101750592_112250_11963" shape="rect" type="0"><point x="969" y="574"/><point x="1152" y="574"/><point x="1152" y="587"/><point x="969" y="587"/></area><area isNotContentShape="false" name="Property has start date time" refid="_19_0_3_62501eb_1576101750592_112250_11963" shape="rect" type="0"><point x="45" y="910"/><point x="228" y="910"/><point x="228" y="923"/><point x="45" y="923"/></area><area isNotContentShape="false" name="Property has status" refid="_19_0_3_62501eb_1575932667367_837624_6228" shape="rect" type="0"><point x="269" y="910"/><point x="452" y="910"/><point x="452" y="923"/><point x="269" y="923"/></area><area isNotContentShape="false" name="Property has id" refid="_19_0_3_62501eb_1575932666986_460361_5442" shape="rect" type="0"><point x="1312" y="173"/><point x="1495" y="173"/><point x="1495" y="186"/><point x="1312" y="186"/></area><area isNotContentShape="false" name="Property has end date time" refid="_19_0_3_62501eb_1576101763461_228873_11967" shape="rect" type="0"><point x="255" y="411"/><point x="438" y="411"/><point x="438" y="424"/><point x="255" y="424"/></area><area isNotContentShape="false" name="Property has end date time" refid="_19_0_3_62501eb_1576101763461_228873_11967" shape="rect" type="0"><point x="969" y="586"/><point x="1152" y="586"/><point x="1152" y="599"/><point x="969" y="599"/></area><area isNotContentShape="false" name="Property has end date time" refid="_19_0_3_62501eb_1576101763461_228873_11967" shape="rect" type="0"><point x="45" y="922"/><point x="228" y="922"/><point x="228" y="935"/><point x="45" y="935"/></area><area isNotContentShape="false" name="Property has classification" refid="_19_0_3_62501eb_1576112106614_661844_12252" shape="rect" type="0"><point x="269" y="922"/><point x="452" y="922"/><point x="452" y="935"/><point x="269" y="935"/></area><area isNotContentShape="false" name="Property occurs on" refid="_19_0_3_62501eb_1575938134460_403191_11049" shape="rect" type="0"><point x="255" y="423"/><point x="438" y="423"/><point x="438" y="436"/><point x="255" y="436"/></area><area isNotContentShape="false" name="Property occurs on" refid="_19_0_3_62501eb_1575938134460_403191_11049" shape="rect" type="0"><point x="969" y="598"/><point x="1152" y="598"/><point x="1152" y="611"/><point x="969" y="611"/></area><area isNotContentShape="false" name="Property occurs on" refid="_19_0_3_62501eb_1575938134460_403191_11049" shape="rect" type="0"><point x="45" y="934"/><point x="228" y="934"/><point x="228" y="947"/><point x="45" y="947"/></area><area isNotContentShape="false" name="Property has status" refid="_19_0_3_62501eb_1575932667367_837624_6228" shape="rect" type="0"><point x="675" y="343"/><point x="863" y="343"/><point x="863" y="356"/><point x="675" y="356"/></area><area isNotContentShape="false" name="Property has classification" refid="_19_0_3_62501eb_1576112106614_661844_12252" shape="rect" type="0"><point x="675" y="355"/><point x="863" y="355"/><point x="863" y="368"/><point x="675" y="368"/></area><area isNotContentShape="false" name="Class entity" refid="_19_0_3_62501eb_1575932666833_337404_5177" shape="rect" type="0"><point x="1309" y="140"/><point x="1498" y="140"/><point x="1498" y="192"/><point x="1309" y="192"/></area><area isNotContentShape="false" name="Class temporal" refid="_19_0_3_62501eb_1576101736124_819385_11939" shape="rect" type="0"><point x="252" y="378"/><point x="441" y="378"/><point x="441" y="442"/><point x="252" y="442"/></area><area isNotContentShape="false" name="Class temporal" refid="_19_0_3_62501eb_1576101736124_819385_11939" shape="rect" type="0"><point x="966" y="553"/><point x="1155" y="553"/><point x="1155" y="617"/><point x="966" y="617"/></area><area isNotContentShape="false" name="Class temporal" refid="_19_0_3_62501eb_1576101736124_819385_11939" shape="rect" type="0"><point x="42" y="889"/><point x="231" y="889"/><point x="231" y="953"/><point x="42" y="953"/></area><area isNotContentShape="false" name="Class situation" refid="_19_0_3_62501eb_1576028809689_551010_11362" shape="rect" type="0"><point x="266" y="889"/><point x="455" y="889"/><point x="455" y="941"/><point x="266" y="941"/></area><area isNotContentShape="false" name="Class situation" refid="_19_0_3_62501eb_1576028809689_551010_11362" shape="rect" type="0"><point x="672" y="322"/><point x="866" y="322"/><point x="866" y="407"/><point x="672" y="407"/></area><area isNotContentShape="false" name="Class procedure" refid="_19_0_3_62501eb_1576709434181_966028_6577" shape="rect" type="0"><point x="1407" y="819"/><point x="1608" y="819"/><point x="1608" y="859"/><point x="1407" y="859"/></area><area isNotContentShape="false" name="Property repetition frequency" refid="_19_0_3_62501eb_1581101328930_67789_6977" shape="rect" type="0"><point x="199" y="994"/><point x="403" y="994"/><point x="403" y="1007"/><point x="199" y="1007"/></area><area isNotContentShape="false" name="Property repetition separation" refid="_19_0_3_62501eb_1581101386566_964060_6981" shape="rect" type="0"><point x="199" y="1006"/><point x="403" y="1006"/><point x="403" y="1019"/><point x="199" y="1019"/></area><area isNotContentShape="false" name="Property repetition duration" refid="_19_0_3_62501eb_1581101418443_883251_6985" shape="rect" type="0"><point x="199" y="1018"/><point x="403" y="1018"/><point x="403" y="1031"/><point x="199" y="1031"/></area><area isNotContentShape="false" name="Property repetition count" refid="_19_0_3_62501eb_1581101574783_378464_7001" shape="rect" type="0"><point x="199" y="1030"/><point x="403" y="1030"/><point x="403" y="1043"/><point x="199" y="1043"/></area><area isNotContentShape="false" name="Class repeditive" refid="_19_0_3_62501eb_1581101236143_628242_6917" shape="rect" type="0"><point x="196" y="973"/><point x="406" y="973"/><point x="406" y="1049"/><point x="196" y="1049"/></area><area isNotContentShape="false" name="Property has legal name" refid="_19_0_3_62501eb_1575932667015_135638_5492" shape="rect" type="0"><point x="1452" y="371"/><point x="1683" y="371"/><point x="1683" y="384"/><point x="1452" y="384"/></area><area isNotContentShape="false" name="Property statement has mode" refid="_19_0_3_62501eb_1581107253713_613598_7545" shape="rect" type="0"><point x="38" y="700"/><point x="271" y="700"/><point x="271" y="713"/><point x="38" y="713"/></area><area isNotContentShape="false" name="Class responsible actor" refid="_19_0_3_62501eb_1575934072041_722247_10489" shape="rect" type="0"><point x="1449" y="350"/><point x="1686" y="350"/><point x="1686" y="390"/><point x="1449" y="390"/></area><area isNotContentShape="false" name="Property has purpose" refid="_19_0_3_62501eb_1580941864417_747915_6879" shape="rect" type="0"><point x="927" y="651"/><point x="1166" y="651"/><point x="1166" y="664"/><point x="927" y="664"/></area><area isNotContentShape="false" name="Class statement" refid="_19_0_3_62501eb_1575932666795_903202_5115" shape="rect" type="0"><point x="35" y="679"/><point x="274" y="679"/><point x="274" y="750"/><point x="35" y="750"/></area><area isNotContentShape="false" name="Class activity" refid="_19_0_3_62501eb_1575932666830_569452_5171" shape="rect" type="0"><point x="924" y="630"/><point x="1169" y="630"/><point x="1169" y="682"/><point x="924" y="682"/></area><area isNotContentShape="false" name="Class device" refid="_19_0_3_62501eb_1575932666757_882646_5060" shape="rect" type="0"><point x="1922" y="371"/><point x="2169" y="371"/><point x="2169" y="411"/><point x="1922" y="411"/></area><area isNotContentShape="false" name="Class allergic reaction observation" refid="_19_0_3_62501eb_1575932666914_330525_5327" shape="rect" type="0"><point x="385" y="826"/><point x="645" y="826"/><point x="645" y="869"/><point x="385" y="869"/></area><area isNotContentShape="false" name="Class person" refid="_19_0_3_62501eb_1575932666943_147059_5382" shape="rect" type="0"><point x="1442" y="448"/><point x="1741" y="448"/><point x="1741" y="488"/><point x="1442" y="488"/></area><area isNotContentShape="false" name="Class organization" refid="_19_0_3_62501eb_1575932666929_866372_5357" shape="rect" type="0"><point x="1750" y="448"/><point x="2074" y="448"/><point x="2074" y="488"/><point x="1750" y="488"/></area><area isNotContentShape="false" name="Class vital sign observation" refid="_19_0_3_62501eb_1575932666745_678311_5042" shape="rect" type="0"><point x="742" y="826"/><point x="1254" y="826"/><point x="1254" y="869"/><point x="742" y="869"/></area></map><name humanName="Name" mode="s,e">MDMI Model Complete</name><namespace classType="Package" humanName="Namespace" humanType="Package" icon="MDMIExampleModel_files/icon_package_906347731.png" name="MDMI Example Healthcare Domain Model" refid="_19_0_3_62501eb_1581106119184_43976_7372"/><ownedComment humanName="Owned Comment"><comment classType="Comment" humanType="Comment" icon="MDMIExampleModel_files/icon_comment_318950125.png" refid="_19_0_3_62501eb_1576112940477_774362_12261"/></ownedComment><ownedElement humanName="Owned Element"><comment classType="Comment" humanType="Comment" icon="MDMIExampleModel_files/icon_comment_318950125.png" refid="_19_0_3_62501eb_1576112940477_774362_12261"/><instancespecification classType="InstanceSpecification" humanType="Instance Specification" icon="MDMIExampleModel_files/icon_instancespecification_1476812556.png" name=" : UML Standard Profile::MagicDraw Profile::DiagramInfo" refid="_19_0_3_62501eb_1575932723477_728891_8248"/></ownedElement><owner classType="Package" humanName="Owner" humanType="Package" icon="MDMIExampleModel_files/icon_package_906347731.png" mode="s,e" name="MDMI Example Healthcare Domain Model" refid="_19_0_3_62501eb_1581106119184_43976_7372"/><ownerOfDiagram classType="Package" humanName="Owner Of Diagram" humanType="Package" icon="MDMIExampleModel_files/icon_package_906347731.png" name="MDMI Example Healthcare Domain Model" refid="_19_0_3_62501eb_1581106119184_43976_7372"/><qualifiedName humanName="Qualified Name" mode="e">MDMI::MDMI Example Healthcare Domain Model::MDMI Model Complete</qualifiedName><TO_DO humanName="To Do" mode="s,e"/><DIAGRAM_TYPE_DERIVED_PROPERTY humanName="Type">Concept Modeling Diagram</DIAGRAM_TYPE_DERIVED_PROPERTY><visibility humanName="Visibility">public</visibility></diagram></magicdraw>