<?xml version="1.0" encoding="UTF-8"?><magicdraw><instancespecification classType="InstanceSpecification" humanType="Instance Specification" icon="MDMIExampleModel_files/icon_instancespecification_1476812556.png" id="_19_0_3_62501eb_1575932667485_746001_6498"><classifier humanName="Classifier" mode="s,e"><stereotype classType="Stereotype" humanType="Stereotype" icon="MDMIExampleModel_files/icon_stereotype_137055275.png" name="Equivalent Class" refid="_18_0_4_8d40284_1459972500203_691763_4288"/></classifier><documentation humanName="Documentation"/><name humanName="Name" mode="s,e"/><owner classType="Generalization" humanName="Owner" humanType="Generalization" icon="MDMIExampleModel_files/icon_generalization_137055275.png" isRelationship="true" mode="s,e" refid="_19_0_3_62501eb_1575932667484_631362_6497"/><qualifiedName humanName="Qualified Name" mode="e"/><stereotypedElement classType="Generalization" humanName="Stereotyped Element" humanType="Generalization" icon="MDMIExampleModel_files/icon_generalization_137055275.png" isRelationship="true" refid="_19_0_3_62501eb_1575932667484_631362_6497"/><TO_DO humanName="To Do" mode="s,e"/><visibility humanName="Visibility">public</visibility></instancespecification></magicdraw>