<?xml version="1.0" encoding="UTF-8"?><magicdraw><class classType="Class" humanType="Class" icon="MDMIExampleModel_files/icon_class_197855654.png" id="_19_0_3_62501eb_1576202174195_656829_12643"><allGeneralClassifiers humanName="All General Classifiers"><class classType="Class" humanType="Class" icon="MDMIExampleModel_files/icon_class_197855654.png" name="activity method" refid="_19_0_3_62501eb_1575932666793_752841_5109"/><class classType="Class" humanType="Class" icon="MDMIExampleModel_files/icon_class_197855654.png" name="entity" refid="_19_0_3_62501eb_1575932666833_337404_5177"/><class classType="Class" humanType="Class" icon="MDMIExampleModel_files/icon_class_197855654.png" name="Thing" refid="_19_0_3_62501eb_1575932666741_328464_5038"/></allGeneralClassifiers><attribute humanName="Attribute"><property classType="Property" humanType="Property" icon="MDMIExampleModel_files/icon_property_2081076388.png" name="has device" refid="_19_0_3_62501eb_1576202203856_603188_12680"/></attribute><derivedExplanation humanName="Derived Explanation"/><documentation humanName="Documentation"/><effectiveIRI humanName="Effective IRI" mode="s,e">https://www.omg.org/spec/MDMI/MDMIExample/DeviceActivityMethod</effectiveIRI><feature humanName="Feature"><property classType="Property" humanType="Property" icon="MDMIExampleModel_files/icon_property_2081076388.png" name="has device" refid="_19_0_3_62501eb_1576202203856_603188_12680"/></feature><generalization humanName="Generalization"><generalization classType="Generalization" humanType="Generalization" icon="MDMIExampleModel_files/icon_generalization_1785807415.png" isRelationship="true" refid="_19_0_3_62501eb_1576202192509_374549_12673"/></generalization><inheritedMember humanName="Inherited Member"><property classType="Property" humanType="Property" icon="MDMIExampleModel_files/icon_property_2081076388.png" name="has id" refid="_19_0_3_62501eb_1575932666986_460361_5442"/><property classType="Property" humanType="Property" icon="MDMIExampleModel_files/icon_property_2081076388.png" name="has name" refid="_19_0_3_62501eb_1575932667382_843344_6263"/></inheritedMember><isAbstract humanName="Is Abstract" mode="s,e">false</isAbstract><isActive humanName="Is Active" mode="s,e">false</isActive><isFinalSpecialization humanName="Is Final Specialization" mode="e">false</isFinalSpecialization><isLeaf humanName="Is Leaf" mode="e">false</isLeaf><member humanName="Member"><property classType="Property" humanType="Property" icon="MDMIExampleModel_files/icon_property_2081076388.png" name="has device" refid="_19_0_3_62501eb_1576202203856_603188_12680"/><property classType="Property" humanType="Property" icon="MDMIExampleModel_files/icon_property_2081076388.png" name="has id" refid="_19_0_3_62501eb_1575932666986_460361_5442"/><property classType="Property" humanType="Property" icon="MDMIExampleModel_files/icon_property_2081076388.png" name="has name" refid="_19_0_3_62501eb_1575932667382_843344_6263"/></member><name humanName="Name" mode="s,e">device activity method</name><namespace classType="Package" humanName="Namespace" humanType="Package" icon="MDMIExampleModel_files/icon_package_906347731.png" name="MDMI Generic Statement Model" refid="_19_0_3_62501eb_1575932666657_153866_4950"/><ownedAttribute humanName="Owned Attribute"><property classType="Property" humanType="Property" icon="MDMIExampleModel_files/icon_property_2081076388.png" name="has device" refid="_19_0_3_62501eb_1576202203856_603188_12680"/></ownedAttribute><ownedElement humanName="Owned Element"><generalization classType="Generalization" humanType="Generalization" icon="MDMIExampleModel_files/icon_generalization_1785807415.png" isRelationship="true" refid="_19_0_3_62501eb_1576202192509_374549_12673"/><property classType="Property" humanType="Property" icon="MDMIExampleModel_files/icon_property_2081076388.png" name="has device" refid="_19_0_3_62501eb_1576202203856_603188_12680"/></ownedElement><ownedMember humanName="Owned Member"><property classType="Property" humanType="Property" icon="MDMIExampleModel_files/icon_property_2081076388.png" name="has device" refid="_19_0_3_62501eb_1576202203856_603188_12680"/></ownedMember><owner classType="Package" humanName="Owner" humanType="Package" icon="MDMIExampleModel_files/icon_package_906347731.png" mode="s,e" name="MDMI Generic Statement Model" refid="_19_0_3_62501eb_1575932666657_153866_4950"/><owningPackage classType="Package" humanName="Owning Package" humanType="Package" icon="MDMIExampleModel_files/icon_package_906347731.png" name="MDMI Generic Statement Model" refid="_19_0_3_62501eb_1575932666657_153866_4950"/><package classType="Package" humanName="Package" humanType="Package" icon="MDMIExampleModel_files/icon_package_906347731.png" name="MDMI Generic Statement Model" refid="_19_0_3_62501eb_1575932666657_153866_4950"/><qualifiedName humanName="Qualified Name" mode="e">MDMI::MDMI Generic Statement Model::device activity method</qualifiedName><role humanName="Role"><property classType="Property" humanType="Property" icon="MDMIExampleModel_files/icon_property_2081076388.png" name="has device" refid="_19_0_3_62501eb_1576202203856_603188_12680"/></role><superClass humanName="Super Class"><class classType="Class" humanType="Class" icon="MDMIExampleModel_files/icon_class_197855654.png" name="activity method" refid="_19_0_3_62501eb_1575932666793_752841_5109"/></superClass><TO_DO humanName="To Do" mode="s,e"/><visibility humanName="Visibility" mode="e">public</visibility><appearsIn><diagram classType="Diagram" humanType="Diagram" icon="MDMIExampleModel_files/icon_Concept Modeling Diagram_908398659.png" name="MDMI Model Complete" refid="_19_0_3_62501eb_1575932723465_630876_8237"/><diagram classType="Diagram" humanType="Diagram" icon="MDMIExampleModel_files/icon_Generic Table_1027115338.png" name="MDMI Generic Statment Model Table" refid="_19_0_3_62501eb_1577747393905_443025_6576"/><diagram classType="Diagram" humanType="Diagram" icon="MDMIExampleModel_files/icon_Concept Modeling Diagram_908398659.png" name="MDMI Generic Statement Model" refid="_19_0_3_62501eb_1581107569012_223945_9467"/><diagram classType="Diagram" humanType="Diagram" icon="MDMIExampleModel_files/icon_Concept Modeling Diagram_908398659.png" name="MDMI Example Healthcare domain model" refid="_19_0_3_62501eb_1581107580097_335037_11353"/></appearsIn></class></magicdraw>