<?xml version="1.0" encoding="UTF-8"?><magicdraw><property classType="Property" humanType="Property" icon="MDMIExampleModel_files/icon_property_2081076388.png" id="_19_0_3_62501eb_1575932667015_135638_5492"><aggregation humanName="Aggregation" mode="s,e">none</aggregation><APPLIED_STEREOTYPES humanName="Applied Stereotype" mode="s,e"><stereotype classType="Stereotype" humanType="Stereotype" icon="MDMIExampleModel_files/icon_stereotype_1164289802.png" name="Resource" refid="_18_0_1_8bf027c_1408661908824_320374_5622"/></APPLIED_STEREOTYPES><appliedStereotype humanName="Applied Stereotype" mode="s,e"><stereotype classType="Stereotype" humanType="Stereotype" icon="MDMIExampleModel_files/icon_stereotype_1164289802.png" name="Resource" refid="_18_0_1_8bf027c_1408661908824_320374_5622"><property classType="Property" humanName="Base_ Class" humanType="Property" icon="MDMIExampleModel_files/icon_property_2081076388.png" name="base_Class" refid="_18_0_2_8bf027c_1422543627022_363414_4277"/><property classType="Property" humanName="Base_ Data Type" humanType="Property" icon="MDMIExampleModel_files/icon_property_2081076388.png" name="base_DataType" refid="_18_0_6_17770441_1507741165315_119007_4655"/><property classType="Property" humanName="Base_ Package" humanType="Property" icon="MDMIExampleModel_files/icon_property_2081076388.png" name="base_Package" refid="_18_0_1_8bf027c_1408661916404_267165_5624"/><property classType="Property" humanName="Base_ Property" humanType="Property" icon="MDMIExampleModel_files/icon_property_2081076388.png" name="base_Property" refid="_18_0_2_8bf027c_1422543627015_674115_4272"/><property classType="Property" humanName="IRI" humanType="Property" icon="MDMIExampleModel_files/icon_property_2081076388.png" name="IRI" refid="_18_0_2_8bf027c_1422542645920_899661_4258"><String>hasLegalName</String></property><property classType="Property" humanName="Label" humanType="Property" icon="MDMIExampleModel_files/icon_property_2081076388.png" name="label" refid="_19_0_8d40284_1546312882041_949754_4691"><String>has legal name</String></property></stereotype></appliedStereotype><appliedStereotypeInstance classType="InstanceSpecification" humanName="Applied Stereotype Instance" humanType="Instance Specification" icon="MDMIExampleModel_files/icon_instancespecification_1476812556.png" name=" : Concept Modeling Profile::Resource" refid="_19_0_3_62501eb_1575932667017_978410_5496"/><UMLClass classType="Class" humanName="Class" humanType="Class" icon="MDMIExampleModel_files/icon_class_197855654.png" name="responsible actor" refid="_19_0_3_62501eb_1575934072041_722247_10489"/><classifier classType="Class" humanName="Classifier" humanType="Class" icon="MDMIExampleModel_files/icon_class_197855654.png" name="responsible actor" refid="_19_0_3_62501eb_1575934072041_722247_10489"/><documentation humanName="Documentation" mode="standard">a property to be used in a dataelementconcept property</documentation><effectiveIRI humanName="Effective IRI" mode="s,e">https://www.omg.org/spec/MDMI/MDMIExample/hasLegalName</effectiveIRI><featuringClassifier classType="Class" humanName="Featuring Classifier" humanType="Class" icon="MDMIExampleModel_files/icon_class_197855654.png" name="responsible actor" refid="_19_0_3_62501eb_1575934072041_722247_10489"/><isComposite humanName="Is Composite">false</isComposite><isDerived humanName="Is Derived" mode="s,e">false</isDerived><isDerivedUnion humanName="Is Derived Union" mode="e">false</isDerivedUnion><isID humanName="Is ID" mode="e">false</isID><isLeaf humanName="Is Leaf">false</isLeaf><isOrdered humanName="Is Ordered" mode="e">false</isOrdered><isReadOnly humanName="Is Read Only" mode="s,e">false</isReadOnly><isStatic humanName="Is Static" mode="s,e">false</isStatic><isUnique humanName="Is Unique" mode="e">true</isUnique><lower humanName="Lower">0</lower><lowerValue classType="LiteralInteger" humanName="Lower Value" humanType="Literal Integer" icon="MDMIExampleModel_files/icon_literalinteger_44854703.png" name="0" refid="_19_0_3_62501eb_1575932667016_322813_5495" text="0"/><multiplicity humanName="Multiplicity" mode="s,e">0..*</multiplicity><multiplicity humanName="Multiplicity" mode="s,e">0..*</multiplicity><name humanName="Name" mode="s,e">has legal name</name><namespace classType="Class" humanName="Namespace" humanType="Class" icon="MDMIExampleModel_files/icon_class_197855654.png" name="responsible actor" refid="_19_0_3_62501eb_1575934072041_722247_10489"/><navigable humanName="Navigable" mode="e">true</navigable><ownedBy classType="Class" humanName="Owned By" humanType="Class" icon="MDMIExampleModel_files/icon_class_197855654.png" mode="s,e" name="responsible actor" refid="_19_0_3_62501eb_1575934072041_722247_10489"/><ownedComment humanName="Owned Comment"><comment classType="Comment" humanType="Comment" icon="MDMIExampleModel_files/icon_comment_318950125.png" refid="_19_0_3_62501eb_1575932667978_346037_7756"/></ownedComment><ownedElement humanName="Owned Element"><comment classType="Comment" humanType="Comment" icon="MDMIExampleModel_files/icon_comment_318950125.png" refid="_19_0_3_62501eb_1575932667978_346037_7756"/><instancespecification classType="InstanceSpecification" humanType="Instance Specification" icon="MDMIExampleModel_files/icon_instancespecification_1476812556.png" name=" : Concept Modeling Profile::Resource" refid="_19_0_3_62501eb_1575932667017_978410_5496"/><literalunlimitednatural classType="LiteralUnlimitedNatural" humanType="Literal Unlimited Natural" icon="MDMIExampleModel_files/icon_literalunlimitednatural_1707148776.png" name="*" refid="_19_0_3_62501eb_1575932667016_159480_5494" text="*"/><literalinteger classType="LiteralInteger" humanType="Literal Integer" icon="MDMIExampleModel_files/icon_literalinteger_44854703.png" name="0" refid="_19_0_3_62501eb_1575932667016_322813_5495" text="0"/></ownedElement><owner classType="Class" humanName="Owner" humanType="Class" icon="MDMIExampleModel_files/icon_class_197855654.png" name="responsible actor" refid="_19_0_3_62501eb_1575934072041_722247_10489"/><qualifiedName humanName="Qualified Name" mode="e">MDMI::MDMI Generic Statement Model::responsible actor::has legal name</qualifiedName><redefinitionContext humanName="Redefinition Context"><class classType="Class" humanType="Class" icon="MDMIExampleModel_files/icon_class_197855654.png" name="responsible actor" refid="_19_0_3_62501eb_1575934072041_722247_10489"/></redefinitionContext><subsettedProperty humanName="Subsetted Property" mode="e"><property classType="Property" humanType="Property" icon="MDMIExampleModel_files/icon_property_2081076388.png" name="has name" refid="_19_0_3_62501eb_1575932667382_843344_6263"/></subsettedProperty><TO_DO humanName="To Do" mode="s,e"/><type classType="Class" humanName="Type" humanType="Class" icon="MDMIExampleModel_files/icon_class_197855654.png" mode="s,e" name="name" refid="_19_0_3_62501eb_1576084508438_340072_11517"/><TYPE_MODIFIER humanName="Type Modifier" mode="e"/><upper humanName="Upper">-1</upper><upperValue classType="LiteralUnlimitedNatural" humanName="Upper Value" humanType="Literal Unlimited Natural" icon="MDMIExampleModel_files/icon_literalunlimitednatural_1707148776.png" name="*" refid="_19_0_3_62501eb_1575932667016_159480_5494" text="*"/><visibility humanName="Visibility" mode="s,e">public</visibility><appearsIn><diagram classType="Diagram" humanType="Diagram" icon="MDMIExampleModel_files/icon_Concept Modeling Diagram_908398659.png" name="MDMI Model Complete" refid="_19_0_3_62501eb_1575932723465_630876_8237"/><diagram classType="Diagram" humanType="Diagram" icon="MDMIExampleModel_files/icon_Generic Table_1027115338.png" name="MDMI Generic Statment Model Table" refid="_19_0_3_62501eb_1577747393905_443025_6576"/><diagram classType="Diagram" humanType="Diagram" icon="MDMIExampleModel_files/icon_Concept Modeling Diagram_908398659.png" name="MDMI Generic Statement Model" refid="_19_0_3_62501eb_1581107569012_223945_9467"/></appearsIn></property></magicdraw>