<?xml version="1.0" encoding="UTF-8"?><magicdraw><comment classType="Comment" humanType="Comment" icon="ConceptLibrary_files/icon_comment_1609735765.png" id="_17_0_4_1_7b3022e_1389392792750_83349_4542"><annotatedElement humanName="Annotated Element" mode="s,e"><class classType="Class" humanType="Class" icon="ConceptLibrary_files/icon_class_1769227988.png" name="Traversal" refid="_17_0_4_1_7b3022e_1389392341191_550762_4345"/></annotatedElement><body humanName="Body" mode="s,e">Traversal from the current &lt;evaluates in&gt; context to another across a relation or other structure.

A traversal is a structure such that the structure's bindings may hold other properties of a traversal constant as independent variables where &lt;traverses through&gt; is the dependent variable. The traversal shall be considered to have the type of the relation it is traversing. Traversing binary relations does not require any bindings.

[OWL] ObjectPropertyChain</body><documentation humanName="Documentation"/><owner classType="Class" humanName="Owner" humanType="Class" icon="ConceptLibrary_files/icon_class_1769227988.png" mode="s,e" name="Traversal" refid="_17_0_4_1_7b3022e_1389392341191_550762_4345"/><owningElement classType="Class" humanName="Owning Element" humanType="Class" icon="ConceptLibrary_files/icon_class_1769227988.png" name="Traversal" refid="_17_0_4_1_7b3022e_1389392341191_550762_4345"/><TO_DO humanName="To Do" mode="s,e"/></comment></magicdraw>