<?xml version="1.0" encoding="UTF-8"?><magicdraw><generalization classType="Generalization" humanType="Generalization" icon="ConceptLibrary_files/icon_generalization_212232499.png" id="_17_0_4_1_7b3022e_1389197559451_610455_8508"><documentation humanName="Documentation"/><general classType="Class" humanName="General" humanType="Class" icon="ConceptLibrary_files/icon_class_1769227988.png" mode="s,e" name="Lexical Reference" refid="_17_0_4_1_7b3022e_1387043339955_784477_4894"/><isSubstitutable humanName="Is Substitutable">true</isSubstitutable><owner classType="Class" humanName="Owner" humanType="Class" icon="ConceptLibrary_files/icon_class_1769227988.png" mode="s,e" name="Include" refid="_17_0_4_1_7b3022e_1389197532067_566283_8486"/><relatedElement humanName="Related Element"><class classType="Class" humanType="Class" icon="ConceptLibrary_files/icon_class_1769227988.png" name="Include" refid="_17_0_4_1_7b3022e_1389197532067_566283_8486"/><class classType="Class" humanType="Class" icon="ConceptLibrary_files/icon_class_1769227988.png" name="Lexical Reference" refid="_17_0_4_1_7b3022e_1387043339955_784477_4894"/></relatedElement><source humanName="Source"><class classType="Class" humanType="Class" icon="ConceptLibrary_files/icon_class_1769227988.png" name="Include" refid="_17_0_4_1_7b3022e_1389197532067_566283_8486"/></source><specific classType="Class" humanName="Specific" humanType="Class" icon="ConceptLibrary_files/icon_class_1769227988.png" mode="s,e" name="Include" refid="_17_0_4_1_7b3022e_1389197532067_566283_8486"/><target humanName="Target"><class classType="Class" humanType="Class" icon="ConceptLibrary_files/icon_class_1769227988.png" name="Lexical Reference" refid="_17_0_4_1_7b3022e_1387043339955_784477_4894"/></target><TO_DO humanName="To Do" mode="s,e"/><appearsIn><diagram classType="Diagram" humanType="Diagram" icon="ConceptLibrary_files/icon_Class Diagram_505751443.png" name="Lexical Scope" refid="_17_0_4_1_7b3022e_1387036296496_910243_3904"/></appearsIn></generalization></magicdraw>