<?xml version="1.0" encoding="UTF-8"?><magicdraw><property classType="Property" humanType="Property" icon="ConceptLibrary_files/icon_property_736527975.png" id="_17_0_3_7b3022e_1331563522771_940785_1726"><aggregation humanName="Aggregation" mode="s,e">none</aggregation><UMLClass classType="Class" humanName="Class" humanType="Class" icon="ConceptLibrary_files/icon_class_1769227988.png" name="Definition" refid="_17_0_3_7b3022e_1331563466337_499795_1703"/><classifier classType="Class" humanName="Classifier" humanType="Class" icon="ConceptLibrary_files/icon_class_1769227988.png" name="Definition" refid="_17_0_3_7b3022e_1331563466337_499795_1703"/><documentation humanName="Documentation">Text describing a something in natural language. The language may be indicated by a context of the definition.
[OWL] rdfs:comment</documentation><documentation humanName="Documentation" mode="standard">Text describing a something in natural language. The language may be indicated by a context of the definition.
[OWL] rdfs:comment</documentation><effectiveIRI humanName="Effective IRI">https://www.omg.org/spec/SMIF/Metadata#textDefinition</effectiveIRI><featuringClassifier classType="Class" humanName="Featuring Classifier" humanType="Class" icon="ConceptLibrary_files/icon_class_1769227988.png" name="Definition" refid="_17_0_3_7b3022e_1331563466337_499795_1703"/><isComposite humanName="Is Composite">false</isComposite><isDerived humanName="Is Derived" mode="s,e">false</isDerived><isDerivedUnion humanName="Is Derived Union" mode="e">false</isDerivedUnion><isID humanName="Is ID" mode="e">false</isID><isLeaf humanName="Is Leaf">false</isLeaf><isOrdered humanName="Is Ordered" mode="e">false</isOrdered><isReadOnly humanName="Is Read Only" mode="s,e">false</isReadOnly><isStatic humanName="Is Static" mode="s,e">false</isStatic><isUnique humanName="Is Unique" mode="e">true</isUnique><lower humanName="Lower">1</lower><multiplicity humanName="Multiplicity" mode="s,e"/><multiplicity humanName="Multiplicity" mode="s,e"/><name humanName="Name" mode="s,e">text definition</name><namespace classType="Class" humanName="Namespace" humanType="Class" icon="ConceptLibrary_files/icon_class_1769227988.png" name="Definition" refid="_17_0_3_7b3022e_1331563466337_499795_1703"/><navigable humanName="Navigable" mode="e">true</navigable><ownedBy classType="Class" humanName="Owned By" humanType="Class" icon="ConceptLibrary_files/icon_class_1769227988.png" mode="s,e" name="Definition" refid="_17_0_3_7b3022e_1331563466337_499795_1703"/><ownedComment humanName="Owned Comment"><comment classType="Comment" humanType="Comment" icon="ConceptLibrary_files/icon_comment_1609735765.png" refid="_17_0_4_1_7b3022e_1389194789876_203285_8404"/></ownedComment><ownedElement humanName="Owned Element"><comment classType="Comment" humanType="Comment" icon="ConceptLibrary_files/icon_comment_1609735765.png" refid="_17_0_4_1_7b3022e_1389194789876_203285_8404"/></ownedElement><owner classType="Class" humanName="Owner" humanType="Class" icon="ConceptLibrary_files/icon_class_1769227988.png" name="Definition" refid="_17_0_3_7b3022e_1331563466337_499795_1703"/><qualifiedName humanName="Qualified Name" mode="e">SMIF Conceptual Model::Metadata::Definition::text definition</qualifiedName><redefinitionContext humanName="Redefinition Context"><class classType="Class" humanType="Class" icon="ConceptLibrary_files/icon_class_1769227988.png" name="Definition" refid="_17_0_3_7b3022e_1331563466337_499795_1703"/></redefinitionContext><TO_DO humanName="To Do" mode="s,e"/><type classType="PrimitiveType" humanName="Type" humanType="Primitive Type" icon="ConceptLibrary_files/icon_primitivetype_289711450.png" mode="s,e" name="String Value" refid="_18_4_62501eb_1474842076416_400128_21396"/><TYPE_MODIFIER humanName="Type Modifier" mode="e"/><upper humanName="Upper">1</upper><visibility humanName="Visibility" mode="s,e">public</visibility><appearsIn><diagram classType="Diagram" humanType="Diagram" icon="ConceptLibrary_files/icon_Generic Table_1568169108.png" name="SMIF Properties" refid="_18_2_62501eb_1462314120667_944518_6368"/></appearsIn></property></magicdraw>