<?xml version="1.0" encoding="UTF-8"?><magicdraw><dependency classType="Dependency" humanType="Dependency" icon="ConceptLibrary_files/icon_dependency_866529530.png" id="_17_0_5_1_3ba019e_1408551187081_688879_6663"><client humanName="Client" mode="s,e"><associationclass classType="AssociationClass" humanType="Association Class" icon="ConceptLibrary_files/icon_associationclass_1255445356.png" isRelationship="true" name="Stakeholder Desirability" refid="_17_0_5_1_3ba019e_1407439004205_698351_4254"/></client><documentation humanName="Documentation"/><name humanName="Name" mode="s,e">derived from</name><namespace classType="Package" humanName="Namespace" humanType="Package" icon="ConceptLibrary_files/icon_package_467146800.png" name="Objectives" refid="_17_0_5_1_3ba019e_1407439973665_938070_5084"/><owner classType="Package" humanName="Owner" humanType="Package" icon="ConceptLibrary_files/icon_package_467146800.png" mode="s,e" name="Objectives" refid="_17_0_5_1_3ba019e_1407439973665_938070_5084"/><owningPackage classType="Package" humanName="Owning Package" humanType="Package" icon="ConceptLibrary_files/icon_package_467146800.png" name="Objectives" refid="_17_0_5_1_3ba019e_1407439973665_938070_5084"/><qualifiedName humanName="Qualified Name" mode="e">Concept Library::Objectives::derived from</qualifiedName><relatedElement humanName="Related Element"><class classType="Class" humanType="Class" icon="ConceptLibrary_files/icon_class_1769227988.png" name="Consequence" refid="_17_0_5_1_3ba019e_1407439004191_348666_4226"/><associationclass classType="AssociationClass" humanType="Association Class" icon="ConceptLibrary_files/icon_associationclass_1255445356.png" isRelationship="true" name="Stakeholder Desirability" refid="_17_0_5_1_3ba019e_1407439004205_698351_4254"/></relatedElement><source humanName="Source"><associationclass classType="AssociationClass" humanType="Association Class" icon="ConceptLibrary_files/icon_associationclass_1255445356.png" isRelationship="true" name="Stakeholder Desirability" refid="_17_0_5_1_3ba019e_1407439004205_698351_4254"/></source><supplier humanName="Supplier" mode="s,e"><class classType="Class" humanType="Class" icon="ConceptLibrary_files/icon_class_1769227988.png" name="Consequence" refid="_17_0_5_1_3ba019e_1407439004191_348666_4226"/></supplier><target humanName="Target"><class classType="Class" humanType="Class" icon="ConceptLibrary_files/icon_class_1769227988.png" name="Consequence" refid="_17_0_5_1_3ba019e_1407439004191_348666_4226"/></target><TO_DO humanName="To Do" mode="s,e"/><visibility humanName="Visibility">public</visibility><appearsIn><diagram classType="Diagram" humanType="Diagram" icon="ConceptLibrary_files/icon_Class Diagram_505751443.png" name="Stakeholder Desirability" refid="_18_4_62501eb_1477082945642_857302_47898"/></appearsIn></dependency></magicdraw>