<?xml version="1.0" encoding="UTF-8"?><magicdraw><generalization classType="Generalization" humanType="Generalization" icon="ConceptLibrary_files/icon_generalization_212232499.png" id="_17_0_5_1_3ba019e_1407447804049_933711_8937"><APPLIED_STEREOTYPES humanName="Applied Stereotype" mode="s,e"><stereotype classType="Stereotype" humanType="Stereotype" icon="ConceptLibrary_files/icon_stereotype_643587433.png" name="Facet Of" refid="_18_5_3_62501eb_1526230803672_816575_5562"/></APPLIED_STEREOTYPES><appliedStereotype humanName="Applied Stereotype" mode="s,e"><stereotype classType="Stereotype" humanType="Stereotype" icon="ConceptLibrary_files/icon_stereotype_643587433.png" name="Facet Of" refid="_18_5_3_62501eb_1526230803672_816575_5562"><property classType="Property" humanName="Base_ Generalization" humanType="Property" icon="ConceptLibrary_files/icon_property_736527975.png" name="base_Generalization" refid="_18_5_3_62501eb_1526230867002_145781_5590"/></stereotype></appliedStereotype><appliedStereotypeInstance classType="InstanceSpecification" humanName="Applied Stereotype Instance" humanType="Instance Specification" icon="ConceptLibrary_files/icon_instancespecification_1746117425.png" name=" : SIMFProfile::SMIF Concept Modeling Profile::Facet Of" refid="_17_0_5_1_3ba019e_1407449154598_842943_8949"/><documentation humanName="Documentation"/><general classType="Class" humanName="General" humanType="Class" icon="ConceptLibrary_files/icon_class_1769227988.png" mode="s,e" name="Actor" refid="_17_0_5_1_7b3022e_1398820303774_882324_7571"/><isSubstitutable humanName="Is Substitutable">true</isSubstitutable><ownedElement humanName="Owned Element"><instancespecification classType="InstanceSpecification" humanType="Instance Specification" icon="ConceptLibrary_files/icon_instancespecification_1746117425.png" name=" : SIMFProfile::SMIF Concept Modeling Profile::Facet Of" refid="_17_0_5_1_3ba019e_1407449154598_842943_8949"/></ownedElement><owner classType="Class" humanName="Owner" humanType="Class" icon="ConceptLibrary_files/icon_class_1769227988.png" mode="s,e" name="Threat Actor" refid="_17_0_5_1_3ba019e_1407447767193_780154_8908"/><relatedElement humanName="Related Element"><class classType="Class" humanType="Class" icon="ConceptLibrary_files/icon_class_1769227988.png" name="Actor" refid="_17_0_5_1_7b3022e_1398820303774_882324_7571"/><class classType="Class" humanType="Class" icon="ConceptLibrary_files/icon_class_1769227988.png" name="Threat Actor" refid="_17_0_5_1_3ba019e_1407447767193_780154_8908"/></relatedElement><source humanName="Source"><class classType="Class" humanType="Class" icon="ConceptLibrary_files/icon_class_1769227988.png" name="Threat Actor" refid="_17_0_5_1_3ba019e_1407447767193_780154_8908"/></source><specific classType="Class" humanName="Specific" humanType="Class" icon="ConceptLibrary_files/icon_class_1769227988.png" mode="s,e" name="Threat Actor" refid="_17_0_5_1_3ba019e_1407447767193_780154_8908"/><target humanName="Target"><class classType="Class" humanType="Class" icon="ConceptLibrary_files/icon_class_1769227988.png" name="Actor" refid="_17_0_5_1_7b3022e_1398820303774_882324_7571"/></target><TO_DO humanName="To Do" mode="s,e"/><appearsIn><diagram classType="Diagram" humanType="Diagram" icon="ConceptLibrary_files/icon_Class Diagram_505751443.png" name="Threat Actor" refid="_18_4_1_62501eb_1506832903375_890394_15124"/><diagram classType="Diagram" humanType="Diagram" icon="ConceptLibrary_files/icon_Class Diagram_505751443.png" name="Perpetrate" refid="_18_4_62501eb_1477174560380_996547_35817"/><diagram classType="Diagram" humanType="Diagram" icon="ConceptLibrary_files/icon_Class Diagram_505751443.png" name="Danger Sources" refid="_18_2_62501eb_1456443440499_547781_7751"/><diagram classType="Diagram" humanType="Diagram" icon="ConceptLibrary_files/icon_Class Diagram_505751443.png" name="Threat Actors" refid="_18_2_62501eb_1456443671550_43950_8612"/></appearsIn></generalization></magicdraw>