<?xml version="1.0" encoding="UTF-8"?><magicdraw><generalization classType="Generalization" humanType="Generalization" icon="ConceptLibrary_files/icon_generalization_212232499.png" id="_17_0_5_1_3ba019e_1409605496567_61057_6654"><APPLIED_STEREOTYPES humanName="Applied Stereotype" mode="s,e"><stereotype classType="Stereotype" humanType="Stereotype" icon="ConceptLibrary_files/icon_stereotype_643587433.png" name="Facet Of" refid="_18_5_3_62501eb_1526230803672_816575_5562"/></APPLIED_STEREOTYPES><appliedStereotype humanName="Applied Stereotype" mode="s,e"><stereotype classType="Stereotype" humanType="Stereotype" icon="ConceptLibrary_files/icon_stereotype_643587433.png" name="Facet Of" refid="_18_5_3_62501eb_1526230803672_816575_5562"><property classType="Property" humanName="Base_ Generalization" humanType="Property" icon="ConceptLibrary_files/icon_property_736527975.png" name="base_Generalization" refid="_18_5_3_62501eb_1526230867002_145781_5590"/></stereotype></appliedStereotype><appliedStereotypeInstance classType="InstanceSpecification" humanName="Applied Stereotype Instance" humanType="Instance Specification" icon="ConceptLibrary_files/icon_instancespecification_1746117425.png" name=" : SIMFProfile::SMIF Concept Modeling Profile::Facet Of" refid="_17_0_5_1_3ba019e_1409605512952_488837_6655"/><documentation humanName="Documentation"/><general classType="Class" humanName="General" humanType="Class" icon="ConceptLibrary_files/icon_class_1769227988.png" mode="s,e" name="Social Agent" refid="_18_2_62501eb_1455208265513_943581_7780"/><isSubstitutable humanName="Is Substitutable">true</isSubstitutable><ownedElement humanName="Owned Element"><instancespecification classType="InstanceSpecification" humanType="Instance Specification" icon="ConceptLibrary_files/icon_instancespecification_1746117425.png" name=" : SIMFProfile::SMIF Concept Modeling Profile::Facet Of" refid="_17_0_5_1_3ba019e_1409605512952_488837_6655"/></ownedElement><owner classType="Class" humanName="Owner" humanType="Class" icon="ConceptLibrary_files/icon_class_1769227988.png" mode="s,e" name="Victim" refid="_17_0_5_1_3ba019e_1409605481272_952101_6632"/><relatedElement humanName="Related Element"><class classType="Class" humanType="Class" icon="ConceptLibrary_files/icon_class_1769227988.png" name="Social Agent" refid="_18_2_62501eb_1455208265513_943581_7780"/><class classType="Class" humanType="Class" icon="ConceptLibrary_files/icon_class_1769227988.png" name="Victim" refid="_17_0_5_1_3ba019e_1409605481272_952101_6632"/></relatedElement><source humanName="Source"><class classType="Class" humanType="Class" icon="ConceptLibrary_files/icon_class_1769227988.png" name="Victim" refid="_17_0_5_1_3ba019e_1409605481272_952101_6632"/></source><specific classType="Class" humanName="Specific" humanType="Class" icon="ConceptLibrary_files/icon_class_1769227988.png" mode="s,e" name="Victim" refid="_17_0_5_1_3ba019e_1409605481272_952101_6632"/><target humanName="Target"><class classType="Class" humanType="Class" icon="ConceptLibrary_files/icon_class_1769227988.png" name="Social Agent" refid="_18_2_62501eb_1455208265513_943581_7780"/></target><TO_DO humanName="To Do" mode="s,e"/><appearsIn><diagram classType="Diagram" humanType="Diagram" icon="ConceptLibrary_files/icon_Class Diagram_505751443.png" name="Undesirable Situations" refid="_18_4_62501eb_1477177472775_513597_14552"/><diagram classType="Diagram" humanType="Diagram" icon="ConceptLibrary_files/icon_Class Diagram_505751443.png" name="Incident" refid="_17_0_5_1_3ba019e_1407453289831_314439_12200"/></appearsIn></generalization></magicdraw>