<?xml version="1.0" encoding="UTF-8"?><magicdraw><association classType="Association" humanType="Association" icon="ConceptLibrary_files/icon_association_286860903.png" id="_17_0_4_1_7b3022e_1387036570411_217552_4085"><allSpecificClassifiers humanName="All Specific Classifiers"><association classType="Association" humanType="Association" icon="ConceptLibrary_files/icon_association_286860903.png" isRelationship="true" name="Match Rules" refid="_18_1_3ba019e_1447094369149_779446_5150"/><association classType="Association" humanType="Association" icon="ConceptLibrary_files/icon_association_1781128159.png" isRelationship="true" name="Pattern Variables" refid="_18_2_62501eb_1460132645142_127196_9408"/><association classType="Association" humanType="Association" icon="ConceptLibrary_files/icon_association_286860903.png" isRelationship="true" name="Property Type Ownership" refid="_18_4_62501eb_1474479728768_693381_9859"/><association classType="Association" humanType="Association" icon="ConceptLibrary_files/icon_association_286860903.png" isRelationship="true" name="Statement" refid="_18_2_62501eb_1462976051931_701389_7153"/></allSpecificClassifiers><documentation humanName="Documentation">Relationship defining the set of elements defined within a lexical scope.
[OWL] RDF Graph</documentation><documentation humanName="Documentation" mode="standard">Relationship defining the set of elements defined within a lexical scope.
[OWL] RDF Graph</documentation><endType humanName="End Type"><class classType="Class" humanType="Class" icon="ConceptLibrary_files/icon_class_1769227988.png" name="Lexical Scope" refid="_18_4_1_62501eb_1502394944731_837726_9021"/><class classType="Class" humanType="Class" icon="ConceptLibrary_files/icon_class_412694050.png" name="Thing" refid="_17_0_3_7b3022e_1331313031781_359355_5487"/></endType><feature humanName="Feature"><property classType="Property" humanType="Property" icon="ConceptLibrary_files/icon_property_736527975.png" name="defined in" refid="_17_0_4_1_7b3022e_1387036570411_902484_4087"/><property classType="Property" humanType="Property" icon="ConceptLibrary_files/icon_property_736527975.png" name="defines" refid="_17_0_4_1_7b3022e_1387036570411_417395_4086"/></feature><isAbstract humanName="Is Abstract">false</isAbstract><isDerived humanName="Is Derived">false</isDerived><isFinalSpecialization humanName="Is Final Specialization">false</isFinalSpecialization><isLeaf humanName="Is Leaf">false</isLeaf><member humanName="Member"><property classType="Property" humanType="Property" icon="ConceptLibrary_files/icon_property_736527975.png" name="defined in" refid="_17_0_4_1_7b3022e_1387036570411_902484_4087"/><property classType="Property" humanType="Property" icon="ConceptLibrary_files/icon_property_736527975.png" name="defines" refid="_17_0_4_1_7b3022e_1387036570411_417395_4086"/></member><memberEnd humanName="Member End"><property classType="Property" humanType="Property" icon="ConceptLibrary_files/icon_property_736527975.png" name="defined in" refid="_17_0_4_1_7b3022e_1387036570411_902484_4087"/><property classType="Property" humanType="Property" icon="ConceptLibrary_files/icon_property_736527975.png" name="defines" refid="_17_0_4_1_7b3022e_1387036570411_417395_4086"/></memberEnd><name humanName="Name" mode="s,e">Definition</name><namespace classType="Package" humanName="Namespace" humanType="Package" icon="ConceptLibrary_files/icon_package_467146800.png" name="Lexical Scope" refid="_17_0_4_1_7b3022e_1387036286878_479470_3903"/><navigableOwnedEnd humanName="Navigable Owned End" mode="e"><property classType="Property" humanType="Property" icon="ConceptLibrary_files/icon_property_736527975.png" name="defined in" refid="_17_0_4_1_7b3022e_1387036570411_902484_4087"/><property classType="Property" humanType="Property" icon="ConceptLibrary_files/icon_property_736527975.png" name="defines" refid="_17_0_4_1_7b3022e_1387036570411_417395_4086"/></navigableOwnedEnd><ownedComment humanName="Owned Comment"><comment classType="Comment" humanType="Comment" icon="ConceptLibrary_files/icon_comment_1609735765.png" refid="_18_4_62501eb_1475682292477_104847_15832"/></ownedComment><ownedElement humanName="Owned Element"><comment classType="Comment" humanType="Comment" icon="ConceptLibrary_files/icon_comment_1609735765.png" refid="_18_4_62501eb_1475682292477_104847_15832"/><property classType="Property" humanType="Property" icon="ConceptLibrary_files/icon_property_736527975.png" name="defined in" refid="_17_0_4_1_7b3022e_1387036570411_902484_4087"/><property classType="Property" humanType="Property" icon="ConceptLibrary_files/icon_property_736527975.png" name="defines" refid="_17_0_4_1_7b3022e_1387036570411_417395_4086"/></ownedElement><ownedEnd humanName="Owned End"><property classType="Property" humanType="Property" icon="ConceptLibrary_files/icon_property_736527975.png" name="defined in" refid="_17_0_4_1_7b3022e_1387036570411_902484_4087"/><property classType="Property" humanType="Property" icon="ConceptLibrary_files/icon_property_736527975.png" name="defines" refid="_17_0_4_1_7b3022e_1387036570411_417395_4086"/></ownedEnd><ownedMember humanName="Owned Member"><property classType="Property" humanType="Property" icon="ConceptLibrary_files/icon_property_736527975.png" name="defined in" refid="_17_0_4_1_7b3022e_1387036570411_902484_4087"/><property classType="Property" humanType="Property" icon="ConceptLibrary_files/icon_property_736527975.png" name="defines" refid="_17_0_4_1_7b3022e_1387036570411_417395_4086"/></ownedMember><owner classType="Package" humanName="Owner" humanType="Package" icon="ConceptLibrary_files/icon_package_467146800.png" mode="s,e" name="Lexical Scope" refid="_17_0_4_1_7b3022e_1387036286878_479470_3903"/><owningPackage classType="Package" humanName="Owning Package" humanType="Package" icon="ConceptLibrary_files/icon_package_467146800.png" name="Lexical Scope" refid="_17_0_4_1_7b3022e_1387036286878_479470_3903"/><package classType="Package" humanName="Package" humanType="Package" icon="ConceptLibrary_files/icon_package_467146800.png" name="Lexical Scope" refid="_17_0_4_1_7b3022e_1387036286878_479470_3903"/><qualifiedName humanName="Qualified Name" mode="e">SMIF Conceptual Model::Lexical Scope::Definition</qualifiedName><relatedElement humanName="Related Element"><class classType="Class" humanType="Class" icon="ConceptLibrary_files/icon_class_1769227988.png" name="Lexical Scope" refid="_18_4_1_62501eb_1502394944731_837726_9021"/><class classType="Class" humanType="Class" icon="ConceptLibrary_files/icon_class_412694050.png" name="Thing" refid="_17_0_3_7b3022e_1331313031781_359355_5487"/></relatedElement><specificClassifier humanName="Specific Classifier"><association classType="Association" humanType="Association" icon="ConceptLibrary_files/icon_association_286860903.png" isRelationship="true" name="Statement" refid="_18_2_62501eb_1462976051931_701389_7153"/></specificClassifier><TO_DO humanName="To Do"/><visibility humanName="Visibility" mode="s,e">public</visibility><appearsIn><diagram classType="Diagram" humanType="Diagram" icon="ConceptLibrary_files/icon_Class Diagram_505751443.png" name="Lexical Scope" refid="_17_0_4_1_7b3022e_1387036296496_910243_3904"/><diagram classType="Diagram" humanType="Diagram" icon="ConceptLibrary_files/icon_Generic Table_1568169108.png" name="SMIF Associations" refid="_18_2_62501eb_1462313084237_705601_5981"/></appearsIn></association></magicdraw>