<?xml version="1.0" encoding="UTF-8"?><magicdraw><comment classType="Comment" humanType="Comment" icon="ConceptLibrary_files/icon_comment_1609735765.png" id="_17_0_4_1_7b3022e_1389197705482_522176_8513"><annotatedElement humanName="Annotated Element" mode="s,e"><association classType="Association" humanType="Association" icon="ConceptLibrary_files/icon_association_1781128159.png" isRelationship="true" name="Multiplicity Target" refid="_17_0_4_1_7b3022e_1388783972714_237627_4484"/></annotatedElement><body humanName="Body" mode="s,e">Relationship defining the type a multiplicity rule applies to. Note that properties are types and may also have multiplicity constraints.</body><documentation humanName="Documentation"/><owner classType="Association" humanName="Owner" humanType="Association" icon="ConceptLibrary_files/icon_association_1781128159.png" isRelationship="true" mode="s,e" name="Multiplicity Target" refid="_17_0_4_1_7b3022e_1388783972714_237627_4484"/><owningElement classType="Association" humanName="Owning Element" humanType="Association" icon="ConceptLibrary_files/icon_association_1781128159.png" isRelationship="true" name="Multiplicity Target" refid="_17_0_4_1_7b3022e_1388783972714_237627_4484"/><TO_DO humanName="To Do" mode="s,e"/></comment></magicdraw>