<?xml version="1.0" encoding="UTF-8"?><magicdraw><literalunlimitednatural classType="LiteralUnlimitedNatural" humanType="Literal Unlimited Natural" icon="ConceptLibrary_files/icon_literalunlimitednatural_1122090209.png" id="_17_0_5_1_3ba019e_1407439006354_310684_4828"><documentation humanName="Documentation"/><name humanName="Name"/><owner classType="Property" humanName="Owner" humanType="Property" icon="ConceptLibrary_files/icon_property_736527975.png" mode="e" name=" : Concept Library::Objectives::Benefit [1..*]" refid="_17_0_5_1_3ba019e_1407439006277_804805_4745"/><owningUpper classType="Property" humanName="Owning Upper" humanType="Property" icon="ConceptLibrary_files/icon_property_736527975.png" name=" : Concept Library::Objectives::Benefit [1..*]" refid="_17_0_5_1_3ba019e_1407439006277_804805_4745"/><qualifiedName humanName="Qualified Name">Concept Library::Objectives::::::</qualifiedName><text humanName="Text" mode="standard">*</text><TO_DO humanName="To Do"/><TYPE_MODIFIER humanName="Type Modifier"/><value humanName="Value" mode="s,e">-1</value><visibility humanName="Visibility">public</visibility></literalunlimitednatural></magicdraw>