<?xml version="1.0" encoding="UTF-8"?><magicdraw><package classType="Package" humanType="Package" icon="ConceptLibrary_files/icon_package_467146800.png" id="_17_0_3_7b3022e_1331156461403_893550_1660"><APPLIED_STEREOTYPES humanName="Applied Stereotype" mode="s,e"><stereotype classType="Stereotype" humanType="Stereotype" icon="ConceptLibrary_files/icon_stereotype_643587433.png" name="Concept Model" refid="_18_0_2_8bf027c_1418002266669_632692_4244"/><stereotype classType="Stereotype" humanType="Stereotype" icon="ConceptLibrary_files/icon_stereotype_643587433.png" name="HyperlinkOwner" refid="_9_0_be00301_1108044563999_784946_1"/></APPLIED_STEREOTYPES><appliedStereotype humanName="Applied Stereotype" mode="s,e"><stereotype classType="Stereotype" humanType="Stereotype" icon="ConceptLibrary_files/icon_stereotype_643587433.png" name="Concept Model" refid="_18_0_2_8bf027c_1418002266669_632692_4244"><property classType="Property" humanName="Base_ Named Element" humanType="Property" icon="ConceptLibrary_files/icon_property_736527975.png" name="base_NamedElement" refid="_18_2_62501eb_1462643008348_875858_4614"/><property classType="Property" humanName="Base_ Package" humanType="Property" icon="ConceptLibrary_files/icon_property_736527975.png" name="base_Package" refid="_18_0_2_8bf027c_1418002284961_482974_4246"/><property classType="Property" humanName="Base_ Package" humanType="Property" icon="ConceptLibrary_files/icon_property_736527975.png" name="base_Package" refid="_18_0_2_8bf027c_1422543695789_626614_4314"/><property classType="Property" humanName="Id" humanType="Property" icon="ConceptLibrary_files/icon_property_736527975.png" name="id" refid="_18_0_2_8bf027c_1422542645920_899661_4258"/><property classType="Property" humanName="Prefix" humanType="Property" icon="ConceptLibrary_files/icon_property_736527975.png" name="prefix" refid="_18_0_1_8bf027c_1410291663142_556199_4654"><String>TYPE</String></property></stereotype><stereotype classType="Stereotype" humanType="Stereotype" icon="ConceptLibrary_files/icon_stereotype_643587433.png" name="HyperlinkOwner" refid="_9_0_be00301_1108044563999_784946_1"><property classType="Property" humanType="Property" icon="ConceptLibrary_files/icon_property_736527975.png" name="base_Element" refid="_10_0EAPbeta_be00301_1123081772148_910751_285"/><property classType="Property" humanType="Property" icon="ConceptLibrary_files/icon_property_736527975.png" name="base_Element" refid="_10_0EAPbeta_be00301_1123081772098_411862_275"/><property classType="Property" humanName="Element/Symbol" humanType="Property" icon="ConceptLibrary_files/icon_property_736527975.png" name="hyperlinkModel" refid="_622020d_1063089736320_890266_3"><diagram classType="Diagram" humanType="Diagram" icon="ConceptLibrary_files/icon_Class Diagram_505751443.png" name="Types" refid="_17_0_3_7b3022e_1331156482756_874223_1661"/></property><property classType="Property" humanName="Active Hyperlink" humanType="Property" icon="ConceptLibrary_files/icon_property_736527975.png" name="hyperlinkModelActive" refid="_622020d_1063089736320_73815_4"><diagram classType="Diagram" humanType="Diagram" icon="ConceptLibrary_files/icon_Class Diagram_505751443.png" name="Types" refid="_17_0_3_7b3022e_1331156482756_874223_1661"/></property><property classType="Property" humanName="File/WEB_PAGE" humanType="Property" icon="ConceptLibrary_files/icon_property_736527975.png" name="hyperlinkText" refid="_622020d_1063089736310_884303_1"/><property classType="Property" humanName="Active Hyperlink" humanType="Property" icon="ConceptLibrary_files/icon_property_736527975.png" name="hyperlinkTextActive" refid="_622020d_1063089736310_68488_2"/></stereotype></appliedStereotype><appliedStereotypeInstance classType="InstanceSpecification" humanName="Applied Stereotype Instance" humanType="Instance Specification" icon="ConceptLibrary_files/icon_instancespecification_1746117425.png" name=" : UML Standard Profile::MagicDraw Profile::HyperlinkOwner, SIMFProfile::SMIF Concept Modeling Profile::Concept Model" refid="_17_0_3_7b3022e_1331419673532_760556_6005"/><clientDependency humanName="Client Dependency"><dependency classType="Dependency" humanType="Dependency" icon="ConceptLibrary_files/icon_dependency_866529530.png" isRelationship="true" name="Dependency[SMIF Conceptual Model::Types -&gt; SMIF Conceptual Model::Identifiers]" refid="_17_0_3_7b3022e_1331422481684_994668_2185"/></clientDependency><documentation humanName="Documentation">Types provide for ways to categorize anything based on what it is, the roles it plays or the phases it may be in.
Something may be categorized by any number of types (multiple classification assumption).</documentation><documentation humanName="Documentation" mode="standard">Types provide for ways to categorize anything based on what it is, the roles it plays or the phases it may be in.
Something may be categorized by any number of types (multiple classification assumption).</documentation><effectiveIRI humanName="Effective IRI">https://www.omg.org/spec/SMIF/Types</effectiveIRI><member humanName="Member"><association classType="Association" humanType="Association" icon="ConceptLibrary_files/icon_association_685939889.png" isRelationship="true" name="Association[SMIF Conceptual Model::Types::Entity Type - SMIF Conceptual Model::Top level::Entity]" refid="_18_3_62501eb_1473878056340_12332_6485"/><dependency classType="Dependency" humanType="Dependency" icon="ConceptLibrary_files/icon_dependency_866529530.png" isRelationship="true" name="Dependency[SMIF Conceptual Model::Types -&gt; SMIF Conceptual Model::Identifiers]" refid="_17_0_3_7b3022e_1331422481684_994668_2185"/><class classType="Class" humanType="Class" icon="ConceptLibrary_files/icon_class_1769227988.png" name="Entity Type" refid="_18_3_62501eb_1473877923428_756982_6439"/><association classType="Association" humanType="Association" icon="ConceptLibrary_files/icon_association_1781128159.png" isRelationship="true" name="Extent of Type" refid="_17_0_3_7b3022e_1331182663023_774150_3109"/><association classType="Association" humanType="Association" icon="ConceptLibrary_files/icon_association_1781128159.png" isRelationship="true" name="Generalization" refid="_18_5_3_62501eb_1520876618428_66756_8053"/><class classType="Class" humanType="Class" icon="ConceptLibrary_files/icon_class_1769227988.png" name="Intersection Type" refid="_18_1_3ba019e_1430756473109_244573_6778"/><association classType="Association" humanType="Association" icon="ConceptLibrary_files/icon_association_1781128159.png" isRelationship="true" name="Sufficient Generalization" refid="_18_5_3_62501eb_1526764100498_738989_14032"/><class classType="Class" humanType="Class" icon="ConceptLibrary_files/icon_class_412694050.png" name="Type" refid="_17_0_3_7b3022e_1331156699146_272050_1846"/><diagram classType="Diagram" humanType="Diagram" icon="ConceptLibrary_files/icon_Class Diagram_505751443.png" name="Type-instance" refid="_18_2_62501eb_1456523190585_426788_4625"/><diagram classType="Diagram" humanType="Diagram" icon="ConceptLibrary_files/icon_Class Diagram_505751443.png" name="Types" refid="_17_0_3_7b3022e_1331156482756_874223_1661"/><diagram classType="Diagram" humanType="Diagram" icon="ConceptLibrary_files/icon_Class Diagram_505751443.png" name="Types as Context" refid="_18_5_3_62501eb_1516750982904_48257_8472"/><class classType="Class" humanType="Class" icon="ConceptLibrary_files/icon_class_1769227988.png" name="Union Type" refid="_18_1_3ba019e_1430756737301_270309_6817"/></member><name humanName="Name" mode="s,e">Types</name><namespace classType="Package" humanName="Namespace" humanType="Package" icon="ConceptLibrary_files/icon_package_467146800.png" name="SMIF Conceptual Model" refid="_17_0_3_7b3022e_1331219208551_170143_3480"/><nestingPackage classType="Package" humanName="Nesting Package" humanType="Package" icon="ConceptLibrary_files/icon_package_467146800.png" name="SMIF Conceptual Model" refid="_17_0_3_7b3022e_1331219208551_170143_3480"/><ownedComment humanName="Owned Comment"><comment classType="Comment" humanType="Comment" icon="ConceptLibrary_files/icon_comment_1609735765.png" refid="_18_1_3ba019e_1430759674676_993762_7159"/></ownedComment><ownedDiagram humanName="Owned Diagram"><diagram classType="Diagram" humanType="Diagram" icon="ConceptLibrary_files/icon_Class Diagram_505751443.png" name="Type-instance" refid="_18_2_62501eb_1456523190585_426788_4625"/><diagram classType="Diagram" humanType="Diagram" icon="ConceptLibrary_files/icon_Class Diagram_505751443.png" name="Types" refid="_17_0_3_7b3022e_1331156482756_874223_1661"/><diagram classType="Diagram" humanType="Diagram" icon="ConceptLibrary_files/icon_Class Diagram_505751443.png" name="Types as Context" refid="_18_5_3_62501eb_1516750982904_48257_8472"/></ownedDiagram><ownedElement humanName="Owned Element"><comment classType="Comment" humanType="Comment" icon="ConceptLibrary_files/icon_comment_1609735765.png" refid="_18_1_3ba019e_1430759674676_993762_7159"/><instancespecification classType="InstanceSpecification" humanType="Instance Specification" icon="ConceptLibrary_files/icon_instancespecification_1746117425.png" name=" : UML Standard Profile::MagicDraw Profile::HyperlinkOwner, SIMFProfile::SMIF Concept Modeling Profile::Concept Model" refid="_17_0_3_7b3022e_1331419673532_760556_6005"/><association classType="Association" humanType="Association" icon="ConceptLibrary_files/icon_association_685939889.png" isRelationship="true" name="Association[SMIF Conceptual Model::Types::Entity Type - SMIF Conceptual Model::Top level::Entity]" refid="_18_3_62501eb_1473878056340_12332_6485"/><dependency classType="Dependency" humanType="Dependency" icon="ConceptLibrary_files/icon_dependency_866529530.png" isRelationship="true" name="Dependency[SMIF Conceptual Model::Types -&gt; SMIF Conceptual Model::Identifiers]" refid="_17_0_3_7b3022e_1331422481684_994668_2185"/><class classType="Class" humanType="Class" icon="ConceptLibrary_files/icon_class_1769227988.png" name="Entity Type" refid="_18_3_62501eb_1473877923428_756982_6439"/><association classType="Association" humanType="Association" icon="ConceptLibrary_files/icon_association_1781128159.png" isRelationship="true" name="Extent of Type" refid="_17_0_3_7b3022e_1331182663023_774150_3109"/><association classType="Association" humanType="Association" icon="ConceptLibrary_files/icon_association_1781128159.png" isRelationship="true" name="Generalization" refid="_18_5_3_62501eb_1520876618428_66756_8053"/><class classType="Class" humanType="Class" icon="ConceptLibrary_files/icon_class_1769227988.png" name="Intersection Type" refid="_18_1_3ba019e_1430756473109_244573_6778"/><association classType="Association" humanType="Association" icon="ConceptLibrary_files/icon_association_1781128159.png" isRelationship="true" name="Sufficient Generalization" refid="_18_5_3_62501eb_1526764100498_738989_14032"/><class classType="Class" humanType="Class" icon="ConceptLibrary_files/icon_class_412694050.png" name="Type" refid="_17_0_3_7b3022e_1331156699146_272050_1846"/><diagram classType="Diagram" humanType="Diagram" icon="ConceptLibrary_files/icon_Class Diagram_505751443.png" name="Type-instance" refid="_18_2_62501eb_1456523190585_426788_4625"/><diagram classType="Diagram" humanType="Diagram" icon="ConceptLibrary_files/icon_Class Diagram_505751443.png" name="Types" refid="_17_0_3_7b3022e_1331156482756_874223_1661"/><diagram classType="Diagram" humanType="Diagram" icon="ConceptLibrary_files/icon_Class Diagram_505751443.png" name="Types as Context" refid="_18_5_3_62501eb_1516750982904_48257_8472"/><class classType="Class" humanType="Class" icon="ConceptLibrary_files/icon_class_1769227988.png" name="Union Type" refid="_18_1_3ba019e_1430756737301_270309_6817"/></ownedElement><ownedMember humanName="Owned Member"><association classType="Association" humanType="Association" icon="ConceptLibrary_files/icon_association_685939889.png" isRelationship="true" name="Association[SMIF Conceptual Model::Types::Entity Type - SMIF Conceptual Model::Top level::Entity]" refid="_18_3_62501eb_1473878056340_12332_6485"/><dependency classType="Dependency" humanType="Dependency" icon="ConceptLibrary_files/icon_dependency_866529530.png" isRelationship="true" name="Dependency[SMIF Conceptual Model::Types -&gt; SMIF Conceptual Model::Identifiers]" refid="_17_0_3_7b3022e_1331422481684_994668_2185"/><class classType="Class" humanType="Class" icon="ConceptLibrary_files/icon_class_1769227988.png" name="Entity Type" refid="_18_3_62501eb_1473877923428_756982_6439"/><association classType="Association" humanType="Association" icon="ConceptLibrary_files/icon_association_1781128159.png" isRelationship="true" name="Extent of Type" refid="_17_0_3_7b3022e_1331182663023_774150_3109"/><association classType="Association" humanType="Association" icon="ConceptLibrary_files/icon_association_1781128159.png" isRelationship="true" name="Generalization" refid="_18_5_3_62501eb_1520876618428_66756_8053"/><class classType="Class" humanType="Class" icon="ConceptLibrary_files/icon_class_1769227988.png" name="Intersection Type" refid="_18_1_3ba019e_1430756473109_244573_6778"/><association classType="Association" humanType="Association" icon="ConceptLibrary_files/icon_association_1781128159.png" isRelationship="true" name="Sufficient Generalization" refid="_18_5_3_62501eb_1526764100498_738989_14032"/><class classType="Class" humanType="Class" icon="ConceptLibrary_files/icon_class_412694050.png" name="Type" refid="_17_0_3_7b3022e_1331156699146_272050_1846"/><diagram classType="Diagram" humanType="Diagram" icon="ConceptLibrary_files/icon_Class Diagram_505751443.png" name="Type-instance" refid="_18_2_62501eb_1456523190585_426788_4625"/><diagram classType="Diagram" humanType="Diagram" icon="ConceptLibrary_files/icon_Class Diagram_505751443.png" name="Types" refid="_17_0_3_7b3022e_1331156482756_874223_1661"/><diagram classType="Diagram" humanType="Diagram" icon="ConceptLibrary_files/icon_Class Diagram_505751443.png" name="Types as Context" refid="_18_5_3_62501eb_1516750982904_48257_8472"/><class classType="Class" humanType="Class" icon="ConceptLibrary_files/icon_class_1769227988.png" name="Union Type" refid="_18_1_3ba019e_1430756737301_270309_6817"/></ownedMember><ownedType humanName="Owned Type"><association classType="Association" humanType="Association" icon="ConceptLibrary_files/icon_association_685939889.png" isRelationship="true" name="Association[SMIF Conceptual Model::Types::Entity Type - SMIF Conceptual Model::Top level::Entity]" refid="_18_3_62501eb_1473878056340_12332_6485"/><class classType="Class" humanType="Class" icon="ConceptLibrary_files/icon_class_1769227988.png" name="Entity Type" refid="_18_3_62501eb_1473877923428_756982_6439"/><association classType="Association" humanType="Association" icon="ConceptLibrary_files/icon_association_1781128159.png" isRelationship="true" name="Extent of Type" refid="_17_0_3_7b3022e_1331182663023_774150_3109"/><association classType="Association" humanType="Association" icon="ConceptLibrary_files/icon_association_1781128159.png" isRelationship="true" name="Generalization" refid="_18_5_3_62501eb_1520876618428_66756_8053"/><class classType="Class" humanType="Class" icon="ConceptLibrary_files/icon_class_1769227988.png" name="Intersection Type" refid="_18_1_3ba019e_1430756473109_244573_6778"/><association classType="Association" humanType="Association" icon="ConceptLibrary_files/icon_association_1781128159.png" isRelationship="true" name="Sufficient Generalization" refid="_18_5_3_62501eb_1526764100498_738989_14032"/><class classType="Class" humanType="Class" icon="ConceptLibrary_files/icon_class_412694050.png" name="Type" refid="_17_0_3_7b3022e_1331156699146_272050_1846"/><class classType="Class" humanType="Class" icon="ConceptLibrary_files/icon_class_1769227988.png" name="Union Type" refid="_18_1_3ba019e_1430756737301_270309_6817"/></ownedType><owner classType="Package" humanName="Owner" humanType="Package" icon="ConceptLibrary_files/icon_package_467146800.png" mode="s,e" name="SMIF Conceptual Model" refid="_17_0_3_7b3022e_1331219208551_170143_3480"/><owningPackage classType="Package" humanName="Owning Package" humanType="Package" icon="ConceptLibrary_files/icon_package_467146800.png" name="SMIF Conceptual Model" refid="_17_0_3_7b3022e_1331219208551_170143_3480"/><packagedElement humanName="Packaged Element"><association classType="Association" humanType="Association" icon="ConceptLibrary_files/icon_association_685939889.png" isRelationship="true" name="Association[SMIF Conceptual Model::Types::Entity Type - SMIF Conceptual Model::Top level::Entity]" refid="_18_3_62501eb_1473878056340_12332_6485"/><dependency classType="Dependency" humanType="Dependency" icon="ConceptLibrary_files/icon_dependency_866529530.png" isRelationship="true" name="Dependency[SMIF Conceptual Model::Types -&gt; SMIF Conceptual Model::Identifiers]" refid="_17_0_3_7b3022e_1331422481684_994668_2185"/><class classType="Class" humanType="Class" icon="ConceptLibrary_files/icon_class_1769227988.png" name="Entity Type" refid="_18_3_62501eb_1473877923428_756982_6439"/><association classType="Association" humanType="Association" icon="ConceptLibrary_files/icon_association_1781128159.png" isRelationship="true" name="Extent of Type" refid="_17_0_3_7b3022e_1331182663023_774150_3109"/><association classType="Association" humanType="Association" icon="ConceptLibrary_files/icon_association_1781128159.png" isRelationship="true" name="Generalization" refid="_18_5_3_62501eb_1520876618428_66756_8053"/><class classType="Class" humanType="Class" icon="ConceptLibrary_files/icon_class_1769227988.png" name="Intersection Type" refid="_18_1_3ba019e_1430756473109_244573_6778"/><association classType="Association" humanType="Association" icon="ConceptLibrary_files/icon_association_1781128159.png" isRelationship="true" name="Sufficient Generalization" refid="_18_5_3_62501eb_1526764100498_738989_14032"/><class classType="Class" humanType="Class" icon="ConceptLibrary_files/icon_class_412694050.png" name="Type" refid="_17_0_3_7b3022e_1331156699146_272050_1846"/><class classType="Class" humanType="Class" icon="ConceptLibrary_files/icon_class_1769227988.png" name="Union Type" refid="_18_1_3ba019e_1430756737301_270309_6817"/></packagedElement><qualifiedName humanName="Qualified Name" mode="e">SMIF Conceptual Model::Types</qualifiedName><supplierDependency humanName="Supplier Dependency"><dependency classType="Dependency" humanType="Dependency" icon="ConceptLibrary_files/icon_dependency_866529530.png" isRelationship="true" name="Dependency[SMIF Conceptual Model::Values -&gt; SMIF Conceptual Model::Types]" refid="_17_0_3_7b3022e_1331419339892_859052_5546"/></supplierDependency><TO_DO humanName="To Do" mode="s,e"/><URI humanName="URI" mode="s,e">https://www.omg.org/spec/SMIF/Types</URI><visibility humanName="Visibility">public</visibility><appearsIn><diagram classType="Diagram" humanType="Diagram" icon="ConceptLibrary_files/icon_Class Diagram_505751443.png" name="SMIF Packages" refid="_18_2_62501eb_1462316939078_570290_6886"/><diagram classType="Diagram" humanType="Diagram" icon="ConceptLibrary_files/icon_Generic Table_1568169108.png" name="SMIF Package List" refid="_18_4_62501eb_1479740870647_661771_7006"/><diagram classType="Diagram" humanType="Diagram" icon="ConceptLibrary_files/icon_Generic Table_1568169108.png" name="SMIF Conceptual Model" refid="_18_4_1_62501eb_1502123898504_373205_9219"/></appearsIn></package></magicdraw>