<?xml version="1.0" encoding="UTF-8"?><magicdraw><association classType="Association" humanType="Association" icon="ConceptLibrary_files/icon_association_1781128159.png" id="_17_0_5_1_7b3022e_1398379477197_266769_8204"><documentation humanName="Documentation"/><endType humanName="End Type"><associationclass classType="AssociationClass" humanType="Association Class" icon="ConceptLibrary_files/icon_associationclass_1255445356.png" isRelationship="true" name="Control" refid="_18_1_3ba019e_1445543456248_471881_37772"/><class classType="Class" humanType="Class" icon="ConceptLibrary_files/icon_class_1769227988.png" name="Lose Ability" refid="_18_1_3ba019e_1441985817274_419533_6669"/></endType><feature humanName="Feature"><property classType="Property" humanType="Property" icon="ConceptLibrary_files/icon_property_736527975.png" name="lost via" refid="_17_0_5_1_7b3022e_1398379477197_180983_8206"/><property classType="Property" humanType="Property" icon="ConceptLibrary_files/icon_property_736527975.png" name="withdraws" refid="_17_0_5_1_7b3022e_1398379477197_732939_8205"/></feature><isAbstract humanName="Is Abstract">false</isAbstract><isDerived humanName="Is Derived">false</isDerived><isFinalSpecialization humanName="Is Final Specialization">false</isFinalSpecialization><isLeaf humanName="Is Leaf">false</isLeaf><member humanName="Member"><property classType="Property" humanType="Property" icon="ConceptLibrary_files/icon_property_736527975.png" name="lost via" refid="_17_0_5_1_7b3022e_1398379477197_180983_8206"/><property classType="Property" humanType="Property" icon="ConceptLibrary_files/icon_property_736527975.png" name="withdraws" refid="_17_0_5_1_7b3022e_1398379477197_732939_8205"/></member><memberEnd humanName="Member End"><property classType="Property" humanType="Property" icon="ConceptLibrary_files/icon_property_736527975.png" name="lost via" refid="_17_0_5_1_7b3022e_1398379477197_180983_8206"/><property classType="Property" humanType="Property" icon="ConceptLibrary_files/icon_property_736527975.png" name="withdraws" refid="_17_0_5_1_7b3022e_1398379477197_732939_8205"/></memberEnd><name humanName="Name" mode="s,e"/><namespace classType="Package" humanName="Namespace" humanType="Package" icon="ConceptLibrary_files/icon_package_467146800.png" name="Abilities" refid="_17_0_5_1_3ba019e_1407969953352_1512_6942"/><navigableOwnedEnd humanName="Navigable Owned End" mode="e"><property classType="Property" humanType="Property" icon="ConceptLibrary_files/icon_property_736527975.png" name="lost via" refid="_17_0_5_1_7b3022e_1398379477197_180983_8206"/><property classType="Property" humanType="Property" icon="ConceptLibrary_files/icon_property_736527975.png" name="withdraws" refid="_17_0_5_1_7b3022e_1398379477197_732939_8205"/></navigableOwnedEnd><ownedElement humanName="Owned Element"><property classType="Property" humanType="Property" icon="ConceptLibrary_files/icon_property_736527975.png" name="lost via" refid="_17_0_5_1_7b3022e_1398379477197_180983_8206"/><property classType="Property" humanType="Property" icon="ConceptLibrary_files/icon_property_736527975.png" name="withdraws" refid="_17_0_5_1_7b3022e_1398379477197_732939_8205"/></ownedElement><ownedEnd humanName="Owned End"><property classType="Property" humanType="Property" icon="ConceptLibrary_files/icon_property_736527975.png" name="lost via" refid="_17_0_5_1_7b3022e_1398379477197_180983_8206"/><property classType="Property" humanType="Property" icon="ConceptLibrary_files/icon_property_736527975.png" name="withdraws" refid="_17_0_5_1_7b3022e_1398379477197_732939_8205"/></ownedEnd><ownedMember humanName="Owned Member"><property classType="Property" humanType="Property" icon="ConceptLibrary_files/icon_property_736527975.png" name="lost via" refid="_17_0_5_1_7b3022e_1398379477197_180983_8206"/><property classType="Property" humanType="Property" icon="ConceptLibrary_files/icon_property_736527975.png" name="withdraws" refid="_17_0_5_1_7b3022e_1398379477197_732939_8205"/></ownedMember><owner classType="Package" humanName="Owner" humanType="Package" icon="ConceptLibrary_files/icon_package_467146800.png" mode="s,e" name="Abilities" refid="_17_0_5_1_3ba019e_1407969953352_1512_6942"/><owningPackage classType="Package" humanName="Owning Package" humanType="Package" icon="ConceptLibrary_files/icon_package_467146800.png" name="Abilities" refid="_17_0_5_1_3ba019e_1407969953352_1512_6942"/><package classType="Package" humanName="Package" humanType="Package" icon="ConceptLibrary_files/icon_package_467146800.png" name="Abilities" refid="_17_0_5_1_3ba019e_1407969953352_1512_6942"/><qualifiedName humanName="Qualified Name" mode="e">Concept Library::Abilities::</qualifiedName><relatedElement humanName="Related Element"><associationclass classType="AssociationClass" humanType="Association Class" icon="ConceptLibrary_files/icon_associationclass_1255445356.png" isRelationship="true" name="Control" refid="_18_1_3ba019e_1445543456248_471881_37772"/><class classType="Class" humanType="Class" icon="ConceptLibrary_files/icon_class_1769227988.png" name="Lose Ability" refid="_18_1_3ba019e_1441985817274_419533_6669"/></relatedElement><TO_DO humanName="To Do"/><visibility humanName="Visibility" mode="s,e">public</visibility><appearsIn><diagram classType="Diagram" humanType="Diagram" icon="ConceptLibrary_files/icon_Generic Table_1568169108.png" name="Associations" refid="_18_4_62501eb_1474989114723_17949_11234"/><diagram classType="Diagram" humanType="Diagram" icon="ConceptLibrary_files/icon_Generic Table_1568169108.png" name="Vocabulary" refid="_18_0_2_3ba019e_1418664073699_926094_6665"/></appearsIn></association></magicdraw>