<?xml version="1.0" encoding="UTF-8"?><magicdraw><diagram classType="Diagram" diagramType="Class Diagram" height="784" humanType="Diagram" icon="ConceptLibrary_files/icon_Class Diagram_505751443.png" id="_17_0_5_1_3ba019e_1407453998003_882633_12546" src="ConceptLibrary_files/_17_0_5_1_3ba019e_1407453998003_882633_12546.png" width="837"><APPLIED_STEREOTYPES humanName="Applied Stereotype" mode="s,e"><stereotype classType="Stereotype" humanType="Stereotype" icon="ConceptLibrary_files/icon_stereotype_643587433.png" name="DiagramInfo" refid="_9_0_be00301_1108044380615_150487_0"/></APPLIED_STEREOTYPES><appliedStereotype humanName="Applied Stereotype" mode="s,e"><stereotype classType="Stereotype" humanType="Stereotype" icon="ConceptLibrary_files/icon_stereotype_643587433.png" name="DiagramInfo" refid="_9_0_be00301_1108044380615_150487_0"><property classType="Property" humanName="Author" humanType="Property" icon="ConceptLibrary_files/icon_property_736527975.png" name="Author" refid="_be00301_1077726770128_871366_1"><String>Cory</String></property><property classType="Property" humanName="Base_ Diagram" humanType="Property" icon="ConceptLibrary_files/icon_property_736527975.png" name="base_Diagram" refid="_10_0EAPbeta_be00301_1123081772498_901864_356"/><property classType="Property" humanName="Base_ Element" humanType="Property" icon="ConceptLibrary_files/icon_property_736527975.png" name="base_Element" refid="_10_0EAPbeta_be00301_1123081772098_411862_275"/><property classType="Property" humanName="Creation Date" humanType="Property" icon="ConceptLibrary_files/icon_property_736527975.png" name="Creation date" refid="_be00301_1073306188629_537791_2"><String>8/7/14 7:26 PM</String></property><property classType="Property" humanName="Last modified by" humanType="Property" icon="ConceptLibrary_files/icon_property_736527975.png" name="Last modified by" refid="_16_8beta_8ca0285_1257244649124_794756_344"><String>cory-</String></property><property classType="Property" humanName="Modification Date" humanType="Property" icon="ConceptLibrary_files/icon_property_736527975.png" name="Modification date" refid="_be00301_1073394345322_922552_1"><String>5/20/17 11:22 AM</String></property></stereotype></appliedStereotype><appliedStereotypeInstance classType="InstanceSpecification" humanName="Applied Stereotype Instance" humanType="Instance Specification" icon="ConceptLibrary_files/icon_instancespecification_1746117425.png" name=" : UML Standard Profile::MagicDraw Profile::DiagramInfo" refid="_17_0_5_1_3ba019e_1407453998008_810522_12557"/><documentation humanName="Documentation"/><map><area isNotContentShape="false" name="Property" refid="_18_2_62501eb_1457030460869_57903_12120" shape="rect" type="0"><point x="249" y="422"/><point x="260" y="422"/><point x="260" y="433"/><point x="249" y="433"/></area><area isNotContentShape="false" name="Property" refid="_18_2_62501eb_1457030460868_220152_12119" shape="rect" type="0"><point x="37" y="543"/><point x="48" y="543"/><point x="48" y="554"/><point x="37" y="554"/></area><area isNotContentShape="false" name="Property" refid="_18_2_62501eb_1457031706333_112200_12434" shape="rect" type="0"><point x="338" y="578"/><point x="349" y="578"/><point x="349" y="589"/><point x="338" y="589"/></area><area isNotContentShape="false" name="Property" refid="_18_2_62501eb_1457031706333_645681_12433" shape="rect" type="0"><point x="338" y="507"/><point x="349" y="507"/><point x="349" y="518"/><point x="338" y="518"/></area><area isNotContentShape="false" name="Property leveraged by" refid="_18_2_62501eb_1460989496287_81068_7952" shape="rect" type="0"><point x="86" y="361"/><point x="97" y="361"/><point x="97" y="372"/><point x="86" y="372"/></area><area isNotContentShape="false" name="Property leverages" refid="_18_2_62501eb_1460989496287_61450_7951" shape="rect" type="0"><point x="249" y="338"/><point x="260" y="338"/><point x="260" y="349"/><point x="249" y="349"/></area><area isNotContentShape="false" name="Property condition for" refid="_18_2_62501eb_1457819845295_256972_9199" shape="rect" type="0"><point x="410" y="118"/><point x="421" y="118"/><point x="421" y="129"/><point x="410" y="129"/></area><area isNotContentShape="false" name="Property has condition" refid="_18_2_62501eb_1457819845295_114466_9200" shape="rect" type="0"><point x="249" y="268"/><point x="260" y="268"/><point x="260" y="279"/><point x="249" y="279"/></area><area isNotContentShape="false" name="Property exploits" refid="_18_4_62501eb_1477250140939_92604_31217" shape="rect" type="0"><point x="455" y="293"/><point x="466" y="293"/><point x="466" y="304"/><point x="455" y="304"/></area><area isNotContentShape="false" name="Property exploited by" refid="_18_4_62501eb_1477250140940_11638_31218" shape="rect" type="0"><point x="704" y="293"/><point x="715" y="293"/><point x="715" y="304"/><point x="704" y="304"/></area><area isNotContentShape="false" name="Property failure of" refid="_18_2_62501eb_1457811122889_441711_8523" shape="rect" type="0"><point x="769" y="522"/><point x="780" y="522"/><point x="780" y="533"/><point x="769" y="533"/></area><area isNotContentShape="false" name="Property has failure" refid="_18_2_62501eb_1457811122889_171489_8522" shape="rect" type="0"><point x="769" y="416"/><point x="780" y="416"/><point x="780" y="427"/><point x="769" y="427"/></area><area isNotContentShape="false" name="Property vulnerability of" refid="_17_0_5_1_3ba019e_1407454050634_959442_12620" shape="rect" type="0"><point x="711" y="538"/><point x="722" y="538"/><point x="722" y="549"/><point x="711" y="549"/></area><area isNotContentShape="false" name="Property has vulnerability" refid="_17_0_5_1_3ba019e_1407454050634_778999_12621" shape="rect" type="0"><point x="436" y="441"/><point x="447" y="441"/><point x="447" y="452"/><point x="436" y="452"/></area><area isNotContentShape="false" name="Property exploits" refid="_18_4_62501eb_1477250140939_92604_31217" shape="rect" type="0"><point x="458" y="283"/><point x="497" y="283"/><point x="497" y="296"/><point x="458" y="296"/></area><area isNotContentShape="false" name="Property failure of" refid="_18_2_62501eb_1457811122889_441711_8523" shape="rect" type="0"><point x="727" y="517"/><point x="772" y="517"/><point x="772" y="530"/><point x="727" y="530"/></area><area isNotContentShape="false" name="Property leverages" refid="_18_2_62501eb_1460989496287_61450_7951" shape="rect" type="0"><point x="207" y="328"/><point x="257" y="328"/><point x="257" y="341"/><point x="207" y="341"/></area><area isNotContentShape="false" name="Property has failure" refid="_18_2_62501eb_1457811122889_171489_8522" shape="rect" type="0"><point x="719" y="419"/><point x="772" y="419"/><point x="772" y="432"/><point x="719" y="432"/></area><area isNotContentShape="false" name="Property exploited by" refid="_18_4_62501eb_1477250140940_11638_31218" shape="rect" type="0"><point x="652" y="283"/><point x="712" y="283"/><point x="712" y="296"/><point x="652" y="296"/></area><area isNotContentShape="false" name="Property condition for" refid="_18_2_62501eb_1457819845295_256972_9199" shape="rect" type="0"><point x="356" y="108"/><point x="418" y="108"/><point x="418" y="121"/><point x="356" y="121"/></area><area isNotContentShape="false" name="Property leveraged by" refid="_18_2_62501eb_1460989496287_81068_7952" shape="rect" type="0"><point x="98" y="357"/><point x="163" y="357"/><point x="163" y="370"/><point x="98" y="370"/></area><area isNotContentShape="false" name="Property has condition" refid="_18_2_62501eb_1457819845295_114466_9200" shape="rect" type="0"><point x="191" y="258"/><point x="257" y="258"/><point x="257" y="271"/><point x="191" y="271"/></area><area isNotContentShape="false" name="Property vulnerability of" refid="_17_0_5_1_3ba019e_1407454050634_959442_12620" shape="rect" type="0"><point x="647" y="528"/><point x="719" y="528"/><point x="719" y="541"/><point x="647" y="541"/></area><area isNotContentShape="false" name="Property has vulnerability" refid="_17_0_5_1_3ba019e_1407454050634_778999_12621" shape="rect" type="0"><point x="359" y="444"/><point x="439" y="444"/><point x="439" y="457"/><point x="359" y="457"/></area><area isNotContentShape="false" name="Association Class Exploit of Vulnerability" refid="_18_4_62501eb_1477250140939_775913_31216" shape="poly" type="0"><point x="585" y="297"/><point x="584" y="291"/><point x="582" y="293"/><point x="583" y="299"/></area><area isNotContentShape="false" name="Association Class Vulnerability of Resource" refid="_18_4_62501eb_1477252060975_896614_32576" shape="poly" type="0"><point x="531" y="542"/><point x="530" y="536"/><point x="528" y="538"/><point x="529" y="544"/></area><area isNotContentShape="false" name="Association Class Failure of Resource" refid="_18_4_62501eb_1477251417527_395204_31853" shape="poly" type="0"><point x="775" y="473"/><point x="759" y="472"/><point x="757" y="474"/><point x="773" y="475"/></area><area isNotContentShape="false" name="Generalization" refid="_18_2_62501eb_1457030121575_860415_12062" shape="poly" type="0"><point x="187" y="465"/><point x="187" y="482"/><point x="185" y="484"/><point x="185" y="467"/></area><area isNotContentShape="false" name="Generalization" refid="_18_2_62501eb_1457031501775_560684_12337" shape="poly" type="0"><point x="329" y="465"/><point x="329" y="482"/><point x="327" y="484"/><point x="327" y="467"/></area><area isNotContentShape="false" name="Generalization" refid="_17_0_5_1_3ba019e_1407439006217_662358_4641" shape="poly" type="0"><point x="754" y="171"/><point x="754" y="188"/><point x="752" y="190"/><point x="752" y="173"/></area><area isNotContentShape="false" name="Association Class Weapon Leverages Vulnerability" refid="_18_4_62501eb_1477154418958_39708_82953" shape="poly" type="0"><point x="162" y="342"/><point x="143" y="333"/><point x="141" y="335"/><point x="160" y="344"/></area><area isNotContentShape="false" name="Generalization" refid="_18_2_62501eb_1461002704704_914642_10783" shape="poly" type="0"><point x="684" y="634"/><point x="684" y="657"/><point x="682" y="659"/><point x="682" y="636"/></area><area isNotContentShape="false" name="Generalization" refid="_18_1_3ba019e_1446996954669_619268_7581" shape="poly" type="0"><point x="688" y="690"/><point x="688" y="713"/><point x="686" y="715"/><point x="686" y="692"/></area><area isNotContentShape="false" name="Generalization" refid="_17_0_5_1_3ba019e_1407439006148_706203_4591" shape="poly" type="0"><point x="344" y="171"/><point x="344" y="195"/><point x="342" y="197"/><point x="342" y="173"/></area><area isNotContentShape="false" name="Association Class Supporting Condition" refid="_18_4_62501eb_1477190451804_279955_24119" shape="poly" type="0"><point x="193" y="122"/><point x="169" y="118"/><point x="167" y="120"/><point x="191" y="124"/></area><area isNotContentShape="false" name="Generalization" refid="_18_1_3ba019e_1443120534088_783578_8073" shape="poly" type="0"><point x="344" y="228"/><point x="344" y="258"/><point x="342" y="260"/><point x="342" y="230"/></area><area isNotContentShape="false" name="Generalization" refid="_18_2_62501eb_1457817956140_112527_9071" shape="poly" type="0"><point x="775" y="361"/><point x="775" y="391"/><point x="773" y="393"/><point x="773" y="363"/></area><area isNotContentShape="false" name="Generalization" refid="_18_2_62501eb_1460996523422_479132_10334" shape="poly" type="0"><point x="516" y="683"/><point x="516" y="713"/><point x="514" y="715"/><point x="514" y="685"/></area><area isNotContentShape="false" name="Generalization" refid="_18_0_2_3ba019e_1423003451073_562907_6295" shape="poly" type="0"><point x="484" y="51"/><point x="484" y="97"/><point x="482" y="99"/><point x="482" y="53"/></area><area isNotContentShape="false" name="Association" refid="_18_2_62501eb_1457031706332_245593_12432" shape="poly" type="0"><point x="344" y="506"/><point x="344" y="587"/><point x="342" y="589"/><point x="342" y="508"/></area><area isNotContentShape="false" name="Association Class Failure of Resource" refid="_18_4_62501eb_1477251417527_395204_31853" shape="poly" type="0"><point x="775" y="415"/><point x="775" y="531"/><point x="773" y="533"/><point x="773" y="417"/></area><area isNotContentShape="false" name="Association Class Weapon Leverages Vulnerability" refid="_18_4_62501eb_1477154418958_39708_82953" shape="poly" type="0"><point x="260" y="342"/><point x="92" y="342"/><point x="92" y="370"/><point x="90" y="372"/><point x="90" y="344"/><point x="258" y="344"/></area><area isNotContentShape="false" name="Association" refid="_18_2_62501eb_1457030460868_583667_12118" shape="poly" type="0"><point x="43" y="552"/><point x="43" y="426"/><point x="260" y="426"/><point x="258" y="428"/><point x="41" y="428"/><point x="41" y="554"/></area><area isNotContentShape="false" name="Association Class Supporting Condition" refid="_18_4_62501eb_1477190451804_279955_24119" shape="poly" type="0"><point x="421" y="122"/><point x="187" y="122"/><point x="187" y="272"/><point x="260" y="272"/><point x="258" y="274"/><point x="185" y="274"/><point x="185" y="124"/><point x="419" y="124"/></area><area isNotContentShape="false" name="Association Class Exploit of Vulnerability" refid="_18_4_62501eb_1477250140939_775913_31216" shape="poly" type="0"><point x="456" y="297"/><point x="715" y="297"/><point x="713" y="299"/><point x="454" y="299"/></area><area isNotContentShape="false" name="Association Class Vulnerability of Resource" refid="_18_4_62501eb_1477252060975_896614_32576" shape="poly" type="0"><point x="722" y="542"/><point x="442" y="542"/><point x="442" y="440"/><point x="440" y="442"/><point x="440" y="544"/><point x="720" y="544"/></area><area isNotContentShape="false" name="Class Failure" refid="_18_2_62501eb_1457817927168_40898_9047" shape="rect" type="0"><point x="756" y="392"/><point x="801" y="392"/><point x="801" y="417"/><point x="756" y="417"/></area><area isNotContentShape="false" name="Data Type Scale" refid="_18_1_3ba019e_1442008800955_423387_7273" shape="rect" type="0"><point x="490" y="651"/><point x="538" y="651"/><point x="538" y="685"/><point x="490" y="685"/></area><area isNotContentShape="false" name="Diagram Risk" refid="_18_2_62501eb_1455296761136_823255_9235" shape="rect" type="0"><point x="182" y="665"/><point x="231" y="665"/><point x="231" y="711"/><point x="182" y="711"/></area><area isNotContentShape="false" name="Class Incident" refid="_17_0_5_1_3ba019e_1407453282336_95729_12199" shape="rect" type="0"><point x="749" y="329"/><point x="801" y="329"/><point x="801" y="363"/><point x="749" y="363"/></area><area isNotContentShape="false" name="Diagram Danger" refid="_18_4_62501eb_1477238353112_275858_27373" shape="rect" type="0"><point x="175" y="714"/><point x="232" y="714"/><point x="232" y="760"/><point x="175" y="760"/></area><area isNotContentShape="false" name="Class Weapon" refid="_18_2_62501eb_1457025853786_511900_10818" shape="rect" type="0"><point x="56" y="371"/><point x="127" y="371"/><point x="127" y="405"/><point x="56" y="405"/></area><area isNotContentShape="false" name="Class CVSS Score" refid="_18_1_3ba019e_1446996386849_715907_7413" shape="rect" type="0"><point x="644" y="714"/><point x="728" y="714"/><point x="728" y="748"/><point x="644" y="748"/></area><area isNotContentShape="false" name="Class Resource" refid="_18_0_2_3ba019e_1423005240776_581290_6780" shape="rect" type="0"><point x="721" y="532"/><point x="813" y="532"/><point x="813" y="568"/><point x="721" y="568"/></area><area isNotContentShape="false" name="Class Spatial Entity" refid="_17_0_5_1_3ba019e_1407439004180_411370_4206" shape="rect" type="0"><point x="259" y="588"/><point x="351" y="588"/><point x="351" y="615"/><point x="259" y="615"/></area><area isNotContentShape="false" name="Class Situation" refid="_18_1_3ba019e_1430349228247_211772_4675" shape="rect" type="0"><point x="434" y="28"/><point x="526" y="28"/><point x="526" y="53"/><point x="434" y="53"/></area><area isNotContentShape="false" name="Class Danger Source" refid="_17_0_5_1_3ba019e_1407439004202_997613_4246" shape="rect" type="0"><point x="714" y="273"/><point x="807" y="273"/><point x="807" y="307"/><point x="714" y="307"/></area><area isNotContentShape="false" name="Class Undesirable Event" refid="_18_1_3ba019e_1442441583766_86043_7842" shape="rect" type="0"><point x="679" y="189"/><point x="790" y="189"/><point x="790" y="223"/><point x="679" y="223"/></area><area isNotContentShape="false" name="Class Vulnerability Metric" refid="_18_2_62501eb_1461002676691_500926_10758" shape="rect" type="0"><point x="630" y="658"/><point x="745" y="658"/><point x="745" y="692"/><point x="630" y="692"/></area><area isNotContentShape="false" name="Association Class Failure of Resource" refid="_18_4_62501eb_1477251417527_395204_31853" shape="rect" type="0"><point x="644" y="455"/><point x="759" y="455"/><point x="759" y="489"/><point x="644" y="489"/></area><area isNotContentShape="false" name="Class Harm-Benefit Metric" refid="_18_0_2_3ba019e_1424893865987_445778_8567" shape="rect" type="0"><point x="623" y="602"/><point x="741" y="602"/><point x="741" y="636"/><point x="623" y="636"/></area><area isNotContentShape="false" name="Diagram Cyber Vulnerability" refid="_18_2_62501eb_1461101594906_289088_11618" shape="rect" type="0"><point x="28" y="665"/><point x="147" y="665"/><point x="147" y="711"/><point x="28" y="711"/></area><area isNotContentShape="false" name="Class Cyber Vulnerability" refid="_18_2_62501eb_1457030107306_796804_12038" shape="rect" type="0"><point x="112" y="483"/><point x="232" y="483"/><point x="232" y="508"/><point x="112" y="508"/></area><area isNotContentShape="false" name="Property required" refid="_18_4_62501eb_1477244549969_681992_29966" shape="rect" type="0"><point x="45" y="123"/><point x="166" y="123"/><point x="166" y="136"/><point x="45" y="136"/></area><area isNotContentShape="false" name="Data Type Vulnerability Vector" refid="_18_2_62501eb_1460996498467_983527_10310" shape="rect" type="0"><point x="448" y="714"/><point x="570" y="714"/><point x="570" y="748"/><point x="448" y="748"/></area><area isNotContentShape="false" name="Class Undesirable Situation" refid="_18_0_2_3ba019e_1423003367305_105313_6272" shape="rect" type="0"><point x="420" y="98"/><point x="545" y="98"/><point x="545" y="132"/><point x="420" y="132"/></area><area isNotContentShape="false" name="Class Physical Vulnerability" refid="_18_2_62501eb_1457031490208_101516_12313" shape="rect" type="0"><point x="266" y="483"/><point x="391" y="483"/><point x="391" y="508"/><point x="266" y="508"/></area><area isNotContentShape="false" name="Association Class Supporting Condition" refid="_18_4_62501eb_1477190451804_279955_24119" shape="rect" type="0"><point x="42" y="77"/><point x="169" y="77"/><point x="169" y="142"/><point x="42" y="142"/></area><area isNotContentShape="false" name="Class Undesirable Condition" refid="_17_0_5_1_3ba019e_1407439004192_140695_4227" shape="rect" type="0"><point x="280" y="196"/><point x="410" y="196"/><point x="410" y="230"/><point x="280" y="230"/></area><area isNotContentShape="false" name="Class Vulnerability Identifier" refid="_18_2_62501eb_1457030317338_284671_12066" shape="rect" type="0"><point x="21" y="553"/><point x="151" y="553"/><point x="151" y="587"/><point x="21" y="587"/></area><area isNotContentShape="false" name="Association Class Exploit of Vulnerability" refid="_18_4_62501eb_1477250140939_775913_31216" shape="rect" type="0"><point x="518" y="259"/><point x="648" y="259"/><point x="648" y="293"/><point x="518" y="293"/></area><area isNotContentShape="false" name="Diagram Vulnerability Vectors" refid="_18_2_62501eb_1460994786485_587905_9972" shape="rect" type="0"><point x="252" y="665"/><point x="382" y="665"/><point x="382" y="711"/><point x="252" y="711"/></area><area isNotContentShape="false" name="Diagram Undesirable Situations" refid="_18_4_62501eb_1477177472775_513597_14552" shape="rect" type="0"><point x="245" y="714"/><point x="383" y="714"/><point x="383" y="760"/><point x="245" y="760"/></area><area isNotContentShape="false" name="Diagram Vulnerability Identifiers" refid="_18_2_62501eb_1458658177914_541021_7947" shape="rect" type="0"><point x="14" y="714"/><point x="157" y="714"/><point x="157" y="760"/><point x="14" y="760"/></area><area isNotContentShape="false" name="Association Class Vulnerability of Resource" refid="_18_4_62501eb_1477252060975_896614_32576" shape="rect" type="0"><point x="455" y="504"/><point x="602" y="504"/><point x="602" y="538"/><point x="455" y="538"/></area><area isNotContentShape="false" name="Association Class Weapon Leverages Vulnerability" refid="_18_4_62501eb_1477154418958_39708_82953" shape="rect" type="0"><point x="14" y="301"/><point x="200" y="301"/><point x="200" y="335"/><point x="14" y="335"/></area><area isNotContentShape="false" name="Property previously known" refid="_18_1_3ba019e_1446995586900_788841_7374" shape="rect" type="0"><point x="262" y="280"/><point x="453" y="280"/><point x="453" y="293"/><point x="262" y="293"/></area><area isNotContentShape="false" name="Property publicly known" refid="_18_1_3ba019e_1446995820819_999724_7378" shape="rect" type="0"><point x="262" y="292"/><point x="453" y="292"/><point x="453" y="305"/><point x="262" y="305"/></area><area isNotContentShape="false" name="Property vector" refid="_18_2_62501eb_1461002883938_423649_10801" shape="rect" type="0"><point x="262" y="316"/><point x="453" y="316"/><point x="453" y="329"/><point x="262" y="329"/></area><area isNotContentShape="false" name="Property score" refid="_18_2_62501eb_1457030980016_113556_12167" shape="rect" type="0"><point x="262" y="304"/><point x="453" y="304"/><point x="453" y="317"/><point x="262" y="317"/></area><area isNotContentShape="false" name="Class Vulnerability" refid="_17_0_5_1_3ba019e_1407453982548_728391_12545" shape="rect" type="0"><point x="259" y="259"/><point x="456" y="259"/><point x="456" y="442"/><point x="259" y="442"/></area></map><name humanName="Name" mode="s,e">Vulnerability</name><namespace classType="Package" humanName="Namespace" humanType="Package" icon="ConceptLibrary_files/icon_package_467146800.png" name="Vulnerabilities" refid="_18_0_2_3ba019e_1424209449822_651642_9603"/><ownedElement humanName="Owned Element"><instancespecification classType="InstanceSpecification" humanType="Instance Specification" icon="ConceptLibrary_files/icon_instancespecification_1746117425.png" name=" : UML Standard Profile::MagicDraw Profile::DiagramInfo" refid="_17_0_5_1_3ba019e_1407453998008_810522_12557"/></ownedElement><owner classType="Package" humanName="Owner" humanType="Package" icon="ConceptLibrary_files/icon_package_467146800.png" mode="s,e" name="Vulnerabilities" refid="_18_0_2_3ba019e_1424209449822_651642_9603"/><ownerOfDiagram classType="Package" humanName="Owner Of Diagram" humanType="Package" icon="ConceptLibrary_files/icon_package_467146800.png" name="Vulnerabilities" refid="_18_0_2_3ba019e_1424209449822_651642_9603"/><qualifiedName humanName="Qualified Name" mode="e">Threat-risk-conceptual-model::Threat and Risk Specific Concepts::Vulnerabilities::Vulnerability</qualifiedName><TO_DO humanName="To Do" mode="s,e"/><DIAGRAM_TYPE_DERIVED_PROPERTY humanName="Type">Class Diagram</DIAGRAM_TYPE_DERIVED_PROPERTY><visibility humanName="Visibility">public</visibility><appearsIn><diagram classType="Diagram" humanType="Diagram" icon="ConceptLibrary_files/icon_Class Diagram_505751443.png" name="Cyber Vulnerability" refid="_18_2_62501eb_1461101594906_289088_11618"/></appearsIn></diagram></magicdraw>