<?xml version="1.0" encoding="UTF-8"?><magicdraw><property classType="Property" humanType="Property" icon="ConceptLibrary_files/icon_property_736527975.png" id="_17_0_4_1_7b3022e_1387043686259_874393_5012"><aggregation humanName="Aggregation" mode="s,e">composite</aggregation><association classType="Association" humanName="Association" humanType="Association" icon="ConceptLibrary_files/icon_association_286860903.png" isRelationship="true" name="Scope Reference" refid="_17_0_4_1_7b3022e_1387043686259_568363_5011"/><documentation humanName="Documentation">A reference providing visibility of a lexical scope to an internal or external context.</documentation><documentation humanName="Documentation" mode="standard">A reference providing visibility of a lexical scope to an internal or external context.</documentation><effectiveIRI humanName="Effective IRI">https://www.omg.org/spec/SMIF/LexicalScope#references</effectiveIRI><featuringClassifier classType="Association" humanName="Featuring Classifier" humanType="Association" icon="ConceptLibrary_files/icon_association_286860903.png" isRelationship="true" name="Scope Reference" refid="_17_0_4_1_7b3022e_1387043686259_568363_5011"/><isComposite humanName="Is Composite">true</isComposite><isDerived humanName="Is Derived" mode="s,e">false</isDerived><isDerivedUnion humanName="Is Derived Union" mode="e">false</isDerivedUnion><isID humanName="Is ID" mode="e">false</isID><isLeaf humanName="Is Leaf">false</isLeaf><isOrdered humanName="Is Ordered" mode="e">false</isOrdered><isReadOnly humanName="Is Read Only" mode="s,e">false</isReadOnly><isStatic humanName="Is Static" mode="s,e">false</isStatic><isUnique humanName="Is Unique" mode="e">true</isUnique><lower humanName="Lower">0</lower><lowerValue classType="LiteralUnlimitedNatural" humanName="Lower Value" humanType="Literal Unlimited Natural" icon="ConceptLibrary_files/icon_literalunlimitednatural_1122090209.png" name="0" refid="_17_0_4_1_7b3022e_1387043857684_238777_5049" text="0"/><multiplicity humanName="Multiplicity" mode="s,e">*</multiplicity><multiplicity humanName="Multiplicity" mode="s,e">*</multiplicity><name humanName="Name" mode="s,e">references</name><namespace classType="Association" humanName="Namespace" humanType="Association" icon="ConceptLibrary_files/icon_association_286860903.png" isRelationship="true" name="Scope Reference" refid="_17_0_4_1_7b3022e_1387043686259_568363_5011"/><navigable humanName="Navigable" mode="e">true</navigable><opposite classType="Property" humanName="Opposite" humanType="Property" icon="ConceptLibrary_files/icon_property_736527975.png" name="extends scope" refid="_17_0_4_1_7b3022e_1387043686260_299858_5013"/><ownedBy classType="Association" humanName="Owned By" humanType="Association" icon="ConceptLibrary_files/icon_association_286860903.png" isRelationship="true" mode="s,e" name="Scope Reference" refid="_17_0_4_1_7b3022e_1387043686259_568363_5011"/><ownedComment humanName="Owned Comment"><comment classType="Comment" humanType="Comment" icon="ConceptLibrary_files/icon_comment_1609735765.png" refid="_18_1_3ba019e_1430752656791_21609_5998"/></ownedComment><ownedElement humanName="Owned Element"><comment classType="Comment" humanType="Comment" icon="ConceptLibrary_files/icon_comment_1609735765.png" refid="_18_1_3ba019e_1430752656791_21609_5998"/><literalunlimitednatural classType="LiteralUnlimitedNatural" humanType="Literal Unlimited Natural" icon="ConceptLibrary_files/icon_literalunlimitednatural_1122090209.png" name="*" refid="_17_0_4_1_7b3022e_1387043857685_192317_5050" text="*"/><literalunlimitednatural classType="LiteralUnlimitedNatural" humanType="Literal Unlimited Natural" icon="ConceptLibrary_files/icon_literalunlimitednatural_1122090209.png" name="0" refid="_17_0_4_1_7b3022e_1387043857684_238777_5049" text="0"/></ownedElement><owner classType="Association" humanName="Owner" humanType="Association" icon="ConceptLibrary_files/icon_association_286860903.png" isRelationship="true" name="Scope Reference" refid="_17_0_4_1_7b3022e_1387043686259_568363_5011"/><owningAssociation classType="Association" humanName="Owning Association" humanType="Association" icon="ConceptLibrary_files/icon_association_286860903.png" isRelationship="true" name="Scope Reference" refid="_17_0_4_1_7b3022e_1387043686259_568363_5011"/><qualifiedName humanName="Qualified Name" mode="e">SMIF Conceptual Model::Lexical Scope::Scope Reference::references</qualifiedName><redefinitionContext humanName="Redefinition Context"><association classType="Association" humanType="Association" icon="ConceptLibrary_files/icon_association_286860903.png" isRelationship="true" name="Scope Reference" refid="_17_0_4_1_7b3022e_1387043686259_568363_5011"/></redefinitionContext><TO_DO humanName="To Do" mode="s,e"/><type classType="Class" humanName="Type" humanType="Class" icon="ConceptLibrary_files/icon_class_1769227988.png" mode="s,e" name="Lexical Reference" refid="_17_0_4_1_7b3022e_1387043339955_784477_4894"/><TYPE_MODIFIER humanName="Type Modifier" mode="e"/><upper humanName="Upper">-1</upper><upperValue classType="LiteralUnlimitedNatural" humanName="Upper Value" humanType="Literal Unlimited Natural" icon="ConceptLibrary_files/icon_literalunlimitednatural_1122090209.png" name="*" refid="_17_0_4_1_7b3022e_1387043857685_192317_5050" text="*"/><visibility humanName="Visibility" mode="s,e">public</visibility><appearsIn><diagram classType="Diagram" humanType="Diagram" icon="ConceptLibrary_files/icon_Generic Table_1568169108.png" name="SMIF Properties" refid="_18_2_62501eb_1462314120667_944518_6368"/></appearsIn></property></magicdraw>