<?xml version="1.0" encoding="UTF-8"?><magicdraw><association classType="Association" humanType="Association" icon="ConceptLibrary_files/icon_association_286860903.png" id="_17_0_4_1_7b3022e_1387043686259_568363_5011"><documentation humanName="Documentation">Relationship defining references for a scope.</documentation><documentation humanName="Documentation" mode="standard">Relationship defining references for a scope.</documentation><endType humanName="End Type"><class classType="Class" humanType="Class" icon="ConceptLibrary_files/icon_class_1769227988.png" name="Lexical Context" refid="_17_0_4_1_7b3022e_1387036440058_58622_4050"/><class classType="Class" humanType="Class" icon="ConceptLibrary_files/icon_class_1769227988.png" name="Lexical Reference" refid="_17_0_4_1_7b3022e_1387043339955_784477_4894"/></endType><feature humanName="Feature"><property classType="Property" humanType="Property" icon="ConceptLibrary_files/icon_property_736527975.png" name="extends scope" refid="_17_0_4_1_7b3022e_1387043686260_299858_5013"/><property classType="Property" humanType="Property" icon="ConceptLibrary_files/icon_property_736527975.png" name="references" refid="_17_0_4_1_7b3022e_1387043686259_874393_5012"/></feature><isAbstract humanName="Is Abstract">false</isAbstract><isDerived humanName="Is Derived">false</isDerived><isFinalSpecialization humanName="Is Final Specialization">false</isFinalSpecialization><isLeaf humanName="Is Leaf">false</isLeaf><member humanName="Member"><property classType="Property" humanType="Property" icon="ConceptLibrary_files/icon_property_736527975.png" name="extends scope" refid="_17_0_4_1_7b3022e_1387043686260_299858_5013"/><property classType="Property" humanType="Property" icon="ConceptLibrary_files/icon_property_736527975.png" name="references" refid="_17_0_4_1_7b3022e_1387043686259_874393_5012"/></member><memberEnd humanName="Member End"><property classType="Property" humanType="Property" icon="ConceptLibrary_files/icon_property_736527975.png" name="extends scope" refid="_17_0_4_1_7b3022e_1387043686260_299858_5013"/><property classType="Property" humanType="Property" icon="ConceptLibrary_files/icon_property_736527975.png" name="references" refid="_17_0_4_1_7b3022e_1387043686259_874393_5012"/></memberEnd><name humanName="Name" mode="s,e">Scope Reference</name><namespace classType="Package" humanName="Namespace" humanType="Package" icon="ConceptLibrary_files/icon_package_467146800.png" name="Lexical Scope" refid="_17_0_4_1_7b3022e_1387036286878_479470_3903"/><navigableOwnedEnd humanName="Navigable Owned End" mode="e"><property classType="Property" humanType="Property" icon="ConceptLibrary_files/icon_property_736527975.png" name="extends scope" refid="_17_0_4_1_7b3022e_1387043686260_299858_5013"/><property classType="Property" humanType="Property" icon="ConceptLibrary_files/icon_property_736527975.png" name="references" refid="_17_0_4_1_7b3022e_1387043686259_874393_5012"/></navigableOwnedEnd><ownedComment humanName="Owned Comment"><comment classType="Comment" humanType="Comment" icon="ConceptLibrary_files/icon_comment_1609735765.png" refid="_18_4_62501eb_1475682027563_722292_15787"/></ownedComment><ownedElement humanName="Owned Element"><comment classType="Comment" humanType="Comment" icon="ConceptLibrary_files/icon_comment_1609735765.png" refid="_18_4_62501eb_1475682027563_722292_15787"/><property classType="Property" humanType="Property" icon="ConceptLibrary_files/icon_property_736527975.png" name="extends scope" refid="_17_0_4_1_7b3022e_1387043686260_299858_5013"/><property classType="Property" humanType="Property" icon="ConceptLibrary_files/icon_property_736527975.png" name="references" refid="_17_0_4_1_7b3022e_1387043686259_874393_5012"/></ownedElement><ownedEnd humanName="Owned End"><property classType="Property" humanType="Property" icon="ConceptLibrary_files/icon_property_736527975.png" name="extends scope" refid="_17_0_4_1_7b3022e_1387043686260_299858_5013"/><property classType="Property" humanType="Property" icon="ConceptLibrary_files/icon_property_736527975.png" name="references" refid="_17_0_4_1_7b3022e_1387043686259_874393_5012"/></ownedEnd><ownedMember humanName="Owned Member"><property classType="Property" humanType="Property" icon="ConceptLibrary_files/icon_property_736527975.png" name="extends scope" refid="_17_0_4_1_7b3022e_1387043686260_299858_5013"/><property classType="Property" humanType="Property" icon="ConceptLibrary_files/icon_property_736527975.png" name="references" refid="_17_0_4_1_7b3022e_1387043686259_874393_5012"/></ownedMember><owner classType="Package" humanName="Owner" humanType="Package" icon="ConceptLibrary_files/icon_package_467146800.png" mode="s,e" name="Lexical Scope" refid="_17_0_4_1_7b3022e_1387036286878_479470_3903"/><owningPackage classType="Package" humanName="Owning Package" humanType="Package" icon="ConceptLibrary_files/icon_package_467146800.png" name="Lexical Scope" refid="_17_0_4_1_7b3022e_1387036286878_479470_3903"/><package classType="Package" humanName="Package" humanType="Package" icon="ConceptLibrary_files/icon_package_467146800.png" name="Lexical Scope" refid="_17_0_4_1_7b3022e_1387036286878_479470_3903"/><qualifiedName humanName="Qualified Name" mode="e">SMIF Conceptual Model::Lexical Scope::Scope Reference</qualifiedName><relatedElement humanName="Related Element"><class classType="Class" humanType="Class" icon="ConceptLibrary_files/icon_class_1769227988.png" name="Lexical Context" refid="_17_0_4_1_7b3022e_1387036440058_58622_4050"/><class classType="Class" humanType="Class" icon="ConceptLibrary_files/icon_class_1769227988.png" name="Lexical Reference" refid="_17_0_4_1_7b3022e_1387043339955_784477_4894"/></relatedElement><TO_DO humanName="To Do"/><visibility humanName="Visibility" mode="s,e">public</visibility><appearsIn><diagram classType="Diagram" humanType="Diagram" icon="ConceptLibrary_files/icon_Class Diagram_505751443.png" name="Lexical Scope" refid="_17_0_4_1_7b3022e_1387036296496_910243_3904"/><diagram classType="Diagram" humanType="Diagram" icon="ConceptLibrary_files/icon_Generic Table_1568169108.png" name="SMIF Associations" refid="_18_2_62501eb_1462313084237_705601_5981"/></appearsIn></association></magicdraw>