<?xml version="1.0" encoding="UTF-8"?><magicdraw><comment classType="Comment" humanType="Comment" icon="ConceptLibrary_files/icon_comment_1609735765.png" id="_17_0_3_7b3022e_1331398964783_247904_8140"><annotatedElement humanName="Annotated Element" mode="s,e"><class classType="Class" humanType="Class" icon="ConceptLibrary_files/icon_class_1769227988.png" name="Situation Type" refid="_17_0_3_7b3022e_1331156944402_964647_1916"/></annotatedElement><body humanName="Body" mode="s,e">A situation type defines a kind of identifiable arrangement of individuals, assertions and the relations between them over a timespan.  As an identifiable entity, situations may participate in other situations and relationships by being bound to properties of those situations or relationships with bindings, thus situations are “first class” entities in a SMIF model.
The roles or behaviors things (any entity or value) may play in a situation are identified as properties of the situation type.
Entity types and roles may also be situation types.
Syn. Type of a state of affairs.
A situation type may have properties such that instances, may bind things to structures based on properties.
Things may be bound to a structure (i.e. play a role in the structure) via properties. Things bound to properties of a structure may change over time, unless otherwise constrained.

[DTV] situation kind: state of affairs that may or may not happen in some possible world

</body><documentation humanName="Documentation"/><owner classType="Class" humanName="Owner" humanType="Class" icon="ConceptLibrary_files/icon_class_1769227988.png" mode="s,e" name="Situation Type" refid="_17_0_3_7b3022e_1331156944402_964647_1916"/><owningElement classType="Class" humanName="Owning Element" humanType="Class" icon="ConceptLibrary_files/icon_class_1769227988.png" name="Situation Type" refid="_17_0_3_7b3022e_1331156944402_964647_1916"/><TO_DO humanName="To Do" mode="s,e"/></comment></magicdraw>