<?xml version="1.0" encoding="UTF-8"?><magicdraw><associationclass classType="AssociationClass" humanType="Association Class" icon="ConceptLibrary_files/icon_associationclass_1255445356.png" id="_17_0_5_1_3ba019e_1407439004205_698351_4254"><allGeneralClassifiers humanName="All General Classifiers"><class classType="Class" humanType="Class" icon="ConceptLibrary_files/icon_class_412694050.png" name="Abstract Property Owner" refid="_18_4_1_62501eb_1502464289200_586839_10312"/><class classType="Class" humanType="Class" icon="ConceptLibrary_files/icon_class_1769227988.png" name="Actual Entity" refid="_18_4_62501eb_1474742369274_834660_32276"/><class classType="Class" humanType="Class" icon="ConceptLibrary_files/icon_class_1769227988.png" name="Assessment" refid="_18_1_3ba019e_1444341903340_57717_30511"/><class classType="Class" humanType="Class" icon="ConceptLibrary_files/icon_class_1769227988.png" name="Association" refid="_18_4_62501eb_1478272534493_802788_8452"/><class classType="Class" humanType="Class" icon="ConceptLibrary_files/icon_class_412694050.png" name="Context" refid="_17_0_3_7b3022e_1331164829050_871772_2449"/><class classType="Class" humanType="Class" icon="ConceptLibrary_files/icon_class_412694050.png" name="Desirability Assessment" refid="_18_1_3ba019e_1447002159481_503338_7624"/><class classType="Class" humanType="Class" icon="ConceptLibrary_files/icon_class_1769227988.png" name="Entity" refid="_17_0_3_7b3022e_1331156499953_68666_1704"/><class classType="Class" humanType="Class" icon="ConceptLibrary_files/icon_class_412694050.png" name="Identifiable Property Owner" refid="_18_4_62501eb_1474825952747_216281_38238"/><class classType="Class" humanType="Class" icon="ConceptLibrary_files/icon_class_1769227988.png" name="Lexical Context" refid="_17_0_4_1_7b3022e_1387036440058_58622_4050"/><class classType="Class" humanType="Class" icon="ConceptLibrary_files/icon_class_1769227988.png" name="Lexical Scope" refid="_18_4_1_62501eb_1502394944731_837726_9021"/><class classType="Class" humanType="Class" icon="ConceptLibrary_files/icon_class_412694050.png" name="Proposition" refid="_18_2_62501eb_1462460603792_169037_6216"/><class classType="Class" humanType="Class" icon="ConceptLibrary_files/icon_class_1769227988.png" name="Relationship" refid="_18_2_62501eb_1455059319516_449197_4668"/><class classType="Class" humanType="Class" icon="ConceptLibrary_files/icon_class_1769227988.png" name="Scoped Context" refid="_18_5_3_62501eb_1527086128974_510931_15787"/><class classType="Class" humanType="Class" icon="ConceptLibrary_files/icon_class_1769227988.png" name="Temporal Entity" refid="_18_5_3_62501eb_1526245829678_449841_12740"/><class classType="Class" humanType="Class" icon="ConceptLibrary_files/icon_class_412694050.png" name="Temporal Region" refid="_18_4_62501eb_1475191630164_228537_15293"/><associationclass classType="AssociationClass" humanType="Association Class" icon="ConceptLibrary_files/icon_associationclass_1255445356.png" isRelationship="true" name="Temporally Related" refid="_18_4_62501eb_1475003367351_413248_37759"/><class classType="Class" humanType="Class" icon="ConceptLibrary_files/icon_class_412694050.png" name="Thing" refid="_17_0_3_7b3022e_1331313031781_359355_5487"/></allGeneralClassifiers><APPLIED_STEREOTYPES humanName="Applied Stereotype" mode="s,e"><stereotype classType="Stereotype" humanType="Stereotype" icon="ConceptLibrary_files/icon_stereotype_643587433.png" name="HyperlinkOwner" refid="_9_0_be00301_1108044563999_784946_1"/><stereotype classType="Stereotype" humanType="Stereotype" icon="ConceptLibrary_files/icon_stereotype_643587433.png" name="Relationship" refid="_18_4_62501eb_1475862875862_655211_5356"/></APPLIED_STEREOTYPES><appliedStereotype humanName="Applied Stereotype" mode="s,e"><stereotype classType="Stereotype" humanType="Stereotype" icon="ConceptLibrary_files/icon_stereotype_643587433.png" name="HyperlinkOwner" refid="_9_0_be00301_1108044563999_784946_1"><property classType="Property" humanType="Property" icon="ConceptLibrary_files/icon_property_736527975.png" name="base_Element" refid="_10_0EAPbeta_be00301_1123081772148_910751_285"/><property classType="Property" humanType="Property" icon="ConceptLibrary_files/icon_property_736527975.png" name="base_Element" refid="_10_0EAPbeta_be00301_1123081772098_411862_275"/><property classType="Property" humanName="Element/Symbol" humanType="Property" icon="ConceptLibrary_files/icon_property_736527975.png" name="hyperlinkModel" refid="_622020d_1063089736320_890266_3"><diagram classType="Diagram" humanType="Diagram" icon="ConceptLibrary_files/icon_Class Diagram_505751443.png" name="Objectives" refid="_17_0_5_1_3ba019e_1407440322801_298598_5399"/><diagram classType="Diagram" humanType="Diagram" icon="ConceptLibrary_files/icon_Class Diagram_505751443.png" name="Stakeholder Desirability" refid="_18_4_62501eb_1477082945642_857302_47898"/></property><property classType="Property" humanName="Active Hyperlink" humanType="Property" icon="ConceptLibrary_files/icon_property_736527975.png" name="hyperlinkModelActive" refid="_622020d_1063089736320_73815_4"><diagram classType="Diagram" humanType="Diagram" icon="ConceptLibrary_files/icon_Class Diagram_505751443.png" name="Stakeholder Desirability" refid="_18_4_62501eb_1477082945642_857302_47898"/></property><property classType="Property" humanName="File/WEB_PAGE" humanType="Property" icon="ConceptLibrary_files/icon_property_736527975.png" name="hyperlinkText" refid="_622020d_1063089736310_884303_1"/><property classType="Property" humanName="Active Hyperlink" humanType="Property" icon="ConceptLibrary_files/icon_property_736527975.png" name="hyperlinkTextActive" refid="_622020d_1063089736310_68488_2"/></stereotype><stereotype classType="Stereotype" humanType="Stereotype" icon="ConceptLibrary_files/icon_stereotype_643587433.png" name="Relationship" refid="_18_4_62501eb_1475862875862_655211_5356"><property classType="Property" humanName="Base_ Class" humanType="Property" icon="ConceptLibrary_files/icon_property_736527975.png" name="base_Class" refid="_18_4_62501eb_1475862906178_650122_5390"/></stereotype></appliedStereotype><appliedStereotypeInstance classType="InstanceSpecification" humanName="Applied Stereotype Instance" humanType="Instance Specification" icon="ConceptLibrary_files/icon_instancespecification_1746117425.png" name=" : UML Standard Profile::MagicDraw Profile::HyperlinkOwner, SIMFProfile::SMIF Concept Modeling Profile::Relationship" refid="_18_0_2_3ba019e_1423257987346_796580_10272"/><clientDependency humanName="Client Dependency"><dependency classType="Dependency" humanType="Dependency" icon="ConceptLibrary_files/icon_dependency_866529530.png" isRelationship="true" name="derived from" refid="_17_0_5_1_3ba019e_1408551187081_688879_6663"/></clientDependency><documentation humanName="Documentation">A relationship representing the net desirability of a situation for a stakeholder.
Note: Stakeholder desirability is expected to be computed based on aggregating the impact of a situation for a stakeholder. However, the algorithm for this aggregation is not specified in the standard.</documentation><documentation humanName="Documentation" mode="standard">A relationship representing the net desirability of a situation for a stakeholder.
Note: Stakeholder desirability is expected to be computed based on aggregating the impact of a situation for a stakeholder. However, the algorithm for this aggregation is not specified in the standard.</documentation><effectiveIRI humanName="Effective IRI"/><endType humanName="End Type"><class classType="Class" humanType="Class" icon="ConceptLibrary_files/icon_class_412694050.png" name="Situation" refid="_18_1_3ba019e_1430349228247_211772_4675"/><class classType="Class" humanType="Class" icon="ConceptLibrary_files/icon_class_1769227988.png" name="Stakeholder" refid="_17_0_5_1_3ba019e_1407439004184_364207_4212"/></endType><feature humanName="Feature"><property classType="Property" humanType="Property" icon="ConceptLibrary_files/icon_property_736527975.png" name="desirability for" refid="_17_0_5_1_3ba019e_1407439006262_939126_4720"/><property classType="Property" humanType="Property" icon="ConceptLibrary_files/icon_property_736527975.png" name="desirability of" refid="_17_0_5_1_3ba019e_1407439006262_76881_4719"/></feature><generalization humanName="Generalization"><generalization classType="Generalization" humanType="Generalization" icon="ConceptLibrary_files/icon_generalization_212232499.png" isRelationship="true" refid="_18_1_3ba019e_1447002429913_677479_7652"/><generalization classType="Generalization" humanType="Generalization" icon="ConceptLibrary_files/icon_generalization_212232499.png" isRelationship="true" refid="_18_4_62501eb_1477083143656_594378_48323"/></generalization><inheritedMember humanName="Inherited Member"><diagram classType="Diagram" humanType="Diagram" icon="ConceptLibrary_files/icon_Class Diagram_505751443.png" name="Actual Entity Detail" refid="_18_4_62501eb_1476372316267_988918_9242"/><property classType="Property" humanType="Property" icon="ConceptLibrary_files/icon_property_736527975.png" name="assessment score" refid="_18_1_3ba019e_1445536772829_305271_31398"/><diagram classType="Diagram" humanType="Diagram" icon="ConceptLibrary_files/icon_Class Diagram_505751443.png" name="Context Detail" refid="_18_1_3ba019e_1430749149449_614203_5109"/><property classType="Property" humanType="Property" icon="ConceptLibrary_files/icon_property_736527975.png" name="net benefit" refid="_17_0_5_1_3ba019e_1407450708477_811280_9177"/><property classType="Property" humanType="Property" icon="ConceptLibrary_files/icon_property_736527975.png" name="net desirability" refid="_17_0_5_1_3ba019e_1407439006263_984492_4722"/><property classType="Property" humanType="Property" icon="ConceptLibrary_files/icon_property_736527975.png" name="net likelihood" refid="_18_2_62501eb_1455296668295_18307_9229"/><property classType="Property" humanType="Property" icon="ConceptLibrary_files/icon_property_736527975.png" name="net risk" refid="_18_0_2_3ba019e_1424895466889_531013_8751"/><property classType="Property" humanType="Property" icon="ConceptLibrary_files/icon_property_736527975.png" name="net severity" refid="_17_0_5_1_3ba019e_1407450694823_120101_9172"/><diagram classType="Diagram" humanType="Diagram" icon="ConceptLibrary_files/icon_Class Diagram_505751443.png" name="Proposition Detail" refid="_18_4_62501eb_1476372124532_248366_8882"/><diagram classType="Diagram" humanType="Diagram" icon="ConceptLibrary_files/icon_Class Diagram_505751443.png" name="Related" refid="_18_4_62501eb_1476129676121_167071_25246"/><property classType="Property" humanType="Property" icon="ConceptLibrary_files/icon_property_736527975.png" name="related from" refid="_17_0_5_1_3ba019e_1408465206914_970238_6924"/><property classType="Property" humanType="Property" icon="ConceptLibrary_files/icon_property_736527975.png" name="relates to" refid="_17_0_5_1_3ba019e_1408465206913_98172_6923"/><diagram classType="Diagram" humanType="Diagram" icon="ConceptLibrary_files/icon_Class Diagram_505751443.png" name="Temporal Entity Detail" refid="_18_4_62501eb_1476372396716_459515_9420"/><diagram classType="Diagram" humanType="Diagram" icon="ConceptLibrary_files/icon_Class Diagram_505751443.png" name="Thing Detail" refid="_18_4_62501eb_1474827775223_682407_38836"/></inheritedMember><isAbstract humanName="Is Abstract">false</isAbstract><isActive humanName="Is Active">false</isActive><isDerived humanName="Is Derived">false</isDerived><isFinalSpecialization humanName="Is Final Specialization">false</isFinalSpecialization><isLeaf humanName="Is Leaf">false</isLeaf><member humanName="Member"><diagram classType="Diagram" humanType="Diagram" icon="ConceptLibrary_files/icon_Class Diagram_505751443.png" name="Actual Entity Detail" refid="_18_4_62501eb_1476372316267_988918_9242"/><property classType="Property" humanType="Property" icon="ConceptLibrary_files/icon_property_736527975.png" name="assessment score" refid="_18_1_3ba019e_1445536772829_305271_31398"/><diagram classType="Diagram" humanType="Diagram" icon="ConceptLibrary_files/icon_Class Diagram_505751443.png" name="Context Detail" refid="_18_1_3ba019e_1430749149449_614203_5109"/><property classType="Property" humanType="Property" icon="ConceptLibrary_files/icon_property_736527975.png" name="desirability for" refid="_17_0_5_1_3ba019e_1407439006262_939126_4720"/><property classType="Property" humanType="Property" icon="ConceptLibrary_files/icon_property_736527975.png" name="desirability of" refid="_17_0_5_1_3ba019e_1407439006262_76881_4719"/><property classType="Property" humanType="Property" icon="ConceptLibrary_files/icon_property_736527975.png" name="net benefit" refid="_17_0_5_1_3ba019e_1407450708477_811280_9177"/><property classType="Property" humanType="Property" icon="ConceptLibrary_files/icon_property_736527975.png" name="net desirability" refid="_17_0_5_1_3ba019e_1407439006263_984492_4722"/><property classType="Property" humanType="Property" icon="ConceptLibrary_files/icon_property_736527975.png" name="net likelihood" refid="_18_2_62501eb_1455296668295_18307_9229"/><property classType="Property" humanType="Property" icon="ConceptLibrary_files/icon_property_736527975.png" name="net risk" refid="_18_0_2_3ba019e_1424895466889_531013_8751"/><property classType="Property" humanType="Property" icon="ConceptLibrary_files/icon_property_736527975.png" name="net severity" refid="_17_0_5_1_3ba019e_1407450694823_120101_9172"/><diagram classType="Diagram" humanType="Diagram" icon="ConceptLibrary_files/icon_Class Diagram_505751443.png" name="Proposition Detail" refid="_18_4_62501eb_1476372124532_248366_8882"/><diagram classType="Diagram" humanType="Diagram" icon="ConceptLibrary_files/icon_Class Diagram_505751443.png" name="Related" refid="_18_4_62501eb_1476129676121_167071_25246"/><property classType="Property" humanType="Property" icon="ConceptLibrary_files/icon_property_736527975.png" name="related from" refid="_17_0_5_1_3ba019e_1408465206914_970238_6924"/><property classType="Property" humanType="Property" icon="ConceptLibrary_files/icon_property_736527975.png" name="relates to" refid="_17_0_5_1_3ba019e_1408465206913_98172_6923"/><diagram classType="Diagram" humanType="Diagram" icon="ConceptLibrary_files/icon_Class Diagram_505751443.png" name="Stakeholder Desirability" refid="_18_4_62501eb_1477082945642_857302_47898"/><diagram classType="Diagram" humanType="Diagram" icon="ConceptLibrary_files/icon_Class Diagram_505751443.png" name="Temporal Entity Detail" refid="_18_4_62501eb_1476372396716_459515_9420"/><diagram classType="Diagram" humanType="Diagram" icon="ConceptLibrary_files/icon_Class Diagram_505751443.png" name="Thing Detail" refid="_18_4_62501eb_1474827775223_682407_38836"/></member><memberEnd humanName="Member End"><property classType="Property" humanType="Property" icon="ConceptLibrary_files/icon_property_736527975.png" name="desirability for" refid="_17_0_5_1_3ba019e_1407439006262_939126_4720"/><property classType="Property" humanType="Property" icon="ConceptLibrary_files/icon_property_736527975.png" name="desirability of" refid="_17_0_5_1_3ba019e_1407439006262_76881_4719"/></memberEnd><name humanName="Name" mode="s,e">Stakeholder Desirability</name><namespace classType="Package" humanName="Namespace" humanType="Package" icon="ConceptLibrary_files/icon_package_467146800.png" name="Objectives" refid="_17_0_5_1_3ba019e_1407439973665_938070_5084"/><navigableOwnedEnd humanName="Navigable Owned End" mode="e"><property classType="Property" humanType="Property" icon="ConceptLibrary_files/icon_property_736527975.png" name="desirability for" refid="_17_0_5_1_3ba019e_1407439006262_939126_4720"/><property classType="Property" humanType="Property" icon="ConceptLibrary_files/icon_property_736527975.png" name="desirability of" refid="_17_0_5_1_3ba019e_1407439006262_76881_4719"/></navigableOwnedEnd><ownedComment humanName="Owned Comment"><comment classType="Comment" humanType="Comment" icon="ConceptLibrary_files/icon_comment_1609735765.png" refid="_17_0_5_1_3ba019e_1407439006263_240671_4721"/></ownedComment><ownedDiagram humanName="Owned Diagram"><diagram classType="Diagram" humanType="Diagram" icon="ConceptLibrary_files/icon_Class Diagram_505751443.png" name="Stakeholder Desirability" refid="_18_4_62501eb_1477082945642_857302_47898"/></ownedDiagram><ownedElement humanName="Owned Element"><generalization classType="Generalization" humanType="Generalization" icon="ConceptLibrary_files/icon_generalization_212232499.png" isRelationship="true" refid="_18_1_3ba019e_1447002429913_677479_7652"/><generalization classType="Generalization" humanType="Generalization" icon="ConceptLibrary_files/icon_generalization_212232499.png" isRelationship="true" refid="_18_4_62501eb_1477083143656_594378_48323"/><comment classType="Comment" humanType="Comment" icon="ConceptLibrary_files/icon_comment_1609735765.png" refid="_17_0_5_1_3ba019e_1407439006263_240671_4721"/><instancespecification classType="InstanceSpecification" humanType="Instance Specification" icon="ConceptLibrary_files/icon_instancespecification_1746117425.png" name=" : UML Standard Profile::MagicDraw Profile::HyperlinkOwner, SIMFProfile::SMIF Concept Modeling Profile::Relationship" refid="_18_0_2_3ba019e_1423257987346_796580_10272"/><property classType="Property" humanType="Property" icon="ConceptLibrary_files/icon_property_736527975.png" name="desirability for" refid="_17_0_5_1_3ba019e_1407439006262_939126_4720"/><property classType="Property" humanType="Property" icon="ConceptLibrary_files/icon_property_736527975.png" name="desirability of" refid="_17_0_5_1_3ba019e_1407439006262_76881_4719"/><diagram classType="Diagram" humanType="Diagram" icon="ConceptLibrary_files/icon_Class Diagram_505751443.png" name="Stakeholder Desirability" refid="_18_4_62501eb_1477082945642_857302_47898"/></ownedElement><ownedEnd humanName="Owned End"><property classType="Property" humanType="Property" icon="ConceptLibrary_files/icon_property_736527975.png" name="desirability for" refid="_17_0_5_1_3ba019e_1407439006262_939126_4720"/><property classType="Property" humanType="Property" icon="ConceptLibrary_files/icon_property_736527975.png" name="desirability of" refid="_17_0_5_1_3ba019e_1407439006262_76881_4719"/></ownedEnd><ownedMember humanName="Owned Member"><property classType="Property" humanType="Property" icon="ConceptLibrary_files/icon_property_736527975.png" name="desirability for" refid="_17_0_5_1_3ba019e_1407439006262_939126_4720"/><property classType="Property" humanType="Property" icon="ConceptLibrary_files/icon_property_736527975.png" name="desirability of" refid="_17_0_5_1_3ba019e_1407439006262_76881_4719"/><diagram classType="Diagram" humanType="Diagram" icon="ConceptLibrary_files/icon_Class Diagram_505751443.png" name="Stakeholder Desirability" refid="_18_4_62501eb_1477082945642_857302_47898"/></ownedMember><owner classType="Package" humanName="Owner" humanType="Package" icon="ConceptLibrary_files/icon_package_467146800.png" mode="s,e" name="Objectives" refid="_17_0_5_1_3ba019e_1407439973665_938070_5084"/><owningPackage classType="Package" humanName="Owning Package" humanType="Package" icon="ConceptLibrary_files/icon_package_467146800.png" name="Objectives" refid="_17_0_5_1_3ba019e_1407439973665_938070_5084"/><package classType="Package" humanName="Package" humanType="Package" icon="ConceptLibrary_files/icon_package_467146800.png" name="Objectives" refid="_17_0_5_1_3ba019e_1407439973665_938070_5084"/><qualifiedName humanName="Qualified Name" mode="e">Concept Library::Objectives::Stakeholder Desirability</qualifiedName><relatedElement humanName="Related Element"><class classType="Class" humanType="Class" icon="ConceptLibrary_files/icon_class_412694050.png" name="Situation" refid="_18_1_3ba019e_1430349228247_211772_4675"/><class classType="Class" humanType="Class" icon="ConceptLibrary_files/icon_class_1769227988.png" name="Stakeholder" refid="_17_0_5_1_3ba019e_1407439004184_364207_4212"/></relatedElement><superClass humanName="Super Class"><class classType="Class" humanType="Class" icon="ConceptLibrary_files/icon_class_412694050.png" name="Desirability Assessment" refid="_18_1_3ba019e_1447002159481_503338_7624"/><associationclass classType="AssociationClass" humanType="Association Class" icon="ConceptLibrary_files/icon_associationclass_1255445356.png" isRelationship="true" name="Temporally Related" refid="_18_4_62501eb_1475003367351_413248_37759"/></superClass><TO_DO humanName="To Do" mode="s,e"/><visibility humanName="Visibility">public</visibility><appearsIn><diagram classType="Diagram" humanType="Diagram" icon="ConceptLibrary_files/icon_Generic Table_1568169108.png" name="Concept Library Classes" refid="_18_4_1_62501eb_1495298309386_966735_15952"/><diagram classType="Diagram" humanType="Diagram" icon="ConceptLibrary_files/icon_Class Diagram_505751443.png" name="Objectives" refid="_18_4_1_62501eb_1496756995888_981263_14625"/><diagram classType="Diagram" humanType="Diagram" icon="ConceptLibrary_files/icon_Generic Table_1568169108.png" name="Associations" refid="_18_4_62501eb_1474989114723_17949_11234"/><diagram classType="Diagram" humanType="Diagram" icon="ConceptLibrary_files/icon_Generic Table_1568169108.png" name="Threat &amp; Risk Classes" refid="_18_0_2_3ba019e_1423943641982_180424_6129"/><diagram classType="Diagram" humanType="Diagram" icon="ConceptLibrary_files/icon_Generic Table_1568169108.png" name="Vocabulary" refid="_18_0_2_3ba019e_1418664073699_926094_6665"/><diagram classType="Diagram" humanType="Diagram" icon="ConceptLibrary_files/icon_Class Diagram_505751443.png" name="Stakeholder Desirability" refid="_18_4_62501eb_1477082945642_857302_47898"/><diagram classType="Diagram" humanType="Diagram" icon="ConceptLibrary_files/icon_Class Diagram_505751443.png" name="Objective Detail" refid="_18_0_2_3ba019e_1424880291082_263455_6814"/><diagram classType="Diagram" humanType="Diagram" icon="ConceptLibrary_files/icon_Class Diagram_505751443.png" name="Risk Objectives" refid="_18_4_1_62501eb_1495292007647_555699_13646"/><diagram classType="Diagram" humanType="Diagram" icon="ConceptLibrary_files/icon_Class Diagram_505751443.png" name="Objectives" refid="_17_0_5_1_3ba019e_1407440322801_298598_5399"/></appearsIn></associationclass></magicdraw>