<?xml version="1.0" encoding="UTF-8"?><magicdraw><property classType="Property" humanType="Property" icon="ConceptLibrary_files/icon_property_736527975.png" id="_17_0_5_1_3ba019e_1407441993914_361848_6579"><aggregation humanName="Aggregation" mode="s,e">none</aggregation><association classType="AssociationClass" humanName="Association" humanType="Association Class" icon="ConceptLibrary_files/icon_associationclass_1255445356.png" isRelationship="true" name="Consequence of Situation" refid="_18_4_62501eb_1477080539307_954320_47035"/><documentation humanName="Documentation">Situation causing an impact..</documentation><documentation humanName="Documentation" mode="standard">Situation causing an impact..</documentation><effectiveIRI humanName="Effective IRI"/><featuringClassifier classType="AssociationClass" humanName="Featuring Classifier" humanType="Association Class" icon="ConceptLibrary_files/icon_associationclass_1255445356.png" isRelationship="true" name="Consequence of Situation" refid="_18_4_62501eb_1477080539307_954320_47035"/><isComposite humanName="Is Composite">false</isComposite><isDerived humanName="Is Derived" mode="s,e">false</isDerived><isDerivedUnion humanName="Is Derived Union" mode="e">false</isDerivedUnion><isID humanName="Is ID" mode="e">false</isID><isLeaf humanName="Is Leaf">false</isLeaf><isOrdered humanName="Is Ordered" mode="e">false</isOrdered><isReadOnly humanName="Is Read Only" mode="s,e">false</isReadOnly><isStatic humanName="Is Static" mode="s,e">false</isStatic><isUnique humanName="Is Unique" mode="e">true</isUnique><lower humanName="Lower">1</lower><lowerValue classType="LiteralInteger" humanName="Lower Value" humanType="Literal Integer" icon="ConceptLibrary_files/icon_literalinteger_1147158688.png" name="1" refid="_18_4_62501eb_1477083496693_426766_48599" text="1"/><multiplicity humanName="Multiplicity" mode="s,e">1..*</multiplicity><multiplicity humanName="Multiplicity" mode="s,e">1..*</multiplicity><name humanName="Name" mode="s,e">results from</name><namespace classType="AssociationClass" humanName="Namespace" humanType="Association Class" icon="ConceptLibrary_files/icon_associationclass_1255445356.png" isRelationship="true" name="Consequence of Situation" refid="_18_4_62501eb_1477080539307_954320_47035"/><navigable humanName="Navigable" mode="e">true</navigable><opposite classType="Property" humanName="Opposite" humanType="Property" icon="ConceptLibrary_files/icon_property_736527975.png" name="has consequence" refid="_17_0_5_1_3ba019e_1407441993913_406942_6578"/><ownedBy classType="AssociationClass" humanName="Owned By" humanType="Association Class" icon="ConceptLibrary_files/icon_associationclass_1255445356.png" isRelationship="true" mode="s,e" name="Consequence of Situation" refid="_18_4_62501eb_1477080539307_954320_47035"/><ownedComment humanName="Owned Comment"><comment classType="Comment" humanType="Comment" icon="ConceptLibrary_files/icon_comment_1609735765.png" refid="_18_0_2_3ba019e_1423857904548_393528_8768"/></ownedComment><ownedElement humanName="Owned Element"><comment classType="Comment" humanType="Comment" icon="ConceptLibrary_files/icon_comment_1609735765.png" refid="_18_0_2_3ba019e_1423857904548_393528_8768"/><literalunlimitednatural classType="LiteralUnlimitedNatural" humanType="Literal Unlimited Natural" icon="ConceptLibrary_files/icon_literalunlimitednatural_1122090209.png" name="*" refid="_18_2_62501eb_1461014281329_384024_12260" text="*"/><literalinteger classType="LiteralInteger" humanType="Literal Integer" icon="ConceptLibrary_files/icon_literalinteger_1147158688.png" name="1" refid="_18_4_62501eb_1477083496693_426766_48599" text="1"/></ownedElement><owner classType="AssociationClass" humanName="Owner" humanType="Association Class" icon="ConceptLibrary_files/icon_associationclass_1255445356.png" isRelationship="true" name="Consequence of Situation" refid="_18_4_62501eb_1477080539307_954320_47035"/><owningAssociation classType="AssociationClass" humanName="Owning Association" humanType="Association Class" icon="ConceptLibrary_files/icon_associationclass_1255445356.png" isRelationship="true" name="Consequence of Situation" refid="_18_4_62501eb_1477080539307_954320_47035"/><qualifiedName humanName="Qualified Name" mode="e">Concept Library::Objectives::Consequence of Situation::results from</qualifiedName><redefinitionContext humanName="Redefinition Context"><associationclass classType="AssociationClass" humanType="Association Class" icon="ConceptLibrary_files/icon_associationclass_1255445356.png" isRelationship="true" name="Consequence of Situation" refid="_18_4_62501eb_1477080539307_954320_47035"/></redefinitionContext><subsettedProperty humanName="Subsetted Property" mode="e"><property classType="Property" humanType="Property" icon="ConceptLibrary_files/icon_property_736527975.png" name="caused by" refid="_18_0_2_3ba019e_1424731594205_910430_6400"/></subsettedProperty><TO_DO humanName="To Do" mode="s,e"/><type classType="Class" humanName="Type" humanType="Class" icon="ConceptLibrary_files/icon_class_412694050.png" mode="s,e" name="Situation" refid="_18_1_3ba019e_1430349228247_211772_4675"/><TYPE_MODIFIER humanName="Type Modifier" mode="e"/><upper humanName="Upper">-1</upper><upperValue classType="LiteralUnlimitedNatural" humanName="Upper Value" humanType="Literal Unlimited Natural" icon="ConceptLibrary_files/icon_literalunlimitednatural_1122090209.png" name="*" refid="_18_2_62501eb_1461014281329_384024_12260" text="*"/><visibility humanName="Visibility" mode="s,e">public</visibility><appearsIn><diagram classType="Diagram" humanType="Diagram" icon="ConceptLibrary_files/icon_Generic Table_1568169108.png" name="Vocabulary" refid="_18_0_2_3ba019e_1418664073699_926094_6665"/></appearsIn></property></magicdraw>