<?xml version="1.0" encoding="UTF-8"?><magicdraw><property classType="Property" humanType="Property" icon="ConceptLibrary_files/icon_property_736527975.png" id="_17_0_1_2_7b3022e_1332889600885_681850_5297"><aggregation humanName="Aggregation" mode="s,e">none</aggregation><UMLClass classType="Class" humanName="Class" humanType="Class" icon="ConceptLibrary_files/icon_class_1769227988.png" name="Multiplicity Constraint" refid="_17_0_1_2_7b3022e_1332887953334_615648_4989"/><classifier classType="Class" humanName="Classifier" humanType="Class" icon="ConceptLibrary_files/icon_class_1769227988.png" name="Multiplicity Constraint" refid="_17_0_1_2_7b3022e_1332887953334_615648_4989"/><defaultValue classType="LiteralBoolean" humanName="Default Value" humanType="Literal Boolean" icon="ConceptLibrary_files/icon_literalboolean_1608948499.png" mode="s,e" name="true" refid="_17_0_1_2_7b3022e_1332889627633_246345_5299" text="true"/><documentation humanName="Documentation">When at once is true, the constraint applies for each snapshot in time but not across snapshots (e.g. a car can have at most one driver at a time). When at once is false the constraint applies across all time (e.g. a person has exactly one birth mother across all time).</documentation><documentation humanName="Documentation" mode="standard">When at once is true, the constraint applies for each snapshot in time but not across snapshots (e.g. a car can have at most one driver at a time). When at once is false the constraint applies across all time (e.g. a person has exactly one birth mother across all time).</documentation><effectiveIRI humanName="Effective IRI">https://www.omg.org/spec/SMIF/Constraints#atOnce</effectiveIRI><featuringClassifier classType="Class" humanName="Featuring Classifier" humanType="Class" icon="ConceptLibrary_files/icon_class_1769227988.png" name="Multiplicity Constraint" refid="_17_0_1_2_7b3022e_1332887953334_615648_4989"/><isComposite humanName="Is Composite">false</isComposite><isDerived humanName="Is Derived" mode="s,e">false</isDerived><isDerivedUnion humanName="Is Derived Union" mode="e">false</isDerivedUnion><isID humanName="Is ID" mode="e">false</isID><isLeaf humanName="Is Leaf">false</isLeaf><isOrdered humanName="Is Ordered" mode="e">false</isOrdered><isReadOnly humanName="Is Read Only" mode="s,e">false</isReadOnly><isStatic humanName="Is Static" mode="s,e">false</isStatic><isUnique humanName="Is Unique" mode="e">true</isUnique><lower humanName="Lower">1</lower><multiplicity humanName="Multiplicity" mode="s,e"/><multiplicity humanName="Multiplicity" mode="s,e"/><name humanName="Name" mode="s,e">at once</name><namespace classType="Class" humanName="Namespace" humanType="Class" icon="ConceptLibrary_files/icon_class_1769227988.png" name="Multiplicity Constraint" refid="_17_0_1_2_7b3022e_1332887953334_615648_4989"/><navigable humanName="Navigable" mode="e">true</navigable><ownedBy classType="Class" humanName="Owned By" humanType="Class" icon="ConceptLibrary_files/icon_class_1769227988.png" mode="s,e" name="Multiplicity Constraint" refid="_17_0_1_2_7b3022e_1332887953334_615648_4989"/><ownedComment humanName="Owned Comment"><comment classType="Comment" humanType="Comment" icon="ConceptLibrary_files/icon_comment_1609735765.png" refid="_17_0_4_1_7b3022e_1388785439614_436740_4705"/></ownedComment><ownedElement humanName="Owned Element"><comment classType="Comment" humanType="Comment" icon="ConceptLibrary_files/icon_comment_1609735765.png" refid="_17_0_4_1_7b3022e_1388785439614_436740_4705"/><literalboolean classType="LiteralBoolean" humanType="Literal Boolean" icon="ConceptLibrary_files/icon_literalboolean_1608948499.png" name="true" refid="_17_0_1_2_7b3022e_1332889627633_246345_5299" text="true"/></ownedElement><owner classType="Class" humanName="Owner" humanType="Class" icon="ConceptLibrary_files/icon_class_1769227988.png" name="Multiplicity Constraint" refid="_17_0_1_2_7b3022e_1332887953334_615648_4989"/><qualifiedName humanName="Qualified Name" mode="e">SMIF Conceptual Model::Constraints::Multiplicity Constraint::at once</qualifiedName><redefinitionContext humanName="Redefinition Context"><class classType="Class" humanType="Class" icon="ConceptLibrary_files/icon_class_1769227988.png" name="Multiplicity Constraint" refid="_17_0_1_2_7b3022e_1332887953334_615648_4989"/></redefinitionContext><TO_DO humanName="To Do" mode="s,e"/><type classType="PrimitiveType" humanName="Type" humanType="Primitive Type" icon="ConceptLibrary_files/icon_primitivetype_289711450.png" mode="s,e" name="Boolean Value" refid="_18_4_62501eb_1474842076341_374791_21285"/><TYPE_MODIFIER humanName="Type Modifier" mode="e"/><upper humanName="Upper">1</upper><visibility humanName="Visibility" mode="s,e">public</visibility><appearsIn><diagram classType="Diagram" humanType="Diagram" icon="ConceptLibrary_files/icon_Generic Table_1568169108.png" name="SMIF Properties" refid="_18_2_62501eb_1462314120667_944518_6368"/></appearsIn></property></magicdraw>