<?xml version="1.0" encoding="UTF-8"?><magicdraw><diagram classType="Diagram" diagramType="Class Diagram" height="655" humanType="Diagram" icon="ConceptLibrary_files/icon_Class Diagram_505751443.png" id="_17_0_1_2_7b3022e_1333470540634_416940_2117" src="ConceptLibrary_files/_17_0_1_2_7b3022e_1333470540634_416940_2117.png" width="928"><APPLIED_STEREOTYPES humanName="Applied Stereotype" mode="s,e"><stereotype classType="Stereotype" humanType="Stereotype" icon="ConceptLibrary_files/icon_stereotype_643587433.png" name="DiagramInfo" refid="_9_0_be00301_1108044380615_150487_0"/></APPLIED_STEREOTYPES><appliedStereotype humanName="Applied Stereotype" mode="s,e"><stereotype classType="Stereotype" humanType="Stereotype" icon="ConceptLibrary_files/icon_stereotype_643587433.png" name="DiagramInfo" refid="_9_0_be00301_1108044380615_150487_0"><property classType="Property" humanName="Author" humanType="Property" icon="ConceptLibrary_files/icon_property_736527975.png" name="Author" refid="_be00301_1077726770128_871366_1"><String>Cory-c</String></property><property classType="Property" humanName="Base_ Diagram" humanType="Property" icon="ConceptLibrary_files/icon_property_736527975.png" name="base_Diagram" refid="_10_0EAPbeta_be00301_1123081772498_901864_356"/><property classType="Property" humanName="Base_ Element" humanType="Property" icon="ConceptLibrary_files/icon_property_736527975.png" name="base_Element" refid="_10_0EAPbeta_be00301_1123081772098_411862_275"/><property classType="Property" humanName="Creation Date" humanType="Property" icon="ConceptLibrary_files/icon_property_736527975.png" name="Creation date" refid="_be00301_1073306188629_537791_2"><String>4/3/12 12:29 PM</String></property><property classType="Property" humanName="Last modified by" humanType="Property" icon="ConceptLibrary_files/icon_property_736527975.png" name="Last modified by" refid="_16_8beta_8ca0285_1257244649124_794756_344"><String>cory-</String></property><property classType="Property" humanName="Modification Date" humanType="Property" icon="ConceptLibrary_files/icon_property_736527975.png" name="Modification date" refid="_be00301_1073394345322_922552_1"><String>5/19/18 5:17 PM</String></property></stereotype></appliedStereotype><appliedStereotypeInstance classType="InstanceSpecification" humanName="Applied Stereotype Instance" humanType="Instance Specification" icon="ConceptLibrary_files/icon_instancespecification_1746117425.png" name=" : UML Standard Profile::MagicDraw Profile::DiagramInfo" refid="_17_0_1_2_7b3022e_1333470540637_225134_2128"/><documentation humanName="Documentation">Expressions define computations</documentation><documentation humanName="Documentation" mode="standard">Expressions define computations</documentation><map><area isNotContentShape="false" name="Property is used by" refid="_17_0_1_2_7b3022e_1333471207371_665013_2674" shape="rect" type="0"><point x="219" y="368"/><point x="230" y="368"/><point x="230" y="379"/><point x="219" y="379"/></area><area isNotContentShape="false" name="Property calls" refid="_17_0_1_2_7b3022e_1333471207371_869159_2673" shape="rect" type="0"><point x="219" y="192"/><point x="230" y="192"/><point x="230" y="203"/><point x="219" y="203"/></area><area isNotContentShape="false" name="Property has value" refid="_17_0_1_2_7b3022e_1333471468343_755647_2845" shape="rect" type="0"><point x="721" y="135"/><point x="732" y="135"/><point x="732" y="146"/><point x="721" y="146"/></area><area isNotContentShape="false" name="Property constant of" refid="_17_0_1_2_7b3022e_1333471468343_494147_2846" shape="rect" type="0"><point x="832" y="305"/><point x="843" y="305"/><point x="843" y="316"/><point x="832" y="316"/></area><area isNotContentShape="false" name="Property receiver" refid="_17_0_4_1_7b3022e_1389478328636_395952_3946" shape="rect" type="0"><point x="76" y="452"/><point x="87" y="452"/><point x="87" y="463"/><point x="76" y="463"/></area><area isNotContentShape="false" name="Property received by" refid="_17_0_4_1_7b3022e_1389478328636_7674_3947" shape="rect" type="0"><point x="76" y="273"/><point x="87" y="273"/><point x="87" y="284"/><point x="76" y="284"/></area><area isNotContentShape="false" name="Property traverses through" refid="_17_0_4_1_7b3022e_1389392485528_26984_4466" shape="rect" type="0"><point x="76" y="501"/><point x="87" y="501"/><point x="87" y="512"/><point x="76" y="512"/></area><area isNotContentShape="false" name="Property traversed by" refid="_17_0_4_1_7b3022e_1389392485528_740561_4467" shape="rect" type="0"><point x="433" y="532"/><point x="444" y="532"/><point x="444" y="543"/><point x="433" y="543"/></area><area isNotContentShape="false" name="Property evaluates" refid="_18_2_62501eb_1462466574254_419423_6423" shape="rect" type="0"><point x="517" y="221"/><point x="528" y="221"/><point x="528" y="232"/><point x="517" y="232"/></area><area isNotContentShape="false" name="Property evaluated by" refid="_18_2_62501eb_1462466574255_217052_6424" shape="rect" type="0"><point x="428" y="107"/><point x="439" y="107"/><point x="439" y="118"/><point x="428" y="118"/></area><area isNotContentShape="false" name="Property return type" refid="_18_5_2_62501eb_1515365134125_126790_11038" shape="rect" type="0"><point x="755" y="199"/><point x="766" y="199"/><point x="766" y="210"/><point x="755" y="210"/></area><area isNotContentShape="false" name="Property" refid="_18_5_2_62501eb_1515365134125_120548_11039" shape="rect" type="0"><point x="707" y="237"/><point x="718" y="237"/><point x="718" y="248"/><point x="707" y="248"/></area><area isNotContentShape="false" name="Property calls" refid="_17_0_1_2_7b3022e_1333471207371_869159_2673" shape="rect" type="0"><point x="192" y="195"/><point x="222" y="195"/><point x="222" y="208"/><point x="192" y="208"/></area><area isNotContentShape="false" name="Property receiver" refid="_17_0_4_1_7b3022e_1389478328636_395952_3946" shape="rect" type="0"><point x="31" y="447"/><point x="79" y="447"/><point x="79" y="460"/><point x="31" y="460"/></area><area isNotContentShape="false" name="Property has value" refid="_17_0_1_2_7b3022e_1333471468343_755647_2845" shape="rect" type="0"><point x="724" y="125"/><point x="779" y="125"/><point x="779" y="138"/><point x="724" y="138"/></area><area isNotContentShape="false" name="Property evaluates" refid="_18_2_62501eb_1462466574254_419423_6423" shape="rect" type="0"><point x="465" y="216"/><point x="520" y="216"/><point x="520" y="229"/><point x="465" y="229"/></area><area isNotContentShape="false" name="Property is used by" refid="_17_0_1_2_7b3022e_1333471207371_665013_2674" shape="rect" type="0"><point x="154" y="364"/><point x="212" y="364"/><point x="212" y="377"/><point x="154" y="377"/></area><area isNotContentShape="false" name="Property return type" refid="_18_5_2_62501eb_1515365134125_126790_11038" shape="rect" type="0"><point x="697" y="202"/><point x="758" y="202"/><point x="758" y="215"/><point x="697" y="215"/></area><area isNotContentShape="false" name="Property constant of" refid="_17_0_1_2_7b3022e_1333471468343_494147_2846" shape="rect" type="0"><point x="840" y="294"/><point x="903" y="294"/><point x="903" y="307"/><point x="840" y="307"/></area><area isNotContentShape="false" name="Property received by" refid="_17_0_4_1_7b3022e_1389478328636_7674_3947" shape="rect" type="0"><point x="14" y="276"/><point x="79" y="276"/><point x="79" y="289"/><point x="14" y="289"/></area><area isNotContentShape="false" name="Property traversed by" refid="_17_0_4_1_7b3022e_1389392485528_740561_4467" shape="rect" type="0"><point x="366" y="535"/><point x="436" y="535"/><point x="436" y="548"/><point x="366" y="548"/></area><area isNotContentShape="false" name="Property evaluated by" refid="_18_2_62501eb_1462466574255_217052_6424" shape="rect" type="0"><point x="435" y="91"/><point x="505" y="91"/><point x="505" y="104"/><point x="435" y="104"/></area><area isNotContentShape="false" name="Property traverses through" refid="_17_0_4_1_7b3022e_1389392485528_26984_4466" shape="rect" type="0"><point x="91" y="505"/><point x="186" y="505"/><point x="186" y="518"/><point x="91" y="518"/></area><area isNotContentShape="false" name="Generalization" refid="_18_5_2_62501eb_1515365502094_698325_11176" shape="poly" type="0"><point x="686" y="549"/><point x="686" y="559"/><point x="684" y="561"/><point x="684" y="551"/></area><area isNotContentShape="false" name="Generalization" refid="_18_5_2_62501eb_1515365540400_335472_11194" shape="poly" type="0"><point x="806" y="549"/><point x="806" y="559"/><point x="804" y="561"/><point x="804" y="551"/></area><area isNotContentShape="false" name="Generalization" refid="_17_0_1_2_7b3022e_1333471147528_213436_2642" shape="poly" type="0"><point x="782" y="297"/><point x="782" y="314"/><point x="780" y="316"/><point x="780" y="299"/></area><area isNotContentShape="false" name="Generalization" refid="_18_5_2_62501eb_1515357510244_266548_9932" shape="poly" type="0"><point x="553" y="297"/><point x="553" y="314"/><point x="551" y="316"/><point x="551" y="299"/></area><area isNotContentShape="false" name="Generalization" refid="_18_5_2_62501eb_1515363526879_468314_10602" shape="poly" type="0"><point x="635" y="478"/><point x="635" y="503"/><point x="633" y="505"/><point x="633" y="480"/></area><area isNotContentShape="false" name="Generalization" refid="_18_5_2_62501eb_1515365431989_817414_11170" shape="poly" type="0"><point x="708" y="478"/><point x="708" y="503"/><point x="706" y="505"/><point x="706" y="480"/></area><area isNotContentShape="false" name="Generalization" refid="_18_2_62501eb_1460668228467_19796_6278" shape="poly" type="0"><point x="292" y="345"/><point x="292" y="377"/><point x="290" y="379"/><point x="290" y="347"/></area><area isNotContentShape="false" name="Generalization" refid="_18_2_62501eb_1462466917702_78175_6502" shape="poly" type="0"><point x="376" y="65"/><point x="376" y="104"/><point x="374" y="106"/><point x="374" y="67"/></area><area isNotContentShape="false" name="Generalization" refid="_18_2_62501eb_1462467487492_306549_6528" shape="poly" type="0"><point x="334" y="128"/><point x="334" y="167"/><point x="332" y="169"/><point x="332" y="130"/></area><area isNotContentShape="false" name="Generalization" refid="_18_5_2_62501eb_1515365505743_169870_11179" shape="poly" type="0"><point x="748" y="549"/><point x="748" y="594"/><point x="746" y="596"/><point x="746" y="551"/></area><area isNotContentShape="false" name="Generalization" refid="_18_5_2_62501eb_1515365537447_138890_11191" shape="poly" type="0"><point x="869" y="549"/><point x="869" y="594"/><point x="867" y="596"/><point x="867" y="551"/></area><area isNotContentShape="false" name="Generalization" refid="_17_0_4_1_7b3022e_1389478314286_989976_3940" shape="poly" type="0"><point x="148" y="191"/><point x="148" y="244"/><point x="146" y="246"/><point x="146" y="193"/></area><area isNotContentShape="false" name="Association" refid="_18_5_2_62501eb_1515365134125_481157_11037" shape="poly" type="0"><point x="761" y="198"/><point x="761" y="241"/><point x="708" y="241"/><point x="706" y="243"/><point x="759" y="243"/><point x="759" y="200"/></area><area isNotContentShape="false" name="Generalization" refid="_18_5_2_62501eb_1515363184080_190248_10450" shape="poly" type="0"><point x="621" y="165"/><point x="621" y="230"/><point x="619" y="232"/><point x="619" y="167"/></area><area isNotContentShape="false" name="Generalization" refid="_18_5_2_62501eb_1515362559894_555968_10299" shape="poly" type="0"><point x="705" y="297"/><point x="705" y="363"/><point x="703" y="365"/><point x="703" y="299"/></area><area isNotContentShape="false" name="Generalization" refid="_18_5_2_62501eb_1515365435438_94075_11173" shape="poly" type="0"><point x="768" y="426"/><point x="768" y="503"/><point x="766" y="505"/><point x="766" y="428"/></area><area isNotContentShape="false" name="Generalization" refid="_17_0_4_1_7b3022e_1387668512113_123200_4650" shape="poly" type="0"><point x="253" y="297"/><point x="253" y="377"/><point x="251" y="379"/><point x="251" y="299"/></area><area isNotContentShape="false" name="Generalization" refid="_18_5_2_62501eb_1515360194816_193129_10206" shape="poly" type="0"><point x="243" y="80"/><point x="243" y="167"/><point x="241" y="169"/><point x="241" y="82"/></area><area isNotContentShape="false" name="Generalization" refid="_17_0_4_1_7b3022e_1387403250098_579742_4246" shape="poly" type="0"><point x="162" y="65"/><point x="162" y="167"/><point x="160" y="169"/><point x="160" y="67"/></area><area isNotContentShape="false" name="Association Expression Evaluation" refid="_18_2_62501eb_1462466574254_363296_6422" shape="poly" type="0"><point x="523" y="230"/><point x="523" y="111"/><point x="429" y="111"/><point x="427" y="113"/><point x="521" y="113"/><point x="521" y="232"/></area><area isNotContentShape="false" name="Generalization" refid="_18_2_62501eb_1460659154632_834977_4927" shape="poly" type="0"><point x="362" y="345"/><point x="362" y="468"/><point x="360" y="470"/><point x="360" y="347"/></area><area isNotContentShape="false" name="Generalization" refid="_18_5_2_62501eb_1515363439032_884563_10598" shape="poly" type="0"><point x="652" y="297"/><point x="652" y="454"/><point x="650" y="456"/><point x="650" y="299"/></area><area isNotContentShape="false" name="Generalization" refid="_17_0_4_1_7b3022e_1389392401560_482421_4416" shape="poly" type="0"><point x="463" y="297"/><point x="463" y="468"/><point x="461" y="470"/><point x="461" y="299"/></area><area isNotContentShape="false" name="Association Constant Value" refid="_17_0_1_2_7b3022e_1333471468343_208939_2844" shape="poly" type="0"><point x="722" y="139"/><point x="838" y="139"/><point x="838" y="314"/><point x="836" y="316"/><point x="836" y="141"/><point x="720" y="141"/></area><area isNotContentShape="false" name="Association Function Called" refid="_17_0_1_2_7b3022e_1333471207371_814515_2672" shape="poly" type="0"><point x="225" y="191"/><point x="225" y="377"/><point x="223" y="379"/><point x="223" y="193"/></area><area isNotContentShape="false" name="Association OO Target" refid="_17_0_4_1_7b3022e_1389478328636_44685_3945" shape="poly" type="0"><point x="82" y="461"/><point x="82" y="272"/><point x="80" y="274"/><point x="80" y="463"/></area><area isNotContentShape="false" name="Association Traverse Through" refid="_17_0_4_1_7b3022e_1389392485528_572822_4465" shape="poly" type="0"><point x="82" y="500"/><point x="82" y="566"/><point x="439" y="566"/><point x="439" y="531"/><point x="437" y="533"/><point x="437" y="568"/><point x="80" y="568"/><point x="80" y="502"/></area><area isNotContentShape="false" name="Class Type" refid="_17_0_3_7b3022e_1331156699146_272050_1846" shape="rect" type="0"><point x="742" y="175"/><point x="780" y="175"/><point x="780" y="200"/><point x="742" y="200"/></area><area isNotContentShape="false" name="Class Not Function" refid="_18_5_2_62501eb_1515363357607_909467_10533" shape="rect" type="0"><point x="574" y="504"/><point x="650" y="504"/><point x="650" y="529"/><point x="574" y="529"/></area><area isNotContentShape="false" name="Class Or Function" refid="_18_5_2_62501eb_1515363310439_259702_10499" shape="rect" type="0"><point x="812" y="595"/><point x="893" y="595"/><point x="893" y="620"/><point x="812" y="620"/></area><area isNotContentShape="false" name="Class Xor Function" refid="_18_5_2_62501eb_1515363707213_108845_10614" shape="rect" type="0"><point x="707" y="595"/><point x="788" y="595"/><point x="788" y="620"/><point x="707" y="620"/></area><area isNotContentShape="false" name="Class And Function" refid="_18_5_2_62501eb_1515363290686_854875_10472" shape="rect" type="0"><point x="644" y="560"/><point x="727" y="560"/><point x="727" y="585"/><point x="644" y="585"/></area><area isNotContentShape="false" name="Class Current Context" refid="_18_5_2_62501eb_1515357443378_888797_9904" shape="rect" type="0"><point x="504" y="315"/><point x="601" y="315"/><point x="601" y="340"/><point x="504" y="340"/></area><area isNotContentShape="false" name="Class Equality Function" refid="_18_2_62501eb_1462465979399_325804_6262" shape="rect" type="0"><point x="756" y="560"/><point x="856" y="560"/><point x="856" y="585"/><point x="756" y="585"/></area><area isNotContentShape="false" name="Class Entity" refid="_17_0_3_7b3022e_1331156499953_68666_1704" shape="rect" type="0"><point x="315" y="42"/><point x="421" y="42"/><point x="421" y="67"/><point x="315" y="67"/></area><area isNotContentShape="false" name="Class Expression Context" refid="_18_2_62501eb_1462466891188_742576_6475" shape="rect" type="0"><point x="315" y="105"/><point x="429" y="105"/><point x="429" y="130"/><point x="315" y="130"/></area><area isNotContentShape="false" name="Class Constant Reference" refid="_17_0_1_2_7b3022e_1333470934122_963736_2560" shape="rect" type="0"><point x="756" y="315"/><point x="874" y="315"/><point x="874" y="340"/><point x="756" y="340"/></area><area isNotContentShape="false" name="Class Function Call" refid="_17_0_4_1_7b3022e_1387668420737_262623_4623" shape="rect" type="0"><point x="189" y="378"/><point x="309" y="378"/><point x="309" y="412"/><point x="189" y="412"/></area><area isNotContentShape="false" name="Class Boolean Function" refid="_18_5_2_62501eb_1515363398407_2962_10570" shape="rect" type="0"><point x="602" y="455"/><point x="722" y="455"/><point x="722" y="480"/><point x="602" y="480"/></area><area isNotContentShape="false" name="Class Property Owner Type" refid="_18_4_62501eb_1474827090705_485497_38285" shape="rect" type="0"><point x="70" y="42"/><point x="197" y="42"/><point x="197" y="67"/><point x="70" y="67"/></area><area isNotContentShape="false" name="Class Thing" refid="_17_0_3_7b3022e_1331313031781_359355_5487" shape="rect" type="0"><point x="595" y="133"/><point x="722" y="133"/><point x="722" y="167"/><point x="595" y="167"/></area><area isNotContentShape="false" name="Class Object Operation Type" refid="_17_0_4_1_7b3022e_1389478293981_846248_3919" shape="rect" type="0"><point x="35" y="245"/><point x="179" y="245"/><point x="179" y="274"/><point x="35" y="274"/></area><area isNotContentShape="false" name="Class Binary Boolean Function" refid="_18_5_2_62501eb_1515365420181_491299_11142" shape="rect" type="0"><point x="693" y="504"/><point x="843" y="504"/><point x="843" y="529"/><point x="693" y="529"/></area><area isNotContentShape="false" name="Class Identifiable Property Owner" refid="_18_4_62501eb_1474825952747_216281_38238" shape="rect" type="0"><point x="273" y="322"/><point x="437" y="322"/><point x="437" y="347"/><point x="273" y="347"/></area><area isNotContentShape="false" name="Property argument 2" refid="_18_5_2_62501eb_1515362603944_117347_10335" shape="rect" type="0"><point x="682" y="408"/><point x="874" y="408"/><point x="874" y="422"/><point x="682" y="422"/></area><area isNotContentShape="false" name="Property argument 1" refid="_18_5_2_62501eb_1515362589959_653567_10305" shape="rect" type="0"><point x="682" y="395"/><point x="874" y="395"/><point x="874" y="409"/><point x="682" y="409"/></area><area isNotContentShape="false" name="Class Binary Function" refid="_18_5_2_62501eb_1515362445590_651432_10258" shape="rect" type="0"><point x="679" y="364"/><point x="877" y="364"/><point x="877" y="428"/><point x="679" y="428"/></area><area isNotContentShape="false" name="Property is sufficient" refid="_18_2_62501eb_1459807221706_789535_4639" shape="rect" type="0"><point x="213" y="63"/><point x="435" y="63"/><point x="435" y="76"/><point x="213" y="76"/></area><area isNotContentShape="false" name="Property is sufficient" refid="_18_2_62501eb_1459807221706_789535_4639" shape="rect" type="0"><point x="45" y="483"/><point x="267" y="483"/><point x="267" y="496"/><point x="45" y="496"/></area><area isNotContentShape="false" name="Class Function Type" refid="_17_0_1_2_7b3022e_1333470581249_607366_2491" shape="rect" type="0"><point x="133" y="168"/><point x="358" y="168"/><point x="358" y="193"/><point x="133" y="193"/></area><area isNotContentShape="false" name="Class Property Type" refid="_18_2_62501eb_1460131846814_348374_8871" shape="rect" type="0"><point x="42" y="462"/><point x="270" y="462"/><point x="270" y="502"/><point x="42" y="502"/></area><area isNotContentShape="false" name="Class Property Type" refid="_18_2_62501eb_1460131846814_348374_8871" shape="rect" type="0"><point x="210" y="42"/><point x="438" y="42"/><point x="438" y="82"/><point x="210" y="82"/></area><area isNotContentShape="false" name="Property inverse" refid="_18_2_62501eb_1460150499383_770581_15995" shape="rect" type="0"><point x="325" y="502"/><point x="554" y="502"/><point x="554" y="515"/><point x="325" y="515"/></area><area isNotContentShape="false" name="Property traverse to relation" refid="_18_2_62501eb_1460134828135_200728_10387" shape="rect" type="0"><point x="325" y="490"/><point x="554" y="490"/><point x="554" y="503"/><point x="325" y="503"/></area><area isNotContentShape="false" name="Property argument" refid="_18_5_3_62501eb_1526502588180_770741_11663" shape="rect" type="0"><point x="325" y="514"/><point x="554" y="514"/><point x="554" y="527"/><point x="325" y="527"/></area><area isNotContentShape="false" name="Class Expression Node" refid="_17_0_1_2_7b3022e_1333478131876_43931_3354" shape="rect" type="0"><point x="476" y="231"/><point x="708" y="231"/><point x="708" y="256"/><point x="476" y="256"/></area><area isNotContentShape="false" name="Class Traversal" refid="_17_0_4_1_7b3022e_1389392341191_550762_4345" shape="rect" type="0"><point x="322" y="469"/><point x="557" y="469"/><point x="557" y="533"/><point x="322" y="533"/></area></map><name humanName="Name" mode="s,e">Expressions</name><namespace classType="Package" humanName="Namespace" humanType="Package" icon="ConceptLibrary_files/icon_package_467146800.png" name="Expressions" refid="_17_0_1_2_7b3022e_1333470528250_124901_2116"/><ownedComment humanName="Owned Comment"><comment classType="Comment" humanType="Comment" icon="ConceptLibrary_files/icon_comment_1609735765.png" refid="_18_1_3ba019e_1430758899874_100647_6869"/></ownedComment><ownedElement humanName="Owned Element"><comment classType="Comment" humanType="Comment" icon="ConceptLibrary_files/icon_comment_1609735765.png" refid="_18_1_3ba019e_1430758899874_100647_6869"/><instancespecification classType="InstanceSpecification" humanType="Instance Specification" icon="ConceptLibrary_files/icon_instancespecification_1746117425.png" name=" : UML Standard Profile::MagicDraw Profile::DiagramInfo" refid="_17_0_1_2_7b3022e_1333470540637_225134_2128"/></ownedElement><owner classType="Package" humanName="Owner" humanType="Package" icon="ConceptLibrary_files/icon_package_467146800.png" mode="s,e" name="Expressions" refid="_17_0_1_2_7b3022e_1333470528250_124901_2116"/><ownerOfDiagram classType="Package" humanName="Owner Of Diagram" humanType="Package" icon="ConceptLibrary_files/icon_package_467146800.png" name="Expressions" refid="_17_0_1_2_7b3022e_1333470528250_124901_2116"/><qualifiedName humanName="Qualified Name" mode="e">SMIF Conceptual Model::Expressions::Expressions</qualifiedName><TO_DO humanName="To Do" mode="s,e"/><DIAGRAM_TYPE_DERIVED_PROPERTY humanName="Type">Class Diagram</DIAGRAM_TYPE_DERIVED_PROPERTY><visibility humanName="Visibility">public</visibility></diagram></magicdraw>