<?xml version="1.0" encoding="UTF-8"?><magicdraw><property classType="Property" humanType="Property" icon="ConceptLibrary_files/icon_property_736527975.png" id="_17_0_3_7b3022e_1331182663024_883830_3111"><aggregation humanName="Aggregation" mode="s,e">none</aggregation><association classType="Association" humanName="Association" humanType="Association" icon="ConceptLibrary_files/icon_association_1781128159.png" isRelationship="true" name="Extent of Type" refid="_17_0_3_7b3022e_1331182663023_774150_3109"/><documentation humanName="Documentation">A type that holds for something.
Things may have multiple types and these types may change over time. 
The &lt;categorized&gt; thing satisfies the constraints of the &lt;has type&gt; type.
[FIBO] isClassifiedBy
[OWL] rdf:type</documentation><documentation humanName="Documentation" mode="standard">A type that holds for something.
Things may have multiple types and these types may change over time. 
The &lt;categorized&gt; thing satisfies the constraints of the &lt;has type&gt; type.
[FIBO] isClassifiedBy
[OWL] rdf:type</documentation><effectiveIRI humanName="Effective IRI">https://www.omg.org/spec/SMIF/Types#hasType</effectiveIRI><featuringClassifier classType="Association" humanName="Featuring Classifier" humanType="Association" icon="ConceptLibrary_files/icon_association_1781128159.png" isRelationship="true" name="Extent of Type" refid="_17_0_3_7b3022e_1331182663023_774150_3109"/><isComposite humanName="Is Composite">false</isComposite><isDerived humanName="Is Derived" mode="s,e">false</isDerived><isDerivedUnion humanName="Is Derived Union" mode="e">false</isDerivedUnion><isID humanName="Is ID" mode="e">false</isID><isLeaf humanName="Is Leaf">false</isLeaf><isOrdered humanName="Is Ordered" mode="e">false</isOrdered><isReadOnly humanName="Is Read Only" mode="s,e">false</isReadOnly><isStatic humanName="Is Static" mode="s,e">false</isStatic><isUnique humanName="Is Unique" mode="e">true</isUnique><lower humanName="Lower">1</lower><lowerValue classType="LiteralInteger" humanName="Lower Value" humanType="Literal Integer" icon="ConceptLibrary_files/icon_literalinteger_1147158688.png" name="1" refid="_18_2_62501eb_1456523296631_521019_4731" text="1"/><multiplicity humanName="Multiplicity" mode="s,e">1..*</multiplicity><multiplicity humanName="Multiplicity" mode="s,e">1..*</multiplicity><name humanName="Name" mode="s,e">has type</name><namespace classType="Association" humanName="Namespace" humanType="Association" icon="ConceptLibrary_files/icon_association_1781128159.png" isRelationship="true" name="Extent of Type" refid="_17_0_3_7b3022e_1331182663023_774150_3109"/><navigable humanName="Navigable" mode="e">true</navigable><opposite classType="Property" humanName="Opposite" humanType="Property" icon="ConceptLibrary_files/icon_property_736527975.png" name="categorizes" refid="_17_0_3_7b3022e_1331182663023_529271_3110"/><ownedBy classType="Association" humanName="Owned By" humanType="Association" icon="ConceptLibrary_files/icon_association_1781128159.png" isRelationship="true" mode="s,e" name="Extent of Type" refid="_17_0_3_7b3022e_1331182663023_774150_3109"/><ownedComment humanName="Owned Comment"><comment classType="Comment" humanType="Comment" icon="ConceptLibrary_files/icon_comment_1609735765.png" refid="_17_0_4_1_7b3022e_1389194897830_250240_8407"/></ownedComment><ownedElement humanName="Owned Element"><comment classType="Comment" humanType="Comment" icon="ConceptLibrary_files/icon_comment_1609735765.png" refid="_17_0_4_1_7b3022e_1389194897830_250240_8407"/><literalunlimitednatural classType="LiteralUnlimitedNatural" humanType="Literal Unlimited Natural" icon="ConceptLibrary_files/icon_literalunlimitednatural_1122090209.png" name="*" refid="_17_0_3_7b3022e_1331334719742_133253_7048" text="*"/><literalinteger classType="LiteralInteger" humanType="Literal Integer" icon="ConceptLibrary_files/icon_literalinteger_1147158688.png" name="1" refid="_18_2_62501eb_1456523296631_521019_4731" text="1"/></ownedElement><owner classType="Association" humanName="Owner" humanType="Association" icon="ConceptLibrary_files/icon_association_1781128159.png" isRelationship="true" name="Extent of Type" refid="_17_0_3_7b3022e_1331182663023_774150_3109"/><owningAssociation classType="Association" humanName="Owning Association" humanType="Association" icon="ConceptLibrary_files/icon_association_1781128159.png" isRelationship="true" name="Extent of Type" refid="_17_0_3_7b3022e_1331182663023_774150_3109"/><qualifiedName humanName="Qualified Name" mode="e">SMIF Conceptual Model::Types::Extent of Type::has type</qualifiedName><redefinitionContext humanName="Redefinition Context"><association classType="Association" humanType="Association" icon="ConceptLibrary_files/icon_association_1781128159.png" isRelationship="true" name="Extent of Type" refid="_17_0_3_7b3022e_1331182663023_774150_3109"/></redefinitionContext><subsettedProperty humanName="Subsetted Property" mode="e"><property classType="Property" humanType="Property" icon="ConceptLibrary_files/icon_property_736527975.png" name="in context of" refid="_17_0_3_7b3022e_1331166276198_876163_2680"/></subsettedProperty><TO_DO humanName="To Do" mode="s,e"/><type classType="Class" humanName="Type" humanType="Class" icon="ConceptLibrary_files/icon_class_412694050.png" mode="s,e" name="Type" refid="_17_0_3_7b3022e_1331156699146_272050_1846"/><TYPE_MODIFIER humanName="Type Modifier" mode="e"/><upper humanName="Upper">-1</upper><upperValue classType="LiteralUnlimitedNatural" humanName="Upper Value" humanType="Literal Unlimited Natural" icon="ConceptLibrary_files/icon_literalunlimitednatural_1122090209.png" name="*" refid="_17_0_3_7b3022e_1331334719742_133253_7048" text="*"/><visibility humanName="Visibility" mode="s,e">public</visibility><appearsIn><diagram classType="Diagram" humanType="Diagram" icon="ConceptLibrary_files/icon_Generic Table_1568169108.png" name="SMIF Properties" refid="_18_2_62501eb_1462314120667_944518_6368"/></appearsIn></property></magicdraw>