<?xml version="1.0" encoding="UTF-8"?><magicdraw><comment classType="Comment" humanType="Comment" icon="ConceptLibrary_files/icon_comment_1609735765.png" id="_17_0_5_1_3ba019e_1407450756947_465417_9183"><annotatedElement humanName="Annotated Element" mode="s,e"><property classType="Property" humanType="Property" icon="ConceptLibrary_files/icon_property_736527975.png" name="net benefit" refid="_17_0_5_1_3ba019e_1407450708477_811280_9177"/></annotatedElement><body humanName="Body" mode="s,e">A metric representing the aggregation of the impact of all benefits (positive consequences) of a situation for a stakeholder. </body><documentation humanName="Documentation"/><owner classType="Property" humanName="Owner" humanType="Property" icon="ConceptLibrary_files/icon_property_736527975.png" mode="s,e" name="net benefit" refid="_17_0_5_1_3ba019e_1407450708477_811280_9177"/><owningElement classType="Property" humanName="Owning Element" humanType="Property" icon="ConceptLibrary_files/icon_property_736527975.png" name="net benefit" refid="_17_0_5_1_3ba019e_1407450708477_811280_9177"/><TO_DO humanName="To Do" mode="s,e"/></comment></magicdraw>