<?xml version="1.0" encoding="UTF-8"?><magicdraw><package classType="Package" humanType="Package" icon="ConceptLibrary_files/icon_package_467146800.png" id="_17_0_3_7b3022e_1331334231414_200086_6495"><APPLIED_STEREOTYPES humanName="Applied Stereotype" mode="s,e"><stereotype classType="Stereotype" humanType="Stereotype" icon="ConceptLibrary_files/icon_stereotype_643587433.png" name="Concept Model" refid="_18_0_2_8bf027c_1418002266669_632692_4244"/><stereotype classType="Stereotype" humanType="Stereotype" icon="ConceptLibrary_files/icon_stereotype_643587433.png" name="HyperlinkOwner" refid="_9_0_be00301_1108044563999_784946_1"/></APPLIED_STEREOTYPES><appliedStereotype humanName="Applied Stereotype" mode="s,e"><stereotype classType="Stereotype" humanType="Stereotype" icon="ConceptLibrary_files/icon_stereotype_643587433.png" name="Concept Model" refid="_18_0_2_8bf027c_1418002266669_632692_4244"><property classType="Property" humanName="Base_ Named Element" humanType="Property" icon="ConceptLibrary_files/icon_property_736527975.png" name="base_NamedElement" refid="_18_2_62501eb_1462643008348_875858_4614"/><property classType="Property" humanName="Base_ Package" humanType="Property" icon="ConceptLibrary_files/icon_property_736527975.png" name="base_Package" refid="_18_0_2_8bf027c_1418002284961_482974_4246"/><property classType="Property" humanName="Base_ Package" humanType="Property" icon="ConceptLibrary_files/icon_property_736527975.png" name="base_Package" refid="_18_0_2_8bf027c_1422543695789_626614_4314"/><property classType="Property" humanName="Id" humanType="Property" icon="ConceptLibrary_files/icon_property_736527975.png" name="id" refid="_18_0_2_8bf027c_1422542645920_899661_4258"/><property classType="Property" humanName="Prefix" humanType="Property" icon="ConceptLibrary_files/icon_property_736527975.png" name="prefix" refid="_18_0_1_8bf027c_1410291663142_556199_4654"><String>IDENT</String></property></stereotype><stereotype classType="Stereotype" humanType="Stereotype" icon="ConceptLibrary_files/icon_stereotype_643587433.png" name="HyperlinkOwner" refid="_9_0_be00301_1108044563999_784946_1"><property classType="Property" humanType="Property" icon="ConceptLibrary_files/icon_property_736527975.png" name="base_Element" refid="_10_0EAPbeta_be00301_1123081772148_910751_285"/><property classType="Property" humanType="Property" icon="ConceptLibrary_files/icon_property_736527975.png" name="base_Element" refid="_10_0EAPbeta_be00301_1123081772098_411862_275"/><property classType="Property" humanName="Element/Symbol" humanType="Property" icon="ConceptLibrary_files/icon_property_736527975.png" name="hyperlinkModel" refid="_622020d_1063089736320_890266_3"><diagram classType="Diagram" humanType="Diagram" icon="ConceptLibrary_files/icon_Class Diagram_505751443.png" name="Identifiers" refid="_17_0_3_7b3022e_1331325699950_500370_6427"/></property><property classType="Property" humanName="Active Hyperlink" humanType="Property" icon="ConceptLibrary_files/icon_property_736527975.png" name="hyperlinkModelActive" refid="_622020d_1063089736320_73815_4"><diagram classType="Diagram" humanType="Diagram" icon="ConceptLibrary_files/icon_Class Diagram_505751443.png" name="Identifiers" refid="_17_0_3_7b3022e_1331325699950_500370_6427"/></property><property classType="Property" humanName="File/WEB_PAGE" humanType="Property" icon="ConceptLibrary_files/icon_property_736527975.png" name="hyperlinkText" refid="_622020d_1063089736310_884303_1"/><property classType="Property" humanName="Active Hyperlink" humanType="Property" icon="ConceptLibrary_files/icon_property_736527975.png" name="hyperlinkTextActive" refid="_622020d_1063089736310_68488_2"/></stereotype></appliedStereotype><appliedStereotypeInstance classType="InstanceSpecification" humanName="Applied Stereotype Instance" humanType="Instance Specification" icon="ConceptLibrary_files/icon_instancespecification_1746117425.png" name=" : UML Standard Profile::MagicDraw Profile::HyperlinkOwner, SIMFProfile::SMIF Concept Modeling Profile::Concept Model" refid="_17_0_3_7b3022e_1331419642101_344219_5675"/><documentation humanName="Documentation">Terms and identifiers provide for signs for (ways to identify) anything.</documentation><documentation humanName="Documentation" mode="standard">Terms and identifiers provide for signs for (ways to identify) anything.</documentation><effectiveIRI humanName="Effective IRI">https://www.omg.org/spec/SMIF/Identifiers</effectiveIRI><member humanName="Member"><association classType="Association" humanType="Association" icon="ConceptLibrary_files/icon_association_1781128159.png" isRelationship="true" name="Identification" refid="_17_0_3_7b3022e_1331239200935_597164_5029"/><class classType="Class" humanType="Class" icon="ConceptLibrary_files/icon_class_1769227988.png" name="Identifier" refid="_18_3_62501eb_1473957033207_359286_6678"/><association classType="Association" humanType="Association" icon="ConceptLibrary_files/icon_association_1781128159.png" isRelationship="true" name="Identifier in Namespace" refid="_18_2_62501eb_1462921929873_112363_6854"/><diagram classType="Diagram" humanType="Diagram" icon="ConceptLibrary_files/icon_Class Diagram_505751443.png" name="Identifier Summary" refid="_18_4_1_62501eb_1498748376533_334524_6581"/><diagram classType="Diagram" humanType="Diagram" icon="ConceptLibrary_files/icon_Class Diagram_505751443.png" name="Identifiers" refid="_17_0_3_7b3022e_1331325699950_500370_6427"/><class classType="Class" humanType="Class" icon="ConceptLibrary_files/icon_class_1769227988.png" name="IRI Identifier" refid="_18_0_2_3ba019e_1422741098513_270258_7050"/><class classType="Class" humanType="Class" icon="ConceptLibrary_files/icon_class_1769227988.png" name="Name" refid="_18_0_2_3ba019e_1423262542868_352404_6525"/><class classType="Class" humanType="Class" icon="ConceptLibrary_files/icon_class_1769227988.png" name="Namespace" refid="_18_3_62501eb_1473958574816_956947_6732"/><association classType="Association" humanType="Association" icon="ConceptLibrary_files/icon_association_1781128159.png" isRelationship="true" name="Naming" refid="_18_0_2_3ba019e_1423262757349_65885_6627"/><association classType="Association" humanType="Association" icon="ConceptLibrary_files/icon_association_1781128159.png" isRelationship="true" name="Prefered Identification" refid="_18_0_2_3ba019e_1422740298689_29286_6971"/><class classType="Class" humanType="Class" icon="ConceptLibrary_files/icon_class_1769227988.png" name="Technical Identifier" refid="_18_1_3ba019e_1444837219949_281482_7357"/><class classType="Class" humanType="Class" icon="ConceptLibrary_files/icon_class_1769227988.png" name="Term" refid="_17_0_3_7b3022e_1331239070063_157887_4961"/><class classType="Class" humanType="Class" icon="ConceptLibrary_files/icon_class_1769227988.png" name="Text Identifier" refid="_18_1_3ba019e_1444677912858_905143_29809"/><class classType="Class" humanType="Class" icon="ConceptLibrary_files/icon_class_412694050.png" name="Unique Identifier" refid="_18_0_2_3ba019e_1422740871441_895063_7013"/><class classType="Class" humanType="Class" icon="ConceptLibrary_files/icon_class_1769227988.png" name="Unique Text Identifier" refid="_18_2_62501eb_1460145109270_32560_15064"/></member><name humanName="Name" mode="s,e">Identifiers</name><namespace classType="Package" humanName="Namespace" humanType="Package" icon="ConceptLibrary_files/icon_package_467146800.png" name="SMIF Conceptual Model" refid="_17_0_3_7b3022e_1331219208551_170143_3480"/><nestingPackage classType="Package" humanName="Nesting Package" humanType="Package" icon="ConceptLibrary_files/icon_package_467146800.png" name="SMIF Conceptual Model" refid="_17_0_3_7b3022e_1331219208551_170143_3480"/><ownedComment humanName="Owned Comment"><comment classType="Comment" humanType="Comment" icon="ConceptLibrary_files/icon_comment_1609735765.png" refid="_18_1_3ba019e_1430759519373_671272_7156"/></ownedComment><ownedDiagram humanName="Owned Diagram"><diagram classType="Diagram" humanType="Diagram" icon="ConceptLibrary_files/icon_Class Diagram_505751443.png" name="Identifier Summary" refid="_18_4_1_62501eb_1498748376533_334524_6581"/><diagram classType="Diagram" humanType="Diagram" icon="ConceptLibrary_files/icon_Class Diagram_505751443.png" name="Identifiers" refid="_17_0_3_7b3022e_1331325699950_500370_6427"/></ownedDiagram><ownedElement humanName="Owned Element"><comment classType="Comment" humanType="Comment" icon="ConceptLibrary_files/icon_comment_1609735765.png" refid="_18_1_3ba019e_1430759519373_671272_7156"/><instancespecification classType="InstanceSpecification" humanType="Instance Specification" icon="ConceptLibrary_files/icon_instancespecification_1746117425.png" name=" : UML Standard Profile::MagicDraw Profile::HyperlinkOwner, SIMFProfile::SMIF Concept Modeling Profile::Concept Model" refid="_17_0_3_7b3022e_1331419642101_344219_5675"/><association classType="Association" humanType="Association" icon="ConceptLibrary_files/icon_association_1781128159.png" isRelationship="true" name="Identification" refid="_17_0_3_7b3022e_1331239200935_597164_5029"/><class classType="Class" humanType="Class" icon="ConceptLibrary_files/icon_class_1769227988.png" name="Identifier" refid="_18_3_62501eb_1473957033207_359286_6678"/><association classType="Association" humanType="Association" icon="ConceptLibrary_files/icon_association_1781128159.png" isRelationship="true" name="Identifier in Namespace" refid="_18_2_62501eb_1462921929873_112363_6854"/><diagram classType="Diagram" humanType="Diagram" icon="ConceptLibrary_files/icon_Class Diagram_505751443.png" name="Identifier Summary" refid="_18_4_1_62501eb_1498748376533_334524_6581"/><diagram classType="Diagram" humanType="Diagram" icon="ConceptLibrary_files/icon_Class Diagram_505751443.png" name="Identifiers" refid="_17_0_3_7b3022e_1331325699950_500370_6427"/><class classType="Class" humanType="Class" icon="ConceptLibrary_files/icon_class_1769227988.png" name="IRI Identifier" refid="_18_0_2_3ba019e_1422741098513_270258_7050"/><class classType="Class" humanType="Class" icon="ConceptLibrary_files/icon_class_1769227988.png" name="Name" refid="_18_0_2_3ba019e_1423262542868_352404_6525"/><class classType="Class" humanType="Class" icon="ConceptLibrary_files/icon_class_1769227988.png" name="Namespace" refid="_18_3_62501eb_1473958574816_956947_6732"/><association classType="Association" humanType="Association" icon="ConceptLibrary_files/icon_association_1781128159.png" isRelationship="true" name="Naming" refid="_18_0_2_3ba019e_1423262757349_65885_6627"/><association classType="Association" humanType="Association" icon="ConceptLibrary_files/icon_association_1781128159.png" isRelationship="true" name="Prefered Identification" refid="_18_0_2_3ba019e_1422740298689_29286_6971"/><class classType="Class" humanType="Class" icon="ConceptLibrary_files/icon_class_1769227988.png" name="Technical Identifier" refid="_18_1_3ba019e_1444837219949_281482_7357"/><class classType="Class" humanType="Class" icon="ConceptLibrary_files/icon_class_1769227988.png" name="Term" refid="_17_0_3_7b3022e_1331239070063_157887_4961"/><class classType="Class" humanType="Class" icon="ConceptLibrary_files/icon_class_1769227988.png" name="Text Identifier" refid="_18_1_3ba019e_1444677912858_905143_29809"/><class classType="Class" humanType="Class" icon="ConceptLibrary_files/icon_class_412694050.png" name="Unique Identifier" refid="_18_0_2_3ba019e_1422740871441_895063_7013"/><class classType="Class" humanType="Class" icon="ConceptLibrary_files/icon_class_1769227988.png" name="Unique Text Identifier" refid="_18_2_62501eb_1460145109270_32560_15064"/></ownedElement><ownedMember humanName="Owned Member"><association classType="Association" humanType="Association" icon="ConceptLibrary_files/icon_association_1781128159.png" isRelationship="true" name="Identification" refid="_17_0_3_7b3022e_1331239200935_597164_5029"/><class classType="Class" humanType="Class" icon="ConceptLibrary_files/icon_class_1769227988.png" name="Identifier" refid="_18_3_62501eb_1473957033207_359286_6678"/><association classType="Association" humanType="Association" icon="ConceptLibrary_files/icon_association_1781128159.png" isRelationship="true" name="Identifier in Namespace" refid="_18_2_62501eb_1462921929873_112363_6854"/><diagram classType="Diagram" humanType="Diagram" icon="ConceptLibrary_files/icon_Class Diagram_505751443.png" name="Identifier Summary" refid="_18_4_1_62501eb_1498748376533_334524_6581"/><diagram classType="Diagram" humanType="Diagram" icon="ConceptLibrary_files/icon_Class Diagram_505751443.png" name="Identifiers" refid="_17_0_3_7b3022e_1331325699950_500370_6427"/><class classType="Class" humanType="Class" icon="ConceptLibrary_files/icon_class_1769227988.png" name="IRI Identifier" refid="_18_0_2_3ba019e_1422741098513_270258_7050"/><class classType="Class" humanType="Class" icon="ConceptLibrary_files/icon_class_1769227988.png" name="Name" refid="_18_0_2_3ba019e_1423262542868_352404_6525"/><class classType="Class" humanType="Class" icon="ConceptLibrary_files/icon_class_1769227988.png" name="Namespace" refid="_18_3_62501eb_1473958574816_956947_6732"/><association classType="Association" humanType="Association" icon="ConceptLibrary_files/icon_association_1781128159.png" isRelationship="true" name="Naming" refid="_18_0_2_3ba019e_1423262757349_65885_6627"/><association classType="Association" humanType="Association" icon="ConceptLibrary_files/icon_association_1781128159.png" isRelationship="true" name="Prefered Identification" refid="_18_0_2_3ba019e_1422740298689_29286_6971"/><class classType="Class" humanType="Class" icon="ConceptLibrary_files/icon_class_1769227988.png" name="Technical Identifier" refid="_18_1_3ba019e_1444837219949_281482_7357"/><class classType="Class" humanType="Class" icon="ConceptLibrary_files/icon_class_1769227988.png" name="Term" refid="_17_0_3_7b3022e_1331239070063_157887_4961"/><class classType="Class" humanType="Class" icon="ConceptLibrary_files/icon_class_1769227988.png" name="Text Identifier" refid="_18_1_3ba019e_1444677912858_905143_29809"/><class classType="Class" humanType="Class" icon="ConceptLibrary_files/icon_class_412694050.png" name="Unique Identifier" refid="_18_0_2_3ba019e_1422740871441_895063_7013"/><class classType="Class" humanType="Class" icon="ConceptLibrary_files/icon_class_1769227988.png" name="Unique Text Identifier" refid="_18_2_62501eb_1460145109270_32560_15064"/></ownedMember><ownedType humanName="Owned Type"><association classType="Association" humanType="Association" icon="ConceptLibrary_files/icon_association_1781128159.png" isRelationship="true" name="Identification" refid="_17_0_3_7b3022e_1331239200935_597164_5029"/><class classType="Class" humanType="Class" icon="ConceptLibrary_files/icon_class_1769227988.png" name="Identifier" refid="_18_3_62501eb_1473957033207_359286_6678"/><association classType="Association" humanType="Association" icon="ConceptLibrary_files/icon_association_1781128159.png" isRelationship="true" name="Identifier in Namespace" refid="_18_2_62501eb_1462921929873_112363_6854"/><class classType="Class" humanType="Class" icon="ConceptLibrary_files/icon_class_1769227988.png" name="IRI Identifier" refid="_18_0_2_3ba019e_1422741098513_270258_7050"/><class classType="Class" humanType="Class" icon="ConceptLibrary_files/icon_class_1769227988.png" name="Name" refid="_18_0_2_3ba019e_1423262542868_352404_6525"/><class classType="Class" humanType="Class" icon="ConceptLibrary_files/icon_class_1769227988.png" name="Namespace" refid="_18_3_62501eb_1473958574816_956947_6732"/><association classType="Association" humanType="Association" icon="ConceptLibrary_files/icon_association_1781128159.png" isRelationship="true" name="Naming" refid="_18_0_2_3ba019e_1423262757349_65885_6627"/><association classType="Association" humanType="Association" icon="ConceptLibrary_files/icon_association_1781128159.png" isRelationship="true" name="Prefered Identification" refid="_18_0_2_3ba019e_1422740298689_29286_6971"/><class classType="Class" humanType="Class" icon="ConceptLibrary_files/icon_class_1769227988.png" name="Technical Identifier" refid="_18_1_3ba019e_1444837219949_281482_7357"/><class classType="Class" humanType="Class" icon="ConceptLibrary_files/icon_class_1769227988.png" name="Term" refid="_17_0_3_7b3022e_1331239070063_157887_4961"/><class classType="Class" humanType="Class" icon="ConceptLibrary_files/icon_class_1769227988.png" name="Text Identifier" refid="_18_1_3ba019e_1444677912858_905143_29809"/><class classType="Class" humanType="Class" icon="ConceptLibrary_files/icon_class_412694050.png" name="Unique Identifier" refid="_18_0_2_3ba019e_1422740871441_895063_7013"/><class classType="Class" humanType="Class" icon="ConceptLibrary_files/icon_class_1769227988.png" name="Unique Text Identifier" refid="_18_2_62501eb_1460145109270_32560_15064"/></ownedType><owner classType="Package" humanName="Owner" humanType="Package" icon="ConceptLibrary_files/icon_package_467146800.png" mode="s,e" name="SMIF Conceptual Model" refid="_17_0_3_7b3022e_1331219208551_170143_3480"/><owningPackage classType="Package" humanName="Owning Package" humanType="Package" icon="ConceptLibrary_files/icon_package_467146800.png" name="SMIF Conceptual Model" refid="_17_0_3_7b3022e_1331219208551_170143_3480"/><packagedElement humanName="Packaged Element"><association classType="Association" humanType="Association" icon="ConceptLibrary_files/icon_association_1781128159.png" isRelationship="true" name="Identification" refid="_17_0_3_7b3022e_1331239200935_597164_5029"/><class classType="Class" humanType="Class" icon="ConceptLibrary_files/icon_class_1769227988.png" name="Identifier" refid="_18_3_62501eb_1473957033207_359286_6678"/><association classType="Association" humanType="Association" icon="ConceptLibrary_files/icon_association_1781128159.png" isRelationship="true" name="Identifier in Namespace" refid="_18_2_62501eb_1462921929873_112363_6854"/><class classType="Class" humanType="Class" icon="ConceptLibrary_files/icon_class_1769227988.png" name="IRI Identifier" refid="_18_0_2_3ba019e_1422741098513_270258_7050"/><class classType="Class" humanType="Class" icon="ConceptLibrary_files/icon_class_1769227988.png" name="Name" refid="_18_0_2_3ba019e_1423262542868_352404_6525"/><class classType="Class" humanType="Class" icon="ConceptLibrary_files/icon_class_1769227988.png" name="Namespace" refid="_18_3_62501eb_1473958574816_956947_6732"/><association classType="Association" humanType="Association" icon="ConceptLibrary_files/icon_association_1781128159.png" isRelationship="true" name="Naming" refid="_18_0_2_3ba019e_1423262757349_65885_6627"/><association classType="Association" humanType="Association" icon="ConceptLibrary_files/icon_association_1781128159.png" isRelationship="true" name="Prefered Identification" refid="_18_0_2_3ba019e_1422740298689_29286_6971"/><class classType="Class" humanType="Class" icon="ConceptLibrary_files/icon_class_1769227988.png" name="Technical Identifier" refid="_18_1_3ba019e_1444837219949_281482_7357"/><class classType="Class" humanType="Class" icon="ConceptLibrary_files/icon_class_1769227988.png" name="Term" refid="_17_0_3_7b3022e_1331239070063_157887_4961"/><class classType="Class" humanType="Class" icon="ConceptLibrary_files/icon_class_1769227988.png" name="Text Identifier" refid="_18_1_3ba019e_1444677912858_905143_29809"/><class classType="Class" humanType="Class" icon="ConceptLibrary_files/icon_class_412694050.png" name="Unique Identifier" refid="_18_0_2_3ba019e_1422740871441_895063_7013"/><class classType="Class" humanType="Class" icon="ConceptLibrary_files/icon_class_1769227988.png" name="Unique Text Identifier" refid="_18_2_62501eb_1460145109270_32560_15064"/></packagedElement><qualifiedName humanName="Qualified Name" mode="e">SMIF Conceptual Model::Identifiers</qualifiedName><supplierDependency humanName="Supplier Dependency"><dependency classType="Dependency" humanType="Dependency" icon="ConceptLibrary_files/icon_dependency_866529530.png" isRelationship="true" name="Dependency[SMIF Conceptual Model::Types -&gt; SMIF Conceptual Model::Identifiers]" refid="_17_0_3_7b3022e_1331422481684_994668_2185"/></supplierDependency><TO_DO humanName="To Do" mode="s,e"/><URI humanName="URI" mode="s,e">https://www.omg.org/spec/SMIF/Identifiers</URI><visibility humanName="Visibility">public</visibility><appearsIn><diagram classType="Diagram" humanType="Diagram" icon="ConceptLibrary_files/icon_Class Diagram_505751443.png" name="SMIF Packages" refid="_18_2_62501eb_1462316939078_570290_6886"/><diagram classType="Diagram" humanType="Diagram" icon="ConceptLibrary_files/icon_Generic Table_1568169108.png" name="SMIF Package List" refid="_18_4_62501eb_1479740870647_661771_7006"/><diagram classType="Diagram" humanType="Diagram" icon="ConceptLibrary_files/icon_Generic Table_1568169108.png" name="SMIF Conceptual Model" refid="_18_4_1_62501eb_1502123898504_373205_9219"/></appearsIn></package></magicdraw>