<?xml version="1.0" encoding="UTF-8"?><magicdraw><comment classType="Comment" humanType="Comment" icon="ConceptLibrary_files/icon_comment_1609735765.png" id="_17_0_5_1_3ba019e_1407439006145_304265_4584"><annotatedElement humanName="Annotated Element" mode="s,e"><class classType="Class" humanType="Class" icon="ConceptLibrary_files/icon_class_1769227988.png" name="Consequence" refid="_17_0_5_1_3ba019e_1407439004191_348666_4226"/></annotatedElement><body humanName="Body" mode="s,e">A consequence or impact of the outcome of a situation affecting objectives of a stakeholder.
NOTE 1 An event can lead to a range of consequences.
NOTE 2 A consequence can be certain or uncertain and can have positive or negative effects on objectives.
NOTE 3 Consequences can be expressed qualitatively or quantitatively.
NOTE 4 Initial consequences can escalate through knock-on effects.
[ISO 73-2009]</body><documentation humanName="Documentation"/><owner classType="Class" humanName="Owner" humanType="Class" icon="ConceptLibrary_files/icon_class_1769227988.png" mode="s,e" name="Consequence" refid="_17_0_5_1_3ba019e_1407439004191_348666_4226"/><owningElement classType="Class" humanName="Owning Element" humanType="Class" icon="ConceptLibrary_files/icon_class_1769227988.png" name="Consequence" refid="_17_0_5_1_3ba019e_1407439004191_348666_4226"/><TO_DO humanName="To Do" mode="s,e"/></comment></magicdraw>