<?xml version="1.0" encoding="UTF-8"?><magicdraw><constraint classType="Constraint" humanType="Constraint" icon="ConceptLibrary_files/icon_constraint_648358364.png" id="_17_0_5_1_3ba019e_1407439006231_577928_4669"><constrainedElement humanName="Constrained Element" mode="s,e"><class classType="Class" humanType="Class" icon="ConceptLibrary_files/icon_class_1769227988.png" name="Harm" refid="_17_0_5_1_3ba019e_1407439004201_844828_4243"/></constrainedElement><context classType="Class" humanName="Context" humanType="Class" icon="ConceptLibrary_files/icon_class_1769227988.png" name="Harm" refid="_17_0_5_1_3ba019e_1407439004201_844828_4243"/><documentation humanName="Documentation"/><name humanName="Name" mode="s,e">risky</name><namespace classType="Class" humanName="Namespace" humanType="Class" icon="ConceptLibrary_files/icon_class_1769227988.png" name="Harm" refid="_17_0_5_1_3ba019e_1407439004201_844828_4243"/><ownedElement humanName="Owned Element"><opaqueexpression classType="OpaqueExpression" humanType="Opaque Expression" icon="ConceptLibrary_files/icon_opaqueexpression_2006842965.png" name="desirability&lt;0" refid="_17_0_5_1_3ba019e_1407439006334_103715_4818" text="desirability&lt;0"/></ownedElement><owner classType="Class" humanName="Owner" humanType="Class" icon="ConceptLibrary_files/icon_class_1769227988.png" mode="s,e" name="Harm" refid="_17_0_5_1_3ba019e_1407439004201_844828_4243"/><qualifiedName humanName="Qualified Name" mode="e">Threat-risk-conceptual-model::Threat and Risk Specific Concepts::Undesirable Situations::Harm::risky</qualifiedName><specification classType="OpaqueExpression" humanName="Specification" humanType="Opaque Expression" icon="ConceptLibrary_files/icon_opaqueexpression_2006842965.png" mode="s,e" name="desirability&lt;0" refid="_17_0_5_1_3ba019e_1407439006334_103715_4818" text="desirability&lt;0"/><TO_DO humanName="To Do" mode="s,e"/><visibility humanName="Visibility">public</visibility></constraint></magicdraw>