<?xml version="1.0" encoding="UTF-8"?><magicdraw><property classType="Property" humanType="Property" icon="ConceptLibrary_files/icon_property_736527975.png" id="_17_0_5_1_3ba019e_1407876941119_839808_4156"><aggregation humanName="Aggregation" mode="s,e">none</aggregation><association classType="AssociationClass" humanName="Association" humanType="Association Class" icon="ConceptLibrary_files/icon_associationclass_1255445356.png" isRelationship="true" name="Means To End" refid="_18_4_62501eb_1477000064706_638840_33494"/><documentation humanName="Documentation">Means that serves to meet an objective.</documentation><documentation humanName="Documentation" mode="standard">Means that serves to meet an objective.</documentation><effectiveIRI humanName="Effective IRI"/><featuringClassifier classType="AssociationClass" humanName="Featuring Classifier" humanType="Association Class" icon="ConceptLibrary_files/icon_associationclass_1255445356.png" isRelationship="true" name="Means To End" refid="_18_4_62501eb_1477000064706_638840_33494"/><isComposite humanName="Is Composite">false</isComposite><isDerived humanName="Is Derived" mode="s,e">false</isDerived><isDerivedUnion humanName="Is Derived Union" mode="e">false</isDerivedUnion><isID humanName="Is ID" mode="e">false</isID><isLeaf humanName="Is Leaf">false</isLeaf><isOrdered humanName="Is Ordered" mode="e">false</isOrdered><isReadOnly humanName="Is Read Only" mode="s,e">false</isReadOnly><isStatic humanName="Is Static" mode="s,e">false</isStatic><isUnique humanName="Is Unique" mode="e">true</isUnique><lower humanName="Lower">0</lower><lowerValue classType="LiteralUnlimitedNatural" humanName="Lower Value" humanType="Literal Unlimited Natural" icon="ConceptLibrary_files/icon_literalunlimitednatural_1122090209.png" name="0" refid="_18_2_62501eb_1461014968562_609280_12527" text="0"/><multiplicity humanName="Multiplicity" mode="s,e">*</multiplicity><multiplicity humanName="Multiplicity" mode="s,e">*</multiplicity><name humanName="Name" mode="s,e">realized by</name><namespace classType="AssociationClass" humanName="Namespace" humanType="Association Class" icon="ConceptLibrary_files/icon_associationclass_1255445356.png" isRelationship="true" name="Means To End" refid="_18_4_62501eb_1477000064706_638840_33494"/><navigable humanName="Navigable" mode="e">true</navigable><opposite classType="Property" humanName="Opposite" humanType="Property" icon="ConceptLibrary_files/icon_property_736527975.png" name="achieves" refid="_17_0_5_1_3ba019e_1407876941118_89036_4155"/><ownedBy classType="AssociationClass" humanName="Owned By" humanType="Association Class" icon="ConceptLibrary_files/icon_associationclass_1255445356.png" isRelationship="true" mode="s,e" name="Means To End" refid="_18_4_62501eb_1477000064706_638840_33494"/><ownedComment humanName="Owned Comment"><comment classType="Comment" humanType="Comment" icon="ConceptLibrary_files/icon_comment_1609735765.png" refid="_18_0_2_3ba019e_1423859651922_990660_9034"/></ownedComment><ownedElement humanName="Owned Element"><comment classType="Comment" humanType="Comment" icon="ConceptLibrary_files/icon_comment_1609735765.png" refid="_18_0_2_3ba019e_1423859651922_990660_9034"/><literalunlimitednatural classType="LiteralUnlimitedNatural" humanType="Literal Unlimited Natural" icon="ConceptLibrary_files/icon_literalunlimitednatural_1122090209.png" name="*" refid="_18_2_62501eb_1461014968562_928436_12528" text="*"/><literalunlimitednatural classType="LiteralUnlimitedNatural" humanType="Literal Unlimited Natural" icon="ConceptLibrary_files/icon_literalunlimitednatural_1122090209.png" name="0" refid="_18_2_62501eb_1461014968562_609280_12527" text="0"/></ownedElement><owner classType="AssociationClass" humanName="Owner" humanType="Association Class" icon="ConceptLibrary_files/icon_associationclass_1255445356.png" isRelationship="true" name="Means To End" refid="_18_4_62501eb_1477000064706_638840_33494"/><owningAssociation classType="AssociationClass" humanName="Owning Association" humanType="Association Class" icon="ConceptLibrary_files/icon_associationclass_1255445356.png" isRelationship="true" name="Means To End" refid="_18_4_62501eb_1477000064706_638840_33494"/><qualifiedName humanName="Qualified Name" mode="e">Concept Library::Objectives::Means To End::realized by</qualifiedName><redefinitionContext humanName="Redefinition Context"><associationclass classType="AssociationClass" humanType="Association Class" icon="ConceptLibrary_files/icon_associationclass_1255445356.png" isRelationship="true" name="Means To End" refid="_18_4_62501eb_1477000064706_638840_33494"/></redefinitionContext><subsettedProperty humanName="Subsetted Property" mode="e"><property classType="Property" humanType="Property" icon="ConceptLibrary_files/icon_property_736527975.png" name="impacted by" refid="_17_0_5_1_3ba019e_1407451343330_730152_9247"/></subsettedProperty><TO_DO humanName="To Do" mode="s,e"/><type classType="Class" humanName="Type" humanType="Class" icon="ConceptLibrary_files/icon_class_1769227988.png" mode="s,e" name="Means" refid="_18_1_3ba019e_1443294108901_751289_10636"/><TYPE_MODIFIER humanName="Type Modifier" mode="e"/><upper humanName="Upper">-1</upper><upperValue classType="LiteralUnlimitedNatural" humanName="Upper Value" humanType="Literal Unlimited Natural" icon="ConceptLibrary_files/icon_literalunlimitednatural_1122090209.png" name="*" refid="_18_2_62501eb_1461014968562_928436_12528" text="*"/><visibility humanName="Visibility" mode="s,e">public</visibility><appearsIn><diagram classType="Diagram" humanType="Diagram" icon="ConceptLibrary_files/icon_Generic Table_1568169108.png" name="Vocabulary" refid="_18_0_2_3ba019e_1418664073699_926094_6665"/></appearsIn></property></magicdraw>