<?xml version="1.0" encoding="UTF-8"?><magicdraw><property classType="Property" humanType="Property" icon="ConceptLibrary_files/icon_property_736527975.png" id="_17_0_4_1_7b3022e_1388781916827_791391_4343"><aggregation humanName="Aggregation" mode="s,e">none</aggregation><association classType="Association" humanName="Association" humanType="Association" icon="ConceptLibrary_files/icon_association_1781128159.png" isRelationship="true" name="Rule Constrains" refid="_17_0_4_1_7b3022e_1388781916827_237400_4342"/><documentation humanName="Documentation">The entity or entities constrained by a rule.  
Where a rule constrains a context, all things contextualized by the context shall be subject to the rule.
Where there are no &lt;constrains&gt; for a rule, the rule applies globally - to the universal context.</documentation><documentation humanName="Documentation" mode="standard">The entity or entities constrained by a rule.  
Where a rule constrains a context, all things contextualized by the context shall be subject to the rule.
Where there are no &lt;constrains&gt; for a rule, the rule applies globally - to the universal context.</documentation><effectiveIRI humanName="Effective IRI">https://www.omg.org/spec/SMIF/Constraints#constrains</effectiveIRI><featuringClassifier classType="Association" humanName="Featuring Classifier" humanType="Association" icon="ConceptLibrary_files/icon_association_1781128159.png" isRelationship="true" name="Rule Constrains" refid="_17_0_4_1_7b3022e_1388781916827_237400_4342"/><isComposite humanName="Is Composite">false</isComposite><isDerived humanName="Is Derived" mode="s,e">false</isDerived><isDerivedUnion humanName="Is Derived Union" mode="e">false</isDerivedUnion><isID humanName="Is ID" mode="e">true</isID><isLeaf humanName="Is Leaf">false</isLeaf><isOrdered humanName="Is Ordered" mode="e">false</isOrdered><isReadOnly humanName="Is Read Only" mode="s,e">false</isReadOnly><isStatic humanName="Is Static" mode="s,e">false</isStatic><isUnique humanName="Is Unique" mode="e">true</isUnique><lower humanName="Lower">1</lower><lowerValue classType="LiteralInteger" humanName="Lower Value" humanType="Literal Integer" icon="ConceptLibrary_files/icon_literalinteger_1147158688.png" name="1" refid="_18_4_1_62501eb_1508789852329_568646_8379" text="1"/><multiplicity humanName="Multiplicity" mode="s,e">1..*</multiplicity><multiplicity humanName="Multiplicity" mode="s,e">1..*</multiplicity><name humanName="Name" mode="s,e">constrains</name><namespace classType="Association" humanName="Namespace" humanType="Association" icon="ConceptLibrary_files/icon_association_1781128159.png" isRelationship="true" name="Rule Constrains" refid="_17_0_4_1_7b3022e_1388781916827_237400_4342"/><navigable humanName="Navigable" mode="e">true</navigable><opposite classType="Property" humanName="Opposite" humanType="Property" icon="ConceptLibrary_files/icon_property_736527975.png" name="constrained by" refid="_17_0_4_1_7b3022e_1388781916828_865512_4344"/><ownedBy classType="Association" humanName="Owned By" humanType="Association" icon="ConceptLibrary_files/icon_association_1781128159.png" isRelationship="true" mode="s,e" name="Rule Constrains" refid="_17_0_4_1_7b3022e_1388781916827_237400_4342"/><ownedComment humanName="Owned Comment"><comment classType="Comment" humanType="Comment" icon="ConceptLibrary_files/icon_comment_1609735765.png" refid="_18_2_62501eb_1460149832608_925107_15902"/></ownedComment><ownedElement humanName="Owned Element"><comment classType="Comment" humanType="Comment" icon="ConceptLibrary_files/icon_comment_1609735765.png" refid="_18_2_62501eb_1460149832608_925107_15902"/><literalunlimitednatural classType="LiteralUnlimitedNatural" humanType="Literal Unlimited Natural" icon="ConceptLibrary_files/icon_literalunlimitednatural_1122090209.png" name="*" refid="_17_0_4_1_7b3022e_1388781921851_293613_4361" text="*"/><literalinteger classType="LiteralInteger" humanType="Literal Integer" icon="ConceptLibrary_files/icon_literalinteger_1147158688.png" name="1" refid="_18_4_1_62501eb_1508789852329_568646_8379" text="1"/></ownedElement><owner classType="Association" humanName="Owner" humanType="Association" icon="ConceptLibrary_files/icon_association_1781128159.png" isRelationship="true" name="Rule Constrains" refid="_17_0_4_1_7b3022e_1388781916827_237400_4342"/><owningAssociation classType="Association" humanName="Owning Association" humanType="Association" icon="ConceptLibrary_files/icon_association_1781128159.png" isRelationship="true" name="Rule Constrains" refid="_17_0_4_1_7b3022e_1388781916827_237400_4342"/><qualifiedName humanName="Qualified Name" mode="e">SMIF Conceptual Model::Constraints::Rule Constrains::constrains</qualifiedName><redefinitionContext humanName="Redefinition Context"><association classType="Association" humanType="Association" icon="ConceptLibrary_files/icon_association_1781128159.png" isRelationship="true" name="Rule Constrains" refid="_17_0_4_1_7b3022e_1388781916827_237400_4342"/></redefinitionContext><subsettedProperty humanName="Subsetted Property" mode="e"><property classType="Property" humanType="Property" icon="ConceptLibrary_files/icon_property_736527975.png" name="contextualizes" refid="_17_0_3_7b3022e_1331166276197_310644_2679"/></subsettedProperty><TO_DO humanName="To Do" mode="s,e"/><type classType="Class" humanName="Type" humanType="Class" icon="ConceptLibrary_files/icon_class_1769227988.png" mode="s,e" name="Entity" refid="_17_0_3_7b3022e_1331156499953_68666_1704"/><TYPE_MODIFIER humanName="Type Modifier" mode="e"/><upper humanName="Upper">-1</upper><upperValue classType="LiteralUnlimitedNatural" humanName="Upper Value" humanType="Literal Unlimited Natural" icon="ConceptLibrary_files/icon_literalunlimitednatural_1122090209.png" name="*" refid="_17_0_4_1_7b3022e_1388781921851_293613_4361" text="*"/><visibility humanName="Visibility" mode="s,e">public</visibility><appearsIn><diagram classType="Diagram" humanType="Diagram" icon="ConceptLibrary_files/icon_Generic Table_1568169108.png" name="SMIF Properties" refid="_18_2_62501eb_1462314120667_944518_6368"/></appearsIn></property></magicdraw>