<?xml version="1.0" encoding="UTF-8"?><magicdraw><diagram classType="Diagram" diagramType="Class Diagram" height="616" humanType="Diagram" icon="ConceptLibrary_files/icon_Class Diagram_505751443.png" id="_17_0_5_1_3ba019e_1407440322801_298598_5399" src="ConceptLibrary_files/_17_0_5_1_3ba019e_1407440322801_298598_5399.png" width="924"><APPLIED_STEREOTYPES humanName="Applied Stereotype" mode="s,e"><stereotype classType="Stereotype" humanType="Stereotype" icon="ConceptLibrary_files/icon_stereotype_643587433.png" name="DiagramInfo" refid="_9_0_be00301_1108044380615_150487_0"/></APPLIED_STEREOTYPES><appliedStereotype humanName="Applied Stereotype" mode="s,e"><stereotype classType="Stereotype" humanType="Stereotype" icon="ConceptLibrary_files/icon_stereotype_643587433.png" name="DiagramInfo" refid="_9_0_be00301_1108044380615_150487_0"><property classType="Property" humanName="Author" humanType="Property" icon="ConceptLibrary_files/icon_property_736527975.png" name="Author" refid="_be00301_1077726770128_871366_1"><String>Cory</String></property><property classType="Property" humanName="Base_ Diagram" humanType="Property" icon="ConceptLibrary_files/icon_property_736527975.png" name="base_Diagram" refid="_10_0EAPbeta_be00301_1123081772498_901864_356"/><property classType="Property" humanName="Base_ Element" humanType="Property" icon="ConceptLibrary_files/icon_property_736527975.png" name="base_Element" refid="_10_0EAPbeta_be00301_1123081772098_411862_275"/><property classType="Property" humanName="Creation Date" humanType="Property" icon="ConceptLibrary_files/icon_property_736527975.png" name="Creation date" refid="_be00301_1073306188629_537791_2"><String>8/7/14 3:38 PM</String></property><property classType="Property" humanName="Last modified by" humanType="Property" icon="ConceptLibrary_files/icon_property_736527975.png" name="Last modified by" refid="_16_8beta_8ca0285_1257244649124_794756_344"><String>cory-</String></property><property classType="Property" humanName="Modification Date" humanType="Property" icon="ConceptLibrary_files/icon_property_736527975.png" name="Modification date" refid="_be00301_1073394345322_922552_1"><String>5/20/17 11:01 AM</String></property></stereotype></appliedStereotype><appliedStereotypeInstance classType="InstanceSpecification" humanName="Applied Stereotype Instance" humanType="Instance Specification" icon="ConceptLibrary_files/icon_instancespecification_1746117425.png" name=" : UML Standard Profile::MagicDraw Profile::DiagramInfo" refid="_17_0_5_1_3ba019e_1407440322813_551434_5410"/><documentation humanName="Documentation"/><map><area isNotContentShape="false" name="Property" refid="_17_0_5_1_3ba019e_1407439006229_678898_4665" shape="rect" type="0"><point x="564" y="492"/><point x="575" y="492"/><point x="575" y="503"/><point x="564" y="503"/></area><area isNotContentShape="false" name="Property" refid="_17_0_5_1_3ba019e_1407439006147_83945_4589" shape="rect" type="0"><point x="364" y="492"/><point x="375" y="492"/><point x="375" y="503"/><point x="364" y="503"/></area><area isNotContentShape="false" name="Property desirability for" refid="_17_0_5_1_3ba019e_1407439006262_939126_4720" shape="rect" type="0"><point x="368" y="240"/><point x="379" y="240"/><point x="379" y="251"/><point x="368" y="251"/></area><area isNotContentShape="false" name="Property desirability of" refid="_17_0_5_1_3ba019e_1407439006262_76881_4719" shape="rect" type="0"><point x="725" y="240"/><point x="736" y="240"/><point x="736" y="251"/><point x="725" y="251"/></area><area isNotContentShape="false" name="Property realized by" refid="_17_0_5_1_3ba019e_1407876941119_839808_4156" shape="rect" type="0"><point x="93" y="306"/><point x="104" y="306"/><point x="104" y="317"/><point x="93" y="317"/></area><area isNotContentShape="false" name="Property achieves" refid="_17_0_5_1_3ba019e_1407876941118_89036_4155" shape="rect" type="0"><point x="228" y="478"/><point x="239" y="478"/><point x="239" y="489"/><point x="228" y="489"/></area><area isNotContentShape="false" name="Property objective of" refid="_17_0_5_1_3ba019e_1407439006097_929241_4511" shape="rect" type="0"><point x="317" y="266"/><point x="328" y="266"/><point x="328" y="277"/><point x="317" y="277"/></area><area isNotContentShape="false" name="Property has objective" refid="_17_0_5_1_3ba019e_1407439006085_426471_4486" shape="rect" type="0"><point x="317" y="466"/><point x="328" y="466"/><point x="328" y="477"/><point x="317" y="477"/></area><area isNotContentShape="false" name="Property results from" refid="_17_0_5_1_3ba019e_1407441993914_361848_6579" shape="rect" type="0"><point x="725" y="296"/><point x="736" y="296"/><point x="736" y="307"/><point x="725" y="307"/></area><area isNotContentShape="false" name="Property has consequence" refid="_17_0_5_1_3ba019e_1407441993913_406942_6578" shape="rect" type="0"><point x="615" y="466"/><point x="626" y="466"/><point x="626" y="477"/><point x="615" y="477"/></area><area isNotContentShape="false" name="Property achieves" refid="_17_0_5_1_3ba019e_1407876941118_89036_4155" shape="rect" type="0"><point x="190" y="468"/><point x="236" y="468"/><point x="236" y="481"/><point x="190" y="481"/></area><area isNotContentShape="false" name="Property realized by" refid="_17_0_5_1_3ba019e_1407876941119_839808_4156" shape="rect" type="0"><point x="105" y="308"/><point x="160" y="308"/><point x="160" y="321"/><point x="105" y="321"/></area><area isNotContentShape="false" name="Property objective of" refid="_17_0_5_1_3ba019e_1407439006097_929241_4511" shape="rect" type="0"><point x="262" y="273"/><point x="320" y="273"/><point x="320" y="286"/><point x="262" y="286"/></area><area isNotContentShape="false" name="Property results from" refid="_17_0_5_1_3ba019e_1407441993914_361848_6579" shape="rect" type="0"><point x="672" y="273"/><point x="732" y="273"/><point x="732" y="286"/><point x="672" y="286"/></area><area isNotContentShape="false" name="Property desirability of" refid="_17_0_5_1_3ba019e_1407439006262_76881_4719" shape="rect" type="0"><point x="667" y="230"/><point x="733" y="230"/><point x="733" y="243"/><point x="667" y="243"/></area><area isNotContentShape="false" name="Property has objective" refid="_17_0_5_1_3ba019e_1407439006085_426471_4486" shape="rect" type="0"><point x="325" y="462"/><point x="391" y="462"/><point x="391" y="475"/><point x="325" y="475"/></area><area isNotContentShape="false" name="Property desirability for" refid="_17_0_5_1_3ba019e_1407439006262_939126_4720" shape="rect" type="0"><point x="371" y="230"/><point x="441" y="230"/><point x="441" y="243"/><point x="371" y="243"/></area><area isNotContentShape="false" name="Property has consequence" refid="_17_0_5_1_3ba019e_1407441993913_406942_6578" shape="rect" type="0"><point x="532" y="448"/><point x="621" y="448"/><point x="621" y="461"/><point x="532" y="461"/></area><area isNotContentShape="false" name="Association Class Objective of Stakeholder" refid="_18_4_62501eb_1477080401025_592823_46526" shape="poly" type="0"><point x="323" y="370"/><point x="330" y="372"/><point x="328" y="374"/><point x="321" y="372"/></area><area isNotContentShape="false" name="Association Class Consequence of Situation" refid="_18_4_62501eb_1477080539307_954320_47035" shape="poly" type="0"><point x="621" y="330"/><point x="612" y="329"/><point x="610" y="331"/><point x="619" y="332"/></area><area isNotContentShape="false" name="Generalization" refid="_18_1_3ba019e_1426089657744_196254_7207" shape="poly" type="0"><point x="349" y="545"/><point x="349" y="566"/><point x="347" y="568"/><point x="347" y="547"/></area><area isNotContentShape="false" name="Generalization" refid="_18_1_3ba019e_1443298398209_47925_12174" shape="poly" type="0"><point x="187" y="545"/><point x="187" y="566"/><point x="185" y="568"/><point x="185" y="547"/></area><area isNotContentShape="false" name="Association Class Stakeholder Desirability" refid="_17_0_5_1_3ba019e_1407439004205_698351_4254" shape="poly" type="0"><point x="552" y="244"/><point x="557" y="221"/><point x="555" y="223"/><point x="550" y="246"/></area><area isNotContentShape="false" name="Generalization" refid="_18_4_62501eb_1477413309160_351248_22566" shape="poly" type="0"><point x="554" y="44"/><point x="554" y="69"/><point x="552" y="71"/><point x="552" y="46"/></area><area isNotContentShape="false" name="Association Class Means To End" refid="_18_4_62501eb_1477000064706_638840_33494" shape="poly" type="0"><point x="99" y="464"/><point x="129" y="438"/><point x="127" y="440"/><point x="97" y="466"/></area><area isNotContentShape="false" name="Generalization" refid="_18_1_3ba019e_1447002429913_677479_7652" shape="poly" type="0"><point x="558" y="156"/><point x="558" y="188"/><point x="556" y="190"/><point x="556" y="158"/></area><area isNotContentShape="false" name="Generalization" refid="_18_0_2_3ba019e_1423257838357_523965_10160" shape="poly" type="0"><point x="834" y="443"/><point x="834" y="482"/><point x="832" y="484"/><point x="832" y="445"/></area><area isNotContentShape="false" name="Generalization" refid="_18_1_3ba019e_1443294503377_323991_10735" shape="poly" type="0"><point x="52" y="226"/><point x="70" y="272"/><point x="68" y="274"/><point x="50" y="228"/></area><area isNotContentShape="false" name="Generalization" refid="_17_0_5_1_3ba019e_1407440409835_875190_5615" shape="poly" type="0"><point x="334" y="170"/><point x="334" y="223"/><point x="332" y="225"/><point x="332" y="172"/></area><area isNotContentShape="false" name="Generalization" refid="_18_1_3ba019e_1445546049791_771968_39366" shape="poly" type="0"><point x="241" y="380"/><point x="241" y="475"/><point x="239" y="477"/><point x="239" y="382"/></area><area isNotContentShape="false" name="Generalization" refid="_17_0_5_1_3ba019e_1407439006017_760303_4324" shape="poly" type="0"><point x="786" y="314"/><point x="673" y="475"/><point x="671" y="477"/><point x="784" y="316"/></area><area isNotContentShape="false" name="Generalization" refid="_17_0_5_1_3ba019e_1407439006217_145351_4640" shape="poly" type="0"><point x="866" y="314"/><point x="866" y="482"/><point x="864" y="484"/><point x="864" y="316"/></area><area isNotContentShape="false" name="Association Class Consequence of Situation" refid="_18_4_62501eb_1477080539307_954320_47035" shape="poly" type="0"><point x="621" y="475"/><point x="621" y="300"/><point x="736" y="300"/><point x="734" y="302"/><point x="619" y="302"/><point x="619" y="477"/></area><area isNotContentShape="false" name="Association Class Means To End" refid="_18_4_62501eb_1477000064706_638840_33494" shape="poly" type="0"><point x="239" y="482"/><point x="99" y="482"/><point x="99" y="305"/><point x="97" y="307"/><point x="97" y="484"/><point x="237" y="484"/></area><area isNotContentShape="false" name="Generalization" refid="_18_1_3ba019e_1443295032096_825358_10897" shape="poly" type="0"><point x="57" y="305"/><point x="57" y="496"/><point x="55" y="498"/><point x="55" y="307"/></area><area isNotContentShape="false" name="Association Class Objective of Stakeholder" refid="_18_4_62501eb_1477080401025_592823_46526" shape="poly" type="0"><point x="323" y="475"/><point x="323" y="265"/><point x="321" y="267"/><point x="321" y="477"/></area><area isNotContentShape="false" name="Association" refid="_17_0_5_1_3ba019e_1407439004203_353108_4247" shape="poly" type="0"><point x="365" y="496"/><point x="575" y="496"/><point x="573" y="498"/><point x="363" y="498"/></area><area isNotContentShape="false" name="Association Class Stakeholder Desirability" refid="_17_0_5_1_3ba019e_1407439004205_698351_4254" shape="poly" type="0"><point x="736" y="244"/><point x="369" y="244"/><point x="367" y="246"/><point x="734" y="246"/></area><area isNotContentShape="false" name="Class Entity" refid="_17_0_3_7b3022e_1331156499953_68666_1704" shape="rect" type="0"><point x="28" y="203"/><point x="66" y="203"/><point x="66" y="228"/><point x="28" y="228"/></area><area isNotContentShape="false" name="Class Entity" refid="_17_0_3_7b3022e_1331156499953_68666_1704" shape="rect" type="0"><point x="203" y="357"/><point x="241" y="357"/><point x="241" y="382"/><point x="203" y="382"/></area><area isNotContentShape="false" name="Class Stakeholder" refid="_17_0_5_1_3ba019e_1407439004184_364207_4212" shape="rect" type="0"><point x="294" y="224"/><point x="369" y="224"/><point x="369" y="267"/><point x="294" y="267"/></area><area isNotContentShape="false" name="Class Assessment" refid="_18_1_3ba019e_1444341903340_57717_30511" shape="rect" type="0"><point x="518" y="21"/><point x="598" y="21"/><point x="598" y="46"/><point x="518" y="46"/></area><area isNotContentShape="false" name="Class Opportunity" refid="_17_0_5_1_3ba019e_1407439004222_946325_4256" shape="rect" type="0"><point x="819" y="483"/><point x="900" y="483"/><point x="900" y="508"/><point x="819" y="508"/></area><area isNotContentShape="false" name="Class Policy" refid="_18_1_3ba019e_1443295623856_856236_11332" shape="rect" type="0"><point x="168" y="567"/><point x="249" y="567"/><point x="249" y="592"/><point x="168" y="592"/></area><area isNotContentShape="false" name="Class Resource" refid="_18_0_2_3ba019e_1423005240776_581290_6780" shape="rect" type="0"><point x="21" y="497"/><point x="102" y="497"/><point x="102" y="531"/><point x="21" y="531"/></area><area isNotContentShape="false" name="Association Class Means To End" refid="_18_4_62501eb_1477000064706_638840_33494" shape="rect" type="0"><point x="105" y="406"/><point x="190" y="406"/><point x="190" y="440"/><point x="105" y="440"/></area><area isNotContentShape="false" name="Class Means" refid="_18_1_3ba019e_1443294108901_751289_10636" shape="rect" type="0"><point x="28" y="273"/><point x="123" y="273"/><point x="123" y="307"/><point x="28" y="307"/></area><area isNotContentShape="false" name="Class Mission Objective" refid="_18_1_3ba019e_1426089639167_422554_7183" shape="rect" type="0"><point x="308" y="567"/><point x="414" y="567"/><point x="414" y="592"/><point x="308" y="592"/></area><area isNotContentShape="false" name="Class Potential Situation" refid="_17_0_5_1_3ba019e_1407439004195_602848_4233" shape="rect" type="0"><point x="749" y="420"/><point x="856" y="420"/><point x="856" y="445"/><point x="749" y="445"/></area><area isNotContentShape="false" name="Class Objective" refid="_17_0_5_1_3ba019e_1407439004199_611439_4241" shape="rect" type="0"><point x="238" y="476"/><point x="365" y="476"/><point x="365" y="516"/><point x="238" y="516"/></area><area isNotContentShape="false" name="Property importance" refid="_17_0_5_1_3ba019e_1407439006098_211286_4512" shape="rect" type="0"><point x="332" y="403"/><point x="469" y="403"/><point x="469" y="416"/><point x="332" y="416"/></area><area isNotContentShape="false" name="Class Social Agent" refid="_18_2_62501eb_1455208265513_943581_7780" shape="rect" type="0"><point x="259" y="147"/><point x="397" y="147"/><point x="397" y="172"/><point x="259" y="172"/></area><area isNotContentShape="false" name="Association Class Stakeholder Desirability" refid="_17_0_5_1_3ba019e_1407439004205_698351_4254" shape="rect" type="0"><point x="490" y="189"/><point x="629" y="189"/><point x="629" y="223"/><point x="490" y="223"/></area><area isNotContentShape="false" name="Property net likelihood" refid="_18_2_62501eb_1455296668295_18307_9229" shape="rect" type="0"><point x="486" y="127"/><point x="628" y="127"/><point x="628" y="140"/><point x="486" y="140"/></area><area isNotContentShape="false" name="Property net desirability" refid="_17_0_5_1_3ba019e_1407439006263_984492_4722" shape="rect" type="0"><point x="486" y="91"/><point x="628" y="91"/><point x="628" y="104"/><point x="486" y="104"/></area><area isNotContentShape="false" name="Property net risk" refid="_18_0_2_3ba019e_1424895466889_531013_8751" shape="rect" type="0"><point x="486" y="139"/><point x="628" y="139"/><point x="628" y="152"/><point x="486" y="152"/></area><area isNotContentShape="false" name="Property net benefit" refid="_17_0_5_1_3ba019e_1407450708477_811280_9177" shape="rect" type="0"><point x="486" y="115"/><point x="628" y="115"/><point x="628" y="128"/><point x="486" y="128"/></area><area isNotContentShape="false" name="Property net severity" refid="_17_0_5_1_3ba019e_1407450694823_120101_9172" shape="rect" type="0"><point x="486" y="103"/><point x="628" y="103"/><point x="628" y="116"/><point x="486" y="116"/></area><area isNotContentShape="false" name="Property degree of affect" refid="_17_0_5_1_3ba019e_1407439006145_107660_4585" shape="rect" type="0"><point x="577" y="497"/><point x="719" y="497"/><point x="719" y="510"/><point x="577" y="510"/></area><area isNotContentShape="false" name="Property impact measure" refid="_17_0_5_1_3ba019e_1407439006147_131287_4588" shape="rect" type="0"><point x="577" y="521"/><point x="719" y="521"/><point x="719" y="534"/><point x="577" y="534"/></area><area isNotContentShape="false" name="Property desirability" refid="_17_0_5_1_3ba019e_1407439006146_963438_4587" shape="rect" type="0"><point x="577" y="509"/><point x="719" y="509"/><point x="719" y="522"/><point x="577" y="522"/></area><area isNotContentShape="false" name="Association Class Objective of Stakeholder" refid="_18_4_62501eb_1477080401025_592823_46526" shape="rect" type="0"><point x="329" y="357"/><point x="472" y="357"/><point x="472" y="422"/><point x="329" y="422"/></area><area isNotContentShape="false" name="Class Consequence" refid="_17_0_5_1_3ba019e_1407439004191_348666_4226" shape="rect" type="0"><point x="574" y="476"/><point x="722" y="476"/><point x="722" y="547"/><point x="574" y="547"/></area><area isNotContentShape="false" name="Class Desirability Assessment" refid="_18_1_3ba019e_1447002159481_503338_7624" shape="rect" type="0"><point x="483" y="70"/><point x="631" y="70"/><point x="631" y="158"/><point x="483" y="158"/></area><area isNotContentShape="false" name="Association Class Consequence of Situation" refid="_18_4_62501eb_1477080539307_954320_47035" shape="rect" type="0"><point x="462" y="301"/><point x="612" y="301"/><point x="612" y="335"/><point x="462" y="335"/></area><area isNotContentShape="false" name="Class Situation" refid="_18_1_3ba019e_1430349228247_211772_4675" shape="rect" type="0"><point x="735" y="231"/><point x="897" y="231"/><point x="897" y="316"/><point x="735" y="316"/></area></map><name humanName="Name" mode="s,e">Objectives</name><namespace classType="Package" humanName="Namespace" humanType="Package" icon="ConceptLibrary_files/icon_package_467146800.png" name="Objectives" refid="_17_0_5_1_3ba019e_1407439973665_938070_5084"/><ownedElement humanName="Owned Element"><instancespecification classType="InstanceSpecification" humanType="Instance Specification" icon="ConceptLibrary_files/icon_instancespecification_1746117425.png" name=" : UML Standard Profile::MagicDraw Profile::DiagramInfo" refid="_17_0_5_1_3ba019e_1407440322813_551434_5410"/></ownedElement><owner classType="Package" humanName="Owner" humanType="Package" icon="ConceptLibrary_files/icon_package_467146800.png" mode="s,e" name="Objectives" refid="_17_0_5_1_3ba019e_1407439973665_938070_5084"/><ownerOfDiagram classType="Package" humanName="Owner Of Diagram" humanType="Package" icon="ConceptLibrary_files/icon_package_467146800.png" name="Objectives" refid="_17_0_5_1_3ba019e_1407439973665_938070_5084"/><qualifiedName humanName="Qualified Name" mode="e">Concept Library::Objectives::Objectives</qualifiedName><TO_DO humanName="To Do" mode="s,e"/><DIAGRAM_TYPE_DERIVED_PROPERTY humanName="Type">Class Diagram</DIAGRAM_TYPE_DERIVED_PROPERTY><visibility humanName="Visibility">public</visibility></diagram></magicdraw>