<?xml version="1.0" encoding="UTF-8"?><magicdraw><class classType="Class" humanType="Class" icon="ConceptLibrary_files/icon_class_1769227988.png" id="_17_0_4_1_7b3022e_1387297045500_715407_4762"><allGeneralClassifiers humanName="All General Classifiers"><class classType="Class" humanType="Class" icon="ConceptLibrary_files/icon_class_412694050.png" name="Context" refid="_17_0_3_7b3022e_1331164829050_871772_2449"/><class classType="Class" humanType="Class" icon="ConceptLibrary_files/icon_class_1769227988.png" name="Entity" refid="_17_0_3_7b3022e_1331156499953_68666_1704"/><class classType="Class" humanType="Class" icon="ConceptLibrary_files/icon_class_1769227988.png" name="Lexical Context" refid="_17_0_4_1_7b3022e_1387036440058_58622_4050"/><class classType="Class" humanType="Class" icon="ConceptLibrary_files/icon_class_1769227988.png" name="Lexical Scope" refid="_18_4_1_62501eb_1502394944731_837726_9021"/><class classType="Class" humanType="Class" icon="ConceptLibrary_files/icon_class_412694050.png" name="Proposition" refid="_18_2_62501eb_1462460603792_169037_6216"/><class classType="Class" humanType="Class" icon="ConceptLibrary_files/icon_class_1769227988.png" name="Scoped Context" refid="_18_5_3_62501eb_1527086128974_510931_15787"/><class classType="Class" humanType="Class" icon="ConceptLibrary_files/icon_class_412694050.png" name="Thing" refid="_17_0_3_7b3022e_1331313031781_359355_5487"/><class classType="Class" humanType="Class" icon="ConceptLibrary_files/icon_class_412694050.png" name="Type" refid="_17_0_3_7b3022e_1331156699146_272050_1846"/><class classType="Class" humanType="Class" icon="ConceptLibrary_files/icon_class_1769227988.png" name="Value Type" refid="_18_2_62501eb_1455132121248_399046_5600"/></allGeneralClassifiers><allSpecificClassifiers humanName="All Specific Classifiers"><class classType="Class" humanType="Class" icon="ConceptLibrary_files/icon_class_1769227988.png" name="Base Unit Type" refid="_18_1_3ba019e_1446594878505_886183_4548"/></allSpecificClassifiers><APPLIED_STEREOTYPES humanName="Applied Stereotype" mode="s,e"><stereotype classType="Stereotype" humanType="Stereotype" icon="ConceptLibrary_files/icon_stereotype_643587433.png" name="HyperlinkOwner" refid="_9_0_be00301_1108044563999_784946_1"/></APPLIED_STEREOTYPES><appliedStereotype humanName="Applied Stereotype" mode="s,e"><stereotype classType="Stereotype" humanType="Stereotype" icon="ConceptLibrary_files/icon_stereotype_643587433.png" name="HyperlinkOwner" refid="_9_0_be00301_1108044563999_784946_1"><property classType="Property" humanType="Property" icon="ConceptLibrary_files/icon_property_736527975.png" name="base_Element" refid="_10_0EAPbeta_be00301_1123081772148_910751_285"/><property classType="Property" humanType="Property" icon="ConceptLibrary_files/icon_property_736527975.png" name="base_Element" refid="_10_0EAPbeta_be00301_1123081772098_411862_275"/><property classType="Property" humanName="Element/Symbol" humanType="Property" icon="ConceptLibrary_files/icon_property_736527975.png" name="hyperlinkModel" refid="_622020d_1063089736320_890266_3"><diagram classType="Diagram" humanType="Diagram" icon="ConceptLibrary_files/icon_Class Diagram_505751443.png" name="Values" refid="_17_0_3_7b3022e_1331181493475_379852_2791"/></property><property classType="Property" humanName="Active Hyperlink" humanType="Property" icon="ConceptLibrary_files/icon_property_736527975.png" name="hyperlinkModelActive" refid="_622020d_1063089736320_73815_4"><diagram classType="Diagram" humanType="Diagram" icon="ConceptLibrary_files/icon_Class Diagram_505751443.png" name="Values" refid="_17_0_3_7b3022e_1331181493475_379852_2791"/></property><property classType="Property" humanName="File/WEB_PAGE" humanType="Property" icon="ConceptLibrary_files/icon_property_736527975.png" name="hyperlinkText" refid="_622020d_1063089736310_884303_1"/><property classType="Property" humanName="Active Hyperlink" humanType="Property" icon="ConceptLibrary_files/icon_property_736527975.png" name="hyperlinkTextActive" refid="_622020d_1063089736310_68488_2"/></stereotype></appliedStereotype><appliedStereotypeInstance classType="InstanceSpecification" humanName="Applied Stereotype Instance" humanType="Instance Specification" icon="ConceptLibrary_files/icon_instancespecification_1746117425.png" name=" : UML Standard Profile::MagicDraw Profile::HyperlinkOwner" refid="_18_4_62501eb_1479763168657_412257_10591"/><attribute humanName="Attribute"><property classType="Property" humanType="Property" icon="ConceptLibrary_files/icon_property_736527975.png" name="offset" refid="_18_1_3ba019e_1446595036542_921924_4574"/><property classType="Property" humanType="Property" icon="ConceptLibrary_files/icon_property_736527975.png" name="ratio" refid="_18_1_3ba019e_1446595014788_242756_4573"/><property classType="Property" humanType="Property" icon="ConceptLibrary_files/icon_property_736527975.png" name="symbol" refid="_18_1_3ba019e_1446595278396_396691_4583"/><property classType="Property" humanType="Property" icon="ConceptLibrary_files/icon_property_736527975.png" name="unit reference" refid="_18_2_62501eb_1458504986900_850114_4715"/></attribute><documentation humanName="Documentation">A Unit type is a type of a quantity value referencing a specific unit. A Unit Type a required type of a property representing a quantity. 

Each quantity value has a reference as defined by the "unit reference" property of the quantity value's  type.

[JCGM 200:2008] A Unit is a real scalar quantity, defined and adopted by convention, with which any other quantity of the same quantity kind can be compared to express the ratio of the two quantities as a number. e.g. Degrees Centigrade, Miles.

Each unit type represents refinement of a quantity kind using generalization and is thus substitutable for that quantity kind. Typically quantity kinds are used in conceptual models and unit types in physical or logical models.

Unit types may only subtype quantity kinds or other units.

Note that unit types are not units, but the type of quantity values expressed with respect to a common unit as defined in [JCGM 200:2008].

[IDEAS] MeasureCategory: A MeasureType whose members are recognized types of MeasureInstance.</documentation><documentation humanName="Documentation" mode="standard">A Unit type is a type of a quantity value referencing a specific unit. A Unit Type a required type of a property representing a quantity. 

Each quantity value has a reference as defined by the "unit reference" property of the quantity value's  type.

[JCGM 200:2008] A Unit is a real scalar quantity, defined and adopted by convention, with which any other quantity of the same quantity kind can be compared to express the ratio of the two quantities as a number. e.g. Degrees Centigrade, Miles.

Each unit type represents refinement of a quantity kind using generalization and is thus substitutable for that quantity kind. Typically quantity kinds are used in conceptual models and unit types in physical or logical models.

Unit types may only subtype quantity kinds or other units.

Note that unit types are not units, but the type of quantity values expressed with respect to a common unit as defined in [JCGM 200:2008].

[IDEAS] MeasureCategory: A MeasureType whose members are recognized types of MeasureInstance.</documentation><effectiveIRI humanName="Effective IRI">https://www.omg.org/spec/SMIF/Values#UnitType</effectiveIRI><feature humanName="Feature"><property classType="Property" humanType="Property" icon="ConceptLibrary_files/icon_property_736527975.png" name="offset" refid="_18_1_3ba019e_1446595036542_921924_4574"/><property classType="Property" humanType="Property" icon="ConceptLibrary_files/icon_property_736527975.png" name="ratio" refid="_18_1_3ba019e_1446595014788_242756_4573"/><property classType="Property" humanType="Property" icon="ConceptLibrary_files/icon_property_736527975.png" name="symbol" refid="_18_1_3ba019e_1446595278396_396691_4583"/><property classType="Property" humanType="Property" icon="ConceptLibrary_files/icon_property_736527975.png" name="unit reference" refid="_18_2_62501eb_1458504986900_850114_4715"/></feature><generalization humanName="Generalization"><generalization classType="Generalization" humanType="Generalization" icon="ConceptLibrary_files/icon_generalization_212232499.png" isRelationship="true" refid="_18_1_3ba019e_1430755510844_994100_6681"/></generalization><inheritedMember humanName="Inherited Member"><diagram classType="Diagram" humanType="Diagram" icon="ConceptLibrary_files/icon_Class Diagram_505751443.png" name="Context Detail" refid="_18_1_3ba019e_1430749149449_614203_5109"/><property classType="Property" humanType="Property" icon="ConceptLibrary_files/icon_property_736527975.png" name="justifies subtype" refid="_18_5_3_62501eb_1526764100498_967062_14034"/><diagram classType="Diagram" humanType="Diagram" icon="ConceptLibrary_files/icon_Class Diagram_505751443.png" name="Proposition Detail" refid="_18_4_62501eb_1476372124532_248366_8882"/><property classType="Property" humanType="Property" icon="ConceptLibrary_files/icon_property_736527975.png" name="sufficient supertype" refid="_18_5_3_62501eb_1526764100498_172575_14033"/><diagram classType="Diagram" humanType="Diagram" icon="ConceptLibrary_files/icon_Class Diagram_505751443.png" name="Thing Detail" refid="_18_4_62501eb_1474827775223_682407_38836"/></inheritedMember><isAbstract humanName="Is Abstract" mode="s,e">false</isAbstract><isActive humanName="Is Active" mode="s,e">false</isActive><isFinalSpecialization humanName="Is Final Specialization" mode="e">false</isFinalSpecialization><isLeaf humanName="Is Leaf" mode="e">false</isLeaf><member humanName="Member"><diagram classType="Diagram" humanType="Diagram" icon="ConceptLibrary_files/icon_Class Diagram_505751443.png" name="Context Detail" refid="_18_1_3ba019e_1430749149449_614203_5109"/><property classType="Property" humanType="Property" icon="ConceptLibrary_files/icon_property_736527975.png" name="justifies subtype" refid="_18_5_3_62501eb_1526764100498_967062_14034"/><property classType="Property" humanType="Property" icon="ConceptLibrary_files/icon_property_736527975.png" name="offset" refid="_18_1_3ba019e_1446595036542_921924_4574"/><diagram classType="Diagram" humanType="Diagram" icon="ConceptLibrary_files/icon_Class Diagram_505751443.png" name="Proposition Detail" refid="_18_4_62501eb_1476372124532_248366_8882"/><property classType="Property" humanType="Property" icon="ConceptLibrary_files/icon_property_736527975.png" name="ratio" refid="_18_1_3ba019e_1446595014788_242756_4573"/><property classType="Property" humanType="Property" icon="ConceptLibrary_files/icon_property_736527975.png" name="sufficient supertype" refid="_18_5_3_62501eb_1526764100498_172575_14033"/><property classType="Property" humanType="Property" icon="ConceptLibrary_files/icon_property_736527975.png" name="symbol" refid="_18_1_3ba019e_1446595278396_396691_4583"/><diagram classType="Diagram" humanType="Diagram" icon="ConceptLibrary_files/icon_Class Diagram_505751443.png" name="Thing Detail" refid="_18_4_62501eb_1474827775223_682407_38836"/><property classType="Property" humanType="Property" icon="ConceptLibrary_files/icon_property_736527975.png" name="unit reference" refid="_18_2_62501eb_1458504986900_850114_4715"/></member><name humanName="Name" mode="s,e">Unit Type</name><namespace classType="Package" humanName="Namespace" humanType="Package" icon="ConceptLibrary_files/icon_package_467146800.png" name="Values" refid="_17_0_3_7b3022e_1331220249743_973130_3512"/><ownedAttribute humanName="Owned Attribute"><property classType="Property" humanType="Property" icon="ConceptLibrary_files/icon_property_736527975.png" name="offset" refid="_18_1_3ba019e_1446595036542_921924_4574"/><property classType="Property" humanType="Property" icon="ConceptLibrary_files/icon_property_736527975.png" name="ratio" refid="_18_1_3ba019e_1446595014788_242756_4573"/><property classType="Property" humanType="Property" icon="ConceptLibrary_files/icon_property_736527975.png" name="symbol" refid="_18_1_3ba019e_1446595278396_396691_4583"/><property classType="Property" humanType="Property" icon="ConceptLibrary_files/icon_property_736527975.png" name="unit reference" refid="_18_2_62501eb_1458504986900_850114_4715"/></ownedAttribute><ownedComment humanName="Owned Comment"><comment classType="Comment" humanType="Comment" icon="ConceptLibrary_files/icon_comment_1609735765.png" refid="_17_0_4_1_7b3022e_1387922338716_696110_4950"/></ownedComment><ownedElement humanName="Owned Element"><generalization classType="Generalization" humanType="Generalization" icon="ConceptLibrary_files/icon_generalization_212232499.png" isRelationship="true" refid="_18_1_3ba019e_1430755510844_994100_6681"/><comment classType="Comment" humanType="Comment" icon="ConceptLibrary_files/icon_comment_1609735765.png" refid="_17_0_4_1_7b3022e_1387922338716_696110_4950"/><instancespecification classType="InstanceSpecification" humanType="Instance Specification" icon="ConceptLibrary_files/icon_instancespecification_1746117425.png" name=" : UML Standard Profile::MagicDraw Profile::HyperlinkOwner" refid="_18_4_62501eb_1479763168657_412257_10591"/><property classType="Property" humanType="Property" icon="ConceptLibrary_files/icon_property_736527975.png" name="offset" refid="_18_1_3ba019e_1446595036542_921924_4574"/><property classType="Property" humanType="Property" icon="ConceptLibrary_files/icon_property_736527975.png" name="ratio" refid="_18_1_3ba019e_1446595014788_242756_4573"/><property classType="Property" humanType="Property" icon="ConceptLibrary_files/icon_property_736527975.png" name="symbol" refid="_18_1_3ba019e_1446595278396_396691_4583"/><property classType="Property" humanType="Property" icon="ConceptLibrary_files/icon_property_736527975.png" name="unit reference" refid="_18_2_62501eb_1458504986900_850114_4715"/></ownedElement><ownedMember humanName="Owned Member"><property classType="Property" humanType="Property" icon="ConceptLibrary_files/icon_property_736527975.png" name="offset" refid="_18_1_3ba019e_1446595036542_921924_4574"/><property classType="Property" humanType="Property" icon="ConceptLibrary_files/icon_property_736527975.png" name="ratio" refid="_18_1_3ba019e_1446595014788_242756_4573"/><property classType="Property" humanType="Property" icon="ConceptLibrary_files/icon_property_736527975.png" name="symbol" refid="_18_1_3ba019e_1446595278396_396691_4583"/><property classType="Property" humanType="Property" icon="ConceptLibrary_files/icon_property_736527975.png" name="unit reference" refid="_18_2_62501eb_1458504986900_850114_4715"/></ownedMember><owner classType="Package" humanName="Owner" humanType="Package" icon="ConceptLibrary_files/icon_package_467146800.png" mode="s,e" name="Values" refid="_17_0_3_7b3022e_1331220249743_973130_3512"/><owningPackage classType="Package" humanName="Owning Package" humanType="Package" icon="ConceptLibrary_files/icon_package_467146800.png" name="Values" refid="_17_0_3_7b3022e_1331220249743_973130_3512"/><package classType="Package" humanName="Package" humanType="Package" icon="ConceptLibrary_files/icon_package_467146800.png" name="Values" refid="_17_0_3_7b3022e_1331220249743_973130_3512"/><qualifiedName humanName="Qualified Name" mode="e">SMIF Conceptual Model::Values::Unit Type</qualifiedName><role humanName="Role"><property classType="Property" humanType="Property" icon="ConceptLibrary_files/icon_property_736527975.png" name="offset" refid="_18_1_3ba019e_1446595036542_921924_4574"/><property classType="Property" humanType="Property" icon="ConceptLibrary_files/icon_property_736527975.png" name="ratio" refid="_18_1_3ba019e_1446595014788_242756_4573"/><property classType="Property" humanType="Property" icon="ConceptLibrary_files/icon_property_736527975.png" name="symbol" refid="_18_1_3ba019e_1446595278396_396691_4583"/><property classType="Property" humanType="Property" icon="ConceptLibrary_files/icon_property_736527975.png" name="unit reference" refid="_18_2_62501eb_1458504986900_850114_4715"/></role><specificClassifier humanName="Specific Classifier"><class classType="Class" humanType="Class" icon="ConceptLibrary_files/icon_class_1769227988.png" name="Base Unit Type" refid="_18_1_3ba019e_1446594878505_886183_4548"/></specificClassifier><superClass humanName="Super Class"><class classType="Class" humanType="Class" icon="ConceptLibrary_files/icon_class_1769227988.png" name="Value Type" refid="_18_2_62501eb_1455132121248_399046_5600"/></superClass><TO_DO humanName="To Do" mode="s,e"/><visibility humanName="Visibility" mode="e">public</visibility><appearsIn><diagram classType="Diagram" humanType="Diagram" icon="ConceptLibrary_files/icon_Generic Table_1568169108.png" name="Concept Library Classes" refid="_18_4_1_62501eb_1495298309386_966735_15952"/><diagram classType="Diagram" humanType="Diagram" icon="ConceptLibrary_files/icon_Class Diagram_505751443.png" name="Values" refid="_17_0_3_7b3022e_1331181493475_379852_2791"/><diagram classType="Diagram" humanType="Diagram" icon="ConceptLibrary_files/icon_Generic Table_1568169108.png" name="SMIF Classes" refid="_18_0_2_3ba019e_1422752494092_767389_8106"/></appearsIn></class></magicdraw>