<?xml version="1.0" encoding="UTF-8"?><magicdraw><instancespecification classType="InstanceSpecification" humanType="Instance Specification" icon="ConceptLibrary_files/icon_instancespecification_1746117425.png" id="_17_0_5_1_7b3022e_1396735576267_276936_7765"><classifier humanName="Classifier" mode="s,e"><stereotype classType="Stereotype" humanType="Stereotype" icon="ConceptLibrary_files/icon_stereotype_643587433.png" name="DiagramInfo" refid="_9_0_be00301_1108044380615_150487_0"/></classifier><documentation humanName="Documentation"/><name humanName="Name" mode="s,e"/><ownedElement humanName="Owned Element"><slot classType="Slot" humanType="Slot" icon="ConceptLibrary_files/icon_slot_1468646544.png" refid="_18_5_3_62501eb_1527181997526_322478_13294"/><slot classType="Slot" humanType="Slot" icon="ConceptLibrary_files/icon_slot_1468646544.png" refid="_18_5_3_62501eb_1527181997526_767945_13296"/><slot classType="Slot" humanType="Slot" icon="ConceptLibrary_files/icon_slot_1468646544.png" refid="_18_5_3_62501eb_1527181997526_616205_13298"/><slot classType="Slot" humanType="Slot" icon="ConceptLibrary_files/icon_slot_1468646544.png" refid="_18_5_3_62501eb_1527181997526_645598_13300"/></ownedElement><owner classType="Diagram" humanName="Owner" humanType="Diagram" icon="ConceptLibrary_files/icon_Class Diagram_505751443.png" mode="s,e" name="Identifiable Entity" refid="_17_0_5_1_7b3022e_1396735576265_81331_7754"/><qualifiedName humanName="Qualified Name" mode="e">Concept Library::Entities::Identifiable Entity::</qualifiedName><slot humanName="Slot"><slot classType="Slot" humanType="Slot" icon="ConceptLibrary_files/icon_slot_1468646544.png" refid="_18_5_3_62501eb_1527181997526_322478_13294"/><slot classType="Slot" humanType="Slot" icon="ConceptLibrary_files/icon_slot_1468646544.png" refid="_18_5_3_62501eb_1527181997526_767945_13296"/><slot classType="Slot" humanType="Slot" icon="ConceptLibrary_files/icon_slot_1468646544.png" refid="_18_5_3_62501eb_1527181997526_616205_13298"/><slot classType="Slot" humanType="Slot" icon="ConceptLibrary_files/icon_slot_1468646544.png" refid="_18_5_3_62501eb_1527181997526_645598_13300"/></slot><stereotypedElement classType="Diagram" humanName="Stereotyped Element" humanType="Diagram" icon="ConceptLibrary_files/icon_Class Diagram_505751443.png" name="Identifiable Entity" refid="_17_0_5_1_7b3022e_1396735576265_81331_7754"/><TO_DO humanName="To Do" mode="s,e"/><visibility humanName="Visibility">public</visibility></instancespecification></magicdraw>