<?xml version="1.0" encoding="UTF-8"?><magicdraw><package classType="Package" humanType="Package" icon="ConceptLibrary_files/icon_package_467146800.png" id="_17_0_5_1_7b3022e_1398543267655_95663_5770"><APPLIED_STEREOTYPES humanName="Applied Stereotype" mode="s,e"><stereotype classType="Stereotype" humanType="Stereotype" icon="ConceptLibrary_files/icon_stereotype_643587433.png" name="HyperlinkOwner" refid="_9_0_be00301_1108044563999_784946_1"/></APPLIED_STEREOTYPES><appliedStereotype humanName="Applied Stereotype" mode="s,e"><stereotype classType="Stereotype" humanType="Stereotype" icon="ConceptLibrary_files/icon_stereotype_643587433.png" name="HyperlinkOwner" refid="_9_0_be00301_1108044563999_784946_1"><property classType="Property" humanType="Property" icon="ConceptLibrary_files/icon_property_736527975.png" name="base_Element" refid="_10_0EAPbeta_be00301_1123081772148_910751_285"/><property classType="Property" humanType="Property" icon="ConceptLibrary_files/icon_property_736527975.png" name="base_Element" refid="_10_0EAPbeta_be00301_1123081772098_411862_275"/><property classType="Property" humanName="Element/Symbol" humanType="Property" icon="ConceptLibrary_files/icon_property_736527975.png" name="hyperlinkModel" refid="_622020d_1063089736320_890266_3"><diagram classType="Diagram" humanType="Diagram" icon="ConceptLibrary_files/icon_Class Diagram_505751443.png" name="Information Objects" refid="_17_0_5_1_7b3022e_1398543391064_321673_5771"/></property><property classType="Property" humanName="Active Hyperlink" humanType="Property" icon="ConceptLibrary_files/icon_property_736527975.png" name="hyperlinkModelActive" refid="_622020d_1063089736320_73815_4"><diagram classType="Diagram" humanType="Diagram" icon="ConceptLibrary_files/icon_Class Diagram_505751443.png" name="Information Objects" refid="_17_0_5_1_7b3022e_1398543391064_321673_5771"/></property><property classType="Property" humanName="File/WEB_PAGE" humanType="Property" icon="ConceptLibrary_files/icon_property_736527975.png" name="hyperlinkText" refid="_622020d_1063089736310_884303_1"/><property classType="Property" humanName="Active Hyperlink" humanType="Property" icon="ConceptLibrary_files/icon_property_736527975.png" name="hyperlinkTextActive" refid="_622020d_1063089736310_68488_2"/></stereotype></appliedStereotype><appliedStereotypeInstance classType="InstanceSpecification" humanName="Applied Stereotype Instance" humanType="Instance Specification" icon="ConceptLibrary_files/icon_instancespecification_1746117425.png" name=" : UML Standard Profile::MagicDraw Profile::HyperlinkOwner" refid="_18_2_62501eb_1457117667270_298901_15381"/><documentation humanName="Documentation">Concepts relating to information (including data) about entities.</documentation><documentation humanName="Documentation" mode="standard">Concepts relating to information (including data) about entities.</documentation><member humanName="Member"><class classType="Class" humanType="Class" icon="ConceptLibrary_files/icon_class_1769227988.png" name="Add Information" refid="_18_4_62501eb_1477063437568_889004_39024"/><association classType="Association" humanType="Association" icon="ConceptLibrary_files/icon_association_1781128159.png" isRelationship="true" name="Association[Concept Library::Information::Add Information - Concept Library::Information::Structured Information Object]" refid="_18_4_62501eb_1477063517923_322769_39085"/><association classType="Association" humanType="Association" icon="ConceptLibrary_files/icon_association_1949602902.png" isRelationship="true" name="Association[Concept Library::Information::Add Information -&gt; Concept Library::Information::Contained Information]" refid="_18_4_62501eb_1477064167906_470783_39267"/><association classType="Association" humanType="Association" icon="ConceptLibrary_files/icon_association_1781128159.png" isRelationship="true" name="Association[Concept Library::Information::Information Action - Concept Library::Information::Information Resource]" refid="_18_2_62501eb_1455753923572_310680_9116"/><association classType="Association" humanType="Association" icon="ConceptLibrary_files/icon_association_685939889.png" isRelationship="true" name="Association[Concept Library::Information::Information Type - Concept Library::Information::Information Object]" refid="_18_4_62501eb_1477489450315_815848_13844"/><association classType="Association" humanType="Association" icon="ConceptLibrary_files/icon_association_1781128159.png" isRelationship="true" name="Association[Concept Library::Information::Remove Information - Concept Library::Information::Structured Information Object]" refid="_18_4_62501eb_1477063521987_469965_39118"/><association classType="Association" humanType="Association" icon="ConceptLibrary_files/icon_association_1949602902.png" isRelationship="true" name="Association[Concept Library::Information::Remove Information -&gt; Concept Library::Information::Contained Information]" refid="_18_4_62501eb_1477064172834_963556_39300"/><class classType="Class" humanType="Class" icon="ConceptLibrary_files/icon_class_1769227988.png" name="Atomic Information Object" refid="_18_4_62501eb_1476373181381_570923_29410"/><class classType="Class" humanType="Class" icon="ConceptLibrary_files/icon_class_1769227988.png" name="Close Information" refid="_18_2_62501eb_1455753661491_599037_8991"/><class classType="Class" humanType="Class" icon="ConceptLibrary_files/icon_class_1769227988.png" name="Confidence" refid="_18_1_3ba019e_1446819813676_160274_8015"/><association classType="Association" humanType="Association" icon="ConceptLibrary_files/icon_association_1781128159.png" isRelationship="true" name="Confidence in Assertion " refid="_18_4_62501eb_1476367352369_269575_11522"/><associationclass classType="AssociationClass" humanType="Association Class" icon="ConceptLibrary_files/icon_associationclass_1255445356.png" isRelationship="true" name="Contained Information" refid="_18_4_62501eb_1475012748832_591919_42796"/><class classType="Class" humanType="Class" icon="ConceptLibrary_files/icon_class_1769227988.png" name="Copy Information" refid="_18_4_1_62501eb_1486063495853_430989_18649"/><class classType="Class" humanType="Class" icon="ConceptLibrary_files/icon_class_1769227988.png" name="Create Information" refid="_18_2_62501eb_1455753702587_204915_9014"/><class classType="Class" humanType="Class" icon="ConceptLibrary_files/icon_class_1769227988.png" name="Delete Information" refid="_18_2_62501eb_1455753629826_772350_8945"/><class classType="Class" humanType="Class" icon="ConceptLibrary_files/icon_class_1769227988.png" name="Document" refid="_18_1_3ba019e_1447011334538_777187_8944"/><class classType="Class" humanType="Class" icon="ConceptLibrary_files/icon_class_1769227988.png" name="Information Action" refid="_17_0_5_1_7b3022e_1398373450673_596320_7537"/><diagram classType="Diagram" humanType="Diagram" icon="ConceptLibrary_files/icon_Class Diagram_505751443.png" name="Information Action" refid="_18_4_62501eb_1477064590040_328424_40251"/><class classType="Class" humanType="Class" icon="ConceptLibrary_files/icon_class_1769227988.png" name="Information Object" refid="_17_0_5_1_7b3022e_1398293735973_309772_6480"/><diagram classType="Diagram" humanType="Diagram" icon="ConceptLibrary_files/icon_Class Diagram_505751443.png" name="Information Objects" refid="_17_0_5_1_7b3022e_1398543391064_321673_5771"/><class classType="Class" humanType="Class" icon="ConceptLibrary_files/icon_class_1769227988.png" name="Information Repository" refid="_17_0_5_1_7b3022e_1398371288347_883883_7044"/><class classType="Class" humanType="Class" icon="ConceptLibrary_files/icon_class_412694050.png" name="Information Resource" refid="_18_4_62501eb_1477496611059_757650_18719"/><class classType="Class" humanType="Class" icon="ConceptLibrary_files/icon_class_1769227988.png" name="Information Type" refid="_18_4_62501eb_1477489267961_98534_13751"/><diagram classType="Diagram" humanType="Diagram" icon="ConceptLibrary_files/icon_Class Diagram_505751443.png" name="Metadata" refid="_18_4_62501eb_1477062534541_489774_37832"/><class classType="Class" humanType="Class" icon="ConceptLibrary_files/icon_class_1769227988.png" name="Modify Information" refid="_18_2_62501eb_1455753619507_877673_8922"/><class classType="Class" humanType="Class" icon="ConceptLibrary_files/icon_class_1769227988.png" name="Open Information" refid="_18_2_62501eb_1455753644530_725419_8968"/><class classType="Class" humanType="Class" icon="ConceptLibrary_files/icon_class_1769227988.png" name="Read Information" refid="_18_2_62501eb_1455753611939_599958_8899"/><class classType="Class" humanType="Class" icon="ConceptLibrary_files/icon_class_1769227988.png" name="Remove Information" refid="_18_4_62501eb_1477063453936_152043_39051"/><class classType="Class" humanType="Class" icon="ConceptLibrary_files/icon_class_1769227988.png" name="Structured Information Object" refid="_17_0_5_1_7b3022e_1398372106040_547030_7295"/><class classType="Class" humanType="Class" icon="ConceptLibrary_files/icon_class_1769227988.png" name="Transfer Information" refid="_17_0_5_1_7b3022e_1400514797410_126109_5584"/></member><name humanName="Name" mode="s,e">Information</name><namespace classType="Package" humanName="Namespace" humanType="Package" icon="ConceptLibrary_files/icon_package_467146800.png" name="Concept Library" refid="_18_0_2_3ba019e_1423595478116_73981_6901"/><nestingPackage classType="Package" humanName="Nesting Package" humanType="Package" icon="ConceptLibrary_files/icon_package_467146800.png" name="Concept Library" refid="_18_0_2_3ba019e_1423595478116_73981_6901"/><ownedComment humanName="Owned Comment"><comment classType="Comment" humanType="Comment" icon="ConceptLibrary_files/icon_comment_1609735765.png" refid="_18_0_2_3ba019e_1423858396979_690782_8834"/></ownedComment><ownedDiagram humanName="Owned Diagram"><diagram classType="Diagram" humanType="Diagram" icon="ConceptLibrary_files/icon_Class Diagram_505751443.png" name="Information Action" refid="_18_4_62501eb_1477064590040_328424_40251"/><diagram classType="Diagram" humanType="Diagram" icon="ConceptLibrary_files/icon_Class Diagram_505751443.png" name="Information Objects" refid="_17_0_5_1_7b3022e_1398543391064_321673_5771"/><diagram classType="Diagram" humanType="Diagram" icon="ConceptLibrary_files/icon_Class Diagram_505751443.png" name="Metadata" refid="_18_4_62501eb_1477062534541_489774_37832"/></ownedDiagram><ownedElement humanName="Owned Element"><comment classType="Comment" humanType="Comment" icon="ConceptLibrary_files/icon_comment_1609735765.png" refid="_18_0_2_3ba019e_1423858396979_690782_8834"/><instancespecification classType="InstanceSpecification" humanType="Instance Specification" icon="ConceptLibrary_files/icon_instancespecification_1746117425.png" name=" : UML Standard Profile::MagicDraw Profile::HyperlinkOwner" refid="_18_2_62501eb_1457117667270_298901_15381"/><class classType="Class" humanType="Class" icon="ConceptLibrary_files/icon_class_1769227988.png" name="Add Information" refid="_18_4_62501eb_1477063437568_889004_39024"/><association classType="Association" humanType="Association" icon="ConceptLibrary_files/icon_association_1781128159.png" isRelationship="true" name="Association[Concept Library::Information::Add Information - Concept Library::Information::Structured Information Object]" refid="_18_4_62501eb_1477063517923_322769_39085"/><association classType="Association" humanType="Association" icon="ConceptLibrary_files/icon_association_1949602902.png" isRelationship="true" name="Association[Concept Library::Information::Add Information -&gt; Concept Library::Information::Contained Information]" refid="_18_4_62501eb_1477064167906_470783_39267"/><association classType="Association" humanType="Association" icon="ConceptLibrary_files/icon_association_1781128159.png" isRelationship="true" name="Association[Concept Library::Information::Information Action - Concept Library::Information::Information Resource]" refid="_18_2_62501eb_1455753923572_310680_9116"/><association classType="Association" humanType="Association" icon="ConceptLibrary_files/icon_association_685939889.png" isRelationship="true" name="Association[Concept Library::Information::Information Type - Concept Library::Information::Information Object]" refid="_18_4_62501eb_1477489450315_815848_13844"/><association classType="Association" humanType="Association" icon="ConceptLibrary_files/icon_association_1781128159.png" isRelationship="true" name="Association[Concept Library::Information::Remove Information - Concept Library::Information::Structured Information Object]" refid="_18_4_62501eb_1477063521987_469965_39118"/><association classType="Association" humanType="Association" icon="ConceptLibrary_files/icon_association_1949602902.png" isRelationship="true" name="Association[Concept Library::Information::Remove Information -&gt; Concept Library::Information::Contained Information]" refid="_18_4_62501eb_1477064172834_963556_39300"/><class classType="Class" humanType="Class" icon="ConceptLibrary_files/icon_class_1769227988.png" name="Atomic Information Object" refid="_18_4_62501eb_1476373181381_570923_29410"/><class classType="Class" humanType="Class" icon="ConceptLibrary_files/icon_class_1769227988.png" name="Close Information" refid="_18_2_62501eb_1455753661491_599037_8991"/><class classType="Class" humanType="Class" icon="ConceptLibrary_files/icon_class_1769227988.png" name="Confidence" refid="_18_1_3ba019e_1446819813676_160274_8015"/><association classType="Association" humanType="Association" icon="ConceptLibrary_files/icon_association_1781128159.png" isRelationship="true" name="Confidence in Assertion " refid="_18_4_62501eb_1476367352369_269575_11522"/><associationclass classType="AssociationClass" humanType="Association Class" icon="ConceptLibrary_files/icon_associationclass_1255445356.png" isRelationship="true" name="Contained Information" refid="_18_4_62501eb_1475012748832_591919_42796"/><class classType="Class" humanType="Class" icon="ConceptLibrary_files/icon_class_1769227988.png" name="Copy Information" refid="_18_4_1_62501eb_1486063495853_430989_18649"/><class classType="Class" humanType="Class" icon="ConceptLibrary_files/icon_class_1769227988.png" name="Create Information" refid="_18_2_62501eb_1455753702587_204915_9014"/><class classType="Class" humanType="Class" icon="ConceptLibrary_files/icon_class_1769227988.png" name="Delete Information" refid="_18_2_62501eb_1455753629826_772350_8945"/><class classType="Class" humanType="Class" icon="ConceptLibrary_files/icon_class_1769227988.png" name="Document" refid="_18_1_3ba019e_1447011334538_777187_8944"/><class classType="Class" humanType="Class" icon="ConceptLibrary_files/icon_class_1769227988.png" name="Information Action" refid="_17_0_5_1_7b3022e_1398373450673_596320_7537"/><diagram classType="Diagram" humanType="Diagram" icon="ConceptLibrary_files/icon_Class Diagram_505751443.png" name="Information Action" refid="_18_4_62501eb_1477064590040_328424_40251"/><class classType="Class" humanType="Class" icon="ConceptLibrary_files/icon_class_1769227988.png" name="Information Object" refid="_17_0_5_1_7b3022e_1398293735973_309772_6480"/><diagram classType="Diagram" humanType="Diagram" icon="ConceptLibrary_files/icon_Class Diagram_505751443.png" name="Information Objects" refid="_17_0_5_1_7b3022e_1398543391064_321673_5771"/><class classType="Class" humanType="Class" icon="ConceptLibrary_files/icon_class_1769227988.png" name="Information Repository" refid="_17_0_5_1_7b3022e_1398371288347_883883_7044"/><class classType="Class" humanType="Class" icon="ConceptLibrary_files/icon_class_412694050.png" name="Information Resource" refid="_18_4_62501eb_1477496611059_757650_18719"/><class classType="Class" humanType="Class" icon="ConceptLibrary_files/icon_class_1769227988.png" name="Information Type" refid="_18_4_62501eb_1477489267961_98534_13751"/><diagram classType="Diagram" humanType="Diagram" icon="ConceptLibrary_files/icon_Class Diagram_505751443.png" name="Metadata" refid="_18_4_62501eb_1477062534541_489774_37832"/><class classType="Class" humanType="Class" icon="ConceptLibrary_files/icon_class_1769227988.png" name="Modify Information" refid="_18_2_62501eb_1455753619507_877673_8922"/><class classType="Class" humanType="Class" icon="ConceptLibrary_files/icon_class_1769227988.png" name="Open Information" refid="_18_2_62501eb_1455753644530_725419_8968"/><class classType="Class" humanType="Class" icon="ConceptLibrary_files/icon_class_1769227988.png" name="Read Information" refid="_18_2_62501eb_1455753611939_599958_8899"/><class classType="Class" humanType="Class" icon="ConceptLibrary_files/icon_class_1769227988.png" name="Remove Information" refid="_18_4_62501eb_1477063453936_152043_39051"/><class classType="Class" humanType="Class" icon="ConceptLibrary_files/icon_class_1769227988.png" name="Structured Information Object" refid="_17_0_5_1_7b3022e_1398372106040_547030_7295"/><class classType="Class" humanType="Class" icon="ConceptLibrary_files/icon_class_1769227988.png" name="Transfer Information" refid="_17_0_5_1_7b3022e_1400514797410_126109_5584"/></ownedElement><ownedMember humanName="Owned Member"><class classType="Class" humanType="Class" icon="ConceptLibrary_files/icon_class_1769227988.png" name="Add Information" refid="_18_4_62501eb_1477063437568_889004_39024"/><association classType="Association" humanType="Association" icon="ConceptLibrary_files/icon_association_1781128159.png" isRelationship="true" name="Association[Concept Library::Information::Add Information - Concept Library::Information::Structured Information Object]" refid="_18_4_62501eb_1477063517923_322769_39085"/><association classType="Association" humanType="Association" icon="ConceptLibrary_files/icon_association_1949602902.png" isRelationship="true" name="Association[Concept Library::Information::Add Information -&gt; Concept Library::Information::Contained Information]" refid="_18_4_62501eb_1477064167906_470783_39267"/><association classType="Association" humanType="Association" icon="ConceptLibrary_files/icon_association_1781128159.png" isRelationship="true" name="Association[Concept Library::Information::Information Action - Concept Library::Information::Information Resource]" refid="_18_2_62501eb_1455753923572_310680_9116"/><association classType="Association" humanType="Association" icon="ConceptLibrary_files/icon_association_685939889.png" isRelationship="true" name="Association[Concept Library::Information::Information Type - Concept Library::Information::Information Object]" refid="_18_4_62501eb_1477489450315_815848_13844"/><association classType="Association" humanType="Association" icon="ConceptLibrary_files/icon_association_1781128159.png" isRelationship="true" name="Association[Concept Library::Information::Remove Information - Concept Library::Information::Structured Information Object]" refid="_18_4_62501eb_1477063521987_469965_39118"/><association classType="Association" humanType="Association" icon="ConceptLibrary_files/icon_association_1949602902.png" isRelationship="true" name="Association[Concept Library::Information::Remove Information -&gt; Concept Library::Information::Contained Information]" refid="_18_4_62501eb_1477064172834_963556_39300"/><class classType="Class" humanType="Class" icon="ConceptLibrary_files/icon_class_1769227988.png" name="Atomic Information Object" refid="_18_4_62501eb_1476373181381_570923_29410"/><class classType="Class" humanType="Class" icon="ConceptLibrary_files/icon_class_1769227988.png" name="Close Information" refid="_18_2_62501eb_1455753661491_599037_8991"/><class classType="Class" humanType="Class" icon="ConceptLibrary_files/icon_class_1769227988.png" name="Confidence" refid="_18_1_3ba019e_1446819813676_160274_8015"/><association classType="Association" humanType="Association" icon="ConceptLibrary_files/icon_association_1781128159.png" isRelationship="true" name="Confidence in Assertion " refid="_18_4_62501eb_1476367352369_269575_11522"/><associationclass classType="AssociationClass" humanType="Association Class" icon="ConceptLibrary_files/icon_associationclass_1255445356.png" isRelationship="true" name="Contained Information" refid="_18_4_62501eb_1475012748832_591919_42796"/><class classType="Class" humanType="Class" icon="ConceptLibrary_files/icon_class_1769227988.png" name="Copy Information" refid="_18_4_1_62501eb_1486063495853_430989_18649"/><class classType="Class" humanType="Class" icon="ConceptLibrary_files/icon_class_1769227988.png" name="Create Information" refid="_18_2_62501eb_1455753702587_204915_9014"/><class classType="Class" humanType="Class" icon="ConceptLibrary_files/icon_class_1769227988.png" name="Delete Information" refid="_18_2_62501eb_1455753629826_772350_8945"/><class classType="Class" humanType="Class" icon="ConceptLibrary_files/icon_class_1769227988.png" name="Document" refid="_18_1_3ba019e_1447011334538_777187_8944"/><class classType="Class" humanType="Class" icon="ConceptLibrary_files/icon_class_1769227988.png" name="Information Action" refid="_17_0_5_1_7b3022e_1398373450673_596320_7537"/><diagram classType="Diagram" humanType="Diagram" icon="ConceptLibrary_files/icon_Class Diagram_505751443.png" name="Information Action" refid="_18_4_62501eb_1477064590040_328424_40251"/><class classType="Class" humanType="Class" icon="ConceptLibrary_files/icon_class_1769227988.png" name="Information Object" refid="_17_0_5_1_7b3022e_1398293735973_309772_6480"/><diagram classType="Diagram" humanType="Diagram" icon="ConceptLibrary_files/icon_Class Diagram_505751443.png" name="Information Objects" refid="_17_0_5_1_7b3022e_1398543391064_321673_5771"/><class classType="Class" humanType="Class" icon="ConceptLibrary_files/icon_class_1769227988.png" name="Information Repository" refid="_17_0_5_1_7b3022e_1398371288347_883883_7044"/><class classType="Class" humanType="Class" icon="ConceptLibrary_files/icon_class_412694050.png" name="Information Resource" refid="_18_4_62501eb_1477496611059_757650_18719"/><class classType="Class" humanType="Class" icon="ConceptLibrary_files/icon_class_1769227988.png" name="Information Type" refid="_18_4_62501eb_1477489267961_98534_13751"/><diagram classType="Diagram" humanType="Diagram" icon="ConceptLibrary_files/icon_Class Diagram_505751443.png" name="Metadata" refid="_18_4_62501eb_1477062534541_489774_37832"/><class classType="Class" humanType="Class" icon="ConceptLibrary_files/icon_class_1769227988.png" name="Modify Information" refid="_18_2_62501eb_1455753619507_877673_8922"/><class classType="Class" humanType="Class" icon="ConceptLibrary_files/icon_class_1769227988.png" name="Open Information" refid="_18_2_62501eb_1455753644530_725419_8968"/><class classType="Class" humanType="Class" icon="ConceptLibrary_files/icon_class_1769227988.png" name="Read Information" refid="_18_2_62501eb_1455753611939_599958_8899"/><class classType="Class" humanType="Class" icon="ConceptLibrary_files/icon_class_1769227988.png" name="Remove Information" refid="_18_4_62501eb_1477063453936_152043_39051"/><class classType="Class" humanType="Class" icon="ConceptLibrary_files/icon_class_1769227988.png" name="Structured Information Object" refid="_17_0_5_1_7b3022e_1398372106040_547030_7295"/><class classType="Class" humanType="Class" icon="ConceptLibrary_files/icon_class_1769227988.png" name="Transfer Information" refid="_17_0_5_1_7b3022e_1400514797410_126109_5584"/></ownedMember><ownedType humanName="Owned Type"><class classType="Class" humanType="Class" icon="ConceptLibrary_files/icon_class_1769227988.png" name="Add Information" refid="_18_4_62501eb_1477063437568_889004_39024"/><association classType="Association" humanType="Association" icon="ConceptLibrary_files/icon_association_1781128159.png" isRelationship="true" name="Association[Concept Library::Information::Add Information - Concept Library::Information::Structured Information Object]" refid="_18_4_62501eb_1477063517923_322769_39085"/><association classType="Association" humanType="Association" icon="ConceptLibrary_files/icon_association_1949602902.png" isRelationship="true" name="Association[Concept Library::Information::Add Information -&gt; Concept Library::Information::Contained Information]" refid="_18_4_62501eb_1477064167906_470783_39267"/><association classType="Association" humanType="Association" icon="ConceptLibrary_files/icon_association_1781128159.png" isRelationship="true" name="Association[Concept Library::Information::Information Action - Concept Library::Information::Information Resource]" refid="_18_2_62501eb_1455753923572_310680_9116"/><association classType="Association" humanType="Association" icon="ConceptLibrary_files/icon_association_685939889.png" isRelationship="true" name="Association[Concept Library::Information::Information Type - Concept Library::Information::Information Object]" refid="_18_4_62501eb_1477489450315_815848_13844"/><association classType="Association" humanType="Association" icon="ConceptLibrary_files/icon_association_1781128159.png" isRelationship="true" name="Association[Concept Library::Information::Remove Information - Concept Library::Information::Structured Information Object]" refid="_18_4_62501eb_1477063521987_469965_39118"/><association classType="Association" humanType="Association" icon="ConceptLibrary_files/icon_association_1949602902.png" isRelationship="true" name="Association[Concept Library::Information::Remove Information -&gt; Concept Library::Information::Contained Information]" refid="_18_4_62501eb_1477064172834_963556_39300"/><class classType="Class" humanType="Class" icon="ConceptLibrary_files/icon_class_1769227988.png" name="Atomic Information Object" refid="_18_4_62501eb_1476373181381_570923_29410"/><class classType="Class" humanType="Class" icon="ConceptLibrary_files/icon_class_1769227988.png" name="Close Information" refid="_18_2_62501eb_1455753661491_599037_8991"/><class classType="Class" humanType="Class" icon="ConceptLibrary_files/icon_class_1769227988.png" name="Confidence" refid="_18_1_3ba019e_1446819813676_160274_8015"/><association classType="Association" humanType="Association" icon="ConceptLibrary_files/icon_association_1781128159.png" isRelationship="true" name="Confidence in Assertion " refid="_18_4_62501eb_1476367352369_269575_11522"/><associationclass classType="AssociationClass" humanType="Association Class" icon="ConceptLibrary_files/icon_associationclass_1255445356.png" isRelationship="true" name="Contained Information" refid="_18_4_62501eb_1475012748832_591919_42796"/><class classType="Class" humanType="Class" icon="ConceptLibrary_files/icon_class_1769227988.png" name="Copy Information" refid="_18_4_1_62501eb_1486063495853_430989_18649"/><class classType="Class" humanType="Class" icon="ConceptLibrary_files/icon_class_1769227988.png" name="Create Information" refid="_18_2_62501eb_1455753702587_204915_9014"/><class classType="Class" humanType="Class" icon="ConceptLibrary_files/icon_class_1769227988.png" name="Delete Information" refid="_18_2_62501eb_1455753629826_772350_8945"/><class classType="Class" humanType="Class" icon="ConceptLibrary_files/icon_class_1769227988.png" name="Document" refid="_18_1_3ba019e_1447011334538_777187_8944"/><class classType="Class" humanType="Class" icon="ConceptLibrary_files/icon_class_1769227988.png" name="Information Action" refid="_17_0_5_1_7b3022e_1398373450673_596320_7537"/><class classType="Class" humanType="Class" icon="ConceptLibrary_files/icon_class_1769227988.png" name="Information Object" refid="_17_0_5_1_7b3022e_1398293735973_309772_6480"/><class classType="Class" humanType="Class" icon="ConceptLibrary_files/icon_class_1769227988.png" name="Information Repository" refid="_17_0_5_1_7b3022e_1398371288347_883883_7044"/><class classType="Class" humanType="Class" icon="ConceptLibrary_files/icon_class_412694050.png" name="Information Resource" refid="_18_4_62501eb_1477496611059_757650_18719"/><class classType="Class" humanType="Class" icon="ConceptLibrary_files/icon_class_1769227988.png" name="Information Type" refid="_18_4_62501eb_1477489267961_98534_13751"/><class classType="Class" humanType="Class" icon="ConceptLibrary_files/icon_class_1769227988.png" name="Modify Information" refid="_18_2_62501eb_1455753619507_877673_8922"/><class classType="Class" humanType="Class" icon="ConceptLibrary_files/icon_class_1769227988.png" name="Open Information" refid="_18_2_62501eb_1455753644530_725419_8968"/><class classType="Class" humanType="Class" icon="ConceptLibrary_files/icon_class_1769227988.png" name="Read Information" refid="_18_2_62501eb_1455753611939_599958_8899"/><class classType="Class" humanType="Class" icon="ConceptLibrary_files/icon_class_1769227988.png" name="Remove Information" refid="_18_4_62501eb_1477063453936_152043_39051"/><class classType="Class" humanType="Class" icon="ConceptLibrary_files/icon_class_1769227988.png" name="Structured Information Object" refid="_17_0_5_1_7b3022e_1398372106040_547030_7295"/><class classType="Class" humanType="Class" icon="ConceptLibrary_files/icon_class_1769227988.png" name="Transfer Information" refid="_17_0_5_1_7b3022e_1400514797410_126109_5584"/></ownedType><owner classType="Package" humanName="Owner" humanType="Package" icon="ConceptLibrary_files/icon_package_467146800.png" mode="s,e" name="Concept Library" refid="_18_0_2_3ba019e_1423595478116_73981_6901"/><owningPackage classType="Package" humanName="Owning Package" humanType="Package" icon="ConceptLibrary_files/icon_package_467146800.png" name="Concept Library" refid="_18_0_2_3ba019e_1423595478116_73981_6901"/><packagedElement humanName="Packaged Element"><class classType="Class" humanType="Class" icon="ConceptLibrary_files/icon_class_1769227988.png" name="Add Information" refid="_18_4_62501eb_1477063437568_889004_39024"/><association classType="Association" humanType="Association" icon="ConceptLibrary_files/icon_association_1781128159.png" isRelationship="true" name="Association[Concept Library::Information::Add Information - Concept Library::Information::Structured Information Object]" refid="_18_4_62501eb_1477063517923_322769_39085"/><association classType="Association" humanType="Association" icon="ConceptLibrary_files/icon_association_1949602902.png" isRelationship="true" name="Association[Concept Library::Information::Add Information -&gt; Concept Library::Information::Contained Information]" refid="_18_4_62501eb_1477064167906_470783_39267"/><association classType="Association" humanType="Association" icon="ConceptLibrary_files/icon_association_1781128159.png" isRelationship="true" name="Association[Concept Library::Information::Information Action - Concept Library::Information::Information Resource]" refid="_18_2_62501eb_1455753923572_310680_9116"/><association classType="Association" humanType="Association" icon="ConceptLibrary_files/icon_association_685939889.png" isRelationship="true" name="Association[Concept Library::Information::Information Type - Concept Library::Information::Information Object]" refid="_18_4_62501eb_1477489450315_815848_13844"/><association classType="Association" humanType="Association" icon="ConceptLibrary_files/icon_association_1781128159.png" isRelationship="true" name="Association[Concept Library::Information::Remove Information - Concept Library::Information::Structured Information Object]" refid="_18_4_62501eb_1477063521987_469965_39118"/><association classType="Association" humanType="Association" icon="ConceptLibrary_files/icon_association_1949602902.png" isRelationship="true" name="Association[Concept Library::Information::Remove Information -&gt; Concept Library::Information::Contained Information]" refid="_18_4_62501eb_1477064172834_963556_39300"/><class classType="Class" humanType="Class" icon="ConceptLibrary_files/icon_class_1769227988.png" name="Atomic Information Object" refid="_18_4_62501eb_1476373181381_570923_29410"/><class classType="Class" humanType="Class" icon="ConceptLibrary_files/icon_class_1769227988.png" name="Close Information" refid="_18_2_62501eb_1455753661491_599037_8991"/><class classType="Class" humanType="Class" icon="ConceptLibrary_files/icon_class_1769227988.png" name="Confidence" refid="_18_1_3ba019e_1446819813676_160274_8015"/><association classType="Association" humanType="Association" icon="ConceptLibrary_files/icon_association_1781128159.png" isRelationship="true" name="Confidence in Assertion " refid="_18_4_62501eb_1476367352369_269575_11522"/><associationclass classType="AssociationClass" humanType="Association Class" icon="ConceptLibrary_files/icon_associationclass_1255445356.png" isRelationship="true" name="Contained Information" refid="_18_4_62501eb_1475012748832_591919_42796"/><class classType="Class" humanType="Class" icon="ConceptLibrary_files/icon_class_1769227988.png" name="Copy Information" refid="_18_4_1_62501eb_1486063495853_430989_18649"/><class classType="Class" humanType="Class" icon="ConceptLibrary_files/icon_class_1769227988.png" name="Create Information" refid="_18_2_62501eb_1455753702587_204915_9014"/><class classType="Class" humanType="Class" icon="ConceptLibrary_files/icon_class_1769227988.png" name="Delete Information" refid="_18_2_62501eb_1455753629826_772350_8945"/><class classType="Class" humanType="Class" icon="ConceptLibrary_files/icon_class_1769227988.png" name="Document" refid="_18_1_3ba019e_1447011334538_777187_8944"/><class classType="Class" humanType="Class" icon="ConceptLibrary_files/icon_class_1769227988.png" name="Information Action" refid="_17_0_5_1_7b3022e_1398373450673_596320_7537"/><class classType="Class" humanType="Class" icon="ConceptLibrary_files/icon_class_1769227988.png" name="Information Object" refid="_17_0_5_1_7b3022e_1398293735973_309772_6480"/><class classType="Class" humanType="Class" icon="ConceptLibrary_files/icon_class_1769227988.png" name="Information Repository" refid="_17_0_5_1_7b3022e_1398371288347_883883_7044"/><class classType="Class" humanType="Class" icon="ConceptLibrary_files/icon_class_412694050.png" name="Information Resource" refid="_18_4_62501eb_1477496611059_757650_18719"/><class classType="Class" humanType="Class" icon="ConceptLibrary_files/icon_class_1769227988.png" name="Information Type" refid="_18_4_62501eb_1477489267961_98534_13751"/><class classType="Class" humanType="Class" icon="ConceptLibrary_files/icon_class_1769227988.png" name="Modify Information" refid="_18_2_62501eb_1455753619507_877673_8922"/><class classType="Class" humanType="Class" icon="ConceptLibrary_files/icon_class_1769227988.png" name="Open Information" refid="_18_2_62501eb_1455753644530_725419_8968"/><class classType="Class" humanType="Class" icon="ConceptLibrary_files/icon_class_1769227988.png" name="Read Information" refid="_18_2_62501eb_1455753611939_599958_8899"/><class classType="Class" humanType="Class" icon="ConceptLibrary_files/icon_class_1769227988.png" name="Remove Information" refid="_18_4_62501eb_1477063453936_152043_39051"/><class classType="Class" humanType="Class" icon="ConceptLibrary_files/icon_class_1769227988.png" name="Structured Information Object" refid="_17_0_5_1_7b3022e_1398372106040_547030_7295"/><class classType="Class" humanType="Class" icon="ConceptLibrary_files/icon_class_1769227988.png" name="Transfer Information" refid="_17_0_5_1_7b3022e_1400514797410_126109_5584"/></packagedElement><qualifiedName humanName="Qualified Name" mode="e">Concept Library::Information</qualifiedName><TO_DO humanName="To Do" mode="s,e"/><URI humanName="URI" mode="s,e"/><visibility humanName="Visibility">public</visibility><appearsIn><diagram classType="Diagram" humanType="Diagram" icon="ConceptLibrary_files/icon_Generic Table_1568169108.png" name="Vocabulary" refid="_18_0_2_3ba019e_1418664073699_926094_6665"/><diagram classType="Diagram" humanType="Diagram" icon="ConceptLibrary_files/icon_Class Diagram_505751443.png" name="Federated Concept Library" refid="_18_1_3ba019e_1447081818519_218292_8718"/></appearsIn></package></magicdraw>