<?xml version="1.0" encoding="UTF-8"?><magicdraw><comment classType="Comment" humanType="Comment" icon="ConceptLibrary_files/icon_comment_1609735765.png" id="_17_0_4_1_7b3022e_1389371837299_886329_4023"><annotatedElement humanName="Annotated Element" mode="s,e"><property classType="Property" humanType="Property" icon="ConceptLibrary_files/icon_property_736527975.png" name="has value" refid="_17_0_1_2_7b3022e_1333471468343_755647_2845"/></annotatedElement><body humanName="Body" mode="s,e">A constant value referenced in an expression.</body><documentation humanName="Documentation"/><owner classType="Property" humanName="Owner" humanType="Property" icon="ConceptLibrary_files/icon_property_736527975.png" mode="s,e" name="has value" refid="_17_0_1_2_7b3022e_1333471468343_755647_2845"/><owningElement classType="Property" humanName="Owning Element" humanType="Property" icon="ConceptLibrary_files/icon_property_736527975.png" name="has value" refid="_17_0_1_2_7b3022e_1333471468343_755647_2845"/><TO_DO humanName="To Do" mode="s,e"/></comment></magicdraw>