<?xml version="1.0" encoding="UTF-8"?><magicdraw><property classType="Property" humanType="Property" icon="ConceptLibrary_files/icon_property_736527975.png" id="_17_0_4_1_7b3022e_1387298180920_201592_4884"><aggregation humanName="Aggregation" mode="s,e">none</aggregation><APPLIED_STEREOTYPES humanName="Applied Stereotype" mode="s,e"><stereotype classType="Stereotype" humanType="Stereotype" icon="ConceptLibrary_files/icon_stereotype_643587433.png" name="Restriction" refid="_18_4_62501eb_1475863437366_111799_5462"/></APPLIED_STEREOTYPES><appliedStereotype humanName="Applied Stereotype" mode="s,e"><stereotype classType="Stereotype" humanType="Stereotype" icon="ConceptLibrary_files/icon_stereotype_643587433.png" name="Restriction" refid="_18_4_62501eb_1475863437366_111799_5462"><property classType="Property" humanName="Base_ Association" humanType="Property" icon="ConceptLibrary_files/icon_property_736527975.png" name="base_Association" refid="_18_4_62501eb_1475870138821_828724_7872"/><property classType="Property" humanName="Base_ Property" humanType="Property" icon="ConceptLibrary_files/icon_property_736527975.png" name="base_Property" refid="_18_4_62501eb_1475863691139_593281_5553"/></stereotype></appliedStereotype><appliedStereotypeInstance classType="InstanceSpecification" humanName="Applied Stereotype Instance" humanType="Instance Specification" icon="ConceptLibrary_files/icon_instancespecification_1746117425.png" name=" : SIMFProfile::SMIF Concept Modeling Profile::Restriction" refid="_18_4_62501eb_1476290973668_233203_20284"/><association classType="Association" humanName="Association" humanType="Association" icon="ConceptLibrary_files/icon_association_685939889.png" isRelationship="true" name="Association[SMIF Conceptual Model::Values::Unit Type - SMIF Conceptual Model::Values::Unit Value]" refid="_17_0_4_1_7b3022e_1387298180920_534909_4883"/><documentation humanName="Documentation"/><effectiveIRI humanName="Effective IRI">https://www.omg.org/spec/SMIF/Types#categorizes</effectiveIRI><featuringClassifier classType="Association" humanName="Featuring Classifier" humanType="Association" icon="ConceptLibrary_files/icon_association_685939889.png" isRelationship="true" name="Association[SMIF Conceptual Model::Values::Unit Type - SMIF Conceptual Model::Values::Unit Value]" refid="_17_0_4_1_7b3022e_1387298180920_534909_4883"/><isComposite humanName="Is Composite">false</isComposite><isDerived humanName="Is Derived" mode="s,e">false</isDerived><isDerivedUnion humanName="Is Derived Union" mode="e">false</isDerivedUnion><isID humanName="Is ID" mode="e">false</isID><isLeaf humanName="Is Leaf">false</isLeaf><isOrdered humanName="Is Ordered" mode="e">false</isOrdered><isReadOnly humanName="Is Read Only" mode="s,e">false</isReadOnly><isStatic humanName="Is Static" mode="s,e">false</isStatic><isUnique humanName="Is Unique" mode="e">true</isUnique><lower humanName="Lower">0</lower><lowerValue classType="LiteralUnlimitedNatural" humanName="Lower Value" humanType="Literal Unlimited Natural" icon="ConceptLibrary_files/icon_literalunlimitednatural_1122090209.png" name="0" refid="_18_2_62501eb_1458614931263_911228_5345" text="0"/><multiplicity humanName="Multiplicity" mode="s,e">*</multiplicity><multiplicity humanName="Multiplicity" mode="s,e">*</multiplicity><name humanName="Name" mode="s,e"/><namespace classType="Association" humanName="Namespace" humanType="Association" icon="ConceptLibrary_files/icon_association_685939889.png" isRelationship="true" name="Association[SMIF Conceptual Model::Values::Unit Type - SMIF Conceptual Model::Values::Unit Value]" refid="_17_0_4_1_7b3022e_1387298180920_534909_4883"/><navigable humanName="Navigable" mode="e">false</navigable><opposite classType="Property" humanName="Opposite" humanType="Property" icon="ConceptLibrary_files/icon_property_736527975.png" name=" : SMIF Conceptual Model::Values::Unit Type [1]" refid="_17_0_4_1_7b3022e_1387298180921_956282_4885"/><ownedBy classType="Association" humanName="Owned By" humanType="Association" icon="ConceptLibrary_files/icon_association_685939889.png" isRelationship="true" mode="s,e" name="Association[SMIF Conceptual Model::Values::Unit Type - SMIF Conceptual Model::Values::Unit Value]" refid="_17_0_4_1_7b3022e_1387298180920_534909_4883"/><ownedElement humanName="Owned Element"><instancespecification classType="InstanceSpecification" humanType="Instance Specification" icon="ConceptLibrary_files/icon_instancespecification_1746117425.png" name=" : SIMFProfile::SMIF Concept Modeling Profile::Restriction" refid="_18_4_62501eb_1476290973668_233203_20284"/><literalunlimitednatural classType="LiteralUnlimitedNatural" humanType="Literal Unlimited Natural" icon="ConceptLibrary_files/icon_literalunlimitednatural_1122090209.png" name="*" refid="_18_2_62501eb_1458614931263_199208_5346" text="*"/><literalunlimitednatural classType="LiteralUnlimitedNatural" humanType="Literal Unlimited Natural" icon="ConceptLibrary_files/icon_literalunlimitednatural_1122090209.png" name="0" refid="_18_2_62501eb_1458614931263_911228_5345" text="0"/></ownedElement><owner classType="Association" humanName="Owner" humanType="Association" icon="ConceptLibrary_files/icon_association_685939889.png" isRelationship="true" name="Association[SMIF Conceptual Model::Values::Unit Type - SMIF Conceptual Model::Values::Unit Value]" refid="_17_0_4_1_7b3022e_1387298180920_534909_4883"/><owningAssociation classType="Association" humanName="Owning Association" humanType="Association" icon="ConceptLibrary_files/icon_association_685939889.png" isRelationship="true" name="Association[SMIF Conceptual Model::Values::Unit Type - SMIF Conceptual Model::Values::Unit Value]" refid="_17_0_4_1_7b3022e_1387298180920_534909_4883"/><qualifiedName humanName="Qualified Name" mode="e">SMIF Conceptual Model::Values::::</qualifiedName><redefinedElement humanName="Redefined Element"><property classType="Property" humanType="Property" icon="ConceptLibrary_files/icon_property_736527975.png" name="categorizes" refid="_17_0_3_7b3022e_1331182663023_529271_3110"/></redefinedElement><redefinedProperty humanName="Redefined Property" mode="e"><property classType="Property" humanType="Property" icon="ConceptLibrary_files/icon_property_736527975.png" name="categorizes" refid="_17_0_3_7b3022e_1331182663023_529271_3110"/></redefinedProperty><redefinitionContext humanName="Redefinition Context"><association classType="Association" humanType="Association" icon="ConceptLibrary_files/icon_association_685939889.png" isRelationship="true" name="Association[SMIF Conceptual Model::Values::Unit Type - SMIF Conceptual Model::Values::Unit Value]" refid="_17_0_4_1_7b3022e_1387298180920_534909_4883"/></redefinitionContext><TO_DO humanName="To Do" mode="s,e"/><type classType="Class" humanName="Type" humanType="Class" icon="ConceptLibrary_files/icon_class_412694050.png" mode="s,e" name="Unit Value" refid="_17_0_5_1_7b3022e_1398808729954_908705_5420"/><TYPE_MODIFIER humanName="Type Modifier" mode="e"/><upper humanName="Upper">-1</upper><upperValue classType="LiteralUnlimitedNatural" humanName="Upper Value" humanType="Literal Unlimited Natural" icon="ConceptLibrary_files/icon_literalunlimitednatural_1122090209.png" name="*" refid="_18_2_62501eb_1458614931263_199208_5346" text="*"/><visibility humanName="Visibility" mode="s,e">public</visibility><appearsIn><diagram classType="Diagram" humanType="Diagram" icon="ConceptLibrary_files/icon_Generic Table_1568169108.png" name="SMIF Properties" refid="_18_2_62501eb_1462314120667_944518_6368"/></appearsIn></property></magicdraw>