<?xml version="1.0" encoding="UTF-8"?><magicdraw><comment classType="Comment" humanType="Comment" icon="ConceptLibrary_files/icon_comment_1609735765.png" id="_17_0_4_1_7b3022e_1389197554407_985276_8506"><annotatedElement humanName="Annotated Element" mode="s,e"><diagram classType="Diagram" humanType="Diagram" icon="ConceptLibrary_files/icon_Class Diagram_505751443.png" name="Lexical Scope" refid="_17_0_4_1_7b3022e_1387036296496_910243_3904"/></annotatedElement><body humanName="Body" mode="s,e"/><documentation humanName="Documentation"/><owner classType="Diagram" humanName="Owner" humanType="Diagram" icon="ConceptLibrary_files/icon_Class Diagram_505751443.png" mode="s,e" name="Lexical Scope" refid="_17_0_4_1_7b3022e_1387036296496_910243_3904"/><owningElement classType="Diagram" humanName="Owning Element" humanType="Diagram" icon="ConceptLibrary_files/icon_Class Diagram_505751443.png" name="Lexical Scope" refid="_17_0_4_1_7b3022e_1387036296496_910243_3904"/><TO_DO humanName="To Do" mode="s,e"/></comment></magicdraw>