<?xml version="1.0" encoding="UTF-8"?><magicdraw><class classType="Class" humanType="Class" icon="ConceptLibrary_files/icon_class_1769227988.png" id="_17_0_3_7b3022e_1331239070063_157887_4961"><allGeneralClassifiers humanName="All General Classifiers"><class classType="Class" humanType="Class" icon="ConceptLibrary_files/icon_class_412694050.png" name="Abstract Property Owner" refid="_18_4_1_62501eb_1502464289200_586839_10312"/><class classType="Class" humanType="Class" icon="ConceptLibrary_files/icon_class_1769227988.png" name="Identifier" refid="_18_3_62501eb_1473957033207_359286_6678"/><class classType="Class" humanType="Class" icon="ConceptLibrary_files/icon_class_1769227988.png" name="Lexical Scope" refid="_18_4_1_62501eb_1502394944731_837726_9021"/><class classType="Class" humanType="Class" icon="ConceptLibrary_files/icon_class_1769227988.png" name="Name" refid="_18_0_2_3ba019e_1423262542868_352404_6525"/><class classType="Class" humanType="Class" icon="ConceptLibrary_files/icon_class_1769227988.png" name="Structured Value" refid="_18_4_62501eb_1474479108342_464835_9670"/><class classType="Class" humanType="Class" icon="ConceptLibrary_files/icon_class_1769227988.png" name="Text Identifier" refid="_18_1_3ba019e_1444677912858_905143_29809"/><class classType="Class" humanType="Class" icon="ConceptLibrary_files/icon_class_412694050.png" name="Thing" refid="_17_0_3_7b3022e_1331313031781_359355_5487"/><class classType="Class" humanType="Class" icon="ConceptLibrary_files/icon_class_412694050.png" name="Unique Identifier" refid="_18_0_2_3ba019e_1422740871441_895063_7013"/><class classType="Class" humanType="Class" icon="ConceptLibrary_files/icon_class_1769227988.png" name="Unique Text Identifier" refid="_18_2_62501eb_1460145109270_32560_15064"/><class classType="Class" humanType="Class" icon="ConceptLibrary_files/icon_class_1769227988.png" name="Value" refid="_18_0_2_3ba019e_1422748137770_297876_7675"/></allGeneralClassifiers><APPLIED_STEREOTYPES humanName="Applied Stereotype" mode="s,e"><stereotype classType="Stereotype" humanType="Stereotype" icon="ConceptLibrary_files/icon_stereotype_643587433.png" name="Intersection" refid="_17_0_5_1_7b3022e_1402609485539_18277_6621"/><stereotype classType="Stereotype" humanType="Stereotype" icon="ConceptLibrary_files/icon_stereotype_643587433.png" name="Value" refid="_18_1_3ba019e_1430917928596_64302_5962"/></APPLIED_STEREOTYPES><appliedStereotype humanName="Applied Stereotype" mode="s,e"><stereotype classType="Stereotype" humanType="Stereotype" icon="ConceptLibrary_files/icon_stereotype_643587433.png" name="Intersection" refid="_17_0_5_1_7b3022e_1402609485539_18277_6621"><property classType="Property" humanName="Base_ Classifier" humanType="Property" icon="ConceptLibrary_files/icon_property_736527975.png" name="base_Classifier" refid="_17_0_5_1_7b3022e_1402609510332_812433_6633"/></stereotype><stereotype classType="Stereotype" humanType="Stereotype" icon="ConceptLibrary_files/icon_stereotype_643587433.png" name="Value" refid="_18_1_3ba019e_1430917928596_64302_5962"><property classType="Property" humanName="Base_ Classifier" humanType="Property" icon="ConceptLibrary_files/icon_property_736527975.png" name="base_Classifier" refid="_18_1_3ba019e_1430917952517_487535_5989"/></stereotype></appliedStereotype><appliedStereotypeInstance classType="InstanceSpecification" humanName="Applied Stereotype Instance" humanType="Instance Specification" icon="ConceptLibrary_files/icon_instancespecification_1746117425.png" name=" : SIMFProfile::SMIF Concept Modeling Profile::Value, SIMFProfile::SMIF Concept Modeling Profile::Intersection" refid="_18_4_62501eb_1474911927129_345903_17435"/><documentation humanName="Documentation">A word, phrase or name used by stakeholders to uniquely identify entities. 

[ISO 1087] term: verbal designation of a general concept in a specific subject field.</documentation><documentation humanName="Documentation" mode="standard">A word, phrase or name used by stakeholders to uniquely identify entities. 

[ISO 1087] term: verbal designation of a general concept in a specific subject field.</documentation><effectiveIRI humanName="Effective IRI">https://www.omg.org/spec/SMIF/Identifiers#Term</effectiveIRI><generalization humanName="Generalization"><generalization classType="Generalization" humanType="Generalization" icon="ConceptLibrary_files/icon_generalization_212232499.png" isRelationship="true" refid="_18_1_3ba019e_1444685433548_462910_30619"/><generalization classType="Generalization" humanType="Generalization" icon="ConceptLibrary_files/icon_generalization_212232499.png" isRelationship="true" refid="_18_1_3ba019e_1444689087211_185830_30914"/></generalization><inheritedMember humanName="Inherited Member"><diagram classType="Diagram" humanType="Diagram" icon="ConceptLibrary_files/icon_Class Diagram_505751443.png" name="Thing Detail" refid="_18_4_62501eb_1474827775223_682407_38836"/><property classType="Property" humanType="Property" icon="ConceptLibrary_files/icon_property_736527975.png" name="value" refid="_18_4_62501eb_1474904203963_964573_14052"/></inheritedMember><isAbstract humanName="Is Abstract" mode="s,e">false</isAbstract><isActive humanName="Is Active" mode="s,e">false</isActive><isFinalSpecialization humanName="Is Final Specialization" mode="e">false</isFinalSpecialization><isLeaf humanName="Is Leaf" mode="e">false</isLeaf><member humanName="Member"><diagram classType="Diagram" humanType="Diagram" icon="ConceptLibrary_files/icon_Class Diagram_505751443.png" name="Thing Detail" refid="_18_4_62501eb_1474827775223_682407_38836"/><property classType="Property" humanType="Property" icon="ConceptLibrary_files/icon_property_736527975.png" name="value" refid="_18_4_62501eb_1474904203963_964573_14052"/></member><name humanName="Name" mode="s,e">Term</name><namespace classType="Package" humanName="Namespace" humanType="Package" icon="ConceptLibrary_files/icon_package_467146800.png" name="Identifiers" refid="_17_0_3_7b3022e_1331334231414_200086_6495"/><ownedComment humanName="Owned Comment"><comment classType="Comment" humanType="Comment" icon="ConceptLibrary_files/icon_comment_1609735765.png" refid="_17_0_3_7b3022e_1331417629723_446106_4779"/></ownedComment><ownedElement humanName="Owned Element"><generalization classType="Generalization" humanType="Generalization" icon="ConceptLibrary_files/icon_generalization_212232499.png" isRelationship="true" refid="_18_1_3ba019e_1444685433548_462910_30619"/><generalization classType="Generalization" humanType="Generalization" icon="ConceptLibrary_files/icon_generalization_212232499.png" isRelationship="true" refid="_18_1_3ba019e_1444689087211_185830_30914"/><comment classType="Comment" humanType="Comment" icon="ConceptLibrary_files/icon_comment_1609735765.png" refid="_17_0_3_7b3022e_1331417629723_446106_4779"/><instancespecification classType="InstanceSpecification" humanType="Instance Specification" icon="ConceptLibrary_files/icon_instancespecification_1746117425.png" name=" : SIMFProfile::SMIF Concept Modeling Profile::Value, SIMFProfile::SMIF Concept Modeling Profile::Intersection" refid="_18_4_62501eb_1474911927129_345903_17435"/></ownedElement><owner classType="Package" humanName="Owner" humanType="Package" icon="ConceptLibrary_files/icon_package_467146800.png" mode="s,e" name="Identifiers" refid="_17_0_3_7b3022e_1331334231414_200086_6495"/><owningPackage classType="Package" humanName="Owning Package" humanType="Package" icon="ConceptLibrary_files/icon_package_467146800.png" name="Identifiers" refid="_17_0_3_7b3022e_1331334231414_200086_6495"/><package classType="Package" humanName="Package" humanType="Package" icon="ConceptLibrary_files/icon_package_467146800.png" name="Identifiers" refid="_17_0_3_7b3022e_1331334231414_200086_6495"/><qualifiedName humanName="Qualified Name" mode="e">SMIF Conceptual Model::Identifiers::Term</qualifiedName><superClass humanName="Super Class"><class classType="Class" humanType="Class" icon="ConceptLibrary_files/icon_class_1769227988.png" name="Name" refid="_18_0_2_3ba019e_1423262542868_352404_6525"/><class classType="Class" humanType="Class" icon="ConceptLibrary_files/icon_class_1769227988.png" name="Unique Text Identifier" refid="_18_2_62501eb_1460145109270_32560_15064"/></superClass><TO_DO humanName="To Do" mode="s,e"/><visibility humanName="Visibility" mode="e">public</visibility><appearsIn><diagram classType="Diagram" humanType="Diagram" icon="ConceptLibrary_files/icon_Generic Table_1568169108.png" name="Concept Library Classes" refid="_18_4_1_62501eb_1495298309386_966735_15952"/><diagram classType="Diagram" humanType="Diagram" icon="ConceptLibrary_files/icon_Class Diagram_505751443.png" name="Identifiers" refid="_18_0_2_3ba019e_1423259300047_576440_5597"/><diagram classType="Diagram" humanType="Diagram" icon="ConceptLibrary_files/icon_Class Diagram_505751443.png" name="Identifiers" refid="_17_0_3_7b3022e_1331325699950_500370_6427"/><diagram classType="Diagram" humanType="Diagram" icon="ConceptLibrary_files/icon_Generic Table_1568169108.png" name="SMIF Classes" refid="_18_0_2_3ba019e_1422752494092_767389_8106"/></appearsIn></class></magicdraw>