<?xml version="1.0" encoding="UTF-8"?><magicdraw><generalization classType="Generalization" humanType="Generalization" icon="ConceptLibrary_files/icon_generalization_212232499.png" id="_17_0_5_1_7b3022e_1402580044321_129565_5486"><documentation humanName="Documentation"/><general classType="Class" humanName="General" humanType="Class" icon="ConceptLibrary_files/icon_class_412694050.png" mode="s,e" name="Situation" refid="_18_1_3ba019e_1430349228247_211772_4675"/><generalizationSet humanName="Generalization Set" mode="s,e"><generalizationset classType="GeneralizationSet" humanType="Generalization Set" icon="ConceptLibrary_files/icon_generalizationset_346004727.png" name="Timeframe" refid="_17_0_5_1_7b3022e_1402605715286_224502_6335"/></generalizationSet><isSubstitutable humanName="Is Substitutable">true</isSubstitutable><owner classType="Class" humanName="Owner" humanType="Class" icon="ConceptLibrary_files/icon_class_1769227988.png" mode="s,e" name="Current Situation" refid="_17_0_5_1_3ba019e_1407439004197_904558_4235"/><relatedElement humanName="Related Element"><class classType="Class" humanType="Class" icon="ConceptLibrary_files/icon_class_1769227988.png" name="Current Situation" refid="_17_0_5_1_3ba019e_1407439004197_904558_4235"/><class classType="Class" humanType="Class" icon="ConceptLibrary_files/icon_class_412694050.png" name="Situation" refid="_18_1_3ba019e_1430349228247_211772_4675"/></relatedElement><source humanName="Source"><class classType="Class" humanType="Class" icon="ConceptLibrary_files/icon_class_1769227988.png" name="Current Situation" refid="_17_0_5_1_3ba019e_1407439004197_904558_4235"/></source><specific classType="Class" humanName="Specific" humanType="Class" icon="ConceptLibrary_files/icon_class_1769227988.png" mode="s,e" name="Current Situation" refid="_17_0_5_1_3ba019e_1407439004197_904558_4235"/><target humanName="Target"><class classType="Class" humanType="Class" icon="ConceptLibrary_files/icon_class_412694050.png" name="Situation" refid="_18_1_3ba019e_1430349228247_211772_4675"/></target><TO_DO humanName="To Do" mode="s,e"/></generalization></magicdraw>