<?xml version="1.0" encoding="UTF-8"?><magicdraw><property classType="Property" humanType="Property" icon="ConceptLibrary_files/icon_property_736527975.png" id="_17_0_5_1_3ba019e_1407439006263_984492_4722"><aggregation humanName="Aggregation" mode="s,e">none</aggregation><UMLClass classType="Class" humanName="Class" humanType="Class" icon="ConceptLibrary_files/icon_class_412694050.png" name="Desirability Assessment" refid="_18_1_3ba019e_1447002159481_503338_7624"/><classifier classType="Class" humanName="Classifier" humanType="Class" icon="ConceptLibrary_files/icon_class_412694050.png" name="Desirability Assessment" refid="_18_1_3ba019e_1447002159481_503338_7624"/><documentation humanName="Documentation">A metric representing the aggregation of the impact of all consequences of a situation for a stakeholder. (net benefit - net risk)
</documentation><documentation humanName="Documentation" mode="standard">A metric representing the aggregation of the impact of all consequences of a situation for a stakeholder. (net benefit - net risk)
</documentation><effectiveIRI humanName="Effective IRI"/><featuringClassifier classType="Class" humanName="Featuring Classifier" humanType="Class" icon="ConceptLibrary_files/icon_class_412694050.png" name="Desirability Assessment" refid="_18_1_3ba019e_1447002159481_503338_7624"/><isComposite humanName="Is Composite">false</isComposite><isDerived humanName="Is Derived" mode="s,e">false</isDerived><isDerivedUnion humanName="Is Derived Union" mode="e">false</isDerivedUnion><isID humanName="Is ID" mode="e">false</isID><isLeaf humanName="Is Leaf">false</isLeaf><isOrdered humanName="Is Ordered" mode="e">false</isOrdered><isReadOnly humanName="Is Read Only" mode="s,e">false</isReadOnly><isStatic humanName="Is Static" mode="s,e">false</isStatic><isUnique humanName="Is Unique" mode="e">true</isUnique><lower humanName="Lower">1</lower><multiplicity humanName="Multiplicity" mode="s,e"/><multiplicity humanName="Multiplicity" mode="s,e"/><name humanName="Name" mode="s,e">net desirability</name><namespace classType="Class" humanName="Namespace" humanType="Class" icon="ConceptLibrary_files/icon_class_412694050.png" name="Desirability Assessment" refid="_18_1_3ba019e_1447002159481_503338_7624"/><navigable humanName="Navigable" mode="e">true</navigable><ownedBy classType="Class" humanName="Owned By" humanType="Class" icon="ConceptLibrary_files/icon_class_412694050.png" mode="s,e" name="Desirability Assessment" refid="_18_1_3ba019e_1447002159481_503338_7624"/><ownedComment humanName="Owned Comment"><comment classType="Comment" humanType="Comment" icon="ConceptLibrary_files/icon_comment_1609735765.png" refid="_17_0_5_1_3ba019e_1407450478216_117906_9168"/></ownedComment><ownedElement humanName="Owned Element"><comment classType="Comment" humanType="Comment" icon="ConceptLibrary_files/icon_comment_1609735765.png" refid="_17_0_5_1_3ba019e_1407450478216_117906_9168"/></ownedElement><owner classType="Class" humanName="Owner" humanType="Class" icon="ConceptLibrary_files/icon_class_412694050.png" name="Desirability Assessment" refid="_18_1_3ba019e_1447002159481_503338_7624"/><qualifiedName humanName="Qualified Name" mode="e">Concept Library::Objectives::Desirability Assessment::net desirability</qualifiedName><redefinitionContext humanName="Redefinition Context"><class classType="Class" humanType="Class" icon="ConceptLibrary_files/icon_class_412694050.png" name="Desirability Assessment" refid="_18_1_3ba019e_1447002159481_503338_7624"/></redefinitionContext><TO_DO humanName="To Do" mode="s,e"/><type classType="Class" humanName="Type" humanType="Class" icon="ConceptLibrary_files/icon_class_1769227988.png" mode="s,e" name="Metric" refid="_17_0_5_1_3ba019e_1407440505391_715735_5650"/><TYPE_MODIFIER humanName="Type Modifier" mode="e"/><upper humanName="Upper">1</upper><visibility humanName="Visibility" mode="s,e">public</visibility><appearsIn><diagram classType="Diagram" humanType="Diagram" icon="ConceptLibrary_files/icon_Generic Table_1568169108.png" name="Vocabulary" refid="_18_0_2_3ba019e_1418664073699_926094_6665"/></appearsIn></property></magicdraw>