<?xml version="1.0" encoding="UTF-8"?><magicdraw><class classType="Class" humanType="Class" icon="ConceptLibrary_files/icon_class_1769227988.png" id="_17_0_4_1_7b3022e_1387036440058_58622_4050"><allGeneralClassifiers humanName="All General Classifiers"><class classType="Class" humanType="Class" icon="ConceptLibrary_files/icon_class_412694050.png" name="Context" refid="_17_0_3_7b3022e_1331164829050_871772_2449"/><class classType="Class" humanType="Class" icon="ConceptLibrary_files/icon_class_1769227988.png" name="Entity" refid="_17_0_3_7b3022e_1331156499953_68666_1704"/><class classType="Class" humanType="Class" icon="ConceptLibrary_files/icon_class_1769227988.png" name="Lexical Scope" refid="_18_4_1_62501eb_1502394944731_837726_9021"/><class classType="Class" humanType="Class" icon="ConceptLibrary_files/icon_class_412694050.png" name="Proposition" refid="_18_2_62501eb_1462460603792_169037_6216"/><class classType="Class" humanType="Class" icon="ConceptLibrary_files/icon_class_1769227988.png" name="Scoped Context" refid="_18_5_3_62501eb_1527086128974_510931_15787"/><class classType="Class" humanType="Class" icon="ConceptLibrary_files/icon_class_412694050.png" name="Thing" refid="_17_0_3_7b3022e_1331313031781_359355_5487"/></allGeneralClassifiers><allSpecificClassifiers humanName="All Specific Classifiers"><associationclass classType="AssociationClass" humanType="Association Class" icon="ConceptLibrary_files/icon_associationclass_1255445356.png" isRelationship="true" name="Ability" refid="_18_0_2_3ba019e_1423782478470_335195_13807"/><associationclass classType="AssociationClass" humanType="Association Class" icon="ConceptLibrary_files/icon_associationclass_1255445356.png" isRelationship="true" name="Ability To Execute Software" refid="_18_4_62501eb_1476978749002_85485_23926"/><class classType="Class" humanType="Class" icon="ConceptLibrary_files/icon_class_1769227988.png" name="Abuse Resource" refid="_18_2_62501eb_1457041314231_946200_14766"/><class classType="Class" humanType="Class" icon="ConceptLibrary_files/icon_class_1769227988.png" name="Access Control Failure" refid="_18_2_62501eb_1458223017372_935546_8689"/><class classType="Class" humanType="Class" icon="ConceptLibrary_files/icon_class_1769227988.png" name="Accident" refid="_18_4_62501eb_1477173580584_820990_34811"/><associationclass classType="AssociationClass" humanType="Association Class" icon="ConceptLibrary_files/icon_associationclass_1255445356.png" isRelationship="true" name="Accusation" refid="_18_4_1_62501eb_1486066919808_704231_21311"/><class classType="Class" humanType="Class" icon="ConceptLibrary_files/icon_class_1769227988.png" name="Activity" refid="_18_1_3ba019e_1444339455006_136706_29355"/><class classType="Class" humanType="Class" icon="ConceptLibrary_files/icon_class_1769227988.png" name="Actual Activity" refid="_18_4_62501eb_1476991984814_197853_30401"/><class classType="Class" humanType="Class" icon="ConceptLibrary_files/icon_class_1769227988.png" name="Actual Occurrence" refid="_18_1_3ba019e_1443311565629_856879_8417"/><class classType="Class" humanType="Class" icon="ConceptLibrary_files/icon_class_1769227988.png" name="Actual Situation" refid="_18_4_62501eb_1474913936207_73898_20244"/><class classType="Class" humanType="Class" icon="ConceptLibrary_files/icon_class_1769227988.png" name="Actual State" refid="_18_1_3ba019e_1443311618980_773029_8488"/><class classType="Class" humanType="Class" icon="ConceptLibrary_files/icon_class_1769227988.png" name="Add Information" refid="_18_4_62501eb_1477063437568_889004_39024"/><class classType="Class" humanType="Class" icon="ConceptLibrary_files/icon_class_1769227988.png" name="Add To Container Event" refid="_18_4_62501eb_1476814151524_579823_15075"/><associationclass classType="AssociationClass" humanType="Association Class" icon="ConceptLibrary_files/icon_associationclass_1255445356.png" isRelationship="true" name="Affected Available Resource" refid="_18_4_62501eb_1476820853230_680496_16713"/><class classType="Class" humanType="Class" icon="ConceptLibrary_files/icon_class_412694050.png" name="Alter Capability" refid="_18_1_3ba019e_1441985631789_510159_6620"/><class classType="Class" humanType="Class" icon="ConceptLibrary_files/icon_class_1769227988.png" name="AND Condition" refid="_18_2_62501eb_1455822756820_651237_10557"/><class classType="Class" humanType="Class" icon="ConceptLibrary_files/icon_class_1769227988.png" name="Annotation Property" refid="_18_2_62501eb_1462130132274_995575_4624"/><associationclass classType="AssociationClass" humanType="Association Class" icon="ConceptLibrary_files/icon_associationclass_1255445356.png" isRelationship="true" name="Assertion" refid="_18_4_1_62501eb_1486065147816_416336_19866"/><associationclass classType="AssociationClass" humanType="Association Class" icon="ConceptLibrary_files/icon_associationclass_1255445356.png" isRelationship="true" name="Assertion of Policy" refid="_18_4_62501eb_1476481037744_983384_70977"/><class classType="Class" humanType="Class" icon="ConceptLibrary_files/icon_class_1769227988.png" name="Assessment Activity" refid="_18_4_62501eb_1477414084126_662747_23011"/><associationclass classType="AssociationClass" humanType="Association Class" icon="ConceptLibrary_files/icon_associationclass_1255445356.png" isRelationship="true" name="Associated Actor" refid="_18_0_2_3ba019e_1423862707366_91105_9681"/><class classType="Class" humanType="Class" icon="ConceptLibrary_files/icon_class_1769227988.png" name="Association" refid="_18_4_62501eb_1478272534493_802788_8452"/><class classType="Class" humanType="Class" icon="ConceptLibrary_files/icon_class_1769227988.png" name="Association Type" refid="_18_4_62501eb_1478272520812_871948_8425"/><associationclass classType="AssociationClass" humanType="Association Class" icon="ConceptLibrary_files/icon_associationclass_1255445356.png" isRelationship="true" name="Assume Risk" refid="_18_4_62501eb_1477256105958_216081_36208"/><class classType="Class" humanType="Class" icon="ConceptLibrary_files/icon_class_1769227988.png" name="Attack" refid="_18_2_62501eb_1457809618127_17295_8371"/><associationclass classType="AssociationClass" humanType="Association Class" icon="ConceptLibrary_files/icon_associationclass_1255445356.png" isRelationship="true" name="Attest to Ability" refid="_18_4_62501eb_1474999126854_814667_35827"/><associationclass classType="AssociationClass" humanType="Association Class" icon="ConceptLibrary_files/icon_associationclass_1255445356.png" isRelationship="true" name="Automated Control" refid="_18_1_3ba019e_1445899458017_129234_31027"/><class classType="Class" humanType="Class" icon="ConceptLibrary_files/icon_class_1769227988.png" name="Automation Type" refid="_18_4_62501eb_1477488035410_393_12416"/><class classType="Class" humanType="Class" icon="ConceptLibrary_files/icon_class_1769227988.png" name="Automaton" refid="_18_0_2_3ba019e_1423415771620_704904_10952"/><class classType="Class" humanType="Class" icon="ConceptLibrary_files/icon_class_1769227988.png" name="Base Unit Type" refid="_18_1_3ba019e_1446594878505_886183_4548"/><class classType="Class" humanType="Class" icon="ConceptLibrary_files/icon_class_1769227988.png" name="Benefit" refid="_17_0_5_1_3ba019e_1407439004200_864206_4242"/><class classType="Class" humanType="Class" icon="ConceptLibrary_files/icon_class_1769227988.png" name="Binary Association" refid="_18_5_3_62501eb_1524339130692_63656_7759"/><class classType="Class" humanType="Class" icon="ConceptLibrary_files/icon_class_1769227988.png" name="Binary Association Type" refid="_18_5_3_62501eb_1524339174347_908719_7789"/><class classType="Class" humanType="Class" icon="ConceptLibrary_files/icon_class_1769227988.png" name="Blacklist Indicator" refid="_18_1_3ba019e_1444947053133_632402_7821"/><associationclass classType="AssociationClass" humanType="Association Class" icon="ConceptLibrary_files/icon_associationclass_1255445356.png" isRelationship="true" name="Boundary of System" refid="_18_4_62501eb_1476999987474_843989_33157"/><class classType="Class" humanType="Class" icon="ConceptLibrary_files/icon_class_1769227988.png" name="Campaign" refid="_18_1_3ba019e_1431630090707_351126_18872"/><class classType="Class" humanType="Class" icon="ConceptLibrary_files/icon_class_1769227988.png" name="Capability" refid="_18_2_62501eb_1455751068083_692406_7896"/><class classType="Class" humanType="Class" icon="ConceptLibrary_files/icon_class_1769227988.png" name="Capture Resource" refid="_18_2_62501eb_1457041322679_235309_14789"/><class classType="Class" humanType="Class" icon="ConceptLibrary_files/icon_class_1769227988.png" name="Category Type" refid="_18_4_62501eb_1480627135838_502421_7359"/><associationclass classType="AssociationClass" humanType="Association Class" icon="ConceptLibrary_files/icon_associationclass_1255445356.png" isRelationship="true" name="Cause and Effect" refid="_18_4_62501eb_1475006958391_680737_39764"/><class classType="Class" humanType="Class" icon="ConceptLibrary_files/icon_class_1769227988.png" name="Characteristic Type" refid="_18_4_62501eb_1474479414974_611482_9764"/><class classType="Class" humanType="Class" icon="ConceptLibrary_files/icon_class_1769227988.png" name="Close Information" refid="_18_2_62501eb_1455753661491_599037_8991"/><class classType="Class" humanType="Class" icon="ConceptLibrary_files/icon_class_1769227988.png" name="Communications Impact" refid="_18_2_62501eb_1458223290618_586404_8720"/><class classType="Class" humanType="Class" icon="ConceptLibrary_files/icon_class_1769227988.png" name="Communications Link" refid="_18_4_62501eb_1477496082131_63815_18623"/><class classType="Class" humanType="Class" icon="ConceptLibrary_files/icon_class_1769227988.png" name="Communications Network" refid="_18_1_3ba019e_1444667035338_175953_28426"/><class classType="Class" humanType="Class" icon="ConceptLibrary_files/icon_class_1769227988.png" name="Communications Vulnerability" refid="_18_2_62501eb_1461102017328_369696_12245"/><class classType="Class" humanType="Class" icon="ConceptLibrary_files/icon_class_1769227988.png" name="Compliance Impact" refid="_18_2_62501eb_1457039796370_79870_14039"/><class classType="Class" humanType="Class" icon="ConceptLibrary_files/icon_class_412694050.png" name="Composite Condition" refid="_18_2_62501eb_1455822525100_348334_10406"/><class classType="Class" humanType="Class" icon="ConceptLibrary_files/icon_class_1769227988.png" name="Composite Process" refid="_18_4_1_62501eb_1494613127542_474978_15100"/><class classType="Class" humanType="Class" icon="ConceptLibrary_files/icon_class_1769227988.png" name="Computed Property Type" refid="_18_5_2_62501eb_1514676417616_619850_7379"/><class classType="Class" humanType="Class" icon="ConceptLibrary_files/icon_class_1769227988.png" name="Computer Control System" refid="_18_1_3ba019e_1445899331087_209207_30968"/><class classType="Class" humanType="Class" icon="ConceptLibrary_files/icon_class_1769227988.png" name="Computer System" refid="_18_0_2_3ba019e_1423352071561_629326_8300"/><class classType="Class" humanType="Class" icon="ConceptLibrary_files/icon_class_1769227988.png" name="Conceptual Package" refid="_18_2_62501eb_1463087065076_370696_6186"/><class classType="Class" humanType="Class" icon="ConceptLibrary_files/icon_class_412694050.png" name="Concrete Property Type" refid="_18_5_3_62501eb_1524409463428_643468_8801"/><class classType="Class" humanType="Class" icon="ConceptLibrary_files/icon_class_1769227988.png" name="Conditional Rule" refid="_17_0_4_1_7b3022e_1388784601466_759247_4628"/><class classType="Class" humanType="Class" icon="ConceptLibrary_files/icon_class_1769227988.png" name="Consequence" refid="_17_0_5_1_3ba019e_1407439004191_348666_4226"/><associationclass classType="AssociationClass" humanType="Association Class" icon="ConceptLibrary_files/icon_associationclass_1255445356.png" isRelationship="true" name="Consequence of Situation" refid="_18_4_62501eb_1477080539307_954320_47035"/><class classType="Class" humanType="Class" icon="ConceptLibrary_files/icon_class_412694050.png" name="Constraint" refid="_18_4_1_62501eb_1508789102966_584819_7401"/><associationclass classType="AssociationClass" humanType="Association Class" icon="ConceptLibrary_files/icon_associationclass_1255445356.png" isRelationship="true" name="Contact Via" refid="_18_1_3ba019e_1444753424224_924160_27330"/><associationclass classType="AssociationClass" humanType="Association Class" icon="ConceptLibrary_files/icon_associationclass_1255445356.png" isRelationship="true" name="Contained Information" refid="_18_4_62501eb_1475012748832_591919_42796"/><associationclass classType="AssociationClass" humanType="Association Class" icon="ConceptLibrary_files/icon_associationclass_1255445356.png" isRelationship="true" name="Containment" refid="_18_4_62501eb_1476815426432_315703_15390"/><class classType="Class" humanType="Class" icon="ConceptLibrary_files/icon_class_412694050.png" name="Containment Event" refid="_18_4_62501eb_1476820156335_384426_16478"/><associationclass classType="AssociationClass" humanType="Association Class" icon="ConceptLibrary_files/icon_associationclass_1255445356.png" isRelationship="true" name="Contribution to Danger" refid="_18_4_62501eb_1477176289785_980189_11827"/><associationclass classType="AssociationClass" humanType="Association Class" icon="ConceptLibrary_files/icon_associationclass_1255445356.png" isRelationship="true" name="Control" refid="_18_1_3ba019e_1445543456248_471881_37772"/><class classType="Class" humanType="Class" icon="ConceptLibrary_files/icon_class_1769227988.png" name="Control Failure" refid="_18_2_62501eb_1458222821507_130484_8631"/><class classType="Class" humanType="Class" icon="ConceptLibrary_files/icon_class_1769227988.png" name="Control of Information Impact" refid="_18_4_1_62501eb_1486584539603_671252_13768"/><class classType="Class" humanType="Class" icon="ConceptLibrary_files/icon_class_1769227988.png" name="Coordinate System" refid="_18_0_2_3ba019e_1423761162889_696997_5955"/><class classType="Class" humanType="Class" icon="ConceptLibrary_files/icon_class_1769227988.png" name="Copy Information" refid="_18_4_1_62501eb_1486063495853_430989_18649"/><class classType="Class" humanType="Class" icon="ConceptLibrary_files/icon_class_1769227988.png" name="Countermeasure" refid="_18_1_3ba019e_1443205292907_382852_7123"/><associationclass classType="AssociationClass" humanType="Association Class" icon="ConceptLibrary_files/icon_associationclass_1255445356.png" isRelationship="true" name="Countermeasure for Strategy" refid="_18_4_62501eb_1477256095276_728942_36109"/><associationclass classType="AssociationClass" humanType="Association Class" icon="ConceptLibrary_files/icon_associationclass_1255445356.png" isRelationship="true" name="Countermeasure Mitigates" refid="_18_4_62501eb_1477186449637_448487_18250"/><class classType="Class" humanType="Class" icon="ConceptLibrary_files/icon_class_1769227988.png" name="Covering Constraint" refid="_18_2_62501eb_1462383491354_871624_6444"/><class classType="Class" humanType="Class" icon="ConceptLibrary_files/icon_class_1769227988.png" name="Create" refid="_18_4_62501eb_1476811041814_916823_12689"/><class classType="Class" humanType="Class" icon="ConceptLibrary_files/icon_class_1769227988.png" name="Create Information" refid="_18_2_62501eb_1455753702587_204915_9014"/><class classType="Class" humanType="Class" icon="ConceptLibrary_files/icon_class_1769227988.png" name="Current Situation" refid="_17_0_5_1_3ba019e_1407439004197_904558_4235"/><associationclass classType="AssociationClass" humanType="Association Class" icon="ConceptLibrary_files/icon_associationclass_1255445356.png" isRelationship="true" name="Custody" refid="_18_0_2_3ba019e_1423762635738_638546_6358"/><class classType="Class" humanType="Class" icon="ConceptLibrary_files/icon_class_1769227988.png" name="Cyber System Failure" refid="_18_1_3ba019e_1431360222696_764102_7223"/><class classType="Class" humanType="Class" icon="ConceptLibrary_files/icon_class_1769227988.png" name="Cyber Vulnerability" refid="_18_2_62501eb_1457030107306_796804_12038"/><class classType="Class" humanType="Class" icon="ConceptLibrary_files/icon_class_1769227988.png" name="Damage" refid="_18_2_62501eb_1456444324862_82010_9183"/><class classType="Class" humanType="Class" icon="ConceptLibrary_files/icon_class_1769227988.png" name="Damage Resource" refid="_18_2_62501eb_1457041290247_952091_14717"/><associationclass classType="AssociationClass" humanType="Association Class" icon="ConceptLibrary_files/icon_associationclass_1255445356.png" isRelationship="true" name="Danger Leads to Incident" refid="_18_2_62501eb_1457819957197_766716_9215"/><class classType="Class" humanType="Class" icon="ConceptLibrary_files/icon_class_1769227988.png" name="Dangerous Condition" refid="_18_4_62501eb_1477237626996_347664_27276"/><class classType="Class" humanType="Class" icon="ConceptLibrary_files/icon_class_1769227988.png" name="Dangerous Event" refid="_18_4_62501eb_1477325575116_800632_15161"/><class classType="Class" humanType="Class" icon="ConceptLibrary_files/icon_class_1769227988.png" name="Decision-making Impact" refid="_18_2_62501eb_1457039796368_188328_14037"/><class classType="Class" humanType="Class" icon="ConceptLibrary_files/icon_class_1769227988.png" name="Defensive Step" refid="_18_4_1_62501eb_1487959341919_56850_16851"/><class classType="Class" humanType="Class" icon="ConceptLibrary_files/icon_class_1769227988.png" name="Delete Information" refid="_18_2_62501eb_1455753629826_772350_8945"/><class classType="Class" humanType="Class" icon="ConceptLibrary_files/icon_class_412694050.png" name="Derived Property Type" refid="_18_5_2_62501eb_1513115667130_816377_8121"/><class classType="Class" humanType="Class" icon="ConceptLibrary_files/icon_class_1769227988.png" name="Destroy" refid="_18_4_62501eb_1476811054645_564293_12719"/><class classType="Class" humanType="Class" icon="ConceptLibrary_files/icon_class_1769227988.png" name="Disinformation Impact" refid="_18_1_3ba019e_1431038305290_669817_6667"/><class classType="Class" humanType="Class" icon="ConceptLibrary_files/icon_class_1769227988.png" name="Disjoint" refid="_18_2_62501eb_1459955161170_128568_5607"/><class classType="Class" humanType="Class" icon="ConceptLibrary_files/icon_class_1769227988.png" name="Disrupt Process" refid="_18_2_62501eb_1456444365949_609784_9210"/><class classType="Class" humanType="Class" icon="ConceptLibrary_files/icon_class_1769227988.png" name="Disrupt Stakeholder's Objective" refid="_18_2_62501eb_1456444549556_174107_9249"/><class classType="Class" humanType="Class" icon="ConceptLibrary_files/icon_class_1769227988.png" name="Disruptive Action" refid="_18_2_62501eb_1456445278708_227634_9451"/><class classType="Class" humanType="Class" icon="ConceptLibrary_files/icon_class_1769227988.png" name="Disruptive Step" refid="_18_4_1_62501eb_1487959327759_206588_16824"/><associationclass classType="AssociationClass" humanType="Association Class" icon="ConceptLibrary_files/icon_associationclass_1255445356.png" isRelationship="true" name="Effect" refid="_18_4_62501eb_1476383320621_65004_39057"/><class classType="Class" humanType="Class" icon="ConceptLibrary_files/icon_class_1769227988.png" name="Electromagnetic Spectrum Impact" refid="_18_1_3ba019e_1431045880267_728865_7391"/><associationclass classType="AssociationClass" humanType="Association Class" icon="ConceptLibrary_files/icon_associationclass_1255445356.png" isRelationship="true" name="Enablement" refid="_18_4_1_62501eb_1487959278732_729837_16768"/><class classType="Class" humanType="Class" icon="ConceptLibrary_files/icon_class_1769227988.png" name="Enterprise" refid="_18_1_3ba019e_1426086576922_339662_6398"/><associationclass classType="AssociationClass" humanType="Association Class" icon="ConceptLibrary_files/icon_associationclass_1255445356.png" isRelationship="true" name="Entity Assessment" refid="_18_4_62501eb_1474997992350_961103_35035"/><class classType="Class" humanType="Class" icon="ConceptLibrary_files/icon_class_1769227988.png" name="Entity Type" refid="_18_3_62501eb_1473877923428_756982_6439"/><class classType="Class" humanType="Class" icon="ConceptLibrary_files/icon_class_1769227988.png" name="Entry Action" refid="_18_2_62501eb_1455753008619_338881_8622"/><class classType="Class" humanType="Class" icon="ConceptLibrary_files/icon_class_1769227988.png" name="Enumerated" refid="_18_2_62501eb_1459963691094_991366_6185"/><class classType="Class" humanType="Class" icon="ConceptLibrary_files/icon_class_1769227988.png" name="Environmental Impact" refid="_18_1_3ba019e_1431037232522_683808_6148"/><class classType="Class" humanType="Class" icon="ConceptLibrary_files/icon_class_1769227988.png" name="Equivalent" refid="_18_2_62501eb_1457006801849_457253_4832"/><class classType="Class" humanType="Class" icon="ConceptLibrary_files/icon_class_1769227988.png" name="Exceed Resource Capacity" refid="_18_2_62501eb_1457041540832_978945_14828"/><class classType="Class" humanType="Class" icon="ConceptLibrary_files/icon_class_1769227988.png" name="Exit Action" refid="_18_2_62501eb_1455753848938_649464_9056"/><associationclass classType="AssociationClass" humanType="Association Class" icon="ConceptLibrary_files/icon_associationclass_1255445356.png" isRelationship="true" name="Exploit of Vulnerability" refid="_18_4_62501eb_1477250140939_775913_31216"/><class classType="Class" humanType="Class" icon="ConceptLibrary_files/icon_class_1769227988.png" name="Expression Variable" refid="_18_4_62501eb_1474488888720_304148_10742"/><class classType="Class" humanType="Class" icon="ConceptLibrary_files/icon_class_1769227988.png" name="Facet Type" refid="_18_0_2_3ba019e_1422746005897_267910_7507"/><class classType="Class" humanType="Class" icon="ConceptLibrary_files/icon_class_1769227988.png" name="Failure" refid="_18_2_62501eb_1457817927168_40898_9047"/><class classType="Class" humanType="Class" icon="ConceptLibrary_files/icon_class_1769227988.png" name="Failure Category" refid="_18_2_62501eb_1458222603570_715575_8595"/><associationclass classType="AssociationClass" humanType="Association Class" icon="ConceptLibrary_files/icon_associationclass_1255445356.png" isRelationship="true" name="Failure of Resource" refid="_18_4_62501eb_1477251417527_395204_31853"/><class classType="Class" humanType="Class" icon="ConceptLibrary_files/icon_class_1769227988.png" name="Financial Impact" refid="_18_2_62501eb_1457039718096_814721_14011"/><class classType="Class" humanType="Class" icon="ConceptLibrary_files/icon_class_1769227988.png" name="Focus Variable" refid="_18_4_62501eb_1474491444702_897582_10924"/><class classType="Class" humanType="Class" icon="ConceptLibrary_files/icon_class_1769227988.png" name="Function Call" refid="_17_0_4_1_7b3022e_1387668420737_262623_4623"/><class classType="Class" humanType="Class" icon="ConceptLibrary_files/icon_class_1769227988.png" name="Function Type" refid="_17_0_1_2_7b3022e_1333470581249_607366_2491"/><class classType="Class" humanType="Class" icon="ConceptLibrary_files/icon_class_1769227988.png" name="Goal State" refid="_18_4_1_62501eb_1488473493364_597291_12917"/><associationclass classType="AssociationClass" humanType="Association Class" icon="ConceptLibrary_files/icon_associationclass_1255445356.png" isRelationship="true" name="Governing Authority" refid="_18_1_3ba019e_1445546567898_856448_39435"/><class classType="Class" humanType="Class" icon="ConceptLibrary_files/icon_class_1769227988.png" name="Harm" refid="_17_0_5_1_3ba019e_1407439004201_844828_4243"/><associationclass classType="AssociationClass" humanType="Association Class" icon="ConceptLibrary_files/icon_associationclass_1255445356.png" isRelationship="true" name="Harms Resource" refid="_18_4_62501eb_1477185212613_382793_15674"/><associationclass classType="AssociationClass" humanType="Association Class" icon="ConceptLibrary_files/icon_associationclass_1255445356.png" isRelationship="true" name="Harms Victim" refid="_18_4_62501eb_1477185680150_640049_17046"/><class classType="Class" humanType="Class" icon="ConceptLibrary_files/icon_class_1769227988.png" name="Health Impact" refid="_18_1_3ba019e_1431037226905_313759_6125"/><class classType="Class" humanType="Class" icon="ConceptLibrary_files/icon_class_412694050.png" name="Identifiable Property Owner" refid="_18_4_62501eb_1474825952747_216281_38238"/><class classType="Class" humanType="Class" icon="ConceptLibrary_files/icon_class_1769227988.png" name="Identity Provider" refid="_18_1_3ba019e_1445378437869_333146_31260"/><class classType="Class" humanType="Class" icon="ConceptLibrary_files/icon_class_1769227988.png" name="Identity Spoof Impact" refid="_18_1_3ba019e_1431038255898_236631_6641"/><class classType="Class" humanType="Class" icon="ConceptLibrary_files/icon_class_1769227988.png" name="Image Impact" refid="_18_2_62501eb_1457039796371_295808_14040"/><associationclass classType="AssociationClass" humanType="Association Class" icon="ConceptLibrary_files/icon_associationclass_1255445356.png" isRelationship="true" name="Impact" refid="_18_4_62501eb_1475006705065_426651_38264"/><class classType="Class" humanType="Class" icon="ConceptLibrary_files/icon_class_412694050.png" name="Impact Category" refid="_18_2_62501eb_1457035911415_576618_12529"/><associationclass classType="AssociationClass" humanType="Association Class" icon="ConceptLibrary_files/icon_associationclass_1255445356.png" isRelationship="true" name="Impose Strategy" refid="_18_4_62501eb_1477409764813_913958_18922"/><class classType="Class" humanType="Class" icon="ConceptLibrary_files/icon_class_1769227988.png" name="Incident" refid="_17_0_5_1_3ba019e_1407453282336_95729_12199"/><class classType="Class" humanType="Class" icon="ConceptLibrary_files/icon_class_1769227988.png" name="Incident Containment" refid="_18_4_1_62501eb_1486056996934_841262_16410"/><class classType="Class" humanType="Class" icon="ConceptLibrary_files/icon_class_1769227988.png" name="Incident Recovery" refid="_18_4_1_62501eb_1486057043076_399024_16464"/><class classType="Class" humanType="Class" icon="ConceptLibrary_files/icon_class_1769227988.png" name="Incident Response" refid="_18_4_1_62501eb_1486056615861_59253_15924"/><associationclass classType="AssociationClass" humanType="Association Class" icon="ConceptLibrary_files/icon_associationclass_1255445356.png" isRelationship="true" name="Incorporation" refid="_18_1_3ba019e_1431367919163_251558_6308"/><class classType="Class" humanType="Class" icon="ConceptLibrary_files/icon_class_1769227988.png" name="Indicator" refid="_17_0_5_1_3ba019e_1408378174777_647047_6522"/><associationclass classType="AssociationClass" humanType="Association Class" icon="ConceptLibrary_files/icon_associationclass_1255445356.png" isRelationship="true" name="Indicator Indicates Situation" refid="_18_0_2_3ba019e_1423355574537_756190_9196"/><class classType="Class" humanType="Class" icon="ConceptLibrary_files/icon_class_1769227988.png" name="Indicator Pattern" refid="_18_0_2_3ba019e_1423353536690_442486_8723"/><class classType="Class" humanType="Class" icon="ConceptLibrary_files/icon_class_412694050.png" name="Indicator Watchlist" refid="_18_0_2_3ba019e_1423353551905_540223_8745"/><class classType="Class" humanType="Class" icon="ConceptLibrary_files/icon_class_1769227988.png" name="Indirect Threat" refid="_18_2_62501eb_1457819040318_454224_9151"/><class classType="Class" humanType="Class" icon="ConceptLibrary_files/icon_class_1769227988.png" name="Industrial Control Failure" refid="_18_1_3ba019e_1431045857795_856361_7368"/><class classType="Class" humanType="Class" icon="ConceptLibrary_files/icon_class_1769227988.png" name="Information Action" refid="_17_0_5_1_7b3022e_1398373450673_596320_7537"/><class classType="Class" humanType="Class" icon="ConceptLibrary_files/icon_class_1769227988.png" name="Information Availability Impact" refid="_18_1_3ba019e_1431038186122_494348_6562"/><class classType="Class" humanType="Class" icon="ConceptLibrary_files/icon_class_1769227988.png" name="Information Impact" refid="_18_1_3ba019e_1431037483170_382377_6374"/><associationclass classType="AssociationClass" humanType="Association Class" icon="ConceptLibrary_files/icon_associationclass_1255445356.png" isRelationship="true" name="Information In Computer" refid="_18_4_62501eb_1476997532044_284797_31806"/><class classType="Class" humanType="Class" icon="ConceptLibrary_files/icon_class_1769227988.png" name="Information Repository" refid="_18_4_1_62501eb_1503242060030_772575_6879"/><class classType="Class" humanType="Class" icon="ConceptLibrary_files/icon_class_1769227988.png" name="Information System Vulnerability" refid="_18_2_62501eb_1457031153905_726352_12173"/><class classType="Class" humanType="Class" icon="ConceptLibrary_files/icon_class_1769227988.png" name="Information Type" refid="_18_4_62501eb_1477489267961_98534_13751"/><class classType="Class" humanType="Class" icon="ConceptLibrary_files/icon_class_1769227988.png" name="Information Vulnerability" refid="_18_2_62501eb_1463676684318_162560_8886"/><class classType="Class" humanType="Class" icon="ConceptLibrary_files/icon_class_1769227988.png" name="Infrastructure Impact" refid="_18_1_3ba019e_1431037290330_134115_6194"/><associationclass classType="AssociationClass" humanType="Association Class" icon="ConceptLibrary_files/icon_associationclass_1255445356.png" isRelationship="true" name="Initiation of Response" refid="_18_4_1_62501eb_1486055889712_677711_14880"/><class classType="Class" humanType="Class" icon="ConceptLibrary_files/icon_class_1769227988.png" name="Intellectual Property Impact" refid="_18_2_62501eb_1457039796366_940601_14036"/><class classType="Class" humanType="Class" icon="ConceptLibrary_files/icon_class_1769227988.png" name="Intersection Type" refid="_18_1_3ba019e_1430756473109_244573_6778"/><associationclass classType="AssociationClass" humanType="Association Class" icon="ConceptLibrary_files/icon_associationclass_1255445356.png" isRelationship="true" name="Invoke Process" refid="_18_4_62501eb_1476380420686_234834_37328"/><associationclass classType="AssociationClass" humanType="Association Class" icon="ConceptLibrary_files/icon_associationclass_1255445356.png" isRelationship="true" name="Involvement" refid="_18_4_62501eb_1475007022263_574142_40735"/><associationclass classType="AssociationClass" humanType="Association Class" icon="ConceptLibrary_files/icon_associationclass_1255445356.png" isRelationship="true" name="Issue Credential" refid="_18_4_62501eb_1476457224499_305006_59939"/><associationclass classType="AssociationClass" humanType="Association Class" icon="ConceptLibrary_files/icon_associationclass_1255445356.png" isRelationship="true" name="Leadership" refid="_18_1_3ba019e_1445961143973_752397_35680"/><class classType="Class" humanType="Class" icon="ConceptLibrary_files/icon_class_1769227988.png" name="Legal Impact" refid="_18_2_62501eb_1457039796373_731601_14042"/><class classType="Class" humanType="Class" icon="ConceptLibrary_files/icon_class_1769227988.png" name="Logical Package" refid="_18_2_62501eb_1463087119468_924389_6216"/><class classType="Class" humanType="Class" icon="ConceptLibrary_files/icon_class_1769227988.png" name="Lose Ability" refid="_18_1_3ba019e_1441985817274_419533_6669"/><class classType="Class" humanType="Class" icon="ConceptLibrary_files/icon_class_1769227988.png" name="Management Control" refid="_18_4_1_62501eb_1488295609388_311203_12765"/><class classType="Class" humanType="Class" icon="ConceptLibrary_files/icon_class_1769227988.png" name="Mapping" refid="_18_2_62501eb_1455134151919_1219_6158"/><class classType="Class" humanType="Class" icon="ConceptLibrary_files/icon_class_1769227988.png" name="Match Rule" refid="_17_0_4_1_7b3022e_1389374442215_510597_4153"/><associationclass classType="AssociationClass" humanType="Association Class" icon="ConceptLibrary_files/icon_associationclass_1255445356.png" isRelationship="true" name="Means To End" refid="_18_4_62501eb_1477000064706_638840_33494"/><associationclass classType="AssociationClass" humanType="Association Class" icon="ConceptLibrary_files/icon_associationclass_1255445356.png" isRelationship="true" name="Measurement" refid="_18_4_62501eb_1477332935019_668572_22923"/><associationclass classType="AssociationClass" humanType="Association Class" icon="ConceptLibrary_files/icon_associationclass_1255445356.png" isRelationship="true" name="Membership" refid="_18_0_2_3ba019e_1423862301197_793433_9590"/><class classType="Class" humanType="Class" icon="ConceptLibrary_files/icon_class_1769227988.png" name="Mission Impact" refid="_18_2_62501eb_1457039947424_499345_14210"/><class classType="Class" humanType="Class" icon="ConceptLibrary_files/icon_class_1769227988.png" name="Model" refid="_17_0_4_1_7b3022e_1387036392099_437470_4007"/><class classType="Class" humanType="Class" icon="ConceptLibrary_files/icon_class_1769227988.png" name="Modify Information" refid="_18_2_62501eb_1455753619507_877673_8922"/><class classType="Class" humanType="Class" icon="ConceptLibrary_files/icon_class_1769227988.png" name="Modify Resource" refid="_18_2_62501eb_1457041302672_698516_14743"/><class classType="Class" humanType="Class" icon="ConceptLibrary_files/icon_class_1769227988.png" name="Modus Operandi" refid="_17_0_5_1_3ba019e_1408567899411_519296_5584"/><associationclass classType="AssociationClass" humanType="Association Class" icon="ConceptLibrary_files/icon_associationclass_1255445356.png" isRelationship="true" name="Monitor" refid="_18_4_62501eb_1477256292579_642693_36526"/><class classType="Class" humanType="Class" icon="ConceptLibrary_files/icon_class_1769227988.png" name="Monitoring Control" refid="_18_1_3ba019e_1444946484406_700288_7606"/><class classType="Class" humanType="Class" icon="ConceptLibrary_files/icon_class_1769227988.png" name="Multiplicity Constraint" refid="_17_0_1_2_7b3022e_1332887953334_615648_4989"/><class classType="Class" humanType="Class" icon="ConceptLibrary_files/icon_class_1769227988.png" name="Namespace" refid="_18_3_62501eb_1473958574816_956947_6732"/><class classType="Class" humanType="Class" icon="ConceptLibrary_files/icon_class_1769227988.png" name="Natural Threat" refid="_18_2_62501eb_1457818908490_835458_9121"/><associationclass classType="AssociationClass" humanType="Association Class" icon="ConceptLibrary_files/icon_associationclass_1255445356.png" isRelationship="true" name="Negation Effect" refid="_18_4_62501eb_1476823663222_342959_18073"/><associationclass classType="AssociationClass" humanType="Association Class" icon="ConceptLibrary_files/icon_associationclass_1255445356.png" isRelationship="true" name="Node of a Network" refid="_18_4_62501eb_1476991742537_786270_30290"/><class classType="Class" humanType="Class" icon="ConceptLibrary_files/icon_class_1769227988.png" name="Non-Technical Impact" refid="_18_2_62501eb_1457039796369_938083_14038"/><class classType="Class" humanType="Class" icon="ConceptLibrary_files/icon_class_1769227988.png" name="Object Operation Type" refid="_17_0_4_1_7b3022e_1389478293981_846248_3919"/><associationclass classType="AssociationClass" humanType="Association Class" icon="ConceptLibrary_files/icon_associationclass_1255445356.png" isRelationship="true" name="Objective of Stakeholder" refid="_18_4_62501eb_1477080401025_592823_46526"/><associationclass classType="AssociationClass" humanType="Association Class" icon="ConceptLibrary_files/icon_associationclass_1255445356.png" isRelationship="true" name="Observability" refid="_18_1_3ba019e_1431035679778_254067_12891"/><associationclass classType="AssociationClass" humanType="Association Class" icon="ConceptLibrary_files/icon_associationclass_1255445356.png" isRelationship="true" name="Observation" refid="_18_4_62501eb_1477084583387_408082_49728"/><class classType="Class" humanType="Class" icon="ConceptLibrary_files/icon_class_1769227988.png" name="Obtain Ability" refid="_18_1_3ba019e_1441985807395_219447_6646"/><class classType="Class" humanType="Class" icon="ConceptLibrary_files/icon_class_1769227988.png" name="Occurrence" refid="_17_0_5_1_7b3022e_1398294216796_903071_6610"/><class classType="Class" humanType="Class" icon="ConceptLibrary_files/icon_class_1769227988.png" name="Occurrence Pattern" refid="_17_0_5_1_3ba019e_1407877662057_782630_4220"/><class classType="Class" humanType="Class" icon="ConceptLibrary_files/icon_class_1769227988.png" name="Open Information" refid="_18_2_62501eb_1455753644530_725419_8968"/><associationclass classType="AssociationClass" humanType="Association Class" icon="ConceptLibrary_files/icon_associationclass_1255445356.png" isRelationship="true" name="Opening in a Boundary" refid="_18_4_62501eb_1476999994193_750073_33256"/><associationclass classType="AssociationClass" humanType="Association Class" icon="ConceptLibrary_files/icon_associationclass_1255445356.png" isRelationship="true" name="Operating Location" refid="_18_4_62501eb_1477078299686_709584_43971"/><class classType="Class" humanType="Class" icon="ConceptLibrary_files/icon_class_1769227988.png" name="Operational Control" refid="_17_0_5_1_3ba019e_1407452267066_776903_11252"/><class classType="Class" humanType="Class" icon="ConceptLibrary_files/icon_class_1769227988.png" name="Opportunity" refid="_17_0_5_1_3ba019e_1407439004222_946325_4256"/><class classType="Class" humanType="Class" icon="ConceptLibrary_files/icon_class_1769227988.png" name="OR Condition" refid="_18_2_62501eb_1455822788580_159800_10580"/><associationclass classType="AssociationClass" humanType="Association Class" icon="ConceptLibrary_files/icon_associationclass_1255445356.png" isRelationship="true" name="Output" refid="_18_4_62501eb_1476382630270_100592_38774"/><class classType="Class" humanType="Class" icon="ConceptLibrary_files/icon_class_1769227988.png" name="Owned Property Type" refid="_18_4_62501eb_1474479659549_713204_9829"/><associationclass classType="AssociationClass" humanType="Association Class" icon="ConceptLibrary_files/icon_associationclass_1255445356.png" isRelationship="true" name="Ownership Control" refid="_18_1_3ba019e_1445543931434_520475_38212"/><class classType="Class" humanType="Class" icon="ConceptLibrary_files/icon_class_1769227988.png" name="Package" refid="_18_0_2_3ba019e_1422823517742_603183_6093"/><associationclass classType="AssociationClass" humanType="Association Class" icon="ConceptLibrary_files/icon_associationclass_1255445356.png" isRelationship="true" name="Part of Organization" refid="_18_4_62501eb_1477089379731_696867_51429"/><class classType="Class" humanType="Class" icon="ConceptLibrary_files/icon_class_1769227988.png" name="Part Variable" refid="_18_4_62501eb_1474490561639_754057_10861"/><associationclass classType="AssociationClass" humanType="Association Class" icon="ConceptLibrary_files/icon_associationclass_1255445356.png" isRelationship="true" name="Parthood" refid="_18_4_62501eb_1475006724075_749113_38693"/><class classType="Class" humanType="Class" icon="ConceptLibrary_files/icon_class_1769227988.png" name="Past Situation" refid="_17_0_5_1_3ba019e_1407439004196_420186_4234"/><class classType="Class" humanType="Class" icon="ConceptLibrary_files/icon_class_1769227988.png" name="Pattern" refid="_17_0_4_1_7b3022e_1388872049081_627218_5350"/><class classType="Class" humanType="Class" icon="ConceptLibrary_files/icon_class_1769227988.png" name="Pattern of Type" refid="_18_4_62501eb_1474478029798_682335_9176"/><class classType="Class" humanType="Class" icon="ConceptLibrary_files/icon_class_1769227988.png" name="Pattern Variable" refid="_18_2_62501eb_1460132559963_615610_9291"/><class classType="Class" humanType="Class" icon="ConceptLibrary_files/icon_class_1769227988.png" name="Pause Process" refid="_18_2_62501eb_1455753313834_835236_8794"/><associationclass classType="AssociationClass" humanType="Association Class" icon="ConceptLibrary_files/icon_associationclass_1255445356.png" isRelationship="true" name="Performance" refid="_18_4_62501eb_1475006999465_255813_40275"/><associationclass classType="AssociationClass" humanType="Association Class" icon="ConceptLibrary_files/icon_associationclass_1255445356.png" isRelationship="true" name="Permission" refid="_18_2_62501eb_1455752528358_224895_8435"/><associationclass classType="AssociationClass" humanType="Association Class" icon="ConceptLibrary_files/icon_associationclass_1255445356.png" isRelationship="true" name="Perpetrate" refid="_18_4_62501eb_1477174249395_894559_35592"/><associationclass classType="AssociationClass" humanType="Association Class" icon="ConceptLibrary_files/icon_associationclass_1255445356.png" isRelationship="true" name="Person at location" refid="_18_1_3ba019e_1431366309527_621966_6118"/><class classType="Class" humanType="Class" icon="ConceptLibrary_files/icon_class_1769227988.png" name="Phase Type" refid="_17_0_4_1_7b3022e_1389479262852_199293_3996"/><associationclass classType="AssociationClass" humanType="Association Class" icon="ConceptLibrary_files/icon_associationclass_1255445356.png" isRelationship="true" name="Physical Boundary" refid="_18_4_62501eb_1477067466280_600527_41769"/><associationclass classType="AssociationClass" humanType="Association Class" icon="ConceptLibrary_files/icon_associationclass_1255445356.png" isRelationship="true" name="Physical Containment" refid="_18_4_62501eb_1476826059855_20495_18641"/><class classType="Class" humanType="Class" icon="ConceptLibrary_files/icon_class_1769227988.png" name="Physical Package" refid="_18_2_62501eb_1463087134636_886504_6239"/><class classType="Class" humanType="Class" icon="ConceptLibrary_files/icon_class_1769227988.png" name="Physical System Failure" refid="_18_1_3ba019e_1431045899651_964080_7414"/><class classType="Class" humanType="Class" icon="ConceptLibrary_files/icon_class_1769227988.png" name="Physical Vulnerability" refid="_18_2_62501eb_1457031490208_101516_12313"/><associationclass classType="AssociationClass" humanType="Association Class" icon="ConceptLibrary_files/icon_associationclass_1255445356.png" isRelationship="true" name="Place of Occurrance" refid="_18_4_62501eb_1475619224305_451219_22074"/><class classType="Class" humanType="Class" icon="ConceptLibrary_files/icon_class_1769227988.png" name="Plan" refid="_17_0_5_1_3ba019e_1407876845478_265504_4108"/><associationclass classType="AssociationClass" humanType="Association Class" icon="ConceptLibrary_files/icon_associationclass_1255445356.png" isRelationship="true" name="Point Of Entry" refid="_18_4_62501eb_1477000029969_730873_33355"/><associationclass classType="AssociationClass" humanType="Association Class" icon="ConceptLibrary_files/icon_associationclass_1255445356.png" isRelationship="true" name="Possession" refid="_18_1_3ba019e_1445543876186_866011_38166"/><class classType="Class" humanType="Class" icon="ConceptLibrary_files/icon_class_1769227988.png" name="Possible Actions" refid="_18_2_62501eb_1455754019411_980730_9138"/><class classType="Class" humanType="Class" icon="ConceptLibrary_files/icon_class_1769227988.png" name="Potential Situation" refid="_17_0_5_1_3ba019e_1407439004195_602848_4233"/><associationclass classType="AssociationClass" humanType="Association Class" icon="ConceptLibrary_files/icon_associationclass_1255445356.png" isRelationship="true" name="Prediction" refid="_18_4_62501eb_1477145241959_187937_55042"/><class classType="Class" humanType="Class" icon="ConceptLibrary_files/icon_class_1769227988.png" name="Process Action" refid="_18_2_62501eb_1455753176179_967265_8721"/><associationclass classType="AssociationClass" humanType="Association Class" icon="ConceptLibrary_files/icon_associationclass_1255445356.png" isRelationship="true" name="Process Decomposition" refid="_18_4_62501eb_1476391179447_460515_43967"/><class classType="Class" humanType="Class" icon="ConceptLibrary_files/icon_class_1769227988.png" name="Process Failure" refid="_18_2_62501eb_1458222896662_418656_8659"/><class classType="Class" humanType="Class" icon="ConceptLibrary_files/icon_class_1769227988.png" name="Product Kind" refid="_18_4_62501eb_1477072176400_458768_42686"/><associationclass classType="AssociationClass" humanType="Association Class" icon="ConceptLibrary_files/icon_associationclass_1255445356.png" isRelationship="true" name="Product of Supplier" refid="_18_4_62501eb_1477072219376_54648_42759"/><associationclass classType="AssociationClass" humanType="Association Class" icon="ConceptLibrary_files/icon_associationclass_1255445356.png" isRelationship="true" name="Production" refid="_18_4_62501eb_1477071800652_940268_42581"/><class classType="Class" humanType="Class" icon="ConceptLibrary_files/icon_class_1769227988.png" name="Program" refid="_18_1_3ba019e_1444340080308_982279_29498"/><class classType="Class" humanType="Class" icon="ConceptLibrary_files/icon_class_412694050.png" name="Property Constraint" refid="_18_2_62501eb_1460747129931_997880_9089"/><class classType="Class" humanType="Class" icon="ConceptLibrary_files/icon_class_412694050.png" name="Property Owner Type" refid="_18_4_62501eb_1474827090705_485497_38285"/><class classType="Class" humanType="Class" icon="ConceptLibrary_files/icon_class_1769227988.png" name="Property Restriction" refid="_18_5_2_62501eb_1514676275320_64555_7346"/><class classType="Class" humanType="Class" icon="ConceptLibrary_files/icon_class_1769227988.png" name="Property Transitivity Constraint" refid="_18_2_62501eb_1460747242379_518230_9186"/><class classType="Class" humanType="Class" icon="ConceptLibrary_files/icon_class_412694050.png" name="Property Type" refid="_18_2_62501eb_1460131846814_348374_8871"/><class classType="Class" humanType="Class" icon="ConceptLibrary_files/icon_class_1769227988.png" name="Proposition Variable" refid="_18_2_62501eb_1463148363460_741507_6268"/><associationclass classType="AssociationClass" humanType="Association Class" icon="ConceptLibrary_files/icon_associationclass_1255445356.png" isRelationship="true" name="Protection" refid="_18_4_62501eb_1477000091292_949813_33793"/><associationclass classType="AssociationClass" humanType="Association Class" icon="ConceptLibrary_files/icon_associationclass_1255445356.png" isRelationship="true" name="Providing" refid="_18_4_62501eb_1477171397028_283079_32659"/><class classType="Class" humanType="Class" icon="ConceptLibrary_files/icon_class_1769227988.png" name="Proxy Property Type" refid="_18_5_3_62501eb_1524339034872_802229_7203"/><class classType="Class" humanType="Class" icon="ConceptLibrary_files/icon_class_1769227988.png" name="Quantity kind" refid="_17_0_4_1_7b3022e_1387296909426_899377_4696"/><class classType="Class" humanType="Class" icon="ConceptLibrary_files/icon_class_1769227988.png" name="Read Information" refid="_18_2_62501eb_1455753611939_599958_8899"/><associationclass classType="AssociationClass" humanType="Association Class" icon="ConceptLibrary_files/icon_associationclass_1255445356.png" isRelationship="true" name="Recieving Container" refid="_18_4_62501eb_1476813658793_763772_14293"/><class classType="Class" humanType="Class" icon="ConceptLibrary_files/icon_class_1769227988.png" name="Relationship" refid="_18_2_62501eb_1455059319516_449197_4668"/><class classType="Class" humanType="Class" icon="ConceptLibrary_files/icon_class_1769227988.png" name="Relationship Type" refid="_18_2_62501eb_1455059185133_581077_4611"/><class classType="Class" humanType="Class" icon="ConceptLibrary_files/icon_class_1769227988.png" name="Relocation" refid="_18_2_62501eb_1457723562647_789535_8839"/><class classType="Class" humanType="Class" icon="ConceptLibrary_files/icon_class_1769227988.png" name="Removal Event" refid="_18_4_62501eb_1476814143117_636378_15048"/><class classType="Class" humanType="Class" icon="ConceptLibrary_files/icon_class_1769227988.png" name="Remove Information" refid="_18_4_62501eb_1477063453936_152043_39051"/><class classType="Class" humanType="Class" icon="ConceptLibrary_files/icon_class_1769227988.png" name="Representation Rule" refid="_18_2_62501eb_1463000475717_646101_6226"/><associationclass classType="AssociationClass" humanType="Association Class" icon="ConceptLibrary_files/icon_associationclass_1255445356.png" isRelationship="true" name="Residency" refid="_18_4_62501eb_1477078334769_298991_44055"/><class classType="Class" humanType="Class" icon="ConceptLibrary_files/icon_class_1769227988.png" name="Resource Actions" refid="_18_2_62501eb_1457041047832_902226_14639"/><associationclass classType="AssociationClass" humanType="Association Class" icon="ConceptLibrary_files/icon_associationclass_1255445356.png" isRelationship="true" name="Resource Dependency" refid="_18_4_62501eb_1476229033328_866003_15641"/><class classType="Class" humanType="Class" icon="ConceptLibrary_files/icon_class_1769227988.png" name="Response" refid="_18_4_1_62501eb_1486055869175_387609_14846"/><class classType="Class" humanType="Class" icon="ConceptLibrary_files/icon_class_1769227988.png" name="Restriction Type" refid="_18_4_1_62501eb_1504913484670_161062_9578"/><associationclass classType="AssociationClass" humanType="Association Class" icon="ConceptLibrary_files/icon_associationclass_1255445356.png" isRelationship="true" name="Risk To Resource" refid="_18_4_62501eb_1477408609324_847274_17917"/><associationclass classType="AssociationClass" humanType="Association Class" icon="ConceptLibrary_files/icon_associationclass_1255445356.png" isRelationship="true" name="Risk Topic" refid="_18_4_62501eb_1477407075188_885092_15982"/><associationclass classType="AssociationClass" humanType="Association Class" icon="ConceptLibrary_files/icon_associationclass_1255445356.png" isRelationship="true" name="Risk Treatment" refid="_18_4_62501eb_1477409684309_528028_18701"/><class classType="Class" humanType="Class" icon="ConceptLibrary_files/icon_class_1769227988.png" name="Role Type" refid="_17_0_4_1_7b3022e_1389191958859_78146_8140"/><associationclass classType="AssociationClass" humanType="Association Class" icon="ConceptLibrary_files/icon_associationclass_1255445356.png" isRelationship="true" name="Safeguarding" refid="_18_4_62501eb_1477256081205_776408_36055"/><class classType="Class" humanType="Class" icon="ConceptLibrary_files/icon_class_1769227988.png" name="Safety Impact" refid="_18_2_62501eb_1457039796372_384219_14041"/><class classType="Class" humanType="Class" icon="ConceptLibrary_files/icon_class_1769227988.png" name="Scenario" refid="_18_0_2_3ba019e_1423002863201_69234_6174"/><class classType="Class" humanType="Class" icon="ConceptLibrary_files/icon_class_1769227988.png" name="Scenario Step" refid="_18_4_1_62501eb_1488215945297_876476_13665"/><associationclass classType="AssociationClass" humanType="Association Class" icon="ConceptLibrary_files/icon_associationclass_1255445356.png" isRelationship="true" name="Sighting" refid="_18_4_62501eb_1477332694959_512588_22843"/><associationclass classType="AssociationClass" humanType="Association Class" icon="ConceptLibrary_files/icon_associationclass_1255445356.png" isRelationship="true" name="Sighting Indicates Situation" refid="_18_4_62501eb_1477256744723_571051_38319"/><class classType="Class" humanType="Class" icon="ConceptLibrary_files/icon_class_412694050.png" name="Situation" refid="_18_1_3ba019e_1430349228247_211772_4675"/><class classType="Class" humanType="Class" icon="ConceptLibrary_files/icon_class_1769227988.png" name="Situation Type" refid="_17_0_3_7b3022e_1331156944402_964647_1916"/><class classType="Class" humanType="Class" icon="ConceptLibrary_files/icon_class_1769227988.png" name="Software" refid="_18_0_2_3ba019e_1423415290335_391037_10794"/><class classType="Class" humanType="Class" icon="ConceptLibrary_files/icon_class_1769227988.png" name="Software Vulnerability" refid="_18_2_62501eb_1457029191074_499353_11942"/><associationclass classType="AssociationClass" humanType="Association Class" icon="ConceptLibrary_files/icon_associationclass_1255445356.png" isRelationship="true" name="Source of Harm" refid="_18_4_62501eb_1477079878380_677874_45779"/><associationclass classType="AssociationClass" humanType="Association Class" icon="ConceptLibrary_files/icon_associationclass_1255445356.png" isRelationship="true" name="Stakeholder Desirability" refid="_17_0_5_1_3ba019e_1407439004205_698351_4254"/><associationclass classType="AssociationClass" humanType="Association Class" icon="ConceptLibrary_files/icon_associationclass_1255445356.png" isRelationship="true" name="Stakeholder Risk" refid="_18_2_62501eb_1457711850157_688340_8183"/><class classType="Class" humanType="Class" icon="ConceptLibrary_files/icon_class_1769227988.png" name="State" refid="_17_0_5_1_7b3022e_1400505093427_253129_4793"/><associationclass classType="AssociationClass" humanType="Association Class" icon="ConceptLibrary_files/icon_associationclass_1255445356.png" isRelationship="true" name="Step in Scenario" refid="_18_4_1_62501eb_1488476424056_559832_15588"/><class classType="Class" humanType="Class" icon="ConceptLibrary_files/icon_class_1769227988.png" name="Stop Process" refid="_18_2_62501eb_1455753326075_448347_8817"/><associationclass classType="AssociationClass" humanType="Association Class" icon="ConceptLibrary_files/icon_associationclass_1255445356.png" isRelationship="true" name="Strenthened Actor" refid="_18_4_62501eb_1476482173735_606381_71736"/><class classType="Class" humanType="Class" icon="ConceptLibrary_files/icon_class_1769227988.png" name="Structured Value Type" refid="_18_3_62501eb_1464992303345_629488_6304"/><associationclass classType="AssociationClass" humanType="Association Class" icon="ConceptLibrary_files/icon_associationclass_1255445356.png" isRelationship="true" name="Subject to Authority" refid="_18_1_3ba019e_1445543771788_822272_38055"/><class classType="Class" humanType="Class" icon="ConceptLibrary_files/icon_class_1769227988.png" name="Subsystem" refid="_18_2_62501eb_1457724629870_598896_9133"/><associationclass classType="AssociationClass" humanType="Association Class" icon="ConceptLibrary_files/icon_associationclass_1255445356.png" isRelationship="true" name="Supplying Container" refid="_18_4_62501eb_1476813703514_479895_14408"/><associationclass classType="AssociationClass" humanType="Association Class" icon="ConceptLibrary_files/icon_associationclass_1255445356.png" isRelationship="true" name="Supporting Condition" refid="_18_4_62501eb_1477190451804_279955_24119"/><class classType="Class" humanType="Class" icon="ConceptLibrary_files/icon_class_1769227988.png" name="System" refid="_18_1_3ba019e_1443219138259_343165_8591"/><class classType="Class" humanType="Class" icon="ConceptLibrary_files/icon_class_1769227988.png" name="System Failure" refid="_18_1_3ba019e_1431038205058_908512_6588"/><class classType="Class" humanType="Class" icon="ConceptLibrary_files/icon_class_1769227988.png" name="System of Units" refid="_18_2_62501eb_1462983250498_707257_7949"/><associationclass classType="AssociationClass" humanType="Association Class" icon="ConceptLibrary_files/icon_associationclass_1255445356.png" isRelationship="true" name="Target of Attack" refid="_18_4_62501eb_1477241036718_432908_28884"/><class classType="Class" humanType="Class" icon="ConceptLibrary_files/icon_class_1769227988.png" name="Technical Control" refid="_18_4_1_62501eb_1488295695349_768699_12792"/><associationclass classType="AssociationClass" humanType="Association Class" icon="ConceptLibrary_files/icon_associationclass_1255445356.png" isRelationship="true" name="Temporal Part" refid="_18_4_62501eb_1475006864703_988571_39509"/><associationclass classType="AssociationClass" humanType="Association Class" icon="ConceptLibrary_files/icon_associationclass_1255445356.png" isRelationship="true" name="Temporally Related" refid="_18_4_62501eb_1475003367351_413248_37759"/><class classType="Class" humanType="Class" icon="ConceptLibrary_files/icon_class_1769227988.png" name="Threat" refid="_18_0_2_3ba019e_1423093765571_472925_7695"/><class classType="Class" humanType="Class" icon="ConceptLibrary_files/icon_class_1769227988.png" name="Time Scale" refid="_18_4_62501eb_1475246107095_328378_18388"/><class classType="Class" humanType="Class" icon="ConceptLibrary_files/icon_class_1769227988.png" name="Transfer Ability" refid="_17_0_5_1_7b3022e_1398371871274_325203_7226"/><class classType="Class" humanType="Class" icon="ConceptLibrary_files/icon_class_1769227988.png" name="Transfer Information" refid="_17_0_5_1_7b3022e_1400514797410_126109_5584"/><class classType="Class" humanType="Class" icon="ConceptLibrary_files/icon_class_1769227988.png" name="Transport Impact" refid="_18_1_3ba019e_1431037243307_321808_6171"/><class classType="Class" humanType="Class" icon="ConceptLibrary_files/icon_class_1769227988.png" name="Traversal" refid="_17_0_4_1_7b3022e_1389392341191_550762_4345"/><class classType="Class" humanType="Class" icon="ConceptLibrary_files/icon_class_412694050.png" name="Type" refid="_17_0_3_7b3022e_1331156699146_272050_1846"/><class classType="Class" humanType="Class" icon="ConceptLibrary_files/icon_class_412694050.png" name="Type Constraint" refid="_18_2_62501eb_1455135432350_161525_6761"/><class classType="Class" humanType="Class" icon="ConceptLibrary_files/icon_class_412694050.png" name="Type Pattern Variable" refid="_18_4_62501eb_1474559298836_924129_11998"/><class classType="Class" humanType="Class" icon="ConceptLibrary_files/icon_class_1769227988.png" name="Undesirable Condition" refid="_17_0_5_1_3ba019e_1407439004192_140695_4227"/><class classType="Class" humanType="Class" icon="ConceptLibrary_files/icon_class_412694050.png" name="Undesirable Event" refid="_18_1_3ba019e_1442441583766_86043_7842"/><class classType="Class" humanType="Class" icon="ConceptLibrary_files/icon_class_1769227988.png" name="Undesirable Situation" refid="_18_0_2_3ba019e_1423003367305_105313_6272"/><class classType="Class" humanType="Class" icon="ConceptLibrary_files/icon_class_1769227988.png" name="Unintentional Threat" refid="_18_2_62501eb_1457818851969_859595_9098"/><class classType="Class" humanType="Class" icon="ConceptLibrary_files/icon_class_1769227988.png" name="Union Type" refid="_18_1_3ba019e_1430756737301_270309_6817"/><class classType="Class" humanType="Class" icon="ConceptLibrary_files/icon_class_1769227988.png" name="Uniqueness Constraint" refid="_17_0_4_1_7b3022e_1388784145474_875255_4552"/><class classType="Class" humanType="Class" icon="ConceptLibrary_files/icon_class_1769227988.png" name="Unit Type" refid="_17_0_4_1_7b3022e_1387297045500_715407_4762"/><associationclass classType="AssociationClass" humanType="Association Class" icon="ConceptLibrary_files/icon_associationclass_1255445356.png" isRelationship="true" name="Usage" refid="_18_4_62501eb_1476380351583_626527_37221"/><class classType="Class" humanType="Class" icon="ConceptLibrary_files/icon_class_1769227988.png" name="Value Type" refid="_18_2_62501eb_1455132121248_399046_5600"/><class classType="Class" humanType="Class" icon="ConceptLibrary_files/icon_class_1769227988.png" name="Vulnerability" refid="_17_0_5_1_3ba019e_1407453982548_728391_12545"/><associationclass classType="AssociationClass" humanType="Association Class" icon="ConceptLibrary_files/icon_associationclass_1255445356.png" isRelationship="true" name="Vulnerability of Resource" refid="_18_4_62501eb_1477252060975_896614_32576"/><associationclass classType="AssociationClass" humanType="Association Class" icon="ConceptLibrary_files/icon_associationclass_1255445356.png" isRelationship="true" name="Watch" refid="_18_4_62501eb_1477256260978_420920_36427"/><associationclass classType="AssociationClass" humanType="Association Class" icon="ConceptLibrary_files/icon_associationclass_1255445356.png" isRelationship="true" name="Weakened Actor" refid="_18_4_62501eb_1476811888680_627353_13516"/><associationclass classType="AssociationClass" humanType="Association Class" icon="ConceptLibrary_files/icon_associationclass_1255445356.png" isRelationship="true" name="Weapon Leverages Vulnerability" refid="_18_4_62501eb_1477154418958_39708_82953"/><associationclass classType="AssociationClass" humanType="Association Class" icon="ConceptLibrary_files/icon_associationclass_1255445356.png" isRelationship="true" name="When" refid="_17_0_5_1_3ba019e_1408481200231_960761_4421"/><class classType="Class" humanType="Class" icon="ConceptLibrary_files/icon_class_1769227988.png" name="Whitelist Indicator" refid="_18_1_3ba019e_1444947041917_821822_7798"/><associationclass classType="AssociationClass" humanType="Association Class" icon="ConceptLibrary_files/icon_associationclass_1255445356.png" isRelationship="true" name="Witnessing" refid="_18_4_62501eb_1477331776245_62609_21037"/><class classType="Class" humanType="Class" icon="ConceptLibrary_files/icon_class_1769227988.png" name="XOR Condition" refid="_18_2_62501eb_1455822843164_678373_10626"/></allSpecificClassifiers><documentation humanName="Documentation">Lexical context represents a lexical scope that is also a context - asserting the contained elements</documentation><documentation humanName="Documentation" mode="standard">Lexical context represents a lexical scope that is also a context - asserting the contained elements</documentation><effectiveIRI humanName="Effective IRI">https://www.omg.org/spec/SMIF/LexicalScope#LexicalContext</effectiveIRI><generalization humanName="Generalization"><generalization classType="Generalization" humanType="Generalization" icon="ConceptLibrary_files/icon_generalization_212232499.png" isRelationship="true" refid="_18_4_1_62501eb_1504294788105_553684_7290"/><generalization classType="Generalization" humanType="Generalization" icon="ConceptLibrary_files/icon_generalization_212232499.png" isRelationship="true" refid="_18_5_3_62501eb_1527090623465_743966_8157"/></generalization><inheritedMember humanName="Inherited Member"><diagram classType="Diagram" humanType="Diagram" icon="ConceptLibrary_files/icon_Class Diagram_505751443.png" name="Context Detail" refid="_18_1_3ba019e_1430749149449_614203_5109"/><diagram classType="Diagram" humanType="Diagram" icon="ConceptLibrary_files/icon_Class Diagram_505751443.png" name="Proposition Detail" refid="_18_4_62501eb_1476372124532_248366_8882"/><diagram classType="Diagram" humanType="Diagram" icon="ConceptLibrary_files/icon_Class Diagram_505751443.png" name="Thing Detail" refid="_18_4_62501eb_1474827775223_682407_38836"/></inheritedMember><isAbstract humanName="Is Abstract" mode="s,e">false</isAbstract><isActive humanName="Is Active" mode="s,e">false</isActive><isFinalSpecialization humanName="Is Final Specialization" mode="e">false</isFinalSpecialization><isLeaf humanName="Is Leaf" mode="e">false</isLeaf><member humanName="Member"><diagram classType="Diagram" humanType="Diagram" icon="ConceptLibrary_files/icon_Class Diagram_505751443.png" name="Context Detail" refid="_18_1_3ba019e_1430749149449_614203_5109"/><diagram classType="Diagram" humanType="Diagram" icon="ConceptLibrary_files/icon_Class Diagram_505751443.png" name="Proposition Detail" refid="_18_4_62501eb_1476372124532_248366_8882"/><diagram classType="Diagram" humanType="Diagram" icon="ConceptLibrary_files/icon_Class Diagram_505751443.png" name="Thing Detail" refid="_18_4_62501eb_1474827775223_682407_38836"/></member><name humanName="Name" mode="s,e">Lexical Context</name><namespace classType="Package" humanName="Namespace" humanType="Package" icon="ConceptLibrary_files/icon_package_467146800.png" name="Lexical Scope" refid="_17_0_4_1_7b3022e_1387036286878_479470_3903"/><ownedComment humanName="Owned Comment"><comment classType="Comment" humanType="Comment" icon="ConceptLibrary_files/icon_comment_1609735765.png" refid="_18_2_62501eb_1460987153158_753802_5312"/></ownedComment><ownedElement humanName="Owned Element"><generalization classType="Generalization" humanType="Generalization" icon="ConceptLibrary_files/icon_generalization_212232499.png" isRelationship="true" refid="_18_4_1_62501eb_1504294788105_553684_7290"/><generalization classType="Generalization" humanType="Generalization" icon="ConceptLibrary_files/icon_generalization_212232499.png" isRelationship="true" refid="_18_5_3_62501eb_1527090623465_743966_8157"/><comment classType="Comment" humanType="Comment" icon="ConceptLibrary_files/icon_comment_1609735765.png" refid="_18_2_62501eb_1460987153158_753802_5312"/></ownedElement><owner classType="Package" humanName="Owner" humanType="Package" icon="ConceptLibrary_files/icon_package_467146800.png" mode="s,e" name="Lexical Scope" refid="_17_0_4_1_7b3022e_1387036286878_479470_3903"/><owningPackage classType="Package" humanName="Owning Package" humanType="Package" icon="ConceptLibrary_files/icon_package_467146800.png" name="Lexical Scope" refid="_17_0_4_1_7b3022e_1387036286878_479470_3903"/><package classType="Package" humanName="Package" humanType="Package" icon="ConceptLibrary_files/icon_package_467146800.png" name="Lexical Scope" refid="_17_0_4_1_7b3022e_1387036286878_479470_3903"/><qualifiedName humanName="Qualified Name" mode="e">SMIF Conceptual Model::Lexical Scope::Lexical Context</qualifiedName><specificClassifier humanName="Specific Classifier"><class classType="Class" humanType="Class" icon="ConceptLibrary_files/icon_class_412694050.png" name="Identifiable Property Owner" refid="_18_4_62501eb_1474825952747_216281_38238"/><class classType="Class" humanType="Class" icon="ConceptLibrary_files/icon_class_1769227988.png" name="Information Repository" refid="_18_4_1_62501eb_1503242060030_772575_6879"/><class classType="Class" humanType="Class" icon="ConceptLibrary_files/icon_class_1769227988.png" name="Namespace" refid="_18_3_62501eb_1473958574816_956947_6732"/><class classType="Class" humanType="Class" icon="ConceptLibrary_files/icon_class_1769227988.png" name="Package" refid="_18_0_2_3ba019e_1422823517742_603183_6093"/><class classType="Class" humanType="Class" icon="ConceptLibrary_files/icon_class_1769227988.png" name="Pattern" refid="_17_0_4_1_7b3022e_1388872049081_627218_5350"/><class classType="Class" humanType="Class" icon="ConceptLibrary_files/icon_class_412694050.png" name="Situation" refid="_18_1_3ba019e_1430349228247_211772_4675"/><class classType="Class" humanType="Class" icon="ConceptLibrary_files/icon_class_412694050.png" name="Type" refid="_17_0_3_7b3022e_1331156699146_272050_1846"/></specificClassifier><superClass humanName="Super Class"><class classType="Class" humanType="Class" icon="ConceptLibrary_files/icon_class_1769227988.png" name="Lexical Scope" refid="_18_4_1_62501eb_1502394944731_837726_9021"/><class classType="Class" humanType="Class" icon="ConceptLibrary_files/icon_class_1769227988.png" name="Scoped Context" refid="_18_5_3_62501eb_1527086128974_510931_15787"/></superClass><TO_DO humanName="To Do" mode="s,e"/><visibility humanName="Visibility" mode="e">public</visibility><appearsIn><diagram classType="Diagram" humanType="Diagram" icon="ConceptLibrary_files/icon_Generic Table_1568169108.png" name="Concept Library Classes" refid="_18_4_1_62501eb_1495298309386_966735_15952"/><diagram classType="Diagram" humanType="Diagram" icon="ConceptLibrary_files/icon_Class Diagram_505751443.png" name="Lexical Scope" refid="_17_0_4_1_7b3022e_1387036296496_910243_3904"/><diagram classType="Diagram" humanType="Diagram" icon="ConceptLibrary_files/icon_Class Diagram_505751443.png" name="Properties" refid="_18_5_2_62501eb_1513115637985_541658_7377"/><diagram classType="Diagram" humanType="Diagram" icon="ConceptLibrary_files/icon_Class Diagram_505751443.png" name="Associations" refid="_18_4_62501eb_1475615471835_9755_16113"/><diagram classType="Diagram" humanType="Diagram" icon="ConceptLibrary_files/icon_Class Diagram_505751443.png" name="Thing Detail" refid="_18_4_62501eb_1474827775223_682407_38836"/><diagram classType="Diagram" humanType="Diagram" icon="ConceptLibrary_files/icon_Class Diagram_505751443.png" name="Identifiers" refid="_17_0_3_7b3022e_1331325699950_500370_6427"/><diagram classType="Diagram" humanType="Diagram" icon="ConceptLibrary_files/icon_Generic Table_1568169108.png" name="SMIF Classes" refid="_18_0_2_3ba019e_1422752494092_767389_8106"/><diagram classType="Diagram" humanType="Diagram" icon="ConceptLibrary_files/icon_Class Diagram_505751443.png" name="Patterns" refid="_18_1_3ba019e_1430504923984_157345_5551"/></appearsIn></class></magicdraw>