<?xml version="1.0" encoding="UTF-8"?><magicdraw><comment classType="Comment" humanType="Comment" icon="ConceptLibrary_files/icon_comment_1609735765.png" id="_17_0_5_1_3ba019e_1407439006215_542170_4634"><annotatedElement humanName="Annotated Element" mode="s,e"><class classType="Class" humanType="Class" icon="ConceptLibrary_files/icon_class_1769227988.png" name="Undesirable Condition" refid="_17_0_5_1_3ba019e_1407439004192_140695_4227"/></annotatedElement><body humanName="Body" mode="s,e">A role of a situation as an undesirable static situation (a condition, not something happening) that directly or indirectly does or may have detrimental consequences impacting the objectives of stakeholders. </body><documentation humanName="Documentation"/><owner classType="Class" humanName="Owner" humanType="Class" icon="ConceptLibrary_files/icon_class_1769227988.png" mode="s,e" name="Undesirable Condition" refid="_17_0_5_1_3ba019e_1407439004192_140695_4227"/><owningElement classType="Class" humanName="Owning Element" humanType="Class" icon="ConceptLibrary_files/icon_class_1769227988.png" name="Undesirable Condition" refid="_17_0_5_1_3ba019e_1407439004192_140695_4227"/><TO_DO humanName="To Do" mode="s,e"/></comment></magicdraw>