<?xml version="1.0" encoding="UTF-8"?><magicdraw><diagram classType="Diagram" diagramType="Class Diagram" height="355" humanType="Diagram" icon="ConceptLibrary_files/icon_Class Diagram_505751443.png" id="_17_0_5_1_7b3022e_1398543391064_321673_5771" src="ConceptLibrary_files/_17_0_5_1_7b3022e_1398543391064_321673_5771.png" width="859"><APPLIED_STEREOTYPES humanName="Applied Stereotype" mode="s,e"><stereotype classType="Stereotype" humanType="Stereotype" icon="ConceptLibrary_files/icon_stereotype_643587433.png" name="DiagramInfo" refid="_9_0_be00301_1108044380615_150487_0"/></APPLIED_STEREOTYPES><appliedStereotype humanName="Applied Stereotype" mode="s,e"><stereotype classType="Stereotype" humanType="Stereotype" icon="ConceptLibrary_files/icon_stereotype_643587433.png" name="DiagramInfo" refid="_9_0_be00301_1108044380615_150487_0"><property classType="Property" humanName="Author" humanType="Property" icon="ConceptLibrary_files/icon_property_736527975.png" name="Author" refid="_be00301_1077726770128_871366_1"><String>Cory-c</String></property><property classType="Property" humanName="Base_ Diagram" humanType="Property" icon="ConceptLibrary_files/icon_property_736527975.png" name="base_Diagram" refid="_10_0EAPbeta_be00301_1123081772498_901864_356"/><property classType="Property" humanName="Base_ Element" humanType="Property" icon="ConceptLibrary_files/icon_property_736527975.png" name="base_Element" refid="_10_0EAPbeta_be00301_1123081772098_411862_275"/><property classType="Property" humanName="Creation Date" humanType="Property" icon="ConceptLibrary_files/icon_property_736527975.png" name="Creation date" refid="_be00301_1073306188629_537791_2"><String>4/26/14 4:16 PM</String></property><property classType="Property" humanName="Last modified by" humanType="Property" icon="ConceptLibrary_files/icon_property_736527975.png" name="Last modified by" refid="_16_8beta_8ca0285_1257244649124_794756_344"><String>cory-</String></property><property classType="Property" humanName="Modification Date" humanType="Property" icon="ConceptLibrary_files/icon_property_736527975.png" name="Modification date" refid="_be00301_1073394345322_922552_1"><String>10/4/17 11:00 AM</String></property></stereotype></appliedStereotype><appliedStereotypeInstance classType="InstanceSpecification" humanName="Applied Stereotype Instance" humanType="Instance Specification" icon="ConceptLibrary_files/icon_instancespecification_1746117425.png" name=" : UML Standard Profile::MagicDraw Profile::DiagramInfo" refid="_17_0_5_1_7b3022e_1398543391068_558149_5782"/><documentation humanName="Documentation"/><map><area isNotContentShape="false" name="Property" refid="_18_3_62501eb_1473878056340_666080_6487" shape="rect" type="0"><point x="749" y="61"/><point x="760" y="61"/><point x="760" y="72"/><point x="749" y="72"/></area><area isNotContentShape="false" name="Property" refid="_18_3_62501eb_1473878056340_310203_6486" shape="rect" type="0"><point x="466" y="24"/><point x="477" y="24"/><point x="477" y="35"/><point x="466" y="35"/></area><area isNotContentShape="false" name="Property contains information" refid="_17_0_5_1_7b3022e_1398293780852_47219_6511" shape="rect" type="0"><point x="250" y="133"/><point x="261" y="133"/><point x="261" y="144"/><point x="250" y="144"/></area><area isNotContentShape="false" name="Property is in information structure" refid="_17_0_5_1_7b3022e_1398293780852_476202_6512" shape="rect" type="0"><point x="143" y="236"/><point x="154" y="236"/><point x="154" y="247"/><point x="143" y="247"/></area><area isNotContentShape="false" name="Property" refid="_18_4_62501eb_1477489450315_993800_13846" shape="rect" type="0"><point x="726" y="126"/><point x="737" y="126"/><point x="737" y="137"/><point x="726" y="137"/></area><area isNotContentShape="false" name="Property" refid="_18_4_62501eb_1477489450315_759144_13845" shape="rect" type="0"><point x="442" y="126"/><point x="453" y="126"/><point x="453" y="137"/><point x="442" y="137"/></area><area isNotContentShape="false" name="Property contains information" refid="_17_0_5_1_7b3022e_1398293780852_47219_6511" shape="rect" type="0"><point x="159" y="123"/><point x="258" y="123"/><point x="258" y="136"/><point x="159" y="136"/></area><area isNotContentShape="false" name="Property is in information structure" refid="_17_0_5_1_7b3022e_1398293780852_476202_6512" shape="rect" type="0"><point x="22" y="219"/><point x="146" y="219"/><point x="146" y="232"/><point x="22" y="232"/></area><area isNotContentShape="false" name="Generalization" refid="_17_0_5_1_7b3022e_1400513359841_43533_5526" shape="poly" type="0"><point x="174" y="294"/><point x="174" y="315"/><point x="172" y="317"/><point x="172" y="296"/></area><area isNotContentShape="false" name="Generalization" refid="_18_1_3ba019e_1447011342586_199442_8968" shape="poly" type="0"><point x="315" y="294"/><point x="315" y="315"/><point x="313" y="317"/><point x="313" y="296"/></area><area isNotContentShape="false" name="Generalization" refid="_18_4_62501eb_1477489284660_931607_13779" shape="poly" type="0"><point x="800" y="94"/><point x="800" y="119"/><point x="798" y="121"/><point x="798" y="96"/></area><area isNotContentShape="false" name="Generalization" refid="_18_4_62501eb_1477062640091_713767_38271" shape="poly" type="0"><point x="275" y="215"/><point x="275" y="245"/><point x="273" y="247"/><point x="273" y="217"/></area><area isNotContentShape="false" name="Generalization" refid="_17_0_5_1_7b3022e_1398372121187_780715_7317" shape="poly" type="0"><point x="342" y="214"/><point x="342" y="245"/><point x="340" y="247"/><point x="340" y="216"/></area><area isNotContentShape="false" name="Generalization" refid="_18_0_2_3ba019e_1423415309077_195096_10817" shape="poly" type="0"><point x="658" y="214"/><point x="658" y="245"/><point x="656" y="247"/><point x="656" y="216"/></area><area isNotContentShape="false" name="Generalization" refid="_18_4_62501eb_1476373202867_864227_29438" shape="poly" type="0"><point x="504" y="214"/><point x="504" y="245"/><point x="502" y="247"/><point x="502" y="216"/></area><area isNotContentShape="false" name="Association Class Contained Information" refid="_18_4_62501eb_1475012748832_591919_42796" shape="poly" type="0"><point x="151" y="137"/><point x="113" y="117"/><point x="111" y="119"/><point x="149" y="139"/></area><area isNotContentShape="false" name="Generalization" refid="_18_4_62501eb_1477491595687_904794_15660" shape="poly" type="0"><point x="286" y="54"/><point x="286" y="112"/><point x="284" y="114"/><point x="284" y="56"/></area><area isNotContentShape="false" name="Generalization" refid="_18_4_1_62501eb_1507129185575_228059_12322" shape="poly" type="0"><point x="398" y="45"/><point x="398" y="112"/><point x="396" y="114"/><point x="396" y="47"/></area><area isNotContentShape="false" name="Association Class Contained Information" refid="_18_4_62501eb_1475012748832_591919_42796" shape="poly" type="0"><point x="261" y="137"/><point x="149" y="137"/><point x="149" y="245"/><point x="147" y="247"/><point x="147" y="139"/><point x="259" y="139"/></area><area isNotContentShape="false" name="Association" refid="_18_3_62501eb_1473878056340_12332_6485" shape="poly" type="0"><point x="467" y="28"/><point x="755" y="28"/><point x="755" y="70"/><point x="753" y="72"/><point x="753" y="30"/><point x="465" y="30"/></area><area isNotContentShape="false" name="Association" refid="_18_4_62501eb_1477489450315_815848_13844" shape="poly" type="0"><point x="443" y="130"/><point x="737" y="130"/><point x="735" y="132"/><point x="441" y="132"/></area><area isNotContentShape="false" name="Diagram Metadata" refid="_18_4_62501eb_1477062534541_489774_37832" shape="rect" type="0"><point x="750" y="267"/><point x="814" y="267"/><point x="814" y="313"/><point x="750" y="313"/></area><area isNotContentShape="false" name="Class Software" refid="_18_0_2_3ba019e_1423415290335_391037_10794" shape="rect" type="0"><point x="617" y="246"/><point x="698" y="246"/><point x="698" y="271"/><point x="617" y="271"/></area><area isNotContentShape="false" name="Class Document" refid="_18_1_3ba019e_1447011334538_777187_8944" shape="rect" type="0"><point x="274" y="316"/><point x="355" y="316"/><point x="355" y="341"/><point x="274" y="341"/></area><area isNotContentShape="false" name="Class Container" refid="_18_4_62501eb_1476815365412_728782_15313" shape="rect" type="0"><point x="232" y="183"/><point x="313" y="183"/><point x="313" y="217"/><point x="232" y="217"/></area><area isNotContentShape="false" name="Class Resource" refid="_18_0_2_3ba019e_1423005240776_581290_6780" shape="rect" type="0"><point x="239" y="22"/><point x="320" y="22"/><point x="320" y="56"/><point x="239" y="56"/></area><area isNotContentShape="false" name="Class Entity Type" refid="_18_3_62501eb_1473877923428_756982_6439" shape="rect" type="0"><point x="743" y="71"/><point x="824" y="71"/><point x="824" y="96"/><point x="743" y="96"/></area><area isNotContentShape="false" name="Class Entity" refid="_17_0_3_7b3022e_1331156499953_68666_1704" shape="rect" type="0"><point x="365" y="22"/><point x="467" y="22"/><point x="467" y="47"/><point x="365" y="47"/></area><area isNotContentShape="false" name="Class Information Type" refid="_18_4_62501eb_1477489267961_98534_13751" shape="rect" type="0"><point x="736" y="120"/><point x="838" y="120"/><point x="838" y="145"/><point x="736" y="145"/></area><area isNotContentShape="false" name="Diagram Information Action" refid="_18_4_62501eb_1477064590040_328424_40251" shape="rect" type="0"><point x="729" y="204"/><point x="845" y="204"/><point x="845" y="250"/><point x="729" y="250"/></area><area isNotContentShape="false" name="Association Class Contained Information" refid="_18_4_62501eb_1475012748832_591919_42796" shape="rect" type="0"><point x="15" y="85"/><point x="146" y="85"/><point x="146" y="119"/><point x="15" y="119"/></area><area isNotContentShape="false" name="Class Information Repository" refid="_17_0_5_1_7b3022e_1398371288347_883883_7044" shape="rect" type="0"><point x="106" y="316"/><point x="241" y="316"/><point x="241" y="341"/><point x="106" y="341"/></area><area isNotContentShape="false" name="Property value" refid="_18_4_62501eb_1476373260590_119181_29439" shape="rect" type="0"><point x="431" y="277"/><point x="577" y="277"/><point x="577" y="290"/><point x="431" y="290"/></area><area isNotContentShape="false" name="Class Atomic Information Object" refid="_18_4_62501eb_1476373181381_570923_29410" shape="rect" type="0"><point x="428" y="246"/><point x="580" y="246"/><point x="580" y="296"/><point x="428" y="296"/></area><area isNotContentShape="false" name="Class Information Object" refid="_17_0_5_1_7b3022e_1398293735973_309772_6480" shape="rect" type="0"><point x="260" y="113"/><point x="443" y="113"/><point x="443" y="149"/><point x="260" y="149"/></area><area isNotContentShape="false" name="Class Structured Information Object" refid="_17_0_5_1_7b3022e_1398372106040_547030_7295" shape="rect" type="0"><point x="106" y="246"/><point x="373" y="246"/><point x="373" y="271"/><point x="106" y="271"/></area></map><name humanName="Name" mode="s,e">Information Objects</name><namespace classType="Package" humanName="Namespace" humanType="Package" icon="ConceptLibrary_files/icon_package_467146800.png" name="Information" refid="_17_0_5_1_7b3022e_1398543267655_95663_5770"/><ownedElement humanName="Owned Element"><instancespecification classType="InstanceSpecification" humanType="Instance Specification" icon="ConceptLibrary_files/icon_instancespecification_1746117425.png" name=" : UML Standard Profile::MagicDraw Profile::DiagramInfo" refid="_17_0_5_1_7b3022e_1398543391068_558149_5782"/></ownedElement><owner classType="Package" humanName="Owner" humanType="Package" icon="ConceptLibrary_files/icon_package_467146800.png" mode="s,e" name="Information" refid="_17_0_5_1_7b3022e_1398543267655_95663_5770"/><ownerOfDiagram classType="Package" humanName="Owner Of Diagram" humanType="Package" icon="ConceptLibrary_files/icon_package_467146800.png" name="Information" refid="_17_0_5_1_7b3022e_1398543267655_95663_5770"/><qualifiedName humanName="Qualified Name" mode="e">Concept Library::Information::Information Objects</qualifiedName><TO_DO humanName="To Do" mode="s,e"/><DIAGRAM_TYPE_DERIVED_PROPERTY humanName="Type">Class Diagram</DIAGRAM_TYPE_DERIVED_PROPERTY><visibility humanName="Visibility">public</visibility><appearsIn><diagram classType="Diagram" humanType="Diagram" icon="ConceptLibrary_files/icon_Class Diagram_505751443.png" name="Entity Kinds" refid="_17_0_5_1_3ba019e_1407442563738_166618_6892"/><diagram classType="Diagram" humanType="Diagram" icon="ConceptLibrary_files/icon_Class Diagram_505751443.png" name="Information Action" refid="_18_4_62501eb_1477064590040_328424_40251"/></appearsIn></diagram></magicdraw>