<?xml version="1.0" encoding="UTF-8"?><magicdraw><generalization classType="Generalization" humanType="Generalization" icon="ConceptLibrary_files/icon_generalization_212232499.png" id="_17_0_5_1_7b3022e_1398808761478_876_5544"><documentation humanName="Documentation"/><general classType="Class" humanName="General" humanType="Class" icon="ConceptLibrary_files/icon_class_1769227988.png" mode="s,e" name="Metric" refid="_17_0_5_1_3ba019e_1407440505391_715735_5650"/><isSubstitutable humanName="Is Substitutable">true</isSubstitutable><owner classType="Class" humanName="Owner" humanType="Class" icon="ConceptLibrary_files/icon_class_1769227988.png" mode="s,e" name="Probability Metric" refid="_17_0_5_1_7b3022e_1398808729920_445056_5379"/><relatedElement humanName="Related Element"><class classType="Class" humanType="Class" icon="ConceptLibrary_files/icon_class_1769227988.png" name="Metric" refid="_17_0_5_1_3ba019e_1407440505391_715735_5650"/><class classType="Class" humanType="Class" icon="ConceptLibrary_files/icon_class_1769227988.png" name="Probability Metric" refid="_17_0_5_1_7b3022e_1398808729920_445056_5379"/></relatedElement><source humanName="Source"><class classType="Class" humanType="Class" icon="ConceptLibrary_files/icon_class_1769227988.png" name="Probability Metric" refid="_17_0_5_1_7b3022e_1398808729920_445056_5379"/></source><specific classType="Class" humanName="Specific" humanType="Class" icon="ConceptLibrary_files/icon_class_1769227988.png" mode="s,e" name="Probability Metric" refid="_17_0_5_1_7b3022e_1398808729920_445056_5379"/><target humanName="Target"><class classType="Class" humanType="Class" icon="ConceptLibrary_files/icon_class_1769227988.png" name="Metric" refid="_17_0_5_1_3ba019e_1407440505391_715735_5650"/></target><TO_DO humanName="To Do" mode="s,e"/><appearsIn><diagram classType="Diagram" humanType="Diagram" icon="ConceptLibrary_files/icon_Class Diagram_505751443.png" name="Metric" refid="_18_4_62501eb_1478197181578_740711_19425"/><diagram classType="Diagram" humanType="Diagram" icon="ConceptLibrary_files/icon_Class Diagram_505751443.png" name="Quantities and units" refid="_17_0_5_1_7b3022e_1396735445040_264138_7682"/></appearsIn></generalization></magicdraw>