<?xml version="1.0" encoding="UTF-8"?><magicdraw><comment classType="Comment" humanType="Comment" icon="ConceptLibrary_files/icon_comment_1609735765.png" id="_17_0_4_1_7b3022e_1389197374639_721750_8481"><annotatedElement humanName="Annotated Element" mode="s,e"><association classType="Association" humanType="Association" icon="ConceptLibrary_files/icon_association_1781128159.png" isRelationship="true" name="Scope of Reference" refid="_17_0_4_1_7b3022e_1387043399732_19807_4959"/></annotatedElement><body humanName="Body" mode="s,e">Relationship defining internal or external context that are referenced by a lexical scope using a lexical reference.</body><documentation humanName="Documentation"/><owner classType="Association" humanName="Owner" humanType="Association" icon="ConceptLibrary_files/icon_association_1781128159.png" isRelationship="true" mode="s,e" name="Scope of Reference" refid="_17_0_4_1_7b3022e_1387043399732_19807_4959"/><owningElement classType="Association" humanName="Owning Element" humanType="Association" icon="ConceptLibrary_files/icon_association_1781128159.png" isRelationship="true" name="Scope of Reference" refid="_17_0_4_1_7b3022e_1387043399732_19807_4959"/><TO_DO humanName="To Do" mode="s,e"/></comment></magicdraw>