<?xml version="1.0" encoding="UTF-8"?><magicdraw><diagram classType="Diagram" diagramType="Class Diagram" height="541" humanType="Diagram" icon="ConceptLibrary_files/icon_Class Diagram_505751443.png" id="_17_0_3_7b3022e_1331220227969_859694_3490" src="ConceptLibrary_files/_17_0_3_7b3022e_1331220227969_859694_3490.png" width="740"><APPLIED_STEREOTYPES humanName="Applied Stereotype" mode="s,e"><stereotype classType="Stereotype" humanType="Stereotype" icon="ConceptLibrary_files/icon_stereotype_643587433.png" name="DiagramInfo" refid="_9_0_be00301_1108044380615_150487_0"/></APPLIED_STEREOTYPES><appliedStereotype humanName="Applied Stereotype" mode="s,e"><stereotype classType="Stereotype" humanType="Stereotype" icon="ConceptLibrary_files/icon_stereotype_643587433.png" name="DiagramInfo" refid="_9_0_be00301_1108044380615_150487_0"><property classType="Property" humanName="Author" humanType="Property" icon="ConceptLibrary_files/icon_property_736527975.png" name="Author" refid="_be00301_1077726770128_871366_1"><String>Cory-c</String></property><property classType="Property" humanName="Base_ Diagram" humanType="Property" icon="ConceptLibrary_files/icon_property_736527975.png" name="base_Diagram" refid="_10_0EAPbeta_be00301_1123081772498_901864_356"/><property classType="Property" humanName="Base_ Element" humanType="Property" icon="ConceptLibrary_files/icon_property_736527975.png" name="base_Element" refid="_10_0EAPbeta_be00301_1123081772098_411862_275"/><property classType="Property" humanName="Creation Date" humanType="Property" icon="ConceptLibrary_files/icon_property_736527975.png" name="Creation date" refid="_be00301_1073306188629_537791_2"><String>3/8/12 10:23 AM</String></property><property classType="Property" humanName="Last modified by" humanType="Property" icon="ConceptLibrary_files/icon_property_736527975.png" name="Last modified by" refid="_16_8beta_8ca0285_1257244649124_794756_344"><String>cory-</String></property><property classType="Property" humanName="Modification Date" humanType="Property" icon="ConceptLibrary_files/icon_property_736527975.png" name="Modification date" refid="_be00301_1073394345322_922552_1"><String>5/23/18 11:23 AM</String></property></stereotype></appliedStereotype><appliedStereotypeInstance classType="InstanceSpecification" humanName="Applied Stereotype Instance" humanType="Instance Specification" icon="ConceptLibrary_files/icon_instancespecification_1746117425.png" name=" : UML Standard Profile::MagicDraw Profile::DiagramInfo" refid="_17_0_3_7b3022e_1331220227971_178125_3502"/><documentation humanName="Documentation"/><documentation humanName="Documentation" mode="standard"/><map><area isNotContentShape="false" name="Property" refid="_18_1_3ba019e_1430349364976_382131_4825" shape="rect" type="0"><point x="184" y="451"/><point x="195" y="451"/><point x="195" y="462"/><point x="184" y="462"/></area><area isNotContentShape="false" name="Property" refid="_18_1_3ba019e_1430349364975_385613_4824" shape="rect" type="0"><point x="275" y="451"/><point x="286" y="451"/><point x="286" y="462"/><point x="275" y="462"/></area><area isNotContentShape="false" name="Property categorizes" refid="_17_0_3_7b3022e_1331182663023_529271_3110" shape="rect" type="0"><point x="207" y="44"/><point x="218" y="44"/><point x="218" y="55"/><point x="207" y="55"/></area><area isNotContentShape="false" name="Property has type" refid="_17_0_3_7b3022e_1331182663024_883830_3111" shape="rect" type="0"><point x="121" y="305"/><point x="132" y="305"/><point x="132" y="316"/><point x="121" y="316"/></area><area isNotContentShape="false" name="Property asserts" refid="_18_1_3ba019e_1430749398732_327565_5553" shape="rect" type="0"><point x="349" y="354"/><point x="360" y="354"/><point x="360" y="365"/><point x="349" y="365"/></area><area isNotContentShape="false" name="Property holds within" refid="_18_1_3ba019e_1430749398733_626292_5554" shape="rect" type="0"><point x="349" y="234"/><point x="360" y="234"/><point x="360" y="245"/><point x="349" y="245"/></area><area isNotContentShape="false" name="Property asserts" refid="_18_1_3ba019e_1430749398732_327565_5553" shape="rect" type="0"><point x="307" y="349"/><point x="352" y="349"/><point x="352" y="362"/><point x="307" y="362"/></area><area isNotContentShape="false" name="Property has type" refid="_17_0_3_7b3022e_1331182663024_883830_3111" shape="rect" type="0"><point x="74" y="300"/><point x="124" y="300"/><point x="124" y="313"/><point x="74" y="313"/></area><area isNotContentShape="false" name="Property categorizes" refid="_17_0_3_7b3022e_1331182663023_529271_3110" shape="rect" type="0"><point x="150" y="34"/><point x="215" y="34"/><point x="215" y="47"/><point x="150" y="47"/></area><area isNotContentShape="false" name="Property holds within" refid="_18_1_3ba019e_1430749398733_626292_5554" shape="rect" type="0"><point x="286" y="237"/><point x="352" y="237"/><point x="352" y="250"/><point x="286" y="250"/></area><area isNotContentShape="false" name="Generalization" refid="_17_0_3_7b3022e_1331360531516_472419_7486" shape="poly" type="0"><point x="138" y="394"/><point x="138" y="426"/><point x="136" y="428"/><point x="136" y="396"/></area><area isNotContentShape="false" name="Generalization" refid="_18_3_62501eb_1473877958947_332821_6480" shape="poly" type="0"><point x="138" y="338"/><point x="138" y="370"/><point x="136" y="372"/><point x="136" y="340"/></area><area isNotContentShape="false" name="Generalization" refid="_17_0_5_1_3ba019e_1407439006069_775718_4440" shape="poly" type="0"><point x="456" y="450"/><point x="456" y="482"/><point x="454" y="484"/><point x="454" y="452"/></area><area isNotContentShape="false" name="Generalization" refid="_17_0_5_1_7b3022e_1398810226254_352807_6061" shape="poly" type="0"><point x="559" y="178"/><point x="559" y="216"/><point x="557" y="218"/><point x="557" y="180"/></area><area isNotContentShape="false" name="Generalization" refid="_18_1_3ba019e_1430756099309_653063_6733" shape="poly" type="0"><point x="148" y="276"/><point x="148" y="314"/><point x="146" y="316"/><point x="146" y="278"/></area><area isNotContentShape="false" name="Generalization" refid="_18_2_62501eb_1460666905115_188030_5775" shape="poly" type="0"><point x="446" y="387"/><point x="446" y="426"/><point x="444" y="428"/><point x="444" y="389"/></area><area isNotContentShape="false" name="Generalization" refid="_17_0_3_7b3022e_1331313107086_814681_5529" shape="poly" type="0"><point x="526" y="69"/><point x="526" y="111"/><point x="524" y="113"/><point x="524" y="71"/></area><area isNotContentShape="false" name="Generalization" refid="_18_5_3_62501eb_1526245883226_12016_12768" shape="poly" type="0"><point x="558" y="240"/><point x="558" y="293"/><point x="556" y="295"/><point x="556" y="242"/></area><area isNotContentShape="false" name="Generalization" refid="_18_5_3_62501eb_1526245886889_618745_12771" shape="poly" type="0"><point x="642" y="240"/><point x="642" y="311"/><point x="605" y="311"/><point x="603" y="313"/><point x="640" y="313"/><point x="640" y="242"/></area><area isNotContentShape="false" name="Association" refid="_18_1_3ba019e_1430349364975_584032_4823" shape="poly" type="0"><point x="281" y="450"/><point x="281" y="493"/><point x="190" y="493"/><point x="190" y="450"/><point x="188" y="452"/><point x="188" y="495"/><point x="279" y="495"/><point x="279" y="452"/></area><area isNotContentShape="false" name="Association Assertion" refid="_18_1_3ba019e_1430749398732_339012_5552" shape="poly" type="0"><point x="355" y="363"/><point x="355" y="233"/><point x="353" y="235"/><point x="353" y="365"/></area><area isNotContentShape="false" name="Generalization" refid="_17_0_5_1_3ba019e_1407439006017_746775_4323" shape="poly" type="0"><point x="267" y="276"/><point x="267" y="426"/><point x="265" y="428"/><point x="265" y="278"/></area><area isNotContentShape="false" name="Generalization" refid="_18_4_62501eb_1474918316665_925081_21346" shape="poly" type="0"><point x="561" y="326"/><point x="561" y="482"/><point x="559" y="484"/><point x="559" y="328"/></area><area isNotContentShape="false" name="Generalization" refid="_18_2_62501eb_1462461776205_622961_6282" shape="poly" type="0"><point x="488" y="178"/><point x="488" y="363"/><point x="486" y="365"/><point x="486" y="180"/></area><area isNotContentShape="false" name="Association Extent of Type" refid="_17_0_3_7b3022e_1331182663023_774150_3109" shape="poly" type="0"><point x="218" y="48"/><point x="127" y="48"/><point x="127" y="314"/><point x="125" y="316"/><point x="125" y="50"/><point x="216" y="50"/></area><area isNotContentShape="false" name="Class Type" refid="_17_0_3_7b3022e_1331156699146_272050_1846" shape="rect" type="0"><point x="105" y="315"/><point x="169" y="315"/><point x="169" y="340"/><point x="105" y="340"/></area><area isNotContentShape="false" name="Class Entity Type" refid="_18_3_62501eb_1473877923428_756982_6439" shape="rect" type="0"><point x="98" y="371"/><point x="179" y="371"/><point x="179" y="396"/><point x="98" y="396"/></area><area isNotContentShape="false" name="Class Actual Entity" refid="_18_4_62501eb_1474742369274_834660_32276" shape="rect" type="0"><point x="518" y="217"/><point x="599" y="217"/><point x="599" y="242"/><point x="518" y="242"/></area><area isNotContentShape="false" name="Class Temporal Entity" refid="_18_5_3_62501eb_1526245829678_449841_12740" shape="rect" type="0"><point x="511" y="294"/><point x="605" y="294"/><point x="605" y="328"/><point x="511" y="328"/></area><area isNotContentShape="false" name="Class Situation Type" refid="_17_0_3_7b3022e_1331156944402_964647_1916" shape="rect" type="0"><point x="98" y="427"/><point x="204" y="427"/><point x="204" y="452"/><point x="98" y="452"/></area><area isNotContentShape="false" name="Class Temporal Region" refid="_18_4_62501eb_1475191630164_228537_15293" shape="rect" type="0"><point x="609" y="217"/><point x="716" y="217"/><point x="716" y="242"/><point x="609" y="242"/></area><area isNotContentShape="false" name="Class Entity" refid="_17_0_3_7b3022e_1331156499953_68666_1704" shape="rect" type="0"><point x="462" y="112"/><point x="589" y="112"/><point x="589" y="137"/><point x="462" y="137"/></area><area isNotContentShape="false" name="Class Context" refid="_17_0_3_7b3022e_1331164829050_871772_2449" shape="rect" type="0"><point x="238" y="210"/><point x="372" y="210"/><point x="372" y="235"/><point x="238" y="235"/></area><area isNotContentShape="false" name="Class Actual Situation" refid="_18_4_62501eb_1474913936207_73898_20244" shape="rect" type="0"><point x="448" y="483"/><point x="596" y="483"/><point x="596" y="517"/><point x="448" y="517"/></area><area isNotContentShape="false" name="Class Proposition" refid="_18_2_62501eb_1462460603792_169037_6216" shape="rect" type="0"><point x="322" y="364"/><point x="505" y="364"/><point x="505" y="389"/><point x="322" y="389"/></area><area isNotContentShape="false" name="Class Situation" refid="_18_1_3ba019e_1430349228247_211772_4675" shape="rect" type="0"><point x="245" y="427"/><point x="484" y="427"/><point x="484" y="452"/><point x="245" y="452"/></area><area isNotContentShape="false" name="Class Thing" refid="_17_0_3_7b3022e_1331313031781_359355_5487" shape="rect" type="0"><point x="217" y="35"/><point x="617" y="35"/><point x="617" y="71"/><point x="217" y="71"/></area></map><name humanName="Name" mode="s,e">Situations</name><namespace classType="Package" humanName="Namespace" humanType="Package" icon="ConceptLibrary_files/icon_package_467146800.png" name="Situations" refid="_18_1_3ba019e_1441912339062_220667_7665"/><ownedComment humanName="Owned Comment"><comment classType="Comment" humanType="Comment" icon="ConceptLibrary_files/icon_comment_1609735765.png" refid="_17_0_1_2_7b3022e_1335384544909_708891_2252"/></ownedComment><ownedElement humanName="Owned Element"><comment classType="Comment" humanType="Comment" icon="ConceptLibrary_files/icon_comment_1609735765.png" refid="_17_0_1_2_7b3022e_1335384544909_708891_2252"/><instancespecification classType="InstanceSpecification" humanType="Instance Specification" icon="ConceptLibrary_files/icon_instancespecification_1746117425.png" name=" : UML Standard Profile::MagicDraw Profile::DiagramInfo" refid="_17_0_3_7b3022e_1331220227971_178125_3502"/></ownedElement><owner classType="Package" humanName="Owner" humanType="Package" icon="ConceptLibrary_files/icon_package_467146800.png" mode="s,e" name="Situations" refid="_18_1_3ba019e_1441912339062_220667_7665"/><ownerOfDiagram classType="Package" humanName="Owner Of Diagram" humanType="Package" icon="ConceptLibrary_files/icon_package_467146800.png" name="Situations" refid="_18_1_3ba019e_1441912339062_220667_7665"/><qualifiedName humanName="Qualified Name" mode="e">Concept Library::Situations::Situations</qualifiedName><TO_DO humanName="To Do" mode="s,e"/><DIAGRAM_TYPE_DERIVED_PROPERTY humanName="Type">Class Diagram</DIAGRAM_TYPE_DERIVED_PROPERTY><visibility humanName="Visibility">public</visibility></diagram></magicdraw>