<?xml version="1.0" encoding="UTF-8"?><magicdraw><comment classType="Comment" humanType="Comment" icon="ConceptLibrary_files/icon_comment_1609735765.png" id="_17_0_5_1_3ba019e_1407439006246_835284_4694"><annotatedElement humanName="Annotated Element" mode="s,e"><association classType="Association" humanType="Association" icon="ConceptLibrary_files/icon_association_1781128159.png" isRelationship="true" name="Association[Concept Library::Objectives::Consequence - Concept Library::Objectives::Objective]" refid="_17_0_5_1_3ba019e_1407439004203_353108_4247"/></annotatedElement><body humanName="Body" mode="s,e">The impact of consequences on objectives</body><documentation humanName="Documentation"/><owner classType="Association" humanName="Owner" humanType="Association" icon="ConceptLibrary_files/icon_association_1781128159.png" isRelationship="true" mode="s,e" name="Association[Concept Library::Objectives::Consequence - Concept Library::Objectives::Objective]" refid="_17_0_5_1_3ba019e_1407439004203_353108_4247"/><owningElement classType="Association" humanName="Owning Element" humanType="Association" icon="ConceptLibrary_files/icon_association_1781128159.png" isRelationship="true" name="Association[Concept Library::Objectives::Consequence - Concept Library::Objectives::Objective]" refid="_17_0_5_1_3ba019e_1407439004203_353108_4247"/><TO_DO humanName="To Do" mode="s,e"/></comment></magicdraw>