<?xml version="1.0" encoding="UTF-8"?><magicdraw><comment classType="Comment" humanType="Comment" icon="ConceptLibrary_files/icon_comment_1609735765.png" id="_17_0_4_1_7b3022e_1387922338716_696110_4950"><annotatedElement humanName="Annotated Element" mode="s,e"><class classType="Class" humanType="Class" icon="ConceptLibrary_files/icon_class_1769227988.png" name="Unit Type" refid="_17_0_4_1_7b3022e_1387297045500_715407_4762"/></annotatedElement><body humanName="Body" mode="s,e">A Unit type is a type of a quantity value referencing a specific unit. A Unit Type a required type of a property representing a quantity. 

Each quantity value has a reference as defined by the "unit reference" property of the quantity value's  type.

[JCGM 200:2008] A Unit is a real scalar quantity, defined and adopted by convention, with which any other quantity of the same quantity kind can be compared to express the ratio of the two quantities as a number. e.g. Degrees Centigrade, Miles.

Each unit type represents refinement of a quantity kind using generalization and is thus substitutable for that quantity kind. Typically quantity kinds are used in conceptual models and unit types in physical or logical models.

Unit types may only subtype quantity kinds or other units.

Note that unit types are not units, but the type of quantity values expressed with respect to a common unit as defined in [JCGM 200:2008].

[IDEAS] MeasureCategory: A MeasureType whose members are recognized types of MeasureInstance.</body><documentation humanName="Documentation"/><owner classType="Class" humanName="Owner" humanType="Class" icon="ConceptLibrary_files/icon_class_1769227988.png" mode="s,e" name="Unit Type" refid="_17_0_4_1_7b3022e_1387297045500_715407_4762"/><owningElement classType="Class" humanName="Owning Element" humanType="Class" icon="ConceptLibrary_files/icon_class_1769227988.png" name="Unit Type" refid="_17_0_4_1_7b3022e_1387297045500_715407_4762"/><TO_DO humanName="To Do" mode="s,e"/></comment></magicdraw>