<?xml version="1.0" encoding="UTF-8"?><magicdraw><comment classType="Comment" humanType="Comment" icon="ConceptLibrary_files/icon_comment_1609735765.png" id="_17_0_4_1_7b3022e_1388785488417_441211_4707"><annotatedElement humanName="Annotated Element" mode="s,e"><class classType="Class" humanType="Class" icon="ConceptLibrary_files/icon_class_1769227988.png" name="Conditional Rule" refid="_17_0_4_1_7b3022e_1388784601466_759247_4628"/></annotatedElement><body humanName="Body" mode="s,e">A rule with a general expression as a condition that applies to what the rule &lt;constrains&gt;. Where asserted, the condition must be true.
[UML] Constraint where "context" corresponds with &lt;holds within&gt; and "constrainedElement" corresponds with "constrains". "specification" corresponds with "condition".</body><documentation humanName="Documentation"/><owner classType="Class" humanName="Owner" humanType="Class" icon="ConceptLibrary_files/icon_class_1769227988.png" mode="s,e" name="Conditional Rule" refid="_17_0_4_1_7b3022e_1388784601466_759247_4628"/><owningElement classType="Class" humanName="Owning Element" humanType="Class" icon="ConceptLibrary_files/icon_class_1769227988.png" name="Conditional Rule" refid="_17_0_4_1_7b3022e_1388784601466_759247_4628"/><TO_DO humanName="To Do" mode="s,e"/></comment></magicdraw>