<?xml version="1.0" encoding="UTF-8"?><magicdraw><comment classType="Comment" humanType="Comment" icon="ConceptLibrary_files/icon_comment_1609735765.png" id="_17_0_5_1_3ba019e_1407449754880_847486_9136"><annotatedElement humanName="Annotated Element" mode="s,e"><class classType="Class" humanType="Class" icon="ConceptLibrary_files/icon_class_412694050.png" name="Danger Source" refid="_17_0_5_1_3ba019e_1407439004202_997613_4246"/></annotatedElement><body humanName="Body" mode="s,e">The source of any danger - natural, systematic, or intentional, where a danger is a situation (including events) that may lead to an incident that causes harm.</body><documentation humanName="Documentation"/><owner classType="Class" humanName="Owner" humanType="Class" icon="ConceptLibrary_files/icon_class_412694050.png" mode="s,e" name="Danger Source" refid="_17_0_5_1_3ba019e_1407439004202_997613_4246"/><owningElement classType="Class" humanName="Owning Element" humanType="Class" icon="ConceptLibrary_files/icon_class_412694050.png" name="Danger Source" refid="_17_0_5_1_3ba019e_1407439004202_997613_4246"/><TO_DO humanName="To Do" mode="s,e"/></comment></magicdraw>