<?xml version="1.0" encoding="UTF-8"?><magicdraw><package classType="Package" humanType="Package" icon="ConceptLibrary_files/icon_package_467146800.png" id="_17_0_3_7b3022e_1331219208551_170143_3480"><APPLIED_PROFILES humanName="Applied Profile"><profile classType="Profile" humanType="Profile" icon="ConceptLibrary_files/icon_profile_910504711.png" name="SMIF Concept Modeling Profile" refid="_18_0_1_8bf027c_1408661861698_946768_5587"/></APPLIED_PROFILES><appliedProfile humanName="Applied Profile"><profile classType="Profile" humanType="Profile" icon="ConceptLibrary_files/icon_profile_910504711.png" name="SMIF Concept Modeling Profile" refid="_18_0_1_8bf027c_1408661861698_946768_5587"/></appliedProfile><APPLIED_STEREOTYPES humanName="Applied Stereotype" mode="s,e"><stereotype classType="Stereotype" humanType="Stereotype" icon="ConceptLibrary_files/icon_stereotype_643587433.png" name="Concept Model" refid="_18_0_2_8bf027c_1418002266669_632692_4244"/></APPLIED_STEREOTYPES><appliedStereotype humanName="Applied Stereotype" mode="s,e"><stereotype classType="Stereotype" humanType="Stereotype" icon="ConceptLibrary_files/icon_stereotype_643587433.png" name="Concept Model" refid="_18_0_2_8bf027c_1418002266669_632692_4244"><property classType="Property" humanName="Base_ Named Element" humanType="Property" icon="ConceptLibrary_files/icon_property_736527975.png" name="base_NamedElement" refid="_18_2_62501eb_1462643008348_875858_4614"/><property classType="Property" humanName="Base_ Package" humanType="Property" icon="ConceptLibrary_files/icon_property_736527975.png" name="base_Package" refid="_18_0_2_8bf027c_1418002284961_482974_4246"/><property classType="Property" humanName="Base_ Package" humanType="Property" icon="ConceptLibrary_files/icon_property_736527975.png" name="base_Package" refid="_18_0_2_8bf027c_1422543695789_626614_4314"/><property classType="Property" humanName="Id" humanType="Property" icon="ConceptLibrary_files/icon_property_736527975.png" name="id" refid="_18_0_2_8bf027c_1422542645920_899661_4258"/><property classType="Property" humanName="Prefix" humanType="Property" icon="ConceptLibrary_files/icon_property_736527975.png" name="prefix" refid="_18_0_1_8bf027c_1410291663142_556199_4654"/></stereotype></appliedStereotype><appliedStereotypeInstance classType="InstanceSpecification" humanName="Applied Stereotype Instance" humanType="Instance Specification" icon="ConceptLibrary_files/icon_instancespecification_1746117425.png" name=" : SIMFProfile::SMIF Concept Modeling Profile::Concept Model" refid="_18_2_62501eb_1462317886914_476421_8673"/><documentation humanName="Documentation"/><effectiveIRI humanName="Effective IRI">https://www.omg.org/spec/SMIF</effectiveIRI><member humanName="Member"><package classType="Package" humanType="Package" icon="ConceptLibrary_files/icon_package_467146800.png" name="Associations" refid="_18_2_62501eb_1462317403852_38361_8224"/><package classType="Package" humanType="Package" icon="ConceptLibrary_files/icon_package_467146800.png" name="Constraints" refid="_17_0_4_1_7b3022e_1387383047342_70557_4161"/><package classType="Package" humanType="Package" icon="ConceptLibrary_files/icon_package_467146800.png" name="Expressions" refid="_17_0_1_2_7b3022e_1333470528250_124901_2116"/><package classType="Package" humanType="Package" icon="ConceptLibrary_files/icon_package_467146800.png" name="Facets" refid="_18_4_62501eb_1476295515904_49307_6865"/><package classType="Package" humanType="Package" icon="ConceptLibrary_files/icon_package_467146800.png" name="Identifiers" refid="_17_0_3_7b3022e_1331334231414_200086_6495"/><package classType="Package" humanType="Package" icon="ConceptLibrary_files/icon_package_467146800.png" name="Lexical Scope" refid="_17_0_4_1_7b3022e_1387036286878_479470_3903"/><package classType="Package" humanType="Package" icon="ConceptLibrary_files/icon_package_467146800.png" name="Mapping" refid="_18_2_62501eb_1455134046966_616692_5707"/><package classType="Package" humanType="Package" icon="ConceptLibrary_files/icon_package_467146800.png" name="Metadata" refid="_18_4_62501eb_1474740530010_507070_13878"/><package classType="Package" humanType="Package" icon="ConceptLibrary_files/icon_package_467146800.png" name="Patterns" refid="_18_1_3ba019e_1430504909096_94355_5544"/><package classType="Package" humanType="Package" icon="ConceptLibrary_files/icon_package_467146800.png" name="Properties" refid="_18_4_62501eb_1474742895296_622297_32773"/><package classType="Package" humanType="Package" icon="ConceptLibrary_files/icon_package_467146800.png" name="Relationships" refid="_17_0_4_1_7b3022e_1387293829272_933882_3869"/><diagram classType="Diagram" humanType="Diagram" icon="ConceptLibrary_files/icon_Generic Table_1568169108.png" name="SMIF Associations" refid="_18_2_62501eb_1462313084237_705601_5981"/><diagram classType="Diagram" humanType="Diagram" icon="ConceptLibrary_files/icon_Generic Table_1568169108.png" name="SMIF Classes" refid="_18_0_2_3ba019e_1422752494092_767389_8106"/><diagram classType="Diagram" humanType="Diagram" icon="ConceptLibrary_files/icon_Generic Table_1568169108.png" name="SMIF Conceptual Model" refid="_18_4_1_62501eb_1502123898504_373205_9219"/><diagram classType="Diagram" humanType="Diagram" icon="ConceptLibrary_files/icon_Generic Table_1568169108.png" name="SMIF Package List" refid="_18_4_62501eb_1479740870647_661771_7006"/><diagram classType="Diagram" humanType="Diagram" icon="ConceptLibrary_files/icon_Class Diagram_505751443.png" name="SMIF Packages" refid="_18_2_62501eb_1462316939078_570290_6886"/><diagram classType="Diagram" humanType="Diagram" icon="ConceptLibrary_files/icon_Generic Table_1568169108.png" name="SMIF Properties" refid="_18_2_62501eb_1462314120667_944518_6368"/><package classType="Package" humanType="Package" icon="ConceptLibrary_files/icon_package_467146800.png" name="Top level" refid="_18_0_2_3ba019e_1422802856945_879963_5193"/><package classType="Package" humanType="Package" icon="ConceptLibrary_files/icon_package_467146800.png" name="Types" refid="_17_0_3_7b3022e_1331156461403_893550_1660"/><package classType="Package" humanType="Package" icon="ConceptLibrary_files/icon_package_467146800.png" name="Values" refid="_17_0_3_7b3022e_1331220249743_973130_3512"/></member><name humanName="Name" mode="s,e">SMIF Conceptual Model</name><namespace classType="Model" humanName="Namespace" humanType="Model" icon="ConceptLibrary_files/icon_model_2110558717.png" name="Threat-risk-conceptual-model" refid="_17_0_5_1_7b3022e_1402323567676_316901_6441"/><nestedPackage humanName="Nested Package"><package classType="Package" humanType="Package" icon="ConceptLibrary_files/icon_package_467146800.png" name="Associations" refid="_18_2_62501eb_1462317403852_38361_8224"/><package classType="Package" humanType="Package" icon="ConceptLibrary_files/icon_package_467146800.png" name="Constraints" refid="_17_0_4_1_7b3022e_1387383047342_70557_4161"/><package classType="Package" humanType="Package" icon="ConceptLibrary_files/icon_package_467146800.png" name="Expressions" refid="_17_0_1_2_7b3022e_1333470528250_124901_2116"/><package classType="Package" humanType="Package" icon="ConceptLibrary_files/icon_package_467146800.png" name="Facets" refid="_18_4_62501eb_1476295515904_49307_6865"/><package classType="Package" humanType="Package" icon="ConceptLibrary_files/icon_package_467146800.png" name="Identifiers" refid="_17_0_3_7b3022e_1331334231414_200086_6495"/><package classType="Package" humanType="Package" icon="ConceptLibrary_files/icon_package_467146800.png" name="Lexical Scope" refid="_17_0_4_1_7b3022e_1387036286878_479470_3903"/><package classType="Package" humanType="Package" icon="ConceptLibrary_files/icon_package_467146800.png" name="Mapping" refid="_18_2_62501eb_1455134046966_616692_5707"/><package classType="Package" humanType="Package" icon="ConceptLibrary_files/icon_package_467146800.png" name="Metadata" refid="_18_4_62501eb_1474740530010_507070_13878"/><package classType="Package" humanType="Package" icon="ConceptLibrary_files/icon_package_467146800.png" name="Patterns" refid="_18_1_3ba019e_1430504909096_94355_5544"/><package classType="Package" humanType="Package" icon="ConceptLibrary_files/icon_package_467146800.png" name="Properties" refid="_18_4_62501eb_1474742895296_622297_32773"/><package classType="Package" humanType="Package" icon="ConceptLibrary_files/icon_package_467146800.png" name="Relationships" refid="_17_0_4_1_7b3022e_1387293829272_933882_3869"/><package classType="Package" humanType="Package" icon="ConceptLibrary_files/icon_package_467146800.png" name="Top level" refid="_18_0_2_3ba019e_1422802856945_879963_5193"/><package classType="Package" humanType="Package" icon="ConceptLibrary_files/icon_package_467146800.png" name="Types" refid="_17_0_3_7b3022e_1331156461403_893550_1660"/><package classType="Package" humanType="Package" icon="ConceptLibrary_files/icon_package_467146800.png" name="Values" refid="_17_0_3_7b3022e_1331220249743_973130_3512"/></nestedPackage><nestingPackage classType="Model" humanName="Nesting Package" humanType="Model" icon="ConceptLibrary_files/icon_model_2110558717.png" name="Threat-risk-conceptual-model" refid="_17_0_5_1_7b3022e_1402323567676_316901_6441"/><ownedDiagram humanName="Owned Diagram"><diagram classType="Diagram" humanType="Diagram" icon="ConceptLibrary_files/icon_Generic Table_1568169108.png" name="SMIF Associations" refid="_18_2_62501eb_1462313084237_705601_5981"/><diagram classType="Diagram" humanType="Diagram" icon="ConceptLibrary_files/icon_Generic Table_1568169108.png" name="SMIF Classes" refid="_18_0_2_3ba019e_1422752494092_767389_8106"/><diagram classType="Diagram" humanType="Diagram" icon="ConceptLibrary_files/icon_Generic Table_1568169108.png" name="SMIF Conceptual Model" refid="_18_4_1_62501eb_1502123898504_373205_9219"/><diagram classType="Diagram" humanType="Diagram" icon="ConceptLibrary_files/icon_Generic Table_1568169108.png" name="SMIF Package List" refid="_18_4_62501eb_1479740870647_661771_7006"/><diagram classType="Diagram" humanType="Diagram" icon="ConceptLibrary_files/icon_Class Diagram_505751443.png" name="SMIF Packages" refid="_18_2_62501eb_1462316939078_570290_6886"/><diagram classType="Diagram" humanType="Diagram" icon="ConceptLibrary_files/icon_Generic Table_1568169108.png" name="SMIF Properties" refid="_18_2_62501eb_1462314120667_944518_6368"/></ownedDiagram><ownedElement humanName="Owned Element"><profileapplication classType="ProfileApplication" humanType="Profile Application" icon="ConceptLibrary_files/icon_profileapplication_820587705.png" isRelationship="true" refid="_18_2_62501eb_1462209955342_153984_5447"/><instancespecification classType="InstanceSpecification" humanType="Instance Specification" icon="ConceptLibrary_files/icon_instancespecification_1746117425.png" name=" : SIMFProfile::SMIF Concept Modeling Profile::Concept Model" refid="_18_2_62501eb_1462317886914_476421_8673"/><package classType="Package" humanType="Package" icon="ConceptLibrary_files/icon_package_467146800.png" name="Associations" refid="_18_2_62501eb_1462317403852_38361_8224"/><package classType="Package" humanType="Package" icon="ConceptLibrary_files/icon_package_467146800.png" name="Constraints" refid="_17_0_4_1_7b3022e_1387383047342_70557_4161"/><package classType="Package" humanType="Package" icon="ConceptLibrary_files/icon_package_467146800.png" name="Expressions" refid="_17_0_1_2_7b3022e_1333470528250_124901_2116"/><package classType="Package" humanType="Package" icon="ConceptLibrary_files/icon_package_467146800.png" name="Facets" refid="_18_4_62501eb_1476295515904_49307_6865"/><package classType="Package" humanType="Package" icon="ConceptLibrary_files/icon_package_467146800.png" name="Identifiers" refid="_17_0_3_7b3022e_1331334231414_200086_6495"/><package classType="Package" humanType="Package" icon="ConceptLibrary_files/icon_package_467146800.png" name="Lexical Scope" refid="_17_0_4_1_7b3022e_1387036286878_479470_3903"/><package classType="Package" humanType="Package" icon="ConceptLibrary_files/icon_package_467146800.png" name="Mapping" refid="_18_2_62501eb_1455134046966_616692_5707"/><package classType="Package" humanType="Package" icon="ConceptLibrary_files/icon_package_467146800.png" name="Metadata" refid="_18_4_62501eb_1474740530010_507070_13878"/><package classType="Package" humanType="Package" icon="ConceptLibrary_files/icon_package_467146800.png" name="Patterns" refid="_18_1_3ba019e_1430504909096_94355_5544"/><package classType="Package" humanType="Package" icon="ConceptLibrary_files/icon_package_467146800.png" name="Properties" refid="_18_4_62501eb_1474742895296_622297_32773"/><package classType="Package" humanType="Package" icon="ConceptLibrary_files/icon_package_467146800.png" name="Relationships" refid="_17_0_4_1_7b3022e_1387293829272_933882_3869"/><diagram classType="Diagram" humanType="Diagram" icon="ConceptLibrary_files/icon_Generic Table_1568169108.png" name="SMIF Associations" refid="_18_2_62501eb_1462313084237_705601_5981"/><diagram classType="Diagram" humanType="Diagram" icon="ConceptLibrary_files/icon_Generic Table_1568169108.png" name="SMIF Classes" refid="_18_0_2_3ba019e_1422752494092_767389_8106"/><diagram classType="Diagram" humanType="Diagram" icon="ConceptLibrary_files/icon_Generic Table_1568169108.png" name="SMIF Conceptual Model" refid="_18_4_1_62501eb_1502123898504_373205_9219"/><diagram classType="Diagram" humanType="Diagram" icon="ConceptLibrary_files/icon_Generic Table_1568169108.png" name="SMIF Package List" refid="_18_4_62501eb_1479740870647_661771_7006"/><diagram classType="Diagram" humanType="Diagram" icon="ConceptLibrary_files/icon_Class Diagram_505751443.png" name="SMIF Packages" refid="_18_2_62501eb_1462316939078_570290_6886"/><diagram classType="Diagram" humanType="Diagram" icon="ConceptLibrary_files/icon_Generic Table_1568169108.png" name="SMIF Properties" refid="_18_2_62501eb_1462314120667_944518_6368"/><package classType="Package" humanType="Package" icon="ConceptLibrary_files/icon_package_467146800.png" name="Top level" refid="_18_0_2_3ba019e_1422802856945_879963_5193"/><package classType="Package" humanType="Package" icon="ConceptLibrary_files/icon_package_467146800.png" name="Types" refid="_17_0_3_7b3022e_1331156461403_893550_1660"/><package classType="Package" humanType="Package" icon="ConceptLibrary_files/icon_package_467146800.png" name="Values" refid="_17_0_3_7b3022e_1331220249743_973130_3512"/></ownedElement><ownedMember humanName="Owned Member"><package classType="Package" humanType="Package" icon="ConceptLibrary_files/icon_package_467146800.png" name="Associations" refid="_18_2_62501eb_1462317403852_38361_8224"/><package classType="Package" humanType="Package" icon="ConceptLibrary_files/icon_package_467146800.png" name="Constraints" refid="_17_0_4_1_7b3022e_1387383047342_70557_4161"/><package classType="Package" humanType="Package" icon="ConceptLibrary_files/icon_package_467146800.png" name="Expressions" refid="_17_0_1_2_7b3022e_1333470528250_124901_2116"/><package classType="Package" humanType="Package" icon="ConceptLibrary_files/icon_package_467146800.png" name="Facets" refid="_18_4_62501eb_1476295515904_49307_6865"/><package classType="Package" humanType="Package" icon="ConceptLibrary_files/icon_package_467146800.png" name="Identifiers" refid="_17_0_3_7b3022e_1331334231414_200086_6495"/><package classType="Package" humanType="Package" icon="ConceptLibrary_files/icon_package_467146800.png" name="Lexical Scope" refid="_17_0_4_1_7b3022e_1387036286878_479470_3903"/><package classType="Package" humanType="Package" icon="ConceptLibrary_files/icon_package_467146800.png" name="Mapping" refid="_18_2_62501eb_1455134046966_616692_5707"/><package classType="Package" humanType="Package" icon="ConceptLibrary_files/icon_package_467146800.png" name="Metadata" refid="_18_4_62501eb_1474740530010_507070_13878"/><package classType="Package" humanType="Package" icon="ConceptLibrary_files/icon_package_467146800.png" name="Patterns" refid="_18_1_3ba019e_1430504909096_94355_5544"/><package classType="Package" humanType="Package" icon="ConceptLibrary_files/icon_package_467146800.png" name="Properties" refid="_18_4_62501eb_1474742895296_622297_32773"/><package classType="Package" humanType="Package" icon="ConceptLibrary_files/icon_package_467146800.png" name="Relationships" refid="_17_0_4_1_7b3022e_1387293829272_933882_3869"/><diagram classType="Diagram" humanType="Diagram" icon="ConceptLibrary_files/icon_Generic Table_1568169108.png" name="SMIF Associations" refid="_18_2_62501eb_1462313084237_705601_5981"/><diagram classType="Diagram" humanType="Diagram" icon="ConceptLibrary_files/icon_Generic Table_1568169108.png" name="SMIF Classes" refid="_18_0_2_3ba019e_1422752494092_767389_8106"/><diagram classType="Diagram" humanType="Diagram" icon="ConceptLibrary_files/icon_Generic Table_1568169108.png" name="SMIF Conceptual Model" refid="_18_4_1_62501eb_1502123898504_373205_9219"/><diagram classType="Diagram" humanType="Diagram" icon="ConceptLibrary_files/icon_Generic Table_1568169108.png" name="SMIF Package List" refid="_18_4_62501eb_1479740870647_661771_7006"/><diagram classType="Diagram" humanType="Diagram" icon="ConceptLibrary_files/icon_Class Diagram_505751443.png" name="SMIF Packages" refid="_18_2_62501eb_1462316939078_570290_6886"/><diagram classType="Diagram" humanType="Diagram" icon="ConceptLibrary_files/icon_Generic Table_1568169108.png" name="SMIF Properties" refid="_18_2_62501eb_1462314120667_944518_6368"/><package classType="Package" humanType="Package" icon="ConceptLibrary_files/icon_package_467146800.png" name="Top level" refid="_18_0_2_3ba019e_1422802856945_879963_5193"/><package classType="Package" humanType="Package" icon="ConceptLibrary_files/icon_package_467146800.png" name="Types" refid="_17_0_3_7b3022e_1331156461403_893550_1660"/><package classType="Package" humanType="Package" icon="ConceptLibrary_files/icon_package_467146800.png" name="Values" refid="_17_0_3_7b3022e_1331220249743_973130_3512"/></ownedMember><owner classType="Model" humanName="Owner" humanType="Model" icon="ConceptLibrary_files/icon_model_2110558717.png" mode="s,e" name="Threat-risk-conceptual-model" refid="_17_0_5_1_7b3022e_1402323567676_316901_6441"/><owningPackage classType="Model" humanName="Owning Package" humanType="Model" icon="ConceptLibrary_files/icon_model_2110558717.png" name="Threat-risk-conceptual-model" refid="_17_0_5_1_7b3022e_1402323567676_316901_6441"/><packagedElement humanName="Packaged Element"><package classType="Package" humanType="Package" icon="ConceptLibrary_files/icon_package_467146800.png" name="Associations" refid="_18_2_62501eb_1462317403852_38361_8224"/><package classType="Package" humanType="Package" icon="ConceptLibrary_files/icon_package_467146800.png" name="Constraints" refid="_17_0_4_1_7b3022e_1387383047342_70557_4161"/><package classType="Package" humanType="Package" icon="ConceptLibrary_files/icon_package_467146800.png" name="Expressions" refid="_17_0_1_2_7b3022e_1333470528250_124901_2116"/><package classType="Package" humanType="Package" icon="ConceptLibrary_files/icon_package_467146800.png" name="Facets" refid="_18_4_62501eb_1476295515904_49307_6865"/><package classType="Package" humanType="Package" icon="ConceptLibrary_files/icon_package_467146800.png" name="Identifiers" refid="_17_0_3_7b3022e_1331334231414_200086_6495"/><package classType="Package" humanType="Package" icon="ConceptLibrary_files/icon_package_467146800.png" name="Lexical Scope" refid="_17_0_4_1_7b3022e_1387036286878_479470_3903"/><package classType="Package" humanType="Package" icon="ConceptLibrary_files/icon_package_467146800.png" name="Mapping" refid="_18_2_62501eb_1455134046966_616692_5707"/><package classType="Package" humanType="Package" icon="ConceptLibrary_files/icon_package_467146800.png" name="Metadata" refid="_18_4_62501eb_1474740530010_507070_13878"/><package classType="Package" humanType="Package" icon="ConceptLibrary_files/icon_package_467146800.png" name="Patterns" refid="_18_1_3ba019e_1430504909096_94355_5544"/><package classType="Package" humanType="Package" icon="ConceptLibrary_files/icon_package_467146800.png" name="Properties" refid="_18_4_62501eb_1474742895296_622297_32773"/><package classType="Package" humanType="Package" icon="ConceptLibrary_files/icon_package_467146800.png" name="Relationships" refid="_17_0_4_1_7b3022e_1387293829272_933882_3869"/><package classType="Package" humanType="Package" icon="ConceptLibrary_files/icon_package_467146800.png" name="Top level" refid="_18_0_2_3ba019e_1422802856945_879963_5193"/><package classType="Package" humanType="Package" icon="ConceptLibrary_files/icon_package_467146800.png" name="Types" refid="_17_0_3_7b3022e_1331156461403_893550_1660"/><package classType="Package" humanType="Package" icon="ConceptLibrary_files/icon_package_467146800.png" name="Values" refid="_17_0_3_7b3022e_1331220249743_973130_3512"/></packagedElement><profileApplication humanName="Profile Application"><profileapplication classType="ProfileApplication" humanType="Profile Application" icon="ConceptLibrary_files/icon_profileapplication_820587705.png" isRelationship="true" refid="_18_2_62501eb_1462209955342_153984_5447"/></profileApplication><qualifiedName humanName="Qualified Name" mode="e">SMIF Conceptual Model</qualifiedName><TO_DO humanName="To Do" mode="s,e"/><URI humanName="URI" mode="s,e">https://www.omg.org/spec/SMIF</URI><visibility humanName="Visibility">public</visibility><appearsIn><diagram classType="Diagram" humanType="Diagram" icon="ConceptLibrary_files/icon_Generic Table_1568169108.png" name="SMIF Package List" refid="_18_4_62501eb_1479740870647_661771_7006"/><diagram classType="Diagram" humanType="Diagram" icon="ConceptLibrary_files/icon_Generic Table_1568169108.png" name="SMIF Conceptual Model" refid="_18_4_1_62501eb_1502123898504_373205_9219"/></appearsIn></package></magicdraw>