<?xml version="1.0" encoding="UTF-8"?><magicdraw><generalization classType="Generalization" humanType="Generalization" icon="ConceptLibrary_files/icon_generalization_212232499.png" id="_17_0_5_1_7b3022e_1398820329231_301812_7593"><documentation humanName="Documentation"/><general classType="Class" humanName="General" humanType="Class" icon="ConceptLibrary_files/icon_class_1769227988.png" mode="s,e" name="Actual Entity" refid="_18_4_62501eb_1474742369274_834660_32276"/><isSubstitutable humanName="Is Substitutable">true</isSubstitutable><owner classType="Class" humanName="Owner" humanType="Class" icon="ConceptLibrary_files/icon_class_1769227988.png" mode="s,e" name="Actor" refid="_17_0_5_1_7b3022e_1398820303774_882324_7571"/><relatedElement humanName="Related Element"><class classType="Class" humanType="Class" icon="ConceptLibrary_files/icon_class_1769227988.png" name="Actor" refid="_17_0_5_1_7b3022e_1398820303774_882324_7571"/><class classType="Class" humanType="Class" icon="ConceptLibrary_files/icon_class_1769227988.png" name="Actual Entity" refid="_18_4_62501eb_1474742369274_834660_32276"/></relatedElement><source humanName="Source"><class classType="Class" humanType="Class" icon="ConceptLibrary_files/icon_class_1769227988.png" name="Actor" refid="_17_0_5_1_7b3022e_1398820303774_882324_7571"/></source><specific classType="Class" humanName="Specific" humanType="Class" icon="ConceptLibrary_files/icon_class_1769227988.png" mode="s,e" name="Actor" refid="_17_0_5_1_7b3022e_1398820303774_882324_7571"/><target humanName="Target"><class classType="Class" humanType="Class" icon="ConceptLibrary_files/icon_class_1769227988.png" name="Actual Entity" refid="_18_4_62501eb_1474742369274_834660_32276"/></target><TO_DO humanName="To Do" mode="s,e"/><appearsIn><diagram classType="Diagram" humanType="Diagram" icon="ConceptLibrary_files/icon_Class Diagram_505751443.png" name="Foundation" refid="_18_4_1_62501eb_1495296229925_256240_9842"/><diagram classType="Diagram" humanType="Diagram" icon="ConceptLibrary_files/icon_Class Diagram_505751443.png" name="Physical Entities" refid="_18_1_3ba019e_1445524503849_318387_27454"/><diagram classType="Diagram" humanType="Diagram" icon="ConceptLibrary_files/icon_Class Diagram_505751443.png" name="Enterprise" refid="_18_1_3ba019e_1426086544608_976798_6280"/><diagram classType="Diagram" humanType="Diagram" icon="ConceptLibrary_files/icon_Class Diagram_505751443.png" name="Entity Kinds" refid="_17_0_5_1_3ba019e_1407442563738_166618_6892"/><diagram classType="Diagram" humanType="Diagram" icon="ConceptLibrary_files/icon_Class Diagram_505751443.png" name="Person" refid="_18_0_2_3ba019e_1423863297870_500568_10016"/><diagram classType="Diagram" humanType="Diagram" icon="ConceptLibrary_files/icon_Class Diagram_505751443.png" name="Actor Detail" refid="_18_0_2_3ba019e_1424099700744_344354_7830"/><diagram classType="Diagram" humanType="Diagram" icon="ConceptLibrary_files/icon_Class Diagram_505751443.png" name="Process" refid="_17_0_5_1_3ba019e_1407960337744_968303_4171"/><diagram classType="Diagram" humanType="Diagram" icon="ConceptLibrary_files/icon_Class Diagram_505751443.png" name="Occurrences" refid="_18_4_62501eb_1476382395662_619517_38029"/></appearsIn></generalization></magicdraw>