<?xml version="1.0" encoding="UTF-8"?><magicdraw><instancespecification classType="InstanceSpecification" humanType="Instance Specification" icon="ConceptLibrary_files/icon_instancespecification_1746117425.png" id="_17_0_5_1_3ba019e_1407440417832_26009_5616"><classifier humanName="Classifier" mode="s,e"><stereotype classType="Stereotype" humanType="Stereotype" icon="ConceptLibrary_files/icon_stereotype_643587433.png" name="Role Of" refid="_17_0_5_1_7b3022e_1400519996298_378531_5942"/></classifier><documentation humanName="Documentation"/><name humanName="Name" mode="s,e"/><owner classType="Generalization" humanName="Owner" humanType="Generalization" icon="ConceptLibrary_files/icon_generalization_212232499.png" isRelationship="true" mode="s,e" refid="_17_0_5_1_3ba019e_1407440409835_875190_5615"/><qualifiedName humanName="Qualified Name" mode="e"/><stereotypedElement classType="Generalization" humanName="Stereotyped Element" humanType="Generalization" icon="ConceptLibrary_files/icon_generalization_212232499.png" isRelationship="true" refid="_17_0_5_1_3ba019e_1407440409835_875190_5615"/><TO_DO humanName="To Do" mode="s,e"/><visibility humanName="Visibility">public</visibility></instancespecification></magicdraw>