<?xml version="1.0" encoding="UTF-8"?><magicdraw><instancespecification classType="InstanceSpecification" humanType="Instance Specification" icon="ConceptLibrary_files/icon_instancespecification_1746117425.png" id="_17_0_3_7b3022e_1331181493478_353969_2803"><classifier humanName="Classifier" mode="s,e"><stereotype classType="Stereotype" humanType="Stereotype" icon="ConceptLibrary_files/icon_stereotype_643587433.png" name="DiagramInfo" refid="_9_0_be00301_1108044380615_150487_0"/></classifier><documentation humanName="Documentation"/><name humanName="Name" mode="s,e"/><ownedElement humanName="Owned Element"><slot classType="Slot" humanType="Slot" icon="ConceptLibrary_files/icon_slot_1468646544.png" refid="_18_5_3_62501eb_1527181997226_532903_9055"/><slot classType="Slot" humanType="Slot" icon="ConceptLibrary_files/icon_slot_1468646544.png" refid="_18_5_3_62501eb_1527181997226_539000_9057"/><slot classType="Slot" humanType="Slot" icon="ConceptLibrary_files/icon_slot_1468646544.png" refid="_18_5_3_62501eb_1527181997227_696713_9059"/><slot classType="Slot" humanType="Slot" icon="ConceptLibrary_files/icon_slot_1468646544.png" refid="_18_5_3_62501eb_1527181997227_677142_9061"/></ownedElement><owner classType="Diagram" humanName="Owner" humanType="Diagram" icon="ConceptLibrary_files/icon_Class Diagram_505751443.png" mode="s,e" name="Values" refid="_17_0_3_7b3022e_1331181493475_379852_2791"/><qualifiedName humanName="Qualified Name" mode="e">SMIF Conceptual Model::Values::Values::</qualifiedName><slot humanName="Slot"><slot classType="Slot" humanType="Slot" icon="ConceptLibrary_files/icon_slot_1468646544.png" refid="_18_5_3_62501eb_1527181997226_532903_9055"/><slot classType="Slot" humanType="Slot" icon="ConceptLibrary_files/icon_slot_1468646544.png" refid="_18_5_3_62501eb_1527181997226_539000_9057"/><slot classType="Slot" humanType="Slot" icon="ConceptLibrary_files/icon_slot_1468646544.png" refid="_18_5_3_62501eb_1527181997227_696713_9059"/><slot classType="Slot" humanType="Slot" icon="ConceptLibrary_files/icon_slot_1468646544.png" refid="_18_5_3_62501eb_1527181997227_677142_9061"/></slot><stereotypedElement classType="Diagram" humanName="Stereotyped Element" humanType="Diagram" icon="ConceptLibrary_files/icon_Class Diagram_505751443.png" name="Values" refid="_17_0_3_7b3022e_1331181493475_379852_2791"/><TO_DO humanName="To Do" mode="s,e"/><visibility humanName="Visibility">public</visibility></instancespecification></magicdraw>