<?xml version="1.0" encoding="UTF-8"?><magicdraw><diagram classType="Diagram" diagramType="Class Diagram" height="401" humanType="Diagram" icon="ConceptLibrary_files/icon_Class Diagram_505751443.png" id="_17_0_5_1_7b3022e_1402580014985_536853_5366" src="ConceptLibrary_files/_17_0_5_1_7b3022e_1402580014985_536853_5366.png" width="751"><APPLIED_STEREOTYPES humanName="Applied Stereotype" mode="s,e"><stereotype classType="Stereotype" humanType="Stereotype" icon="ConceptLibrary_files/icon_stereotype_643587433.png" name="DiagramInfo" refid="_9_0_be00301_1108044380615_150487_0"/></APPLIED_STEREOTYPES><appliedStereotype humanName="Applied Stereotype" mode="s,e"><stereotype classType="Stereotype" humanType="Stereotype" icon="ConceptLibrary_files/icon_stereotype_643587433.png" name="DiagramInfo" refid="_9_0_be00301_1108044380615_150487_0"><property classType="Property" humanName="Author" humanType="Property" icon="ConceptLibrary_files/icon_property_736527975.png" name="Author" refid="_be00301_1077726770128_871366_1"><String>Cory-c</String></property><property classType="Property" humanName="Base_ Diagram" humanType="Property" icon="ConceptLibrary_files/icon_property_736527975.png" name="base_Diagram" refid="_10_0EAPbeta_be00301_1123081772498_901864_356"/><property classType="Property" humanName="Base_ Element" humanType="Property" icon="ConceptLibrary_files/icon_property_736527975.png" name="base_Element" refid="_10_0EAPbeta_be00301_1123081772098_411862_275"/><property classType="Property" humanName="Creation Date" humanType="Property" icon="ConceptLibrary_files/icon_property_736527975.png" name="Creation date" refid="_be00301_1073306188629_537791_2"><String>6/12/14 9:33 AM</String></property><property classType="Property" humanName="Last modified by" humanType="Property" icon="ConceptLibrary_files/icon_property_736527975.png" name="Last modified by" refid="_16_8beta_8ca0285_1257244649124_794756_344"><String>cory-</String></property><property classType="Property" humanName="Modification Date" humanType="Property" icon="ConceptLibrary_files/icon_property_736527975.png" name="Modification date" refid="_be00301_1073394345322_922552_1"><String>9/29/17 11:50 PM</String></property></stereotype></appliedStereotype><appliedStereotypeInstance classType="InstanceSpecification" humanName="Applied Stereotype Instance" humanType="Instance Specification" icon="ConceptLibrary_files/icon_instancespecification_1746117425.png" name=" : UML Standard Profile::MagicDraw Profile::DiagramInfo" refid="_17_0_5_1_7b3022e_1402580014992_109030_5377"/><documentation humanName="Documentation"/><map><area isNotContentShape="false" name="Generalization" refid="_18_1_3ba019e_1443311600157_888687_8465" shape="poly" type="0"><point x="323" y="317"/><point x="323" y="342"/><point x="321" y="344"/><point x="321" y="319"/></area><area isNotContentShape="false" name="Generalization" refid="_18_1_3ba019e_1443311628181_120185_8512" shape="poly" type="0"><point x="495" y="317"/><point x="495" y="342"/><point x="493" y="344"/><point x="493" y="319"/></area><area isNotContentShape="false" name="Generalization" refid="_18_0_2_3ba019e_1423249962372_829067_7256" shape="poly" type="0"><point x="464" y="202"/><point x="464" y="244"/><point x="462" y="246"/><point x="462" y="204"/></area><area isNotContentShape="false" name="Generalization" refid="_18_0_2_3ba019e_1423249965092_172695_7259" shape="poly" type="0"><point x="358" y="202"/><point x="358" y="244"/><point x="356" y="246"/><point x="356" y="204"/></area><area isNotContentShape="false" name="Generalization" refid="_18_1_3ba019e_1443311582937_491752_8441" shape="poly" type="0"><point x="372" y="300"/><point x="372" y="342"/><point x="370" y="344"/><point x="370" y="302"/></area><area isNotContentShape="false" name="Generalization" refid="_18_1_3ba019e_1443311631244_889996_8515" shape="poly" type="0"><point x="446" y="300"/><point x="446" y="342"/><point x="444" y="344"/><point x="444" y="302"/></area><area isNotContentShape="false" name="Generalization" refid="_17_0_5_1_3ba019e_1407439006017_255296_4327" shape="poly" type="0"><point x="575" y="101"/><point x="575" y="167"/><point x="573" y="169"/><point x="573" y="103"/></area><area isNotContentShape="false" name="Generalization" refid="_17_0_5_1_3ba019e_1407439006069_775718_4440" shape="poly" type="0"><point x="442" y="101"/><point x="442" y="167"/><point x="440" y="169"/><point x="440" y="103"/></area><area isNotContentShape="false" name="Generalization" refid="_18_0_2_3ba019e_1423249940116_252295_7233" shape="poly" type="0"><point x="652" y="60"/><point x="652" y="167"/><point x="650" y="169"/><point x="650" y="62"/></area><area isNotContentShape="false" name="Class Occurrence" refid="_17_0_5_1_7b3022e_1398294216796_903071_6610" shape="rect" type="0"><point x="273" y="294"/><point x="354" y="294"/><point x="354" y="319"/><point x="273" y="319"/></area><area isNotContentShape="false" name="Class State" refid="_17_0_5_1_7b3022e_1400505093427_253129_4793" shape="rect" type="0"><point x="476" y="294"/><point x="557" y="294"/><point x="557" y="319"/><point x="476" y="319"/></area><area isNotContentShape="false" name="Class Actual State" refid="_18_1_3ba019e_1443311618980_773029_8488" shape="rect" type="0"><point x="427" y="343"/><point x="508" y="343"/><point x="508" y="377"/><point x="427" y="377"/></area><area isNotContentShape="false" name="Class Actual Entity" refid="_18_4_62501eb_1474742369274_834660_32276" shape="rect" type="0"><point x="322" y="105"/><point x="403" y="105"/><point x="403" y="130"/><point x="322" y="130"/></area><area isNotContentShape="false" name="Class Past Situation" refid="_17_0_5_1_3ba019e_1407439004196_420186_4234" shape="rect" type="0"><point x="280" y="245"/><point x="363" y="245"/><point x="363" y="270"/><point x="280" y="270"/></area><area isNotContentShape="false" name="Class Time Interval" refid="_18_4_62501eb_1475076773372_304573_17982" shape="rect" type="0"><point x="56" y="189"/><point x="155" y="189"/><point x="155" y="218"/><point x="56" y="218"/></area><area isNotContentShape="false" name="Class Current Situation" refid="_17_0_5_1_3ba019e_1407439004197_904558_4235" shape="rect" type="0"><point x="455" y="245"/><point x="557" y="245"/><point x="557" y="270"/><point x="455" y="270"/></area><area isNotContentShape="false" name="Class Actual Occurrence" refid="_18_1_3ba019e_1443311565629_856879_8417" shape="rect" type="0"><point x="301" y="343"/><point x="410" y="343"/><point x="410" y="377"/><point x="301" y="377"/></area><area isNotContentShape="false" name="Class Pattern" refid="_17_0_4_1_7b3022e_1388872049081_627218_5350" shape="rect" type="0"><point x="616" y="28"/><point x="727" y="28"/><point x="727" y="62"/><point x="616" y="62"/></area><area isNotContentShape="false" name="Class Actual Situation" refid="_18_4_62501eb_1474913936207_73898_20244" shape="rect" type="0"><point x="350" y="168"/><point x="470" y="168"/><point x="470" y="204"/><point x="350" y="204"/></area><area isNotContentShape="false" name="Class Situation" refid="_18_1_3ba019e_1430349228247_211772_4675" shape="rect" type="0"><point x="420" y="32"/><point x="561" y="32"/><point x="561" y="57"/><point x="420" y="57"/></area><area isNotContentShape="false" name="Property likelihood" refid="_17_0_5_1_7b3022e_1402327588996_16317_9813" shape="rect" type="0"><point x="528" y="189"/><point x="670" y="189"/><point x="670" y="202"/><point x="528" y="202"/></area><area isNotContentShape="false" name="Class Potential Situation" refid="_17_0_5_1_3ba019e_1407439004195_602848_4233" shape="rect" type="0"><point x="525" y="168"/><point x="673" y="168"/><point x="673" y="208"/><point x="525" y="208"/></area></map><name humanName="Name" mode="s,e">Situation Timeframes</name><namespace classType="Package" humanName="Namespace" humanType="Package" icon="ConceptLibrary_files/icon_package_467146800.png" name="Situations" refid="_18_1_3ba019e_1441912339062_220667_7665"/><ownedElement humanName="Owned Element"><instancespecification classType="InstanceSpecification" humanType="Instance Specification" icon="ConceptLibrary_files/icon_instancespecification_1746117425.png" name=" : UML Standard Profile::MagicDraw Profile::DiagramInfo" refid="_17_0_5_1_7b3022e_1402580014992_109030_5377"/></ownedElement><owner classType="Package" humanName="Owner" humanType="Package" icon="ConceptLibrary_files/icon_package_467146800.png" mode="s,e" name="Situations" refid="_18_1_3ba019e_1441912339062_220667_7665"/><ownerOfDiagram classType="Package" humanName="Owner Of Diagram" humanType="Package" icon="ConceptLibrary_files/icon_package_467146800.png" name="Situations" refid="_18_1_3ba019e_1441912339062_220667_7665"/><qualifiedName humanName="Qualified Name" mode="e">Concept Library::Situations::Situation Timeframes</qualifiedName><TO_DO humanName="To Do" mode="s,e"/><DIAGRAM_TYPE_DERIVED_PROPERTY humanName="Type">Class Diagram</DIAGRAM_TYPE_DERIVED_PROPERTY><visibility humanName="Visibility">public</visibility></diagram></magicdraw>