<?xml version="1.0" encoding="UTF-8"?><magicdraw><literalinteger classType="LiteralInteger" humanType="Literal Integer" icon="ConceptLibrary_files/icon_literalinteger_1147158688.png" id="_17_0_1_2_7b3022e_1333471669412_324917_2920"><documentation humanName="Documentation"/><name humanName="Name"/><owner classType="Property" humanName="Owner" humanType="Property" icon="ConceptLibrary_files/icon_property_736527975.png" mode="e" name="calls" refid="_17_0_1_2_7b3022e_1333471207371_869159_2673"/><owningLower classType="Property" humanName="Owning Lower" humanType="Property" icon="ConceptLibrary_files/icon_property_736527975.png" name="calls" refid="_17_0_1_2_7b3022e_1333471207371_869159_2673"/><qualifiedName humanName="Qualified Name">SMIF Conceptual Model::Expressions::Function Called::calls::</qualifiedName><text humanName="Text" mode="standard">1</text><TO_DO humanName="To Do"/><TYPE_MODIFIER humanName="Type Modifier"/><value humanName="Value" mode="s,e">1</value><visibility humanName="Visibility">public</visibility></literalinteger></magicdraw>