<?xml version="1.0" encoding="UTF-8"?><magicdraw><diagram classType="Diagram" diagramType="Class Diagram" height="604" humanType="Diagram" icon="ConceptLibrary_files/icon_Class Diagram_505751443.png" id="_17_0_5_1_3ba019e_1408480694685_689209_4181" src="ConceptLibrary_files/_17_0_5_1_3ba019e_1408480694685_689209_4181.png" width="727"><APPLIED_STEREOTYPES humanName="Applied Stereotype" mode="s,e"><stereotype classType="Stereotype" humanType="Stereotype" icon="ConceptLibrary_files/icon_stereotype_643587433.png" name="DiagramInfo" refid="_9_0_be00301_1108044380615_150487_0"/></APPLIED_STEREOTYPES><appliedStereotype humanName="Applied Stereotype" mode="s,e"><stereotype classType="Stereotype" humanType="Stereotype" icon="ConceptLibrary_files/icon_stereotype_643587433.png" name="DiagramInfo" refid="_9_0_be00301_1108044380615_150487_0"><property classType="Property" humanName="Author" humanType="Property" icon="ConceptLibrary_files/icon_property_736527975.png" name="Author" refid="_be00301_1077726770128_871366_1"><String>Cory</String></property><property classType="Property" humanName="Base_ Diagram" humanType="Property" icon="ConceptLibrary_files/icon_property_736527975.png" name="base_Diagram" refid="_10_0EAPbeta_be00301_1123081772498_901864_356"/><property classType="Property" humanName="Base_ Element" humanType="Property" icon="ConceptLibrary_files/icon_property_736527975.png" name="base_Element" refid="_10_0EAPbeta_be00301_1123081772098_411862_275"/><property classType="Property" humanName="Creation Date" humanType="Property" icon="ConceptLibrary_files/icon_property_736527975.png" name="Creation date" refid="_be00301_1073306188629_537791_2"><String>8/19/14 4:38 PM</String></property><property classType="Property" humanName="Last modified by" humanType="Property" icon="ConceptLibrary_files/icon_property_736527975.png" name="Last modified by" refid="_16_8beta_8ca0285_1257244649124_794756_344"><String>cory-</String></property><property classType="Property" humanName="Modification Date" humanType="Property" icon="ConceptLibrary_files/icon_property_736527975.png" name="Modification date" refid="_be00301_1073394345322_922552_1"><String>12/3/16 12:29 PM</String></property></stereotype></appliedStereotype><appliedStereotypeInstance classType="InstanceSpecification" humanName="Applied Stereotype Instance" humanType="Instance Specification" icon="ConceptLibrary_files/icon_instancespecification_1746117425.png" name=" : UML Standard Profile::MagicDraw Profile::DiagramInfo" refid="_17_0_5_1_3ba019e_1408480694711_721533_4193"/><documentation humanName="Documentation"/><map><area isNotContentShape="false" name="Property caused by" refid="_18_0_2_3ba019e_1424731594205_910430_6400" shape="rect" type="0"><point x="308" y="86"/><point x="319" y="86"/><point x="319" y="97"/><point x="308" y="97"/></area><area isNotContentShape="false" name="Property casuses" refid="_18_0_2_3ba019e_1424731594205_483642_6401" shape="rect" type="0"><point x="308" y="146"/><point x="319" y="146"/><point x="319" y="157"/><point x="308" y="157"/></area><area isNotContentShape="false" name="Property triggered by" refid="_17_0_5_1_3ba019e_1408481200231_133881_4423" shape="rect" type="0"><point x="322" y="321"/><point x="333" y="321"/><point x="333" y="332"/><point x="322" y="332"/></area><area isNotContentShape="false" name="Property initiates" refid="_17_0_5_1_3ba019e_1408481200231_611016_4422" shape="rect" type="0"><point x="322" y="370"/><point x="333" y="370"/><point x="333" y="381"/><point x="322" y="381"/></area><area isNotContentShape="false" name="Property creates process instance" refid="_18_1_3ba019e_1431629175378_749489_18052" shape="rect" type="0"><point x="265" y="536"/><point x="276" y="536"/><point x="276" y="547"/><point x="265" y="547"/></area><area isNotContentShape="false" name="Property enactement of" refid="_18_1_3ba019e_1431629175379_211403_18053" shape="rect" type="0"><point x="265" y="385"/><point x="276" y="385"/><point x="276" y="396"/><point x="265" y="396"/></area><area isNotContentShape="false" name="Property produces" refid="_18_4_62501eb_1476382630270_739067_38775" shape="rect" type="0"><point x="90" y="326"/><point x="101" y="326"/><point x="101" y="337"/><point x="90" y="337"/></area><area isNotContentShape="false" name="Property produced by" refid="_18_4_62501eb_1476382630272_487684_38776" shape="rect" type="0"><point x="193" y="223"/><point x="204" y="223"/><point x="204" y="234"/><point x="193" y="234"/></area><area isNotContentShape="false" name="Property" refid="_18_4_62501eb_1476976068596_415604_22955" shape="rect" type="0"><point x="517" y="371"/><point x="528" y="371"/><point x="528" y="382"/><point x="517" y="382"/></area><area isNotContentShape="false" name="Property" refid="_18_4_62501eb_1476976068596_673108_22954" shape="rect" type="0"><point x="380" y="461"/><point x="391" y="461"/><point x="391" y="472"/><point x="380" y="472"/></area><area isNotContentShape="false" name="Property initiates" refid="_17_0_5_1_3ba019e_1408481200231_611016_4422" shape="rect" type="0"><point x="325" y="360"/><point x="363" y="360"/><point x="363" y="373"/><point x="325" y="373"/></area><area isNotContentShape="false" name="Property casuses" refid="_18_0_2_3ba019e_1424731594205_483642_6401" shape="rect" type="0"><point x="311" y="136"/><point x="355" y="136"/><point x="355" y="149"/><point x="311" y="149"/></area><area isNotContentShape="false" name="Property produces" refid="_18_4_62501eb_1476382630270_739067_38775" shape="rect" type="0"><point x="45" y="321"/><point x="93" y="321"/><point x="93" y="334"/><point x="45" y="334"/></area><area isNotContentShape="false" name="Property caused by" refid="_18_0_2_3ba019e_1424731594205_910430_6400" shape="rect" type="0"><point x="311" y="76"/><point x="364" y="76"/><point x="364" y="89"/><point x="311" y="89"/></area><area isNotContentShape="false" name="Property triggered by" refid="_17_0_5_1_3ba019e_1408481200231_133881_4423" shape="rect" type="0"><point x="325" y="311"/><point x="385" y="311"/><point x="385" y="324"/><point x="325" y="324"/></area><area isNotContentShape="false" name="Property produced by" refid="_18_4_62501eb_1476382630272_487684_38776" shape="rect" type="0"><point x="138" y="213"/><point x="201" y="213"/><point x="201" y="226"/><point x="138" y="226"/></area><area isNotContentShape="false" name="Property enactement of" refid="_18_1_3ba019e_1431629175379_211403_18053" shape="rect" type="0"><point x="197" y="388"/><point x="268" y="388"/><point x="268" y="401"/><point x="197" y="401"/></area><area isNotContentShape="false" name="Property creates process instance" refid="_18_1_3ba019e_1431629175378_749489_18052" shape="rect" type="0"><point x="273" y="532"/><point x="399" y="532"/><point x="399" y="545"/><point x="273" y="545"/></area><area isNotContentShape="false" name="Comment" refid="_18_4_62501eb_1476977520499_423258_23217" shape="rect" type="0"><point x="602" y="294"/><point x="703" y="294"/><point x="703" y="343"/><point x="602" y="343"/></area><area isNotContentShape="false" name="Association Class Output" refid="_18_4_62501eb_1476382630270_100592_38774" shape="poly" type="0"><point x="96" y="227"/><point x="90" y="221"/><point x="88" y="223"/><point x="94" y="229"/></area><area isNotContentShape="false" name="Association Class Cause and Effect" refid="_18_4_62501eb_1475006958391_680737_39764" shape="poly" type="0"><point x="439" y="120"/><point x="449" y="121"/><point x="447" y="123"/><point x="437" y="122"/></area><area isNotContentShape="false" name="Association Class When" refid="_17_0_5_1_3ba019e_1408481200231_960761_4421" shape="poly" type="0"><point x="439" y="350"/><point x="456" y="350"/><point x="454" y="352"/><point x="437" y="352"/></area><area isNotContentShape="false" name="Association Class Invoke Process" refid="_18_4_62501eb_1476380420686_234834_37328" shape="poly" type="0"><point x="271" y="464"/><point x="288" y="464"/><point x="286" y="466"/><point x="269" y="466"/></area><area isNotContentShape="false" name="Generalization" refid="_17_0_5_1_3ba019e_1407879299046_387628_4350" shape="poly" type="0"><point x="281" y="249"/><point x="281" y="279"/><point x="279" y="281"/><point x="279" y="251"/></area><area isNotContentShape="false" name="Generalization" refid="_17_0_5_1_7b3022e_1398541907448_575776_5175" shape="poly" type="0"><point x="229" y="181"/><point x="229" y="216"/><point x="227" y="218"/><point x="227" y="183"/></area><area isNotContentShape="false" name="Generalization" refid="_17_0_5_1_3ba019e_1407877575954_540428_4215" shape="poly" type="0"><point x="229" y="240"/><point x="229" y="279"/><point x="227" y="281"/><point x="227" y="242"/></area><area isNotContentShape="false" name="Generalization" refid="_17_0_5_1_3ba019e_1416259610764_706470_5302" shape="poly" type="0"><point x="558" y="262"/><point x="558" y="335"/><point x="556" y="337"/><point x="556" y="264"/></area><area isNotContentShape="false" name="Association Class Output" refid="_18_4_62501eb_1476382630270_100592_38774" shape="poly" type="0"><point x="96" y="335"/><point x="96" y="227"/><point x="204" y="227"/><point x="202" y="229"/><point x="94" y="229"/><point x="94" y="337"/></area><area isNotContentShape="false" name="Association Class When" refid="_17_0_5_1_3ba019e_1408481200231_960761_4421" shape="poly" type="0"><point x="323" y="374"/><point x="439" y="374"/><point x="439" y="325"/><point x="323" y="325"/><point x="321" y="327"/><point x="437" y="327"/><point x="437" y="376"/><point x="321" y="376"/></area><area isNotContentShape="false" name="Association Class Cause and Effect" refid="_18_4_62501eb_1475006958391_680737_39764" shape="poly" type="0"><point x="309" y="90"/><point x="439" y="90"/><point x="439" y="150"/><point x="309" y="150"/><point x="307" y="152"/><point x="437" y="152"/><point x="437" y="92"/><point x="307" y="92"/></area><area isNotContentShape="false" name="Association" refid="_18_4_62501eb_1476976068596_18127_22953" shape="poly" type="0"><point x="381" y="465"/><point x="523" y="465"/><point x="523" y="370"/><point x="521" y="372"/><point x="521" y="467"/><point x="379" y="467"/></area><area isNotContentShape="false" name="Generalization" refid="_18_4_62501eb_1476976391846_911187_23109" shape="poly" type="0"><point x="323" y="290"/><point x="481" y="290"/><point x="481" y="335"/><point x="479" y="337"/><point x="479" y="292"/><point x="321" y="292"/></area><area isNotContentShape="false" name="Association Class Invoke Process" refid="_18_4_62501eb_1476380420686_234834_37328" shape="poly" type="0"><point x="271" y="545"/><point x="271" y="384"/><point x="269" y="386"/><point x="269" y="547"/></area><area isNotContentShape="false" name="Generalization" refid="_18_4_62501eb_1476976976333_198810_23166" shape="poly" type="0"><point x="505" y="144"/><point x="505" y="335"/><point x="503" y="337"/><point x="503" y="146"/></area><area isNotContentShape="false" name="Class Occurrence" refid="_17_0_5_1_7b3022e_1398294216796_903071_6610" shape="rect" type="0"><point x="203" y="217"/><point x="275" y="217"/><point x="275" y="242"/><point x="203" y="242"/></area><area isNotContentShape="false" name="Class Pattern" refid="_17_0_4_1_7b3022e_1388872049081_627218_5350" shape="rect" type="0"><point x="266" y="217"/><point x="342" y="217"/><point x="342" y="251"/><point x="266" y="251"/></area><area isNotContentShape="false" name="Association Class Output" refid="_18_4_62501eb_1476382630270_100592_38774" shape="rect" type="0"><point x="35" y="189"/><point x="113" y="189"/><point x="113" y="223"/><point x="35" y="223"/></area><area isNotContentShape="false" name="Association Class Invoke Process" refid="_18_4_62501eb_1476380420686_234834_37328" shape="rect" type="0"><point x="287" y="448"/><point x="381" y="448"/><point x="381" y="482"/><point x="287" y="482"/></area><area isNotContentShape="false" name="Association Class Cause and Effect" refid="_18_4_62501eb_1475006958391_680737_39764" shape="rect" type="0"><point x="448" y="112"/><point x="548" y="112"/><point x="548" y="146"/><point x="448" y="146"/></area><area isNotContentShape="false" name="Class Situation" refid="_18_1_3ba019e_1430349228247_211772_4675" shape="rect" type="0"><point x="203" y="77"/><point x="309" y="77"/><point x="309" y="183"/><point x="203" y="183"/></area><area isNotContentShape="false" name="Class Actual Occurrence" refid="_18_1_3ba019e_1443311565629_856879_8417" shape="rect" type="0"><point x="238" y="546"/><point x="347" y="546"/><point x="347" y="580"/><point x="238" y="580"/></area><area isNotContentShape="false" name="Class Entity" refid="_17_0_3_7b3022e_1331156499953_68666_1704" shape="rect" type="0"><point x="42" y="336"/><point x="163" y="336"/><point x="163" y="361"/><point x="42" y="361"/></area><area isNotContentShape="false" name="Association Class When" refid="_17_0_5_1_3ba019e_1408481200231_960761_4421" shape="rect" type="0"><point x="455" y="336"/><point x="582" y="336"/><point x="582" y="372"/><point x="455" y="372"/></area><area isNotContentShape="false" name="Class Occurrence Pattern" refid="_17_0_5_1_3ba019e_1407877662057_782630_4220" shape="rect" type="0"><point x="196" y="280"/><point x="323" y="280"/><point x="323" y="386"/><point x="196" y="386"/></area><area isNotContentShape="false" name="Class Conditional Rule" refid="_17_0_4_1_7b3022e_1388784601466_759247_4628" shape="rect" type="0"><point x="525" y="224"/><point x="700" y="224"/><point x="700" y="264"/><point x="525" y="264"/></area></map><name humanName="Name" mode="s,e">Course of Action Rule</name><namespace classType="AssociationClass" humanName="Namespace" humanType="Association Class" icon="ConceptLibrary_files/icon_associationclass_1255445356.png" isRelationship="true" name="When" refid="_17_0_5_1_3ba019e_1408481200231_960761_4421"/><ownedElement humanName="Owned Element"><instancespecification classType="InstanceSpecification" humanType="Instance Specification" icon="ConceptLibrary_files/icon_instancespecification_1746117425.png" name=" : UML Standard Profile::MagicDraw Profile::DiagramInfo" refid="_17_0_5_1_3ba019e_1408480694711_721533_4193"/></ownedElement><owner classType="AssociationClass" humanName="Owner" humanType="Association Class" icon="ConceptLibrary_files/icon_associationclass_1255445356.png" isRelationship="true" mode="s,e" name="When" refid="_17_0_5_1_3ba019e_1408481200231_960761_4421"/><ownerOfDiagram classType="AssociationClass" humanName="Owner Of Diagram" humanType="Association Class" icon="ConceptLibrary_files/icon_associationclass_1255445356.png" isRelationship="true" name="When" refid="_17_0_5_1_3ba019e_1408481200231_960761_4421"/><qualifiedName humanName="Qualified Name" mode="e">Concept Library::Processes::When::Course of Action Rule</qualifiedName><TO_DO humanName="To Do" mode="s,e"/><DIAGRAM_TYPE_DERIVED_PROPERTY humanName="Type">Class Diagram</DIAGRAM_TYPE_DERIVED_PROPERTY><visibility humanName="Visibility">public</visibility></diagram></magicdraw>