<?xml version="1.0" encoding="UTF-8"?><magicdraw><comment classType="Comment" humanType="Comment" icon="ConceptLibrary_files/icon_comment_1609735765.png" id="_17_0_5_1_3ba019e_1407439006277_479762_4744"><annotatedElement humanName="Annotated Element" mode="s,e"><class classType="Class" humanType="Class" icon="ConceptLibrary_files/icon_class_1769227988.png" name="Opportunity" refid="_17_0_5_1_3ba019e_1407439004222_946325_4256"/></annotatedElement><body humanName="Body" mode="s,e">An opportunity is any potential future situation having beneficial consequences.
[BMM] Opportunity: This category of Assessment indicates that some Influencer can have a favorable impact on the organization’s employment of Means or achievement of Ends. For example, the bankruptcy of Pizza Company’s major competitor in Region-Y is assessed to be an Opportunity in its Goal “To increase market share.”</body><documentation humanName="Documentation"/><owner classType="Class" humanName="Owner" humanType="Class" icon="ConceptLibrary_files/icon_class_1769227988.png" mode="s,e" name="Opportunity" refid="_17_0_5_1_3ba019e_1407439004222_946325_4256"/><owningElement classType="Class" humanName="Owning Element" humanType="Class" icon="ConceptLibrary_files/icon_class_1769227988.png" name="Opportunity" refid="_17_0_5_1_3ba019e_1407439004222_946325_4256"/><TO_DO humanName="To Do" mode="s,e"/></comment></magicdraw>