<?xml version="1.0" encoding="UTF-8"?><magicdraw><comment classType="Comment" humanType="Comment" icon="ConceptLibrary_files/icon_comment_1609735765.png" id="_17_0_4_1_7b3022e_1387668918419_658638_4675"><annotatedElement humanName="Annotated Element" mode="s,e"><class classType="Class" humanType="Class" icon="ConceptLibrary_files/icon_class_1769227988.png" name="Function Call" refid="_17_0_4_1_7b3022e_1387668420737_262623_4623"/></annotatedElement><body humanName="Body" mode="s,e">An element of an expression that performs some operation based on a function type and produces a result.  I.e. plus(a,1).
Arguments are bound to the function call via bindings.</body><documentation humanName="Documentation"/><owner classType="Class" humanName="Owner" humanType="Class" icon="ConceptLibrary_files/icon_class_1769227988.png" mode="s,e" name="Function Call" refid="_17_0_4_1_7b3022e_1387668420737_262623_4623"/><owningElement classType="Class" humanName="Owning Element" humanType="Class" icon="ConceptLibrary_files/icon_class_1769227988.png" name="Function Call" refid="_17_0_4_1_7b3022e_1387668420737_262623_4623"/><TO_DO humanName="To Do" mode="s,e"/></comment></magicdraw>