<?xml version="1.0" encoding="UTF-8"?><magicdraw><opaqueexpression classType="OpaqueExpression" humanType="Opaque Expression" icon="ConceptLibrary_files/icon_opaqueexpression_2006842965.png" id="_17_0_5_1_3ba019e_1407439006334_103715_4818"><body humanName="Body" mode="e"><String>desirability&lt;0</String></body><documentation humanName="Documentation"/><name humanName="Name"/><owner classType="Constraint" humanName="Owner" humanType="Constraint" icon="ConceptLibrary_files/icon_constraint_648358364.png" mode="s,e" name="risky" refid="_17_0_5_1_3ba019e_1407439006231_577928_4669"/><owningConstraint classType="Constraint" humanName="Owning Constraint" humanType="Constraint" icon="ConceptLibrary_files/icon_constraint_648358364.png" name="risky" refid="_17_0_5_1_3ba019e_1407439006231_577928_4669"/><qualifiedName humanName="Qualified Name">Threat-risk-conceptual-model::Threat and Risk Specific Concepts::Undesirable Situations::Harm::risky::</qualifiedName><text humanName="Text" mode="standard">desirability&lt;0</text><TO_DO humanName="To Do" mode="s,e"/><TYPE_MODIFIER humanName="Type Modifier"/><visibility humanName="Visibility">public</visibility></opaqueexpression></magicdraw>