<?xml version="1.0" encoding="UTF-8"?><magicdraw><diagram classType="Diagram" diagramType="Class Diagram" height="719" humanType="Diagram" icon="ConceptLibrary_files/icon_Class Diagram_505751443.png" id="_17_0_4_1_7b3022e_1387036296496_910243_3904" src="ConceptLibrary_files/_17_0_4_1_7b3022e_1387036296496_910243_3904.png" width="777"><APPLIED_STEREOTYPES humanName="Applied Stereotype" mode="s,e"><stereotype classType="Stereotype" humanType="Stereotype" icon="ConceptLibrary_files/icon_stereotype_643587433.png" name="DiagramInfo" refid="_9_0_be00301_1108044380615_150487_0"/></APPLIED_STEREOTYPES><appliedStereotype humanName="Applied Stereotype" mode="s,e"><stereotype classType="Stereotype" humanType="Stereotype" icon="ConceptLibrary_files/icon_stereotype_643587433.png" name="DiagramInfo" refid="_9_0_be00301_1108044380615_150487_0"><property classType="Property" humanName="Author" humanType="Property" icon="ConceptLibrary_files/icon_property_736527975.png" name="Author" refid="_be00301_1077726770128_871366_1"><String>Cory-c</String></property><property classType="Property" humanName="Base_ Diagram" humanType="Property" icon="ConceptLibrary_files/icon_property_736527975.png" name="base_Diagram" refid="_10_0EAPbeta_be00301_1123081772498_901864_356"/><property classType="Property" humanName="Base_ Element" humanType="Property" icon="ConceptLibrary_files/icon_property_736527975.png" name="base_Element" refid="_10_0EAPbeta_be00301_1123081772098_411862_275"/><property classType="Property" humanName="Creation Date" humanType="Property" icon="ConceptLibrary_files/icon_property_736527975.png" name="Creation date" refid="_be00301_1073306188629_537791_2"><String>12/14/13 10:51 AM</String></property><property classType="Property" humanName="Last modified by" humanType="Property" icon="ConceptLibrary_files/icon_property_736527975.png" name="Last modified by" refid="_16_8beta_8ca0285_1257244649124_794756_344"><String>cory-</String></property><property classType="Property" humanName="Modification Date" humanType="Property" icon="ConceptLibrary_files/icon_property_736527975.png" name="Modification date" refid="_be00301_1073394345322_922552_1"><String>5/23/18 11:51 AM</String></property></stereotype></appliedStereotype><appliedStereotypeInstance classType="InstanceSpecification" humanName="Applied Stereotype Instance" humanType="Instance Specification" icon="ConceptLibrary_files/icon_instancespecification_1746117425.png" name=" : UML Standard Profile::MagicDraw Profile::DiagramInfo" refid="_17_0_4_1_7b3022e_1387036296500_305817_3915"/><documentation humanName="Documentation"/><documentation humanName="Documentation" mode="standard"/><map><area isNotContentShape="false" name="Property defines" refid="_17_0_4_1_7b3022e_1387036570411_417395_4086" shape="rect" type="0"><point x="275" y="68"/><point x="286" y="68"/><point x="286" y="79"/><point x="275" y="79"/></area><area isNotContentShape="false" name="Property defined in" refid="_17_0_4_1_7b3022e_1387036570411_902484_4087" shape="rect" type="0"><point x="275" y="207"/><point x="286" y="207"/><point x="286" y="218"/><point x="275" y="218"/></area><area isNotContentShape="false" name="Property referenced by" refid="_17_0_4_1_7b3022e_1387043399732_397965_4961" shape="rect" type="0"><point x="629" y="284"/><point x="640" y="284"/><point x="640" y="295"/><point x="629" y="295"/></area><area isNotContentShape="false" name="Property References scope" refid="_17_0_4_1_7b3022e_1387043399732_561631_4960" shape="rect" type="0"><point x="609" y="163"/><point x="620" y="163"/><point x="620" y="174"/><point x="609" y="174"/></area><area isNotContentShape="false" name="Property references" refid="_17_0_4_1_7b3022e_1387043686259_874393_5012" shape="rect" type="0"><point x="548" y="318"/><point x="559" y="318"/><point x="559" y="329"/><point x="548" y="329"/></area><area isNotContentShape="false" name="Property extends scope" refid="_17_0_4_1_7b3022e_1387043686260_299858_5013" shape="rect" type="0"><point x="548" y="413"/><point x="559" y="413"/><point x="559" y="424"/><point x="548" y="424"/></area><area isNotContentShape="false" name="Property stated by" refid="_18_2_62501eb_1462976051932_313346_7155" shape="rect" type="0"><point x="349" y="413"/><point x="360" y="413"/><point x="360" y="424"/><point x="349" y="424"/></area><area isNotContentShape="false" name="Property states" refid="_18_2_62501eb_1462976051931_350205_7154" shape="rect" type="0"><point x="349" y="185"/><point x="360" y="185"/><point x="360" y="196"/><point x="349" y="196"/></area><area isNotContentShape="false" name="Property has prefix" refid="_18_2_62501eb_1463088530707_879222_6427" shape="rect" type="0"><point x="104" y="319"/><point x="115" y="319"/><point x="115" y="330"/><point x="104" y="330"/></area><area isNotContentShape="false" name="Property prefix of" refid="_18_2_62501eb_1463088530707_400576_6428" shape="rect" type="0"><point x="172" y="223"/><point x="183" y="223"/><point x="183" y="234"/><point x="172" y="234"/></area><area isNotContentShape="false" name="Property Stores Model" refid="_18_4_1_62501eb_1503242241081_278099_6930" shape="rect" type="0"><point x="664" y="615"/><point x="675" y="615"/><point x="675" y="626"/><point x="664" y="626"/></area><area isNotContentShape="false" name="Property Stored In" refid="_18_4_1_62501eb_1503242241081_589077_6931" shape="rect" type="0"><point x="198" y="615"/><point x="209" y="615"/><point x="209" y="626"/><point x="198" y="626"/></area><area isNotContentShape="false" name="Property asserts" refid="_18_1_3ba019e_1430749398732_327565_5553" shape="rect" type="0"><point x="412" y="185"/><point x="423" y="185"/><point x="423" y="196"/><point x="412" y="196"/></area><area isNotContentShape="false" name="Property holds within" refid="_18_1_3ba019e_1430749398733_626292_5554" shape="rect" type="0"><point x="552" y="185"/><point x="563" y="185"/><point x="563" y="196"/><point x="552" y="196"/></area><area isNotContentShape="false" name="Property states" refid="_18_2_62501eb_1462976051931_350205_7154" shape="rect" type="0"><point x="314" y="188"/><point x="352" y="188"/><point x="352" y="201"/><point x="314" y="201"/></area><area isNotContentShape="false" name="Property defines" refid="_17_0_4_1_7b3022e_1387036570411_417395_4086" shape="rect" type="0"><point x="234" y="71"/><point x="278" y="71"/><point x="278" y="84"/><point x="234" y="84"/></area><area isNotContentShape="false" name="Property asserts" refid="_18_1_3ba019e_1430749398732_327565_5553" shape="rect" type="0"><point x="420" y="196"/><point x="465" y="196"/><point x="465" y="209"/><point x="420" y="209"/></area><area isNotContentShape="false" name="Property prefix of" refid="_18_2_62501eb_1463088530707_400576_6428" shape="rect" type="0"><point x="133" y="196"/><point x="182" y="196"/><point x="182" y="209"/><point x="133" y="209"/></area><area isNotContentShape="false" name="Property Stored In" refid="_18_4_1_62501eb_1503242241081_589077_6931" shape="rect" type="0"><point x="147" y="619"/><point x="196" y="619"/><point x="196" y="644"/><point x="147" y="644"/></area><area isNotContentShape="false" name="Property stated by" refid="_18_2_62501eb_1462976051932_313346_7155" shape="rect" type="0"><point x="301" y="402"/><point x="354" y="402"/><point x="354" y="415"/><point x="301" y="415"/></area><area isNotContentShape="false" name="Property defined in" refid="_17_0_4_1_7b3022e_1387036570411_902484_4087" shape="rect" type="0"><point x="223" y="190"/><point x="278" y="190"/><point x="278" y="203"/><point x="223" y="203"/></area><area isNotContentShape="false" name="Property Stores Model" refid="_18_4_1_62501eb_1503242241081_278099_6930" shape="rect" type="0"><point x="616" y="619"/><point x="672" y="619"/><point x="672" y="644"/><point x="616" y="644"/></area><area isNotContentShape="false" name="Property has prefix" refid="_18_2_62501eb_1463088530707_879222_6427" shape="rect" type="0"><point x="112" y="294"/><point x="169" y="294"/><point x="169" y="307"/><point x="112" y="307"/></area><area isNotContentShape="false" name="Property references" refid="_17_0_4_1_7b3022e_1387043686259_874393_5012" shape="rect" type="0"><point x="489" y="321"/><point x="551" y="321"/><point x="551" y="334"/><point x="489" y="334"/></area><area isNotContentShape="false" name="Property holds within" refid="_18_1_3ba019e_1430749398733_626292_5554" shape="rect" type="0"><point x="489" y="188"/><point x="555" y="188"/><point x="555" y="201"/><point x="489" y="201"/></area><area isNotContentShape="false" name="Property referenced by" refid="_17_0_4_1_7b3022e_1387043399732_397965_4961" shape="rect" type="0"><point x="644" y="280"/><point x="721" y="280"/><point x="721" y="293"/><point x="644" y="293"/></area><area isNotContentShape="false" name="Property extends scope" refid="_17_0_4_1_7b3022e_1387043686260_299858_5013" shape="rect" type="0"><point x="560" y="409"/><point x="640" y="409"/><point x="640" y="422"/><point x="560" y="422"/></area><area isNotContentShape="false" name="Property References scope" refid="_17_0_4_1_7b3022e_1387043399732_561631_4960" shape="rect" type="0"><point x="612" y="153"/><point x="710" y="153"/><point x="710" y="166"/><point x="612" y="166"/></area><area isNotContentShape="false" name="Generalization" refid="_17_0_4_1_7b3022e_1387046328828_873952_5334" shape="poly" type="0"><point x="607" y="269"/><point x="607" y="293"/><point x="605" y="295"/><point x="605" y="271"/></area><area isNotContentShape="false" name="Generalization" refid="_18_2_62501eb_1463087172758_813569_6310" shape="poly" type="0"><point x="461" y="573"/><point x="461" y="597"/><point x="459" y="599"/><point x="459" y="575"/></area><area isNotContentShape="false" name="Generalization" refid="_18_5_3_62501eb_1527086142428_190736_15815" shape="poly" type="0"><point x="452" y="269"/><point x="452" y="293"/><point x="450" y="295"/><point x="450" y="271"/></area><area isNotContentShape="false" name="Generalization" refid="_17_0_4_1_7b3022e_1389197559451_610455_8508" shape="poly" type="0"><point x="621" y="317"/><point x="621" y="342"/><point x="619" y="344"/><point x="619" y="319"/></area><area isNotContentShape="false" name="Generalization" refid="_17_0_4_1_7b3022e_1389138802567_269252_7893" shape="poly" type="0"><point x="334" y="485"/><point x="334" y="513"/><point x="332" y="515"/><point x="332" y="487"/></area><area isNotContentShape="false" name="Generalization" refid="_18_0_2_3ba019e_1422823524077_724170_6116" shape="poly" type="0"><point x="561" y="485"/><point x="561" y="513"/><point x="559" y="515"/><point x="559" y="487"/></area><area isNotContentShape="false" name="Generalization" refid="_18_4_1_62501eb_1504294839214_446097_7320" shape="poly" type="0"><point x="237" y="485"/><point x="237" y="513"/><point x="235" y="515"/><point x="235" y="487"/></area><area isNotContentShape="false" name="Generalization" refid="_17_0_3_7b3022e_1331313107086_814681_5529" shape="poly" type="0"><point x="390" y="67"/><point x="390" y="97"/><point x="388" y="99"/><point x="388" y="69"/></area><area isNotContentShape="false" name="Generalization" refid="_18_2_62501eb_1462461776205_622961_6282" shape="poly" type="0"><point x="390" y="121"/><point x="390" y="160"/><point x="388" y="162"/><point x="388" y="123"/></area><area isNotContentShape="false" name="Generalization" refid="_17_0_4_1_7b3022e_1387036459060_917213_4074" shape="poly" type="0"><point x="628" y="537"/><point x="628" y="590"/><point x="626" y="592"/><point x="626" y="539"/></area><area isNotContentShape="false" name="Generalization" refid="_18_2_62501eb_1463087080796_569625_6210" shape="poly" type="0"><point x="547" y="573"/><point x="547" y="632"/><point x="545" y="634"/><point x="545" y="575"/></area><area isNotContentShape="false" name="Generalization" refid="_18_2_62501eb_1463087168140_709890_6307" shape="poly" type="0"><point x="397" y="573"/><point x="397" y="632"/><point x="395" y="634"/><point x="395" y="575"/></area><area isNotContentShape="false" name="Generalization" refid="_18_4_1_62501eb_1494606878948_212458_8400" shape="poly" type="0"><point x="442" y="174"/><point x="519" y="174"/><point x="517" y="176"/><point x="440" y="176"/></area><area isNotContentShape="false" name="Association Prefix Text" refid="_18_2_62501eb_1463088530707_699864_6426" shape="poly" type="0"><point x="110" y="328"/><point x="110" y="227"/><point x="183" y="227"/><point x="181" y="229"/><point x="108" y="229"/><point x="108" y="330"/></area><area isNotContentShape="false" name="Association Scope Reference" refid="_17_0_4_1_7b3022e_1387043686259_568363_5011" shape="poly" type="0"><point x="554" y="317"/><point x="554" y="422"/><point x="552" y="424"/><point x="552" y="319"/></area><area isNotContentShape="false" name="Generalization" refid="_18_4_1_62501eb_1503242196920_623440_6924" shape="poly" type="0"><point x="152" y="485"/><point x="152" y="590"/><point x="150" y="592"/><point x="150" y="487"/></area><area isNotContentShape="false" name="Generalization" refid="_18_5_3_62501eb_1527090623465_743966_8157" shape="poly" type="0"><point x="452" y="317"/><point x="452" y="422"/><point x="450" y="424"/><point x="450" y="319"/></area><area isNotContentShape="false" name="Association Scope of Reference" refid="_17_0_4_1_7b3022e_1387043399732_19807_4959" shape="poly" type="0"><point x="610" y="167"/><point x="635" y="167"/><point x="635" y="293"/><point x="633" y="295"/><point x="633" y="169"/><point x="608" y="169"/></area><area isNotContentShape="false" name="Generalization" refid="_18_5_3_62501eb_1519860118456_960004_8124" shape="poly" type="0"><point x="488" y="216"/><point x="355" y="303"/><point x="353" y="305"/><point x="486" y="218"/></area><area isNotContentShape="false" name="Association Assertion" refid="_18_1_3ba019e_1430749398732_339012_5552" shape="poly" type="0"><point x="418" y="184"/><point x="418" y="216"/><point x="558" y="216"/><point x="558" y="184"/><point x="556" y="186"/><point x="556" y="218"/><point x="416" y="218"/><point x="416" y="186"/></area><area isNotContentShape="false" name="Association Definition" refid="_17_0_4_1_7b3022e_1387036570411_217552_4085" shape="poly" type="0"><point x="281" y="67"/><point x="281" y="216"/><point x="279" y="218"/><point x="279" y="69"/></area><area isNotContentShape="false" name="Generalization" refid="_18_4_1_62501eb_1502395209752_879859_9063" shape="poly" type="0"><point x="208" y="67"/><point x="208" y="216"/><point x="206" y="218"/><point x="206" y="69"/></area><area isNotContentShape="false" name="Generalization" refid="_18_4_62501eb_1475685966008_823041_16970" shape="poly" type="0"><point x="281" y="141"/><point x="355" y="303"/><point x="353" y="305"/><point x="279" y="143"/></area><area isNotContentShape="false" name="Generalization" refid="_18_2_62501eb_1463088812370_406816_6497" shape="poly" type="0"><point x="64" y="156"/><point x="64" y="328"/><point x="62" y="330"/><point x="62" y="158"/></area><area isNotContentShape="false" name="Generalization" refid="_18_4_1_62501eb_1504294788105_553684_7290" shape="poly" type="0"><point x="250" y="240"/><point x="250" y="422"/><point x="248" y="424"/><point x="248" y="242"/></area><area isNotContentShape="false" name="Association Statement" refid="_18_2_62501eb_1462976051931_701389_7153" shape="poly" type="0"><point x="355" y="184"/><point x="355" y="422"/><point x="353" y="424"/><point x="353" y="186"/></area><area isNotContentShape="false" name="Association Repository Conteining Model" refid="_18_4_1_62501eb_1503242241081_3665_6929" shape="poly" type="0"><point x="670" y="614"/><point x="670" y="678"/><point x="204" y="678"/><point x="204" y="614"/><point x="202" y="616"/><point x="202" y="680"/><point x="668" y="680"/><point x="668" y="616"/></area><area isNotContentShape="false" name="Class Entity" refid="_17_0_3_7b3022e_1331156499953_68666_1704" shape="rect" type="0"><point x="371" y="98"/><point x="409" y="98"/><point x="409" y="123"/><point x="371" y="123"/></area><area isNotContentShape="false" name="Class Type" refid="_17_0_3_7b3022e_1331156699146_272050_1846" shape="rect" type="0"><point x="315" y="514"/><point x="353" y="514"/><point x="353" y="539"/><point x="315" y="539"/></area><area isNotContentShape="false" name="Class Include" refid="_17_0_4_1_7b3022e_1389197532067_566283_8486" shape="rect" type="0"><point x="588" y="343"/><point x="652" y="343"/><point x="652" y="368"/><point x="588" y="368"/></area><area isNotContentShape="false" name="Class Prefix" refid="_18_2_62501eb_1463088782969_932810_6473" shape="rect" type="0"><point x="42" y="329"/><point x="120" y="329"/><point x="120" y="363"/><point x="42" y="363"/></area><area isNotContentShape="false" name="Class Namespace" refid="_18_3_62501eb_1473958574816_956947_6732" shape="rect" type="0"><point x="196" y="514"/><point x="277" y="514"/><point x="277" y="539"/><point x="196" y="539"/></area><area isNotContentShape="false" name="Class Context" refid="_17_0_3_7b3022e_1331164829050_871772_2449" shape="rect" type="0"><point x="518" y="161"/><point x="610" y="161"/><point x="610" y="186"/><point x="518" y="186"/></area><area isNotContentShape="false" name="Class Scoped Context" refid="_18_5_3_62501eb_1527086128974_510931_15787" shape="rect" type="0"><point x="404" y="294"/><point x="499" y="294"/><point x="499" y="319"/><point x="404" y="319"/></area><area isNotContentShape="false" name="Class Logical Package" refid="_18_2_62501eb_1463087119468_924389_6216" shape="rect" type="0"><point x="420" y="598"/><point x="516" y="598"/><point x="516" y="623"/><point x="420" y="623"/></area><area isNotContentShape="false" name="Class Proposition" refid="_18_2_62501eb_1462460603792_169037_6216" shape="rect" type="0"><point x="343" y="161"/><point x="442" y="161"/><point x="442" y="186"/><point x="343" y="186"/></area><area isNotContentShape="false" name="Class Physical Package" refid="_18_2_62501eb_1463087134636_886504_6239" shape="rect" type="0"><point x="350" y="633"/><point x="452" y="633"/><point x="452" y="658"/><point x="350" y="658"/></area><area isNotContentShape="false" name="Class Model" refid="_17_0_4_1_7b3022e_1387036392099_437470_4007" shape="rect" type="0"><point x="595" y="591"/><point x="701" y="591"/><point x="701" y="616"/><point x="595" y="616"/></area><area isNotContentShape="false" name="Class Conceptual Package" refid="_18_2_62501eb_1463087065076_370696_6186" shape="rect" type="0"><point x="476" y="633"/><point x="595" y="633"/><point x="595" y="658"/><point x="476" y="658"/></area><area isNotContentShape="false" name="Class Lexical Scope" refid="_18_4_1_62501eb_1502394944731_837726_9021" shape="rect" type="0"><point x="182" y="217"/><point x="302" y="217"/><point x="302" y="242"/><point x="182" y="242"/></area><area isNotContentShape="false" name="Class Lexical Reference" refid="_17_0_4_1_7b3022e_1387043339955_784477_4894" shape="rect" type="0"><point x="518" y="294"/><point x="645" y="294"/><point x="645" y="319"/><point x="518" y="319"/></area><area isNotContentShape="false" name="Class Unique Text Identifier" refid="_18_2_62501eb_1460145109270_32560_15064" shape="rect" type="0"><point x="35" y="112"/><point x="169" y="112"/><point x="169" y="158"/><point x="35" y="158"/></area><area isNotContentShape="false" name="Class Information Repository" refid="_18_4_1_62501eb_1503242060030_772575_6879" shape="rect" type="0"><point x="140" y="591"/><point x="275" y="591"/><point x="275" y="616"/><point x="140" y="616"/></area><area isNotContentShape="false" name="Class Package" refid="_18_0_2_3ba019e_1422823517742_603183_6093" shape="rect" type="0"><point x="476" y="514"/><point x="645" y="514"/><point x="645" y="539"/><point x="476" y="539"/></area><area isNotContentShape="false" name="Class Thing" refid="_17_0_3_7b3022e_1331313031781_359355_5487" shape="rect" type="0"><point x="182" y="35"/><point x="631" y="35"/><point x="631" y="69"/><point x="182" y="69"/></area><area isNotContentShape="false" name="Class Lexical Context" refid="_17_0_4_1_7b3022e_1387036440058_58622_4050" shape="rect" type="0"><point x="189" y="423"/><point x="645" y="423"/><point x="645" y="448"/><point x="189" y="448"/></area></map><name humanName="Name" mode="s,e">Lexical Scope</name><namespace classType="Package" humanName="Namespace" humanType="Package" icon="ConceptLibrary_files/icon_package_467146800.png" name="Lexical Scope" refid="_17_0_4_1_7b3022e_1387036286878_479470_3903"/><ownedComment humanName="Owned Comment"><comment classType="Comment" humanType="Comment" icon="ConceptLibrary_files/icon_comment_1609735765.png" refid="_17_0_4_1_7b3022e_1389197554407_985276_8506"/></ownedComment><ownedElement humanName="Owned Element"><comment classType="Comment" humanType="Comment" icon="ConceptLibrary_files/icon_comment_1609735765.png" refid="_17_0_4_1_7b3022e_1389197554407_985276_8506"/><instancespecification classType="InstanceSpecification" humanType="Instance Specification" icon="ConceptLibrary_files/icon_instancespecification_1746117425.png" name=" : UML Standard Profile::MagicDraw Profile::DiagramInfo" refid="_17_0_4_1_7b3022e_1387036296500_305817_3915"/></ownedElement><owner classType="Package" humanName="Owner" humanType="Package" icon="ConceptLibrary_files/icon_package_467146800.png" mode="s,e" name="Lexical Scope" refid="_17_0_4_1_7b3022e_1387036286878_479470_3903"/><ownerOfDiagram classType="Package" humanName="Owner Of Diagram" humanType="Package" icon="ConceptLibrary_files/icon_package_467146800.png" name="Lexical Scope" refid="_17_0_4_1_7b3022e_1387036286878_479470_3903"/><qualifiedName humanName="Qualified Name" mode="e">SMIF Conceptual Model::Lexical Scope::Lexical Scope</qualifiedName><TO_DO humanName="To Do" mode="s,e"/><DIAGRAM_TYPE_DERIVED_PROPERTY humanName="Type">Class Diagram</DIAGRAM_TYPE_DERIVED_PROPERTY><visibility humanName="Visibility">public</visibility></diagram></magicdraw>