<?xml version="1.0" encoding="UTF-8"?><magicdraw><diagram classType="Diagram" diagramType="Class Diagram" height="665" humanType="Diagram" icon="ConceptLibrary_files/icon_Class Diagram_505751443.png" id="_17_0_5_1_3ba019e_1408487956094_267630_5468" src="ConceptLibrary_files/_17_0_5_1_3ba019e_1408487956094_267630_5468.png" width="832"><APPLIED_STEREOTYPES humanName="Applied Stereotype" mode="s,e"><stereotype classType="Stereotype" humanType="Stereotype" icon="ConceptLibrary_files/icon_stereotype_643587433.png" name="DiagramInfo" refid="_9_0_be00301_1108044380615_150487_0"/></APPLIED_STEREOTYPES><appliedStereotype humanName="Applied Stereotype" mode="s,e"><stereotype classType="Stereotype" humanType="Stereotype" icon="ConceptLibrary_files/icon_stereotype_643587433.png" name="DiagramInfo" refid="_9_0_be00301_1108044380615_150487_0"><property classType="Property" humanName="Author" humanType="Property" icon="ConceptLibrary_files/icon_property_736527975.png" name="Author" refid="_be00301_1077726770128_871366_1"><String>Cory</String></property><property classType="Property" humanName="Base_ Diagram" humanType="Property" icon="ConceptLibrary_files/icon_property_736527975.png" name="base_Diagram" refid="_10_0EAPbeta_be00301_1123081772498_901864_356"/><property classType="Property" humanName="Base_ Element" humanType="Property" icon="ConceptLibrary_files/icon_property_736527975.png" name="base_Element" refid="_10_0EAPbeta_be00301_1123081772098_411862_275"/><property classType="Property" humanName="Creation Date" humanType="Property" icon="ConceptLibrary_files/icon_property_736527975.png" name="Creation date" refid="_be00301_1073306188629_537791_2"><String>8/19/14 6:39 PM</String></property><property classType="Property" humanName="Last modified by" humanType="Property" icon="ConceptLibrary_files/icon_property_736527975.png" name="Last modified by" refid="_16_8beta_8ca0285_1257244649124_794756_344"><String>cory-</String></property><property classType="Property" humanName="Modification Date" humanType="Property" icon="ConceptLibrary_files/icon_property_736527975.png" name="Modification date" refid="_be00301_1073394345322_922552_1"><String>2/2/18 2:09 PM</String></property></stereotype></appliedStereotype><appliedStereotypeInstance classType="InstanceSpecification" humanName="Applied Stereotype Instance" humanType="Instance Specification" icon="ConceptLibrary_files/icon_instancespecification_1746117425.png" name=" : UML Standard Profile::MagicDraw Profile::DiagramInfo" refid="_17_0_5_1_3ba019e_1408487956101_10961_5479"/><documentation humanName="Documentation"/><map><area isNotContentShape="false" name="Property indicates situation" refid="_17_0_5_1_3ba019e_1408549505995_814970_6489" shape="rect" type="0"><point x="202" y="119"/><point x="213" y="119"/><point x="213" y="130"/><point x="202" y="130"/></area><area isNotContentShape="false" name="Property pattern indicated by" refid="_17_0_5_1_3ba019e_1408549505996_716038_6490" shape="rect" type="0"><point x="202" y="361"/><point x="213" y="361"/><point x="213" y="372"/><point x="202" y="372"/></area><area isNotContentShape="false" name="Property watches" refid="_18_0_2_3ba019e_1423353634218_135_8791" shape="rect" type="0"><point x="489" y="606"/><point x="500" y="606"/><point x="500" y="617"/><point x="489" y="617"/></area><area isNotContentShape="false" name="Property watched by" refid="_18_0_2_3ba019e_1423353634218_955935_8792" shape="rect" type="0"><point x="347" y="510"/><point x="358" y="510"/><point x="358" y="521"/><point x="347" y="521"/></area><area isNotContentShape="false" name="Property has indicator" refid="_18_1_3ba019e_1447020811340_389348_9437" shape="rect" type="0"><point x="426" y="361"/><point x="437" y="361"/><point x="437" y="372"/><point x="426" y="372"/></area><area isNotContentShape="false" name="Property has scope" refid="_18_1_3ba019e_1447020811341_903105_9438" shape="rect" type="0"><point x="426" y="280"/><point x="437" y="280"/><point x="437" y="291"/><point x="426" y="291"/></area><area isNotContentShape="false" name="Property" refid="_18_4_62501eb_1477332694959_128775_22844" shape="rect" type="0"><point x="440" y="242"/><point x="451" y="242"/><point x="451" y="253"/><point x="440" y="253"/></area><area isNotContentShape="false" name="Property" refid="_18_4_62501eb_1477332694960_830020_22845" shape="rect" type="0"><point x="440" y="145"/><point x="451" y="145"/><point x="451" y="156"/><point x="440" y="156"/></area><area isNotContentShape="false" name="Property has sighting" refid="_17_0_5_1_3ba019e_1408488676158_476511_6071" shape="rect" type="0"><point x="622" y="215"/><point x="633" y="215"/><point x="633" y="226"/><point x="622" y="226"/></area><area isNotContentShape="false" name="Property matches indicator" refid="_17_0_5_1_3ba019e_1408488676158_790391_6070" shape="rect" type="0"><point x="622" y="361"/><point x="633" y="361"/><point x="633" y="372"/><point x="622" y="372"/></area><area isNotContentShape="false" name="Property indicated by" refid="_17_0_5_1_3ba019e_1408549782249_590895_6530" shape="rect" type="0"><point x="625" y="172"/><point x="636" y="172"/><point x="636" y="183"/><point x="625" y="183"/></area><area isNotContentShape="false" name="Property indicates" refid="_17_0_5_1_3ba019e_1408549782249_396562_6529" shape="rect" type="0"><point x="563" y="90"/><point x="574" y="90"/><point x="574" y="101"/><point x="563" y="101"/></area><area isNotContentShape="false" name="Property watches" refid="_18_0_2_3ba019e_1423353634218_135_8791" shape="rect" type="0"><point x="447" y="601"/><point x="492" y="601"/><point x="492" y="614"/><point x="447" y="614"/></area><area isNotContentShape="false" name="Property indicates" refid="_17_0_5_1_3ba019e_1408549782249_396562_6529" shape="rect" type="0"><point x="566" y="80"/><point x="611" y="80"/><point x="611" y="93"/><point x="566" y="93"/></area><area isNotContentShape="false" name="Property has scope" refid="_18_1_3ba019e_1447020811341_903105_9438" shape="rect" type="0"><point x="376" y="283"/><point x="429" y="283"/><point x="429" y="296"/><point x="376" y="296"/></area><area isNotContentShape="false" name="Property watched by" refid="_18_0_2_3ba019e_1423353634218_955935_8792" shape="rect" type="0"><point x="350" y="500"/><point x="410" y="500"/><point x="410" y="513"/><point x="350" y="513"/></area><area isNotContentShape="false" name="Property has sighting" refid="_17_0_5_1_3ba019e_1408488676158_476511_6071" shape="rect" type="0"><point x="630" y="217"/><point x="690" y="217"/><point x="690" y="230"/><point x="630" y="230"/></area><area isNotContentShape="false" name="Property indicated by" refid="_17_0_5_1_3ba019e_1408549782249_590895_6530" shape="rect" type="0"><point x="568" y="167"/><point x="628" y="167"/><point x="628" y="180"/><point x="568" y="180"/></area><area isNotContentShape="false" name="Property has indicator" refid="_18_1_3ba019e_1447020811340_389348_9437" shape="rect" type="0"><point x="365" y="356"/><point x="429" y="356"/><point x="429" y="369"/><point x="365" y="369"/></area><area isNotContentShape="false" name="Property matches indicator" refid="_17_0_5_1_3ba019e_1408488676158_790391_6070" shape="rect" type="0"><point x="538" y="356"/><point x="625" y="356"/><point x="625" y="369"/><point x="538" y="369"/></area><area isNotContentShape="false" name="Property indicates situation" refid="_17_0_5_1_3ba019e_1408549505995_814970_6489" shape="rect" type="0"><point x="117" y="122"/><point x="205" y="122"/><point x="205" y="135"/><point x="117" y="135"/></area><area isNotContentShape="false" name="Property pattern indicated by" refid="_17_0_5_1_3ba019e_1408549505996_716038_6490" shape="rect" type="0"><point x="109" y="357"/><point x="206" y="357"/><point x="206" y="370"/><point x="109" y="370"/></area><area isNotContentShape="false" name="Association Class Scope of Indicator" refid="_18_4_62501eb_1477256779812_523729_38619" shape="poly" type="0"><point x="432" y="324"/><point x="449" y="324"/><point x="447" y="326"/><point x="430" y="326"/></area><area isNotContentShape="false" name="Association Class Sighting Matches Indicator" refid="_18_4_62501eb_1477256768628_463340_38463" shape="poly" type="0"><point x="628" y="292"/><point x="645" y="293"/><point x="643" y="295"/><point x="626" y="294"/></area><area isNotContentShape="false" name="Association Class Indicator Indicates Situation" refid="_18_0_2_3ba019e_1423355574537_756190_9196" shape="poly" type="0"><point x="208" y="244"/><point x="188" y="245"/><point x="186" y="247"/><point x="206" y="246"/></area><area isNotContentShape="false" name="Association Class Sighting Indicates Situation" refid="_18_4_62501eb_1477256744723_571051_38319" shape="poly" type="0"><point x="631" y="104"/><point x="652" y="100"/><point x="650" y="102"/><point x="629" y="106"/></area><area isNotContentShape="false" name="Generalization" refid="_18_1_3ba019e_1444947068662_268221_7845" shape="poly" type="0"><point x="348" y="549"/><point x="348" y="573"/><point x="346" y="575"/><point x="346" y="551"/></area><area isNotContentShape="false" name="Generalization" refid="_18_1_3ba019e_1444947071174_61721_7848" shape="poly" type="0"><point x="229" y="549"/><point x="229" y="573"/><point x="227" y="575"/><point x="227" y="551"/></area><area isNotContentShape="false" name="Association Class Watch" refid="_18_4_62501eb_1477256260978_420920_36427" shape="poly" type="0"><point x="472" y="514"/><point x="500" y="501"/><point x="498" y="503"/><point x="470" y="516"/></area><area isNotContentShape="false" name="Generalization" refid="_17_0_5_1_3ba019e_1408378312592_862103_6866" shape="poly" type="0"><point x="110" y="459"/><point x="110" y="496"/><point x="108" y="498"/><point x="108" y="461"/></area><area isNotContentShape="false" name="Generalization" refid="_18_0_2_3ba019e_1423353654778_68809_8818" shape="poly" type="0"><point x="290" y="451"/><point x="290" y="496"/><point x="288" y="498"/><point x="288" y="453"/></area><area isNotContentShape="false" name="Generalization" refid="_18_0_2_3ba019e_1423353651154_539824_8815" shape="poly" type="0"><point x="166" y="451"/><point x="166" y="496"/><point x="164" y="498"/><point x="164" y="453"/></area><area isNotContentShape="false" name="Association Class Sighting Indicates Situation" refid="_18_4_62501eb_1477256744723_571051_38319" shape="poly" type="0"><point x="564" y="94"/><point x="631" y="94"/><point x="631" y="181"/><point x="629" y="183"/><point x="629" y="96"/><point x="562" y="96"/></area><area isNotContentShape="false" name="Association Class Scope of Indicator" refid="_18_4_62501eb_1477256779812_523729_38619" shape="poly" type="0"><point x="432" y="370"/><point x="432" y="279"/><point x="430" y="281"/><point x="430" y="372"/></area><area isNotContentShape="false" name="Association Class Sighting" refid="_18_4_62501eb_1477332694959_512588_22843" shape="poly" type="0"><point x="446" y="251"/><point x="446" y="144"/><point x="444" y="146"/><point x="444" y="253"/></area><area isNotContentShape="false" name="Generalization" refid="_18_1_3ba019e_1426625731420_453925_6877" shape="poly" type="0"><point x="330" y="228"/><point x="330" y="370"/><point x="328" y="372"/><point x="328" y="230"/></area><area isNotContentShape="false" name="Association Class Sighting" refid="_18_4_62501eb_1477332694959_512588_22843" shape="poly" type="0"><point x="446" y="197"/><point x="589" y="197"/><point x="587" y="199"/><point x="444" y="199"/></area><area isNotContentShape="false" name="Association Class Watch" refid="_18_4_62501eb_1477256260978_420920_36427" shape="poly" type="0"><point x="495" y="615"/><point x="495" y="514"/><point x="348" y="514"/><point x="346" y="516"/><point x="493" y="516"/><point x="493" y="617"/></area><area isNotContentShape="false" name="Association Class Sighting Matches Indicator" refid="_18_4_62501eb_1477256768628_463340_38463" shape="poly" type="0"><point x="628" y="370"/><point x="628" y="214"/><point x="626" y="216"/><point x="626" y="372"/></area><area isNotContentShape="false" name="Generalization" refid="_18_4_62501eb_1477400953654_77500_14187" shape="poly" type="0"><point x="271" y="170"/><point x="271" y="370"/><point x="269" y="372"/><point x="269" y="172"/></area><area isNotContentShape="false" name="Association Class Indicator Indicates Situation" refid="_18_0_2_3ba019e_1423355574537_756190_9196" shape="poly" type="0"><point x="208" y="118"/><point x="208" y="370"/><point x="206" y="372"/><point x="206" y="120"/></area><area isNotContentShape="false" name="Diagram Sighting" refid="_18_4_62501eb_1477335260912_71601_24323" shape="rect" type="0"><point x="665" y="483"/><point x="724" y="483"/><point x="724" y="529"/><point x="665" y="529"/></area><area isNotContentShape="false" name="Class Observer" refid="_18_1_3ba019e_1431035300193_770683_12615" shape="rect" type="0"><point x="399" y="112"/><point x="459" y="112"/><point x="459" y="146"/><point x="399" y="146"/></area><area isNotContentShape="false" name="Class Pattern" refid="_17_0_4_1_7b3022e_1388872049081_627218_5350" shape="rect" type="0"><point x="70" y="427"/><point x="146" y="427"/><point x="146" y="461"/><point x="70" y="461"/></area><area isNotContentShape="false" name="Association Class Watch" refid="_18_4_62501eb_1477256260978_420920_36427" shape="rect" type="0"><point x="497" y="469"/><point x="575" y="469"/><point x="575" y="503"/><point x="497" y="503"/></area><area isNotContentShape="false" name="Association Class Sighting" refid="_18_4_62501eb_1477332694959_512588_22843" shape="rect" type="0"><point x="588" y="182"/><point x="666" y="182"/><point x="666" y="216"/><point x="588" y="216"/></area><area isNotContentShape="false" name="Class Resource" refid="_18_0_2_3ba019e_1423005240776_581290_6780" shape="rect" type="0"><point x="287" y="196"/><point x="368" y="196"/><point x="368" y="230"/><point x="287" y="230"/></area><area isNotContentShape="false" name="Class Situation" refid="_18_1_3ba019e_1430349228247_211772_4675" shape="rect" type="0"><point x="483" y="77"/><point x="564" y="77"/><point x="564" y="102"/><point x="483" y="102"/></area><area isNotContentShape="false" name="Diagram Observability" refid="_18_1_3ba019e_1431035561186_307630_12659" shape="rect" type="0"><point x="651" y="588"/><point x="737" y="588"/><point x="737" y="634"/><point x="651" y="634"/></area><area isNotContentShape="false" name="Class Situation Type" refid="_17_0_3_7b3022e_1331156944402_964647_1916" shape="rect" type="0"><point x="231" y="147"/><point x="317" y="147"/><point x="317" y="172"/><point x="231" y="172"/></area><area isNotContentShape="false" name="Diagram Observations" refid="_18_4_62501eb_1477334220953_533298_23350" shape="rect" type="0"><point x="651" y="532"/><point x="739" y="532"/><point x="739" y="578"/><point x="651" y="578"/></area><area isNotContentShape="false" name="Class Indicator Pattern" refid="_18_0_2_3ba019e_1423353536690_442486_8723" shape="rect" type="0"><point x="84" y="497"/><point x="183" y="497"/><point x="183" y="522"/><point x="84" y="522"/></area><area isNotContentShape="false" name="Class Potential Situation" refid="_17_0_5_1_3ba019e_1407439004195_602848_4233" shape="rect" type="0"><point x="126" y="84"/><point x="233" y="84"/><point x="233" y="120"/><point x="126" y="120"/></area><area isNotContentShape="false" name="Class Whitelist Indicator" refid="_18_1_3ba019e_1444947041917_821822_7798" shape="rect" type="0"><point x="175" y="574"/><point x="282" y="574"/><point x="282" y="599"/><point x="175" y="599"/></area><area isNotContentShape="false" name="Association Class Scope of Indicator" refid="_18_4_62501eb_1477256779812_523729_38619" shape="rect" type="0"><point x="448" y="308"/><point x="555" y="308"/><point x="555" y="342"/><point x="448" y="342"/></area><area isNotContentShape="false" name="Class Blacklist Indicator" refid="_18_1_3ba019e_1444947053133_632402_7821" shape="rect" type="0"><point x="294" y="574"/><point x="402" y="574"/><point x="402" y="599"/><point x="294" y="599"/></area><area isNotContentShape="false" name="Class Indicator Watchlist" refid="_18_0_2_3ba019e_1423353551905_540223_8745" shape="rect" type="0"><point x="231" y="497"/><point x="348" y="497"/><point x="348" y="522"/><point x="231" y="522"/></area><area isNotContentShape="false" name="Class Entity" refid="_17_0_3_7b3022e_1331156499953_68666_1704" shape="rect" type="0"><point x="364" y="252"/><point x="485" y="252"/><point x="485" y="281"/><point x="364" y="281"/></area><area isNotContentShape="false" name="Class Entity" refid="_17_0_3_7b3022e_1331156499953_68666_1704" shape="rect" type="0"><point x="455" y="616"/><point x="576" y="616"/><point x="576" y="641"/><point x="455" y="641"/></area><area isNotContentShape="false" name="Property confidence" refid="_18_4_62501eb_1477401056858_983612_14191" shape="rect" type="0"><point x="647" y="312"/><point x="799" y="312"/><point x="799" y="325"/><point x="647" y="325"/></area><area isNotContentShape="false" name="Property negation" refid="_18_1_3ba019e_1446741040053_422969_8006" shape="rect" type="0"><point x="31" y="268"/><point x="185" y="268"/><point x="185" y="281"/><point x="31" y="281"/></area><area isNotContentShape="false" name="Property likelihood" refid="_18_0_2_3ba019e_1423355626666_364386_9270" shape="rect" type="0"><point x="31" y="256"/><point x="185" y="256"/><point x="185" y="269"/><point x="31" y="269"/></area><area isNotContentShape="false" name="Association Class Sighting Indicates Situation" refid="_18_4_62501eb_1477256744723_571051_38319" shape="rect" type="0"><point x="651" y="70"/><point x="808" y="70"/><point x="808" y="104"/><point x="651" y="104"/></area><area isNotContentShape="false" name="Association Class Sighting Matches Indicator" refid="_18_4_62501eb_1477256768628_463340_38463" shape="rect" type="0"><point x="644" y="266"/><point x="802" y="266"/><point x="802" y="331"/><point x="644" y="331"/></area><area isNotContentShape="false" name="Association Class Indicator Indicates Situation" refid="_18_0_2_3ba019e_1423355574537_756190_9196" shape="rect" type="0"><point x="28" y="210"/><point x="188" y="210"/><point x="188" y="287"/><point x="28" y="287"/></area><area isNotContentShape="false" name="Class Indicator" refid="_17_0_5_1_3ba019e_1408378174777_647047_6522" shape="rect" type="0"><point x="147" y="371"/><point x="666" y="371"/><point x="666" y="396"/><point x="147" y="396"/></area></map><name humanName="Name" mode="s,e">Indicator</name><namespace classType="Package" humanName="Namespace" humanType="Package" icon="ConceptLibrary_files/icon_package_467146800.png" name="Indicators" refid="_18_0_2_3ba019e_1423254480701_136652_8639"/><ownedElement humanName="Owned Element"><instancespecification classType="InstanceSpecification" humanType="Instance Specification" icon="ConceptLibrary_files/icon_instancespecification_1746117425.png" name=" : UML Standard Profile::MagicDraw Profile::DiagramInfo" refid="_17_0_5_1_3ba019e_1408487956101_10961_5479"/></ownedElement><owner classType="Package" humanName="Owner" humanType="Package" icon="ConceptLibrary_files/icon_package_467146800.png" mode="s,e" name="Indicators" refid="_18_0_2_3ba019e_1423254480701_136652_8639"/><ownerOfDiagram classType="Package" humanName="Owner Of Diagram" humanType="Package" icon="ConceptLibrary_files/icon_package_467146800.png" name="Indicators" refid="_18_0_2_3ba019e_1423254480701_136652_8639"/><qualifiedName humanName="Qualified Name" mode="e">Threat-risk-conceptual-model::Threat and Risk Specific Concepts::Indicators::Indicator</qualifiedName><TO_DO humanName="To Do" mode="s,e"/><DIAGRAM_TYPE_DERIVED_PROPERTY humanName="Type">Class Diagram</DIAGRAM_TYPE_DERIVED_PROPERTY><visibility humanName="Visibility">public</visibility></diagram></magicdraw>