<?xml version="1.0" encoding="UTF-8"?><magicdraw><literalboolean classType="LiteralBoolean" humanType="Literal Boolean" icon="ConceptLibrary_files/icon_literalboolean_1608948499.png" id="_17_0_1_2_7b3022e_1332889627633_246345_5299"><documentation humanName="Documentation"/><name humanName="Name"/><owner classType="Property" humanName="Owner" humanType="Property" icon="ConceptLibrary_files/icon_property_736527975.png" mode="e" name="at once" refid="_17_0_1_2_7b3022e_1332889600885_681850_5297"/><owningProperty classType="Property" humanName="Owning Property" humanType="Property" icon="ConceptLibrary_files/icon_property_736527975.png" name="at once" refid="_17_0_1_2_7b3022e_1332889600885_681850_5297"/><qualifiedName humanName="Qualified Name">SMIF Conceptual Model::Constraints::Multiplicity Constraint::at once::</qualifiedName><text humanName="Text" mode="standard">true</text><TO_DO humanName="To Do"/><TYPE_MODIFIER humanName="Type Modifier"/><value humanName="Value" mode="s,e">true</value><visibility humanName="Visibility">public</visibility></literalboolean></magicdraw>