<?xml version="1.0" encoding="UTF-8"?><magicdraw><comment classType="Comment" humanType="Comment" icon="ConceptLibrary_files/icon_comment_1609735765.png" id="_17_0_4_1_7b3022e_1389390854920_391971_4316"><annotatedElement humanName="Annotated Element" mode="s,e"><property classType="Property" humanType="Property" icon="ConceptLibrary_files/icon_property_736527975.png" name="condition" refid="_17_0_4_1_7b3022e_1388692079469_42665_4061"/></annotatedElement><body humanName="Body" mode="s,e">Condition that must be TRUE for an element to be asserted. All values other than "TRUE" are FALSE.</body><documentation humanName="Documentation"/><owner classType="Property" humanName="Owner" humanType="Property" icon="ConceptLibrary_files/icon_property_736527975.png" mode="s,e" name="condition" refid="_17_0_4_1_7b3022e_1388692079469_42665_4061"/><owningElement classType="Property" humanName="Owning Element" humanType="Property" icon="ConceptLibrary_files/icon_property_736527975.png" name="condition" refid="_17_0_4_1_7b3022e_1388692079469_42665_4061"/><TO_DO humanName="To Do" mode="s,e"/></comment></magicdraw>