<?xml version="1.0" encoding="UTF-8"?><magicdraw><generalization classType="Generalization" humanType="Generalization" icon="ConceptLibrary_files/icon_generalization_212232499.png" id="_17_0_5_1_3ba019e_1407449345089_237953_9078"><APPLIED_STEREOTYPES humanName="Applied Stereotype" mode="s,e"><stereotype classType="Stereotype" humanType="Stereotype" icon="ConceptLibrary_files/icon_stereotype_643587433.png" name="Facet Of" refid="_18_5_3_62501eb_1526230803672_816575_5562"/></APPLIED_STEREOTYPES><appliedStereotype humanName="Applied Stereotype" mode="s,e"><stereotype classType="Stereotype" humanType="Stereotype" icon="ConceptLibrary_files/icon_stereotype_643587433.png" name="Facet Of" refid="_18_5_3_62501eb_1526230803672_816575_5562"><property classType="Property" humanName="Base_ Generalization" humanType="Property" icon="ConceptLibrary_files/icon_property_736527975.png" name="base_Generalization" refid="_18_5_3_62501eb_1526230867002_145781_5590"/></stereotype></appliedStereotype><appliedStereotypeInstance classType="InstanceSpecification" humanName="Applied Stereotype Instance" humanType="Instance Specification" icon="ConceptLibrary_files/icon_instancespecification_1746117425.png" name=" : SIMFProfile::SMIF Concept Modeling Profile::Facet Of" refid="_18_0_2_3ba019e_1423098417171_370968_8421"/><documentation humanName="Documentation"/><general classType="Class" humanName="General" humanType="Class" icon="ConceptLibrary_files/icon_class_1769227988.png" mode="s,e" name="Entity" refid="_17_0_3_7b3022e_1331156499953_68666_1704"/><isSubstitutable humanName="Is Substitutable">true</isSubstitutable><ownedElement humanName="Owned Element"><instancespecification classType="InstanceSpecification" humanType="Instance Specification" icon="ConceptLibrary_files/icon_instancespecification_1746117425.png" name=" : SIMFProfile::SMIF Concept Modeling Profile::Facet Of" refid="_18_0_2_3ba019e_1423098417171_370968_8421"/></ownedElement><owner classType="Class" humanName="Owner" humanType="Class" icon="ConceptLibrary_files/icon_class_412694050.png" mode="s,e" name="Danger Source" refid="_17_0_5_1_3ba019e_1407439004202_997613_4246"/><relatedElement humanName="Related Element"><class classType="Class" humanType="Class" icon="ConceptLibrary_files/icon_class_412694050.png" name="Danger Source" refid="_17_0_5_1_3ba019e_1407439004202_997613_4246"/><class classType="Class" humanType="Class" icon="ConceptLibrary_files/icon_class_1769227988.png" name="Entity" refid="_17_0_3_7b3022e_1331156499953_68666_1704"/></relatedElement><source humanName="Source"><class classType="Class" humanType="Class" icon="ConceptLibrary_files/icon_class_412694050.png" name="Danger Source" refid="_17_0_5_1_3ba019e_1407439004202_997613_4246"/></source><specific classType="Class" humanName="Specific" humanType="Class" icon="ConceptLibrary_files/icon_class_412694050.png" mode="s,e" name="Danger Source" refid="_17_0_5_1_3ba019e_1407439004202_997613_4246"/><target humanName="Target"><class classType="Class" humanType="Class" icon="ConceptLibrary_files/icon_class_1769227988.png" name="Entity" refid="_17_0_3_7b3022e_1331156499953_68666_1704"/></target><TO_DO humanName="To Do" mode="s,e"/><appearsIn><diagram classType="Diagram" humanType="Diagram" icon="ConceptLibrary_files/icon_Class Diagram_505751443.png" name="Danger Sources" refid="_18_2_62501eb_1456443440499_547781_7751"/></appearsIn></generalization></magicdraw>