<?xml version="1.0" encoding="UTF-8"?><magicdraw><property classType="Property" humanType="Property" icon="ConceptLibrary_files/icon_property_736527975.png" id="_17_0_5_1_3ba019e_1407439006085_426471_4486"><aggregation humanName="Aggregation" mode="s,e">none</aggregation><association classType="AssociationClass" humanName="Association" humanType="Association Class" icon="ConceptLibrary_files/icon_associationclass_1255445356.png" isRelationship="true" name="Objective of Stakeholder" refid="_18_4_62501eb_1477080401025_592823_46526"/><documentation humanName="Documentation">An objective that a stakeholder intends to retain or achieve.</documentation><documentation humanName="Documentation" mode="standard">An objective that a stakeholder intends to retain or achieve.</documentation><effectiveIRI humanName="Effective IRI"/><featuringClassifier classType="AssociationClass" humanName="Featuring Classifier" humanType="Association Class" icon="ConceptLibrary_files/icon_associationclass_1255445356.png" isRelationship="true" name="Objective of Stakeholder" refid="_18_4_62501eb_1477080401025_592823_46526"/><isComposite humanName="Is Composite">false</isComposite><isDerived humanName="Is Derived" mode="s,e">false</isDerived><isDerivedUnion humanName="Is Derived Union" mode="e">false</isDerivedUnion><isID humanName="Is ID" mode="e">false</isID><isLeaf humanName="Is Leaf">false</isLeaf><isOrdered humanName="Is Ordered" mode="e">false</isOrdered><isReadOnly humanName="Is Read Only" mode="s,e">false</isReadOnly><isStatic humanName="Is Static" mode="s,e">false</isStatic><isUnique humanName="Is Unique" mode="e">true</isUnique><lower humanName="Lower">0</lower><lowerValue classType="LiteralUnlimitedNatural" humanName="Lower Value" humanType="Literal Unlimited Natural" icon="ConceptLibrary_files/icon_literalunlimitednatural_1122090209.png" name="0" refid="_18_2_62501eb_1461014997502_389847_12553" text="0"/><multiplicity humanName="Multiplicity" mode="s,e">*</multiplicity><multiplicity humanName="Multiplicity" mode="s,e">*</multiplicity><name humanName="Name" mode="s,e">has objective</name><namespace classType="AssociationClass" humanName="Namespace" humanType="Association Class" icon="ConceptLibrary_files/icon_associationclass_1255445356.png" isRelationship="true" name="Objective of Stakeholder" refid="_18_4_62501eb_1477080401025_592823_46526"/><navigable humanName="Navigable" mode="e">true</navigable><opposite classType="Property" humanName="Opposite" humanType="Property" icon="ConceptLibrary_files/icon_property_736527975.png" name="objective of" refid="_17_0_5_1_3ba019e_1407439006097_929241_4511"/><ownedBy classType="AssociationClass" humanName="Owned By" humanType="Association Class" icon="ConceptLibrary_files/icon_associationclass_1255445356.png" isRelationship="true" mode="s,e" name="Objective of Stakeholder" refid="_18_4_62501eb_1477080401025_592823_46526"/><ownedComment humanName="Owned Comment"><comment classType="Comment" humanType="Comment" icon="ConceptLibrary_files/icon_comment_1609735765.png" refid="_18_0_2_3ba019e_1423857411247_186898_8651"/></ownedComment><ownedElement humanName="Owned Element"><comment classType="Comment" humanType="Comment" icon="ConceptLibrary_files/icon_comment_1609735765.png" refid="_18_0_2_3ba019e_1423857411247_186898_8651"/><literalunlimitednatural classType="LiteralUnlimitedNatural" humanType="Literal Unlimited Natural" icon="ConceptLibrary_files/icon_literalunlimitednatural_1122090209.png" name="*" refid="_18_2_62501eb_1461014997503_385360_12554" text="*"/><literalunlimitednatural classType="LiteralUnlimitedNatural" humanType="Literal Unlimited Natural" icon="ConceptLibrary_files/icon_literalunlimitednatural_1122090209.png" name="0" refid="_18_2_62501eb_1461014997502_389847_12553" text="0"/></ownedElement><owner classType="AssociationClass" humanName="Owner" humanType="Association Class" icon="ConceptLibrary_files/icon_associationclass_1255445356.png" isRelationship="true" name="Objective of Stakeholder" refid="_18_4_62501eb_1477080401025_592823_46526"/><owningAssociation classType="AssociationClass" humanName="Owning Association" humanType="Association Class" icon="ConceptLibrary_files/icon_associationclass_1255445356.png" isRelationship="true" name="Objective of Stakeholder" refid="_18_4_62501eb_1477080401025_592823_46526"/><qualifiedName humanName="Qualified Name" mode="e">Concept Library::Objectives::Objective of Stakeholder::has objective</qualifiedName><redefinitionContext humanName="Redefinition Context"><associationclass classType="AssociationClass" humanType="Association Class" icon="ConceptLibrary_files/icon_associationclass_1255445356.png" isRelationship="true" name="Objective of Stakeholder" refid="_18_4_62501eb_1477080401025_592823_46526"/></redefinitionContext><subsettedProperty humanName="Subsetted Property" mode="e"><property classType="Property" humanType="Property" icon="ConceptLibrary_files/icon_property_736527975.png" name="relates to" refid="_17_0_5_1_3ba019e_1408465206913_98172_6923"/></subsettedProperty><TO_DO humanName="To Do" mode="s,e"/><type classType="Class" humanName="Type" humanType="Class" icon="ConceptLibrary_files/icon_class_1769227988.png" mode="s,e" name="Objective" refid="_17_0_5_1_3ba019e_1407439004199_611439_4241"/><TYPE_MODIFIER humanName="Type Modifier" mode="e"/><upper humanName="Upper">-1</upper><upperValue classType="LiteralUnlimitedNatural" humanName="Upper Value" humanType="Literal Unlimited Natural" icon="ConceptLibrary_files/icon_literalunlimitednatural_1122090209.png" name="*" refid="_18_2_62501eb_1461014997503_385360_12554" text="*"/><visibility humanName="Visibility" mode="s,e">public</visibility><appearsIn><diagram classType="Diagram" humanType="Diagram" icon="ConceptLibrary_files/icon_Generic Table_1568169108.png" name="Vocabulary" refid="_18_0_2_3ba019e_1418664073699_926094_6665"/></appearsIn></property></magicdraw>