<?xml version="1.0" encoding="UTF-8"?><magicdraw><comment classType="Comment" humanType="Comment" icon="ConceptLibrary_files/icon_comment_1609735765.png" id="_17_0_5_1_3ba019e_1407450747832_972957_9182"><annotatedElement humanName="Annotated Element" mode="s,e"><property classType="Property" humanType="Property" icon="ConceptLibrary_files/icon_property_736527975.png" name="net severity" refid="_17_0_5_1_3ba019e_1407450694823_120101_9172"/></annotatedElement><body humanName="Body" mode="s,e">The aggregation of the impact of all detriments (negative consequences) of a situation for a stakeholder. </body><documentation humanName="Documentation"/><owner classType="Property" humanName="Owner" humanType="Property" icon="ConceptLibrary_files/icon_property_736527975.png" mode="s,e" name="net severity" refid="_17_0_5_1_3ba019e_1407450694823_120101_9172"/><owningElement classType="Property" humanName="Owning Element" humanType="Property" icon="ConceptLibrary_files/icon_property_736527975.png" name="net severity" refid="_17_0_5_1_3ba019e_1407450694823_120101_9172"/><TO_DO humanName="To Do" mode="s,e"/></comment></magicdraw>