<?xml version="1.0" encoding="UTF-8"?><magicdraw><class classType="Class" humanType="Class" icon="ConceptLibrary_files/icon_class_412694050.png" id="_17_0_5_1_7b3022e_1398808729954_908705_5420"><allGeneralClassifiers humanName="All General Classifiers"><class classType="Class" humanType="Class" icon="ConceptLibrary_files/icon_class_412694050.png" name="Abstract Property Owner" refid="_18_4_1_62501eb_1502464289200_586839_10312"/><class classType="Class" humanType="Class" icon="ConceptLibrary_files/icon_class_1769227988.png" name="Lexical Scope" refid="_18_4_1_62501eb_1502394944731_837726_9021"/><class classType="Class" humanType="Class" icon="ConceptLibrary_files/icon_class_1769227988.png" name="Structured Value" refid="_18_4_62501eb_1474479108342_464835_9670"/><class classType="Class" humanType="Class" icon="ConceptLibrary_files/icon_class_412694050.png" name="Thing" refid="_17_0_3_7b3022e_1331313031781_359355_5487"/><class classType="Class" humanType="Class" icon="ConceptLibrary_files/icon_class_1769227988.png" name="Value" refid="_18_0_2_3ba019e_1422748137770_297876_7675"/></allGeneralClassifiers><allSpecificClassifiers humanName="All Specific Classifiers"><class classType="Class" humanType="Class" icon="ConceptLibrary_files/icon_class_1769227988.png" name="Absorbed Dose (Radiation)" refid="_18_1_3ba019e_1431030430458_711825_11811"/><class classType="Class" humanType="Class" icon="ConceptLibrary_files/icon_class_1769227988.png" name="Acceleration" refid="_18_1_3ba019e_1430921310324_727860_7393"/><class classType="Class" humanType="Class" icon="ConceptLibrary_files/icon_class_1769227988.png" name="Acre" refid="_18_1_3ba019e_1431357090512_414389_6065"/><class classType="Class" humanType="Class" icon="ConceptLibrary_files/icon_class_1769227988.png" name="Amount of Substance" refid="_18_1_3ba019e_1430921253019_624362_7301"/><class classType="Class" humanType="Class" icon="ConceptLibrary_files/icon_class_1769227988.png" name="Ampere" refid="_18_1_3ba019e_1431020558961_461995_9866"/><class classType="Class" humanType="Class" icon="ConceptLibrary_files/icon_class_1769227988.png" name="Angle" refid="_18_1_3ba019e_1431358438424_205530_6196"/><class classType="Class" humanType="Class" icon="ConceptLibrary_files/icon_class_1769227988.png" name="Area" refid="_18_1_3ba019e_1430921299843_500139_7347"/><class classType="Class" humanType="Class" icon="ConceptLibrary_files/icon_class_1769227988.png" name="Becquerel (Bq)" refid="_18_1_3ba019e_1431030300401_889212_11770"/><class classType="Class" humanType="Class" icon="ConceptLibrary_files/icon_class_1769227988.png" name="Candela" refid="_18_1_3ba019e_1431020594480_244748_9935"/><class classType="Class" humanType="Class" icon="ConceptLibrary_files/icon_class_1769227988.png" name="Celsius" refid="_18_1_3ba019e_1431022967065_978616_10568"/><class classType="Class" humanType="Class" icon="ConceptLibrary_files/icon_class_1769227988.png" name="Color" refid="_18_1_3ba019e_1430933733892_698402_9132"/><class classType="Class" humanType="Class" icon="ConceptLibrary_files/icon_class_1769227988.png" name="Compound Duration Value" refid="_18_4_62501eb_1475266690275_5798_21768"/><class classType="Class" humanType="Class" icon="ConceptLibrary_files/icon_class_1769227988.png" name="Concentration" refid="_18_1_3ba019e_1431028669594_711541_11337"/><class classType="Class" humanType="Class" icon="ConceptLibrary_files/icon_class_1769227988.png" name="Concentration (amount of substance)" refid="_18_1_3ba019e_1430921373251_640725_7531"/><class classType="Class" humanType="Class" icon="ConceptLibrary_files/icon_class_1769227988.png" name="Concentration (Mass)" refid="_18_1_3ba019e_1431028876833_832170_11390"/><class classType="Class" humanType="Class" icon="ConceptLibrary_files/icon_class_1769227988.png" name="Concentration (Volume)" refid="_18_1_3ba019e_1431028863241_578674_11367"/><class classType="Class" humanType="Class" icon="ConceptLibrary_files/icon_class_1769227988.png" name="Concentration Percent" refid="_18_1_3ba019e_1431029424417_314460_11518"/><class classType="Class" humanType="Class" icon="ConceptLibrary_files/icon_class_1769227988.png" name="Confidence Metric" refid="_18_0_2_3ba019e_1423172402207_124957_12825"/><class classType="Class" humanType="Class" icon="ConceptLibrary_files/icon_class_1769227988.png" name="Coulomb/kilogram (C/kg)." refid="_18_1_3ba019e_1431030229617_754114_11732"/><class classType="Class" humanType="Class" icon="ConceptLibrary_files/icon_class_1769227988.png" name="Count" refid="_17_0_5_1_7b3022e_1398808729938_982899_5400"/><class classType="Class" humanType="Class" icon="ConceptLibrary_files/icon_class_1769227988.png" name="Cubic Feet" refid="_18_1_3ba019e_1431025740401_504439_10883"/><class classType="Class" humanType="Class" icon="ConceptLibrary_files/icon_class_1769227988.png" name="Cubic Inch" refid="_18_1_3ba019e_1431025731409_971805_10860"/><class classType="Class" humanType="Class" icon="ConceptLibrary_files/icon_class_1769227988.png" name="Cubic Meter" refid="_18_1_3ba019e_1431023625466_3505_10684"/><class classType="Class" humanType="Class" icon="ConceptLibrary_files/icon_class_1769227988.png" name="Cup (US)" refid="_18_1_3ba019e_1431033189786_913774_12458"/><class classType="Class" humanType="Class" icon="ConceptLibrary_files/icon_class_1769227988.png" name="Curie (Ci)" refid="_18_1_3ba019e_1431030131354_841409_11658"/><class classType="Class" humanType="Class" icon="ConceptLibrary_files/icon_class_1769227988.png" name="Currency" refid="_18_1_3ba019e_1431019326505_998315_9684"/><class classType="Class" humanType="Class" icon="ConceptLibrary_files/icon_class_1769227988.png" name="Currency Benefit Metric" refid="_18_0_2_3ba019e_1424893909996_145092_8594"/><class classType="Class" humanType="Class" icon="ConceptLibrary_files/icon_class_1769227988.png" name="CVSS Score" refid="_18_1_3ba019e_1446996386849_715907_7413"/><class classType="Class" humanType="Class" icon="ConceptLibrary_files/icon_class_1769227988.png" name="Date and Time" refid="_18_4_62501eb_1476302221078_868726_11690"/><class classType="Class" humanType="Class" icon="ConceptLibrary_files/icon_class_1769227988.png" name="Date Coordinate" refid="_18_4_62501eb_1476302157887_805158_11658"/><class classType="Class" humanType="Class" icon="ConceptLibrary_files/icon_class_1769227988.png" name="Date Time Coordinate (ISO 8601)" refid="_18_4_62501eb_1475959527421_127815_28918"/><class classType="Class" humanType="Class" icon="ConceptLibrary_files/icon_class_1769227988.png" name="Day" refid="_18_1_3ba019e_1431034309346_719627_12542"/><class classType="Class" humanType="Class" icon="ConceptLibrary_files/icon_class_1769227988.png" name="Degrees" refid="_18_1_3ba019e_1431358454840_530341_6220"/><class classType="Class" humanType="Class" icon="ConceptLibrary_files/icon_class_1769227988.png" name="Dose Equivalent (Radiation)" refid="_18_1_3ba019e_1430921657123_98549_7968"/><class classType="Class" humanType="Class" icon="ConceptLibrary_files/icon_class_1769227988.png" name="Duration" refid="_18_1_3ba019e_1430921227947_984438_7232"/><class classType="Class" humanType="Class" icon="ConceptLibrary_files/icon_class_1769227988.png" name="Electric Current" refid="_18_1_3ba019e_1430921233427_884951_7255"/><class classType="Class" humanType="Class" icon="ConceptLibrary_files/icon_class_1769227988.png" name="Electric Potential" refid="_18_1_3ba019e_1430921525460_568992_7761"/><class classType="Class" humanType="Class" icon="ConceptLibrary_files/icon_class_1769227988.png" name="Energy" refid="_18_1_3ba019e_1430921491180_755150_7715"/><class classType="Class" humanType="Class" icon="ConceptLibrary_files/icon_class_1769227988.png" name="Fahrenheit" refid="_18_1_3ba019e_1431022858793_351537_10539"/><class classType="Class" humanType="Class" icon="ConceptLibrary_files/icon_class_1769227988.png" name="Fluid Ounce (US)" refid="_18_1_3ba019e_1431033135786_343439_12412"/><class classType="Class" humanType="Class" icon="ConceptLibrary_files/icon_class_1769227988.png" name="Foot" refid="_18_1_3ba019e_1431022577113_727442_10377"/><class classType="Class" humanType="Class" icon="ConceptLibrary_files/icon_class_1769227988.png" name="Force" refid="_18_1_3ba019e_1430921444163_58773_7600"/><class classType="Class" humanType="Class" icon="ConceptLibrary_files/icon_class_1769227988.png" name="Frequency" refid="_18_1_3ba019e_1430921461459_75533_7646"/><class classType="Class" humanType="Class" icon="ConceptLibrary_files/icon_class_1769227988.png" name="Gallon (Imperial)" refid="_18_1_3ba019e_1431031365401_296295_12003"/><class classType="Class" humanType="Class" icon="ConceptLibrary_files/icon_class_1769227988.png" name="Gallon (US)" refid="_18_1_3ba019e_1431031316410_228357_11972"/><class classType="Class" humanType="Class" icon="ConceptLibrary_files/icon_class_1769227988.png" name="Gram" refid="_18_1_3ba019e_1431021840441_194748_10092"/><class classType="Class" humanType="Class" icon="ConceptLibrary_files/icon_class_1769227988.png" name="Gray (Gy)" refid="_18_1_3ba019e_1431030508498_177393_11860"/><class classType="Class" humanType="Class" icon="ConceptLibrary_files/icon_class_1769227988.png" name="Harm-Benefit Metric" refid="_18_0_2_3ba019e_1424893865987_445778_8567"/><class classType="Class" humanType="Class" icon="ConceptLibrary_files/icon_class_1769227988.png" name="Hertz" refid="_18_1_3ba019e_1431026207057_796488_10961"/><class classType="Class" humanType="Class" icon="ConceptLibrary_files/icon_class_1769227988.png" name="Horsepower" refid="_18_1_3ba019e_1431027694249_616811_11204"/><class classType="Class" humanType="Class" icon="ConceptLibrary_files/icon_class_1769227988.png" name="Hour" refid="_18_1_3ba019e_1431022446681_320053_10260"/><class classType="Class" humanType="Class" icon="ConceptLibrary_files/icon_class_1769227988.png" name="Inch" refid="_18_1_3ba019e_1431022566801_890983_10354"/><class classType="Class" humanType="Class" icon="ConceptLibrary_files/icon_class_1769227988.png" name="Joule" refid="_18_1_3ba019e_1431026944065_383373_11079"/><class classType="Class" humanType="Class" icon="ConceptLibrary_files/icon_class_1769227988.png" name="Kelvin" refid="_18_1_3ba019e_1431020582969_571756_9912"/><class classType="Class" humanType="Class" icon="ConceptLibrary_files/icon_class_1769227988.png" name="Kg per cubic meter" refid="_18_1_3ba019e_1431028360409_713187_11272"/><class classType="Class" humanType="Class" icon="ConceptLibrary_files/icon_class_1769227988.png" name="Kilogram" refid="_18_1_3ba019e_1430922125667_924430_8804"/><class classType="Class" humanType="Class" icon="ConceptLibrary_files/icon_class_1769227988.png" name="Kilogram per cubic meter" refid="_18_1_3ba019e_1431029174841_672486_11456"/><class classType="Class" humanType="Class" icon="ConceptLibrary_files/icon_class_1769227988.png" name="Kilometer" refid="_18_1_3ba019e_1431020882593_265005_10000"/><class classType="Class" humanType="Class" icon="ConceptLibrary_files/icon_class_1769227988.png" name="Kilometer per Hour" refid="_18_1_3ba019e_1431025630825_945027_10787"/><class classType="Class" humanType="Class" icon="ConceptLibrary_files/icon_class_1769227988.png" name="Kilowatt hour" refid="_18_1_3ba019e_1431027107362_780605_11106"/><class classType="Class" humanType="Class" icon="ConceptLibrary_files/icon_class_1769227988.png" name="Length" refid="_18_1_3ba019e_1430921215851_886_7186"/><class classType="Class" humanType="Class" icon="ConceptLibrary_files/icon_class_1769227988.png" name="Liquid Volume" refid="_18_1_3ba019e_1431356296240_613233_6004"/><class classType="Class" humanType="Class" icon="ConceptLibrary_files/icon_class_1769227988.png" name="Luminosity" refid="_18_1_3ba019e_1430921260419_722918_7324"/><class classType="Class" humanType="Class" icon="ConceptLibrary_files/icon_class_1769227988.png" name="Mass" refid="_18_1_3ba019e_1430921223011_949063_7209"/><class classType="Class" humanType="Class" icon="ConceptLibrary_files/icon_class_1769227988.png" name="Mass Density" refid="_18_1_3ba019e_1430921333164_982488_7439"/><class classType="Class" humanType="Class" icon="ConceptLibrary_files/icon_class_1769227988.png" name="Meter" refid="_18_1_3ba019e_1430934468925_777866_9157"/><class classType="Class" humanType="Class" icon="ConceptLibrary_files/icon_class_1769227988.png" name="Meter per second squared" refid="_18_1_3ba019e_1431023641257_447594_10710"/><class classType="Class" humanType="Class" icon="ConceptLibrary_files/icon_class_1769227988.png" name="Metric" refid="_17_0_5_1_3ba019e_1407440505391_715735_5650"/><class classType="Class" humanType="Class" icon="ConceptLibrary_files/icon_class_1769227988.png" name="Mile" refid="_18_1_3ba019e_1431022587433_710958_10423"/><class classType="Class" humanType="Class" icon="ConceptLibrary_files/icon_class_1769227988.png" name="Miles per Hour" refid="_18_1_3ba019e_1431025670585_367164_10810"/><class classType="Class" humanType="Class" icon="ConceptLibrary_files/icon_class_1769227988.png" name="Millimeter" refid="_18_1_3ba019e_1431020900553_569359_10023"/><class classType="Class" humanType="Class" icon="ConceptLibrary_files/icon_class_1769227988.png" name="Millisecond" refid="_18_1_3ba019e_1431022481025_905381_10308"/><class classType="Class" humanType="Class" icon="ConceptLibrary_files/icon_class_1769227988.png" name="Minute" refid="_18_1_3ba019e_1431025429706_27129_10742"/><class classType="Class" humanType="Class" icon="ConceptLibrary_files/icon_class_1769227988.png" name="Mole" refid="_18_1_3ba019e_1431020570385_599438_9889"/><class classType="Class" humanType="Class" icon="ConceptLibrary_files/icon_class_1769227988.png" name="Mole Per Cubic Meter" refid="_18_1_3ba019e_1431028538762_383458_11305"/><class classType="Class" humanType="Class" icon="ConceptLibrary_files/icon_class_1769227988.png" name="Month" refid="_18_4_62501eb_1475264675195_77021_21586"/><class classType="Class" humanType="Class" icon="ConceptLibrary_files/icon_class_1769227988.png" name="Newton" refid="_18_1_3ba019e_1431026084297_235111_10931"/><class classType="Class" humanType="Class" icon="ConceptLibrary_files/icon_class_1769227988.png" name="Ounce-Mass  (US)" refid="_18_1_3ba019e_1431021961992_45796_10164"/><class classType="Class" humanType="Class" icon="ConceptLibrary_files/icon_class_1769227988.png" name="Pascal" refid="_18_1_3ba019e_1431026673569_773178_11017"/><class classType="Class" humanType="Class" icon="ConceptLibrary_files/icon_class_1769227988.png" name="Physical Quantity" refid="_18_1_3ba019e_1430921132618_389131_7139"/><class classType="Class" humanType="Class" icon="ConceptLibrary_files/icon_class_1769227988.png" name="Pint (US)" refid="_18_1_3ba019e_1431033131161_557142_12389"/><class classType="Class" humanType="Class" icon="ConceptLibrary_files/icon_class_1769227988.png" name="Pound-Force" refid="_18_1_3ba019e_1431355753162_225126_5962"/><class classType="Class" humanType="Class" icon="ConceptLibrary_files/icon_class_1769227988.png" name="Pound-Mass (Imperial)" refid="_18_1_3ba019e_1431021952065_307825_10141"/><class classType="Class" humanType="Class" icon="ConceptLibrary_files/icon_class_1769227988.png" name="Pound-Mass (US lb)" refid="_18_1_3ba019e_1431021944282_914948_10118"/><class classType="Class" humanType="Class" icon="ConceptLibrary_files/icon_class_1769227988.png" name="Power" refid="_18_1_3ba019e_1430921506315_42042_7738"/><class classType="Class" humanType="Class" icon="ConceptLibrary_files/icon_class_1769227988.png" name="Pressure" refid="_18_1_3ba019e_1430921449435_132139_7623"/><class classType="Class" humanType="Class" icon="ConceptLibrary_files/icon_class_1769227988.png" name="Probability Metric" refid="_17_0_5_1_7b3022e_1398808729920_445056_5379"/><class classType="Class" humanType="Class" icon="ConceptLibrary_files/icon_class_1769227988.png" name="PSI" refid="_18_1_3ba019e_1431026684930_273123_11043"/><class classType="Class" humanType="Class" icon="ConceptLibrary_files/icon_class_1769227988.png" name="Quart (US)" refid="_18_1_3ba019e_1431033124514_155807_12366"/><class classType="Class" humanType="Class" icon="ConceptLibrary_files/icon_class_1769227988.png" name="Radians" refid="_18_1_3ba019e_1431358468624_949126_6243"/><class classType="Class" humanType="Class" icon="ConceptLibrary_files/icon_class_1769227988.png" name="Radiation Absorbed Dose (rad)" refid="_18_1_3ba019e_1431030489737_849433_11834"/><class classType="Class" humanType="Class" icon="ConceptLibrary_files/icon_class_1769227988.png" name="Radiation Exposure" refid="_18_1_3ba019e_1431030193881_475253_11686"/><class classType="Class" humanType="Class" icon="ConceptLibrary_files/icon_class_1769227988.png" name="Radioactivity" refid="_18_1_3ba019e_1431030120995_70043_11635"/><class classType="Class" humanType="Class" icon="ConceptLibrary_files/icon_class_1769227988.png" name="Roentgen (R)" refid="_18_1_3ba019e_1431030204258_633072_11709"/><class classType="Class" humanType="Class" icon="ConceptLibrary_files/icon_class_1769227988.png" name="Roentgen Equivalent Man (REM)" refid="_18_1_3ba019e_1431029932409_643564_11570"/><class classType="Class" humanType="Class" icon="ConceptLibrary_files/icon_class_412694050.png" name="Scalar Duration Value" refid="_18_4_62501eb_1475266575539_846251_21741"/><class classType="Class" humanType="Class" icon="ConceptLibrary_files/icon_class_412694050.png" name="Scalar Quantity" refid="_18_4_62501eb_1478197947232_917614_21763"/><class classType="Class" humanType="Class" icon="ConceptLibrary_files/icon_class_1769227988.png" name="Second" refid="_18_1_3ba019e_1430934683316_579173_9199"/><class classType="Class" humanType="Class" icon="ConceptLibrary_files/icon_class_1769227988.png" name="Sievert (Sv)," refid="_18_1_3ba019e_1431029953274_716023_11593"/><class classType="Class" humanType="Class" icon="ConceptLibrary_files/icon_class_1769227988.png" name="Speed" refid="_18_1_3ba019e_1431019806517_112377_9786"/><class classType="Class" humanType="Class" icon="ConceptLibrary_files/icon_class_1769227988.png" name="Square Feet" refid="_18_1_3ba019e_1431030692699_580748_11914"/><class classType="Class" humanType="Class" icon="ConceptLibrary_files/icon_class_1769227988.png" name="Square Meter" refid="_18_1_3ba019e_1431023601665_648389_10658"/><class classType="Class" humanType="Class" icon="ConceptLibrary_files/icon_class_1769227988.png" name="Temperature" refid="_18_1_3ba019e_1430921240692_639948_7278"/><class classType="Class" humanType="Class" icon="ConceptLibrary_files/icon_class_1769227988.png" name="Threat Likelihood" refid="_18_2_62501eb_1457709098801_826044_8026"/><class classType="Class" humanType="Class" icon="ConceptLibrary_files/icon_class_1769227988.png" name="Time Coordinate" refid="_18_4_62501eb_1476394883164_863943_53567"/><class classType="Class" humanType="Class" icon="ConceptLibrary_files/icon_class_1769227988.png" name="Time Coordinate" refid="_17_0_5_1_7b3022e_1398808729838_576574_5225"/><class classType="Class" humanType="Class" icon="ConceptLibrary_files/icon_class_1769227988.png" name="Volt" refid="_18_1_3ba019e_1431027351346_955245_11143"/><class classType="Class" humanType="Class" icon="ConceptLibrary_files/icon_class_1769227988.png" name="Volume" refid="_18_1_3ba019e_1430921303172_82365_7370"/><class classType="Class" humanType="Class" icon="ConceptLibrary_files/icon_class_1769227988.png" name="Vulnerability Metric" refid="_18_2_62501eb_1461002676691_500926_10758"/><class classType="Class" humanType="Class" icon="ConceptLibrary_files/icon_class_1769227988.png" name="Watt" refid="_18_1_3ba019e_1431027675234_103764_11178"/><class classType="Class" humanType="Class" icon="ConceptLibrary_files/icon_class_1769227988.png" name="XSD Date" refid="_18_4_62501eb_1479671537884_356723_12909"/><class classType="Class" humanType="Class" icon="ConceptLibrary_files/icon_class_1769227988.png" name="XSD Date Time" refid="_18_4_62501eb_1479671414532_14127_12790"/><class classType="Class" humanType="Class" icon="ConceptLibrary_files/icon_class_1769227988.png" name="XSD Time" refid="_18_4_62501eb_1479671509107_968281_12871"/><class classType="Class" humanType="Class" icon="ConceptLibrary_files/icon_class_1769227988.png" name="Yard" refid="_18_1_3ba019e_1431022582833_336958_10400"/><class classType="Class" humanType="Class" icon="ConceptLibrary_files/icon_class_1769227988.png" name="Year" refid="_18_1_3ba019e_1431022463473_218919_10284"/></allSpecificClassifiers><APPLIED_STEREOTYPES humanName="Applied Stereotype" mode="s,e"><stereotype classType="Stereotype" humanType="Stereotype" icon="ConceptLibrary_files/icon_stereotype_643587433.png" name="HyperlinkOwner" refid="_9_0_be00301_1108044563999_784946_1"/><stereotype classType="Stereotype" humanType="Stereotype" icon="ConceptLibrary_files/icon_stereotype_643587433.png" name="Value" refid="_18_1_3ba019e_1430917928596_64302_5962"/></APPLIED_STEREOTYPES><appliedStereotype humanName="Applied Stereotype" mode="s,e"><stereotype classType="Stereotype" humanType="Stereotype" icon="ConceptLibrary_files/icon_stereotype_643587433.png" name="HyperlinkOwner" refid="_9_0_be00301_1108044563999_784946_1"><property classType="Property" humanType="Property" icon="ConceptLibrary_files/icon_property_736527975.png" name="base_Element" refid="_10_0EAPbeta_be00301_1123081772148_910751_285"/><property classType="Property" humanType="Property" icon="ConceptLibrary_files/icon_property_736527975.png" name="base_Element" refid="_10_0EAPbeta_be00301_1123081772098_411862_275"/><property classType="Property" humanName="Element/Symbol" humanType="Property" icon="ConceptLibrary_files/icon_property_736527975.png" name="hyperlinkModel" refid="_622020d_1063089736320_890266_3"><diagram classType="Diagram" humanType="Diagram" icon="ConceptLibrary_files/icon_Class Diagram_505751443.png" name="Values" refid="_17_0_3_7b3022e_1331181493475_379852_2791"/></property><property classType="Property" humanName="Active Hyperlink" humanType="Property" icon="ConceptLibrary_files/icon_property_736527975.png" name="hyperlinkModelActive" refid="_622020d_1063089736320_73815_4"><diagram classType="Diagram" humanType="Diagram" icon="ConceptLibrary_files/icon_Class Diagram_505751443.png" name="Values" refid="_17_0_3_7b3022e_1331181493475_379852_2791"/></property><property classType="Property" humanName="File/WEB_PAGE" humanType="Property" icon="ConceptLibrary_files/icon_property_736527975.png" name="hyperlinkText" refid="_622020d_1063089736310_884303_1"/><property classType="Property" humanName="Active Hyperlink" humanType="Property" icon="ConceptLibrary_files/icon_property_736527975.png" name="hyperlinkTextActive" refid="_622020d_1063089736310_68488_2"/></stereotype><stereotype classType="Stereotype" humanType="Stereotype" icon="ConceptLibrary_files/icon_stereotype_643587433.png" name="Value" refid="_18_1_3ba019e_1430917928596_64302_5962"><property classType="Property" humanName="Base_ Classifier" humanType="Property" icon="ConceptLibrary_files/icon_property_736527975.png" name="base_Classifier" refid="_18_1_3ba019e_1430917952517_487535_5989"/></stereotype></appliedStereotype><appliedStereotypeInstance classType="InstanceSpecification" humanName="Applied Stereotype Instance" humanType="Instance Specification" icon="ConceptLibrary_files/icon_instancespecification_1746117425.png" name=" : SIMFProfile::SMIF Concept Modeling Profile::Value, UML Standard Profile::MagicDraw Profile::HyperlinkOwner" refid="_17_0_5_1_7b3022e_1398809088105_750251_5846"/><attribute humanName="Attribute"><property classType="Property" humanType="Property" icon="ConceptLibrary_files/icon_property_736527975.png" name="hasValue" refid="_18_1_3ba019e_1431019038983_838601_9636"/></attribute><documentation humanName="Documentation">A unit value is a numeric magnitude with a unit type that may be used as the value of a quantity property as defined by [JCGM 200:2008]. The reference of the quantity is defined by the "unit reference" property of the Unit Type.

e.g. 5cm is an instance of the unit type "Centimeter"

Each unit value has exactly one UNit Type as a type.

In a physical model a quantity value must have a type that specifies its unit (e.g. "Gram"). The magnitude shall be expressed using "hasValue"

[JCGM 200:2008]  A quantity is a property of a phenomenon, body, or substance, where the property has a magnitude that can be expressed as a number and a reference. 

Note: A quantity as defined here is a scalar. However, a vector or a tensor, the components of which are quantities, is also considered to be a quantity.

[IDEAS] ScaleMapping: A CoupleType whose members are all the couples linking MeasurePoints to RealNumbers. The CoupleType (i.e. the set of couples) represents the scale.



[FIBO] QuantityValue: number and measurement unit together giving magnitude of a quan-tity

[Guizzardi] (quale): A point in a n-dimensional quality domain</documentation><documentation humanName="Documentation" mode="standard">A unit value is a numeric magnitude with a unit type that may be used as the value of a quantity property as defined by [JCGM 200:2008]. The reference of the quantity is defined by the "unit reference" property of the Unit Type.

e.g. 5cm is an instance of the unit type "Centimeter"

Each unit value has exactly one UNit Type as a type.

In a physical model a quantity value must have a type that specifies its unit (e.g. "Gram"). The magnitude shall be expressed using "hasValue"

[JCGM 200:2008]  A quantity is a property of a phenomenon, body, or substance, where the property has a magnitude that can be expressed as a number and a reference. 

Note: A quantity as defined here is a scalar. However, a vector or a tensor, the components of which are quantities, is also considered to be a quantity.

[IDEAS] ScaleMapping: A CoupleType whose members are all the couples linking MeasurePoints to RealNumbers. The CoupleType (i.e. the set of couples) represents the scale.



[FIBO] QuantityValue: number and measurement unit together giving magnitude of a quan-tity

[Guizzardi] (quale): A point in a n-dimensional quality domain</documentation><effectiveIRI humanName="Effective IRI">https://www.omg.org/spec/SMIF/Values#UnitValue</effectiveIRI><feature humanName="Feature"><property classType="Property" humanType="Property" icon="ConceptLibrary_files/icon_property_736527975.png" name="hasValue" refid="_18_1_3ba019e_1431019038983_838601_9636"/></feature><generalization humanName="Generalization"><generalization classType="Generalization" humanType="Generalization" icon="ConceptLibrary_files/icon_generalization_212232499.png" isRelationship="true" refid="_17_0_5_1_7b3022e_1398808756287_430072_5538"/></generalization><inheritedMember humanName="Inherited Member"><diagram classType="Diagram" humanType="Diagram" icon="ConceptLibrary_files/icon_Class Diagram_505751443.png" name="Thing Detail" refid="_18_4_62501eb_1474827775223_682407_38836"/></inheritedMember><isAbstract humanName="Is Abstract" mode="s,e">true</isAbstract><isActive humanName="Is Active" mode="s,e">false</isActive><isFinalSpecialization humanName="Is Final Specialization" mode="e">false</isFinalSpecialization><isLeaf humanName="Is Leaf" mode="e">false</isLeaf><member humanName="Member"><property classType="Property" humanType="Property" icon="ConceptLibrary_files/icon_property_736527975.png" name="hasValue" refid="_18_1_3ba019e_1431019038983_838601_9636"/><diagram classType="Diagram" humanType="Diagram" icon="ConceptLibrary_files/icon_Class Diagram_505751443.png" name="Thing Detail" refid="_18_4_62501eb_1474827775223_682407_38836"/></member><name humanName="Name" mode="s,e">Unit Value</name><namespace classType="Package" humanName="Namespace" humanType="Package" icon="ConceptLibrary_files/icon_package_467146800.png" name="Values" refid="_17_0_3_7b3022e_1331220249743_973130_3512"/><ownedAttribute humanName="Owned Attribute"><property classType="Property" humanType="Property" icon="ConceptLibrary_files/icon_property_736527975.png" name="hasValue" refid="_18_1_3ba019e_1431019038983_838601_9636"/></ownedAttribute><ownedComment humanName="Owned Comment"><comment classType="Comment" humanType="Comment" icon="ConceptLibrary_files/icon_comment_1609735765.png" refid="_18_0_2_3ba019e_1422127033194_471709_7567"/></ownedComment><ownedElement humanName="Owned Element"><generalization classType="Generalization" humanType="Generalization" icon="ConceptLibrary_files/icon_generalization_212232499.png" isRelationship="true" refid="_17_0_5_1_7b3022e_1398808756287_430072_5538"/><comment classType="Comment" humanType="Comment" icon="ConceptLibrary_files/icon_comment_1609735765.png" refid="_18_0_2_3ba019e_1422127033194_471709_7567"/><instancespecification classType="InstanceSpecification" humanType="Instance Specification" icon="ConceptLibrary_files/icon_instancespecification_1746117425.png" name=" : SIMFProfile::SMIF Concept Modeling Profile::Value, UML Standard Profile::MagicDraw Profile::HyperlinkOwner" refid="_17_0_5_1_7b3022e_1398809088105_750251_5846"/><property classType="Property" humanType="Property" icon="ConceptLibrary_files/icon_property_736527975.png" name="hasValue" refid="_18_1_3ba019e_1431019038983_838601_9636"/></ownedElement><ownedMember humanName="Owned Member"><property classType="Property" humanType="Property" icon="ConceptLibrary_files/icon_property_736527975.png" name="hasValue" refid="_18_1_3ba019e_1431019038983_838601_9636"/></ownedMember><owner classType="Package" humanName="Owner" humanType="Package" icon="ConceptLibrary_files/icon_package_467146800.png" mode="s,e" name="Values" refid="_17_0_3_7b3022e_1331220249743_973130_3512"/><owningPackage classType="Package" humanName="Owning Package" humanType="Package" icon="ConceptLibrary_files/icon_package_467146800.png" name="Values" refid="_17_0_3_7b3022e_1331220249743_973130_3512"/><package classType="Package" humanName="Package" humanType="Package" icon="ConceptLibrary_files/icon_package_467146800.png" name="Values" refid="_17_0_3_7b3022e_1331220249743_973130_3512"/><qualifiedName humanName="Qualified Name" mode="e">SMIF Conceptual Model::Values::Unit Value</qualifiedName><role humanName="Role"><property classType="Property" humanType="Property" icon="ConceptLibrary_files/icon_property_736527975.png" name="hasValue" refid="_18_1_3ba019e_1431019038983_838601_9636"/></role><specificClassifier humanName="Specific Classifier"><class classType="Class" humanType="Class" icon="ConceptLibrary_files/icon_class_1769227988.png" name="Color" refid="_18_1_3ba019e_1430933733892_698402_9132"/><class classType="Class" humanType="Class" icon="ConceptLibrary_files/icon_class_1769227988.png" name="Count" refid="_17_0_5_1_7b3022e_1398808729938_982899_5400"/><class classType="Class" humanType="Class" icon="ConceptLibrary_files/icon_class_1769227988.png" name="Currency" refid="_18_1_3ba019e_1431019326505_998315_9684"/><class classType="Class" humanType="Class" icon="ConceptLibrary_files/icon_class_1769227988.png" name="Metric" refid="_17_0_5_1_3ba019e_1407440505391_715735_5650"/><class classType="Class" humanType="Class" icon="ConceptLibrary_files/icon_class_1769227988.png" name="Physical Quantity" refid="_18_1_3ba019e_1430921132618_389131_7139"/><class classType="Class" humanType="Class" icon="ConceptLibrary_files/icon_class_412694050.png" name="Scalar Quantity" refid="_18_4_62501eb_1478197947232_917614_21763"/><class classType="Class" humanType="Class" icon="ConceptLibrary_files/icon_class_1769227988.png" name="Time Coordinate" refid="_17_0_5_1_7b3022e_1398808729838_576574_5225"/></specificClassifier><superClass humanName="Super Class"><class classType="Class" humanType="Class" icon="ConceptLibrary_files/icon_class_1769227988.png" name="Structured Value" refid="_18_4_62501eb_1474479108342_464835_9670"/></superClass><TO_DO humanName="To Do" mode="s,e"/><visibility humanName="Visibility" mode="e">public</visibility><appearsIn><diagram classType="Diagram" humanType="Diagram" icon="ConceptLibrary_files/icon_Generic Table_1568169108.png" name="Concept Library Classes" refid="_18_4_1_62501eb_1495298309386_966735_15952"/><diagram classType="Diagram" humanType="Diagram" icon="ConceptLibrary_files/icon_Class Diagram_505751443.png" name="Metric" refid="_18_4_62501eb_1478197181578_740711_19425"/><diagram classType="Diagram" humanType="Diagram" icon="ConceptLibrary_files/icon_Class Diagram_505751443.png" name="ISO Time" refid="_18_4_62501eb_1475959210944_763447_28657"/><diagram classType="Diagram" humanType="Diagram" icon="ConceptLibrary_files/icon_Class Diagram_505751443.png" name="Values" refid="_17_0_3_7b3022e_1331181493475_379852_2791"/><diagram classType="Diagram" humanType="Diagram" icon="ConceptLibrary_files/icon_Class Diagram_505751443.png" name="Time" refid="_18_4_62501eb_1475077585400_663290_18057"/><diagram classType="Diagram" humanType="Diagram" icon="ConceptLibrary_files/icon_Class Diagram_505751443.png" name="Quantities and units" refid="_17_0_5_1_7b3022e_1396735445040_264138_7682"/><diagram classType="Diagram" humanType="Diagram" icon="ConceptLibrary_files/icon_Class Diagram_505751443.png" name="Quantity Kinds" refid="_18_1_3ba019e_1430921098498_607044_7083"/></appearsIn></class></magicdraw>