<?xml version="1.0" encoding="UTF-8"?><magicdraw><comment classType="Comment" humanType="Comment" icon="ConceptLibrary_files/icon_comment_1609735765.png" id="_17_0_5_1_3ba019e_1407450556378_376224_9170"><annotatedElement humanName="Annotated Element" mode="s,e"><property classType="Property" humanType="Property" icon="ConceptLibrary_files/icon_property_736527975.png" name="desirability" refid="_17_0_5_1_3ba019e_1407439006146_963438_4587"/></annotatedElement><body humanName="Body" mode="s,e">A metric describing the desirability of an impact. May be positive or negative where positive is desirable and negative is undesirable.</body><documentation humanName="Documentation"/><owner classType="Property" humanName="Owner" humanType="Property" icon="ConceptLibrary_files/icon_property_736527975.png" mode="s,e" name="desirability" refid="_17_0_5_1_3ba019e_1407439006146_963438_4587"/><owningElement classType="Property" humanName="Owning Element" humanType="Property" icon="ConceptLibrary_files/icon_property_736527975.png" name="desirability" refid="_17_0_5_1_3ba019e_1407439006146_963438_4587"/><TO_DO humanName="To Do" mode="s,e"/></comment></magicdraw>