<?xml version="1.0" encoding="UTF-8"?><magicdraw><class classType="Class" humanType="Class" icon="ConceptLibrary_files/icon_class_1769227988.png" id="_17_0_5_1_3ba019e_1407453282336_95729_12199"><allGeneralClassifiers humanName="All General Classifiers"><class classType="Class" humanType="Class" icon="ConceptLibrary_files/icon_class_1769227988.png" name="Actual Entity" refid="_18_4_62501eb_1474742369274_834660_32276"/><class classType="Class" humanType="Class" icon="ConceptLibrary_files/icon_class_1769227988.png" name="Actual Occurrence" refid="_18_1_3ba019e_1443311565629_856879_8417"/><class classType="Class" humanType="Class" icon="ConceptLibrary_files/icon_class_1769227988.png" name="Actual Situation" refid="_18_4_62501eb_1474913936207_73898_20244"/><class classType="Class" humanType="Class" icon="ConceptLibrary_files/icon_class_412694050.png" name="Context" refid="_17_0_3_7b3022e_1331164829050_871772_2449"/><class classType="Class" humanType="Class" icon="ConceptLibrary_files/icon_class_412694050.png" name="Danger Source" refid="_17_0_5_1_3ba019e_1407439004202_997613_4246"/><class classType="Class" humanType="Class" icon="ConceptLibrary_files/icon_class_1769227988.png" name="Dangerous Event" refid="_18_4_62501eb_1477325575116_800632_15161"/><class classType="Class" humanType="Class" icon="ConceptLibrary_files/icon_class_1769227988.png" name="Entity" refid="_17_0_3_7b3022e_1331156499953_68666_1704"/><class classType="Class" humanType="Class" icon="ConceptLibrary_files/icon_class_1769227988.png" name="Lexical Context" refid="_17_0_4_1_7b3022e_1387036440058_58622_4050"/><class classType="Class" humanType="Class" icon="ConceptLibrary_files/icon_class_1769227988.png" name="Lexical Scope" refid="_18_4_1_62501eb_1502394944731_837726_9021"/><class classType="Class" humanType="Class" icon="ConceptLibrary_files/icon_class_1769227988.png" name="Occurrence" refid="_17_0_5_1_7b3022e_1398294216796_903071_6610"/><class classType="Class" humanType="Class" icon="ConceptLibrary_files/icon_class_412694050.png" name="Proposition" refid="_18_2_62501eb_1462460603792_169037_6216"/><class classType="Class" humanType="Class" icon="ConceptLibrary_files/icon_class_1769227988.png" name="Scoped Context" refid="_18_5_3_62501eb_1527086128974_510931_15787"/><class classType="Class" humanType="Class" icon="ConceptLibrary_files/icon_class_412694050.png" name="Situation" refid="_18_1_3ba019e_1430349228247_211772_4675"/><class classType="Class" humanType="Class" icon="ConceptLibrary_files/icon_class_1769227988.png" name="Temporal Entity" refid="_18_5_3_62501eb_1526245829678_449841_12740"/><class classType="Class" humanType="Class" icon="ConceptLibrary_files/icon_class_412694050.png" name="Temporal Region" refid="_18_4_62501eb_1475191630164_228537_15293"/><class classType="Class" humanType="Class" icon="ConceptLibrary_files/icon_class_412694050.png" name="Thing" refid="_17_0_3_7b3022e_1331313031781_359355_5487"/><class classType="Class" humanType="Class" icon="ConceptLibrary_files/icon_class_412694050.png" name="Undesirable Event" refid="_18_1_3ba019e_1442441583766_86043_7842"/><class classType="Class" humanType="Class" icon="ConceptLibrary_files/icon_class_1769227988.png" name="Undesirable Situation" refid="_18_0_2_3ba019e_1423003367305_105313_6272"/></allGeneralClassifiers><allSpecificClassifiers humanName="All Specific Classifiers"><class classType="Class" humanType="Class" icon="ConceptLibrary_files/icon_class_1769227988.png" name="Access Control Failure" refid="_18_2_62501eb_1458223017372_935546_8689"/><class classType="Class" humanType="Class" icon="ConceptLibrary_files/icon_class_1769227988.png" name="Control Failure" refid="_18_2_62501eb_1458222821507_130484_8631"/><class classType="Class" humanType="Class" icon="ConceptLibrary_files/icon_class_1769227988.png" name="Cyber System Failure" refid="_18_1_3ba019e_1431360222696_764102_7223"/><class classType="Class" humanType="Class" icon="ConceptLibrary_files/icon_class_1769227988.png" name="Failure" refid="_18_2_62501eb_1457817927168_40898_9047"/><class classType="Class" humanType="Class" icon="ConceptLibrary_files/icon_class_1769227988.png" name="Failure Category" refid="_18_2_62501eb_1458222603570_715575_8595"/><class classType="Class" humanType="Class" icon="ConceptLibrary_files/icon_class_1769227988.png" name="Industrial Control Failure" refid="_18_1_3ba019e_1431045857795_856361_7368"/><class classType="Class" humanType="Class" icon="ConceptLibrary_files/icon_class_1769227988.png" name="Physical System Failure" refid="_18_1_3ba019e_1431045899651_964080_7414"/><class classType="Class" humanType="Class" icon="ConceptLibrary_files/icon_class_1769227988.png" name="Process Failure" refid="_18_2_62501eb_1458222896662_418656_8659"/><class classType="Class" humanType="Class" icon="ConceptLibrary_files/icon_class_1769227988.png" name="System Failure" refid="_18_1_3ba019e_1431038205058_908512_6588"/></allSpecificClassifiers><APPLIED_STEREOTYPES humanName="Applied Stereotype" mode="s,e"><stereotype classType="Stereotype" humanType="Stereotype" icon="ConceptLibrary_files/icon_stereotype_643587433.png" name="HyperlinkOwner" refid="_9_0_be00301_1108044563999_784946_1"/><stereotype classType="Stereotype" humanType="Stereotype" icon="ConceptLibrary_files/icon_stereotype_643587433.png" name="Role" refid="_18_0_2_3ba019e_1421782981734_29113_5226"/></APPLIED_STEREOTYPES><appliedStereotype humanName="Applied Stereotype" mode="s,e"><stereotype classType="Stereotype" humanType="Stereotype" icon="ConceptLibrary_files/icon_stereotype_643587433.png" name="HyperlinkOwner" refid="_9_0_be00301_1108044563999_784946_1"><property classType="Property" humanType="Property" icon="ConceptLibrary_files/icon_property_736527975.png" name="base_Element" refid="_10_0EAPbeta_be00301_1123081772148_910751_285"/><property classType="Property" humanType="Property" icon="ConceptLibrary_files/icon_property_736527975.png" name="base_Element" refid="_10_0EAPbeta_be00301_1123081772098_411862_275"/><property classType="Property" humanName="Element/Symbol" humanType="Property" icon="ConceptLibrary_files/icon_property_736527975.png" name="hyperlinkModel" refid="_622020d_1063089736320_890266_3"><diagram classType="Diagram" humanType="Diagram" icon="ConceptLibrary_files/icon_Class Diagram_505751443.png" name="Incident" refid="_17_0_5_1_3ba019e_1407453289831_314439_12200"/></property><property classType="Property" humanName="Active Hyperlink" humanType="Property" icon="ConceptLibrary_files/icon_property_736527975.png" name="hyperlinkModelActive" refid="_622020d_1063089736320_73815_4"><diagram classType="Diagram" humanType="Diagram" icon="ConceptLibrary_files/icon_Class Diagram_505751443.png" name="Incident" refid="_17_0_5_1_3ba019e_1407453289831_314439_12200"/></property><property classType="Property" humanName="File/WEB_PAGE" humanType="Property" icon="ConceptLibrary_files/icon_property_736527975.png" name="hyperlinkText" refid="_622020d_1063089736310_884303_1"/><property classType="Property" humanName="Active Hyperlink" humanType="Property" icon="ConceptLibrary_files/icon_property_736527975.png" name="hyperlinkTextActive" refid="_622020d_1063089736310_68488_2"/></stereotype><stereotype classType="Stereotype" humanType="Stereotype" icon="ConceptLibrary_files/icon_stereotype_643587433.png" name="Role" refid="_18_0_2_3ba019e_1421782981734_29113_5226"><property classType="Property" humanName="Base_ Class" humanType="Property" icon="ConceptLibrary_files/icon_property_736527975.png" name="base_Class" refid="_18_3_62501eb_1467131484812_284204_4619"/><property classType="Property" humanName="Base_ Class" humanType="Property" icon="ConceptLibrary_files/icon_property_736527975.png" name="base_Class" refid="_18_0_2_3ba019e_1421783015039_964443_5252"/></stereotype></appliedStereotype><appliedStereotypeInstance classType="InstanceSpecification" humanName="Applied Stereotype Instance" humanType="Instance Specification" icon="ConceptLibrary_files/icon_instancespecification_1746117425.png" name=" : UML Standard Profile::MagicDraw Profile::HyperlinkOwner, SIMFProfile::SMIF Concept Modeling Profile::Role" refid="_17_0_5_1_3ba019e_1407453299254_837265_12300"/><documentation humanName="Documentation">An incident is a dangerous situation that is happening or has happened directly causing harm (detriment) to victims. Kinds of incidents include attacks, disasters, and accidents. Incidents are actualized risks.
[NIEM] IncidentType</documentation><documentation humanName="Documentation" mode="standard">An incident is a dangerous situation that is happening or has happened directly causing harm (detriment) to victims. Kinds of incidents include attacks, disasters, and accidents. Incidents are actualized risks.
[NIEM] IncidentType</documentation><effectiveIRI humanName="Effective IRI">#Incident</effectiveIRI><generalization humanName="Generalization"><generalization classType="Generalization" humanType="Generalization" icon="ConceptLibrary_files/icon_generalization_212232499.png" isRelationship="true" refid="_18_1_3ba019e_1443380421786_199558_9469"/><generalization classType="Generalization" humanType="Generalization" icon="ConceptLibrary_files/icon_generalization_212232499.png" isRelationship="true" refid="_18_4_62501eb_1477327836769_576078_18567"/></generalization><inheritedMember humanName="Inherited Member"><diagram classType="Diagram" humanType="Diagram" icon="ConceptLibrary_files/icon_Class Diagram_505751443.png" name="Actual Entity Detail" refid="_18_4_62501eb_1476372316267_988918_9242"/><diagram classType="Diagram" humanType="Diagram" icon="ConceptLibrary_files/icon_Class Diagram_505751443.png" name="Actual Situation" refid="_18_4_62501eb_1480460186606_126226_21371"/><diagram classType="Diagram" humanType="Diagram" icon="ConceptLibrary_files/icon_Class Diagram_505751443.png" name="Context Detail" refid="_18_1_3ba019e_1430749149449_614203_5109"/><diagram classType="Diagram" humanType="Diagram" icon="ConceptLibrary_files/icon_Class Diagram_505751443.png" name="Proposition Detail" refid="_18_4_62501eb_1476372124532_248366_8882"/><property classType="Property" humanType="Property" icon="ConceptLibrary_files/icon_property_736527975.png" name="severity" refid="_18_0_2_3ba019e_1423004491965_185804_6417"/><diagram classType="Diagram" humanType="Diagram" icon="ConceptLibrary_files/icon_Class Diagram_505751443.png" name="Temporal Entity Detail" refid="_18_4_62501eb_1476372396716_459515_9420"/><diagram classType="Diagram" humanType="Diagram" icon="ConceptLibrary_files/icon_Class Diagram_505751443.png" name="Thing Detail" refid="_18_4_62501eb_1474827775223_682407_38836"/></inheritedMember><isAbstract humanName="Is Abstract" mode="s,e">false</isAbstract><isActive humanName="Is Active" mode="s,e">false</isActive><isFinalSpecialization humanName="Is Final Specialization" mode="e">false</isFinalSpecialization><isLeaf humanName="Is Leaf" mode="e">false</isLeaf><member humanName="Member"><diagram classType="Diagram" humanType="Diagram" icon="ConceptLibrary_files/icon_Class Diagram_505751443.png" name="Actual Entity Detail" refid="_18_4_62501eb_1476372316267_988918_9242"/><diagram classType="Diagram" humanType="Diagram" icon="ConceptLibrary_files/icon_Class Diagram_505751443.png" name="Actual Situation" refid="_18_4_62501eb_1480460186606_126226_21371"/><diagram classType="Diagram" humanType="Diagram" icon="ConceptLibrary_files/icon_Class Diagram_505751443.png" name="Context Detail" refid="_18_1_3ba019e_1430749149449_614203_5109"/><diagram classType="Diagram" humanType="Diagram" icon="ConceptLibrary_files/icon_Class Diagram_505751443.png" name="Proposition Detail" refid="_18_4_62501eb_1476372124532_248366_8882"/><property classType="Property" humanType="Property" icon="ConceptLibrary_files/icon_property_736527975.png" name="severity" refid="_18_0_2_3ba019e_1423004491965_185804_6417"/><diagram classType="Diagram" humanType="Diagram" icon="ConceptLibrary_files/icon_Class Diagram_505751443.png" name="Temporal Entity Detail" refid="_18_4_62501eb_1476372396716_459515_9420"/><diagram classType="Diagram" humanType="Diagram" icon="ConceptLibrary_files/icon_Class Diagram_505751443.png" name="Thing Detail" refid="_18_4_62501eb_1474827775223_682407_38836"/></member><name humanName="Name" mode="s,e">Incident</name><namespace classType="Package" humanName="Namespace" humanType="Package" icon="ConceptLibrary_files/icon_package_467146800.png" name="Incidents" refid="_18_0_2_3ba019e_1423245940984_780505_6818"/><ownedComment humanName="Owned Comment"><comment classType="Comment" humanType="Comment" icon="ConceptLibrary_files/icon_comment_1609735765.png" refid="_17_0_5_1_3ba019e_1407454803355_828364_12920"/></ownedComment><ownedElement humanName="Owned Element"><generalization classType="Generalization" humanType="Generalization" icon="ConceptLibrary_files/icon_generalization_212232499.png" isRelationship="true" refid="_18_1_3ba019e_1443380421786_199558_9469"/><generalization classType="Generalization" humanType="Generalization" icon="ConceptLibrary_files/icon_generalization_212232499.png" isRelationship="true" refid="_18_4_62501eb_1477327836769_576078_18567"/><comment classType="Comment" humanType="Comment" icon="ConceptLibrary_files/icon_comment_1609735765.png" refid="_17_0_5_1_3ba019e_1407454803355_828364_12920"/><instancespecification classType="InstanceSpecification" humanType="Instance Specification" icon="ConceptLibrary_files/icon_instancespecification_1746117425.png" name=" : UML Standard Profile::MagicDraw Profile::HyperlinkOwner, SIMFProfile::SMIF Concept Modeling Profile::Role" refid="_17_0_5_1_3ba019e_1407453299254_837265_12300"/></ownedElement><owner classType="Package" humanName="Owner" humanType="Package" icon="ConceptLibrary_files/icon_package_467146800.png" mode="s,e" name="Incidents" refid="_18_0_2_3ba019e_1423245940984_780505_6818"/><owningPackage classType="Package" humanName="Owning Package" humanType="Package" icon="ConceptLibrary_files/icon_package_467146800.png" name="Incidents" refid="_18_0_2_3ba019e_1423245940984_780505_6818"/><package classType="Package" humanName="Package" humanType="Package" icon="ConceptLibrary_files/icon_package_467146800.png" name="Incidents" refid="_18_0_2_3ba019e_1423245940984_780505_6818"/><qualifiedName humanName="Qualified Name" mode="e">Threat-risk-conceptual-model::Threat and Risk Specific Concepts::Incidents::Incident</qualifiedName><specificClassifier humanName="Specific Classifier"><class classType="Class" humanType="Class" icon="ConceptLibrary_files/icon_class_1769227988.png" name="Failure" refid="_18_2_62501eb_1457817927168_40898_9047"/></specificClassifier><superClass humanName="Super Class"><class classType="Class" humanType="Class" icon="ConceptLibrary_files/icon_class_1769227988.png" name="Actual Occurrence" refid="_18_1_3ba019e_1443311565629_856879_8417"/><class classType="Class" humanType="Class" icon="ConceptLibrary_files/icon_class_1769227988.png" name="Dangerous Event" refid="_18_4_62501eb_1477325575116_800632_15161"/></superClass><TO_DO humanName="To Do" mode="s,e"/><visibility humanName="Visibility" mode="e">public</visibility><appearsIn><diagram classType="Diagram" humanType="Diagram" icon="ConceptLibrary_files/icon_Generic Table_1568169108.png" name="Threat &amp; Risk Classes" refid="_18_0_2_3ba019e_1423943641982_180424_6129"/><diagram classType="Diagram" humanType="Diagram" icon="ConceptLibrary_files/icon_Generic Table_1568169108.png" name="Vocabulary" refid="_18_0_2_3ba019e_1418664073699_926094_6665"/><diagram classType="Diagram" humanType="Diagram" icon="ConceptLibrary_files/icon_Generic Table_1568169108.png" name="Roles" refid="_18_1_3ba019e_1445981780708_848126_30194"/><diagram classType="Diagram" humanType="Diagram" icon="ConceptLibrary_files/icon_Class Diagram_505751443.png" name="Harm" refid="_18_4_62501eb_1477187018197_266231_19475"/><diagram classType="Diagram" humanType="Diagram" icon="ConceptLibrary_files/icon_Class Diagram_505751443.png" name="Cause of Incident" refid="_18_4_62501eb_1477190952546_385870_25233"/><diagram classType="Diagram" humanType="Diagram" icon="ConceptLibrary_files/icon_Class Diagram_505751443.png" name="Incident" refid="_17_0_5_1_3ba019e_1407453289831_314439_12200"/><diagram classType="Diagram" humanType="Diagram" icon="ConceptLibrary_files/icon_Class Diagram_505751443.png" name="Failure" refid="_18_4_1_62501eb_1486763122395_696141_14551"/><diagram classType="Diagram" humanType="Diagram" icon="ConceptLibrary_files/icon_Class Diagram_505751443.png" name="Vulnerability" refid="_17_0_5_1_3ba019e_1407453998003_882633_12546"/><diagram classType="Diagram" humanType="Diagram" icon="ConceptLibrary_files/icon_Class Diagram_505751443.png" name="Danger Sources" refid="_18_2_62501eb_1456443440499_547781_7751"/><diagram classType="Diagram" humanType="Diagram" icon="ConceptLibrary_files/icon_Class Diagram_505751443.png" name="Danger" refid="_18_4_62501eb_1477238353112_275858_27373"/><diagram classType="Diagram" humanType="Diagram" icon="ConceptLibrary_files/icon_Class Diagram_505751443.png" name="Witnessing" refid="_18_4_62501eb_1477331861969_883158_21091"/><diagram classType="Diagram" humanType="Diagram" icon="ConceptLibrary_files/icon_Class Diagram_505751443.png" name="Incident Response" refid="_18_4_1_62501eb_1486056843186_430323_16113"/><diagram classType="Diagram" humanType="Diagram" icon="ConceptLibrary_files/icon_Class Diagram_505751443.png" name="Threat Detail" refid="_18_4_62501eb_1477190326955_842183_23767"/><diagram classType="Diagram" humanType="Diagram" icon="ConceptLibrary_files/icon_Class Diagram_505751443.png" name="Vulnerability Essentials" refid="_18_4_1_62501eb_1496525384143_289_18433"/></appearsIn></class></magicdraw>