<?xml version="1.0" encoding="UTF-8"?><magicdraw><package classType="Package" humanType="Package" icon="ConceptLibrary_files/icon_package_467146800.png" id="_17_0_5_1_3ba019e_1407440991858_478193_6084"><documentation humanName="Documentation">&lt;html&gt;
  &lt;head&gt;
		&lt;style&gt;
			p {padding:0px; margin:0px;}
		&lt;/style&gt;
	&lt;/head&gt;
  &lt;body&gt;
    &lt;p&gt;
The risk and threat modules use and specialize more generic concepts to build the risk and threat information sharing and analytics framework.

    &lt;/p&gt;

    &lt;p&gt;
All risks and threats involve an undesirable situation that is a real or possible &lt;i&gt;situation&lt;/i&gt; with &lt;i&gt;consequences&lt;/i&gt; that do harm and impact the &lt;i&gt;objectives&lt;/i&gt; of &lt;i&gt;stakeholders&lt;/i&gt;. The same situation may, of course, not be considered a risk or threat to other stakeholders - some may consider such a situation an objective.

    &lt;/p&gt;

    &lt;p&gt;
This foundational information is then expanded with metrics and interrelationships such that threats and risks can be fully understood and dealt with.

    &lt;/p&gt;

    &lt;p&gt;
Fundamental risk/threat specific concepts include:

    &lt;/p&gt;

    &lt;ul&gt;
      &lt;li&gt;
&lt;a href="mdel://_17_0_5_1_3ba019e_1407439006148_702208_4592"&gt;Danger&lt;/a&gt;

      &lt;/li&gt;
      &lt;li&gt;
&lt;a href="mdel://_18_0_2_3ba019e_1423002531233_915844_5454"&gt;Risk&lt;/a&gt;

      &lt;/li&gt;
      &lt;li&gt;
&lt;a href="mdel://_17_0_5_1_3ba019e_1407453289831_314439_12200"&gt;Incident&lt;/a&gt;

      &lt;/li&gt;
      &lt;li&gt;
&lt;a href="mdel://_17_0_5_1_3ba019e_1408487956094_267630_5468"&gt;Indicator&lt;/a&gt;

      &lt;/li&gt;
      &lt;li&gt;
&lt;a href="mdel://_17_0_5_1_3ba019e_1407453998003_882633_12546"&gt;Vulnerability&lt;/a&gt;

      &lt;/li&gt;
    &lt;/ul&gt;
    &lt;p&gt;
Note that these concepts use and build on more generic concepts that are not risk/threat specific such as &amp;quot;person&amp;quot;, &amp;quot;organization&amp;quot;, and &amp;quot;Intent&amp;quot;.

    &lt;/p&gt;

    &lt;p&gt;
All undesirable situations derived from the general concept of a &amp;quot;situation&amp;quot;; which is fundamental to this specification.

    &lt;/p&gt;

&lt;/body&gt;
&lt;/html&gt;</documentation><documentation humanName="Documentation" mode="standard">&lt;html&gt;
  &lt;head&gt;
		&lt;style&gt;
			p {padding:0px; margin:0px;}
		&lt;/style&gt;
	&lt;/head&gt;
  &lt;body&gt;
    &lt;p&gt;
The risk and threat modules use and specialize more generic concepts to build the risk and threat information sharing and analytics framework.

    &lt;/p&gt;

    &lt;p&gt;
All risks and threats involve an undesirable situation that is a real or possible &lt;i&gt;situation&lt;/i&gt; with &lt;i&gt;consequences&lt;/i&gt; that do harm and impact the &lt;i&gt;objectives&lt;/i&gt; of &lt;i&gt;stakeholders&lt;/i&gt;. The same situation may, of course, not be considered a risk or threat to other stakeholders - some may consider such a situation an objective.

    &lt;/p&gt;

    &lt;p&gt;
This foundational information is then expanded with metrics and interrelationships such that threats and risks can be fully understood and dealt with.

    &lt;/p&gt;

    &lt;p&gt;
Fundamental risk/threat specific concepts include:

    &lt;/p&gt;

    &lt;ul&gt;
      &lt;li&gt;
&lt;a href="mdel://_17_0_5_1_3ba019e_1407439006148_702208_4592"&gt;Danger&lt;/a&gt;

      &lt;/li&gt;
      &lt;li&gt;
&lt;a href="mdel://_18_0_2_3ba019e_1423002531233_915844_5454"&gt;Risk&lt;/a&gt;

      &lt;/li&gt;
      &lt;li&gt;
&lt;a href="mdel://_17_0_5_1_3ba019e_1407453289831_314439_12200"&gt;Incident&lt;/a&gt;

      &lt;/li&gt;
      &lt;li&gt;
&lt;a href="mdel://_17_0_5_1_3ba019e_1408487956094_267630_5468"&gt;Indicator&lt;/a&gt;

      &lt;/li&gt;
      &lt;li&gt;
&lt;a href="mdel://_17_0_5_1_3ba019e_1407453998003_882633_12546"&gt;Vulnerability&lt;/a&gt;

      &lt;/li&gt;
    &lt;/ul&gt;
    &lt;p&gt;
Note that these concepts use and build on more generic concepts that are not risk/threat specific such as &amp;quot;person&amp;quot;, &amp;quot;organization&amp;quot;, and &amp;quot;Intent&amp;quot;.

    &lt;/p&gt;

    &lt;p&gt;
All undesirable situations derived from the general concept of a &amp;quot;situation&amp;quot;; which is fundamental to this specification.

    &lt;/p&gt;

&lt;/body&gt;
&lt;/html&gt;</documentation><member humanName="Member"><package classType="Package" humanType="Package" icon="ConceptLibrary_files/icon_package_467146800.png" name="Accusations" refid="_18_4_1_62501eb_1486066483243_87791_20520"/><package classType="Package" humanType="Package" icon="ConceptLibrary_files/icon_package_467146800.png" name="Campaigns" refid="_18_1_3ba019e_1431629977710_136815_18229"/><package classType="Package" humanType="Package" icon="ConceptLibrary_files/icon_package_467146800.png" name="Danger" refid="_18_1_3ba019e_1441909690651_804553_6675"/><package classType="Package" humanType="Package" icon="ConceptLibrary_files/icon_package_467146800.png" name="Danger Sources" refid="_18_2_62501eb_1456443399358_333189_7749"/><package classType="Package" humanType="Package" icon="ConceptLibrary_files/icon_package_467146800.png" name="Incidents" refid="_18_0_2_3ba019e_1423245940984_780505_6818"/><package classType="Package" humanType="Package" icon="ConceptLibrary_files/icon_package_467146800.png" name="Indicators" refid="_18_0_2_3ba019e_1423254480701_136652_8639"/><package classType="Package" humanType="Package" icon="ConceptLibrary_files/icon_package_467146800.png" name="Risk" refid="_18_2_62501eb_1455034600271_425651_7318"/><package classType="Package" humanType="Package" icon="ConceptLibrary_files/icon_package_467146800.png" name="Risk Treatments" refid="_18_1_3ba019e_1443381434392_672726_9481"/><package classType="Package" humanType="Package" icon="ConceptLibrary_files/icon_package_467146800.png" name="Threat Actors" refid="_18_4_62501eb_1477223191984_698552_26446"/><diagram classType="Diagram" humanType="Diagram" icon="ConceptLibrary_files/icon_Class Diagram_505751443.png" name="Threat and Risk Specific Concepts" refid="_18_1_3ba019e_1447082179703_117191_9116"/><package classType="Package" humanType="Package" icon="ConceptLibrary_files/icon_package_467146800.png" name="Undesirable Situations" refid="_18_0_2_3ba019e_1423174100879_251173_13098"/><package classType="Package" humanType="Package" icon="ConceptLibrary_files/icon_package_467146800.png" name="Vulnerabilities" refid="_18_0_2_3ba019e_1424209449822_651642_9603"/><package classType="Package" humanType="Package" icon="ConceptLibrary_files/icon_package_467146800.png" name="Weapons" refid="_18_4_62501eb_1477060824960_245321_37055"/></member><name humanName="Name" mode="s,e">Threat and Risk Specific Concepts</name><namespace classType="Package" humanName="Namespace" humanType="Package" icon="ConceptLibrary_files/icon_package_467146800.png" name="Threat-risk-conceptual-model" refid="_17_0_5_1_7b3022e_1396736989698_799900_8100"/><nestedPackage humanName="Nested Package"><package classType="Package" humanType="Package" icon="ConceptLibrary_files/icon_package_467146800.png" name="Accusations" refid="_18_4_1_62501eb_1486066483243_87791_20520"/><package classType="Package" humanType="Package" icon="ConceptLibrary_files/icon_package_467146800.png" name="Campaigns" refid="_18_1_3ba019e_1431629977710_136815_18229"/><package classType="Package" humanType="Package" icon="ConceptLibrary_files/icon_package_467146800.png" name="Danger" refid="_18_1_3ba019e_1441909690651_804553_6675"/><package classType="Package" humanType="Package" icon="ConceptLibrary_files/icon_package_467146800.png" name="Danger Sources" refid="_18_2_62501eb_1456443399358_333189_7749"/><package classType="Package" humanType="Package" icon="ConceptLibrary_files/icon_package_467146800.png" name="Incidents" refid="_18_0_2_3ba019e_1423245940984_780505_6818"/><package classType="Package" humanType="Package" icon="ConceptLibrary_files/icon_package_467146800.png" name="Indicators" refid="_18_0_2_3ba019e_1423254480701_136652_8639"/><package classType="Package" humanType="Package" icon="ConceptLibrary_files/icon_package_467146800.png" name="Risk" refid="_18_2_62501eb_1455034600271_425651_7318"/><package classType="Package" humanType="Package" icon="ConceptLibrary_files/icon_package_467146800.png" name="Risk Treatments" refid="_18_1_3ba019e_1443381434392_672726_9481"/><package classType="Package" humanType="Package" icon="ConceptLibrary_files/icon_package_467146800.png" name="Threat Actors" refid="_18_4_62501eb_1477223191984_698552_26446"/><package classType="Package" humanType="Package" icon="ConceptLibrary_files/icon_package_467146800.png" name="Undesirable Situations" refid="_18_0_2_3ba019e_1423174100879_251173_13098"/><package classType="Package" humanType="Package" icon="ConceptLibrary_files/icon_package_467146800.png" name="Vulnerabilities" refid="_18_0_2_3ba019e_1424209449822_651642_9603"/><package classType="Package" humanType="Package" icon="ConceptLibrary_files/icon_package_467146800.png" name="Weapons" refid="_18_4_62501eb_1477060824960_245321_37055"/></nestedPackage><nestingPackage classType="Package" humanName="Nesting Package" humanType="Package" icon="ConceptLibrary_files/icon_package_467146800.png" name="Threat-risk-conceptual-model" refid="_17_0_5_1_7b3022e_1396736989698_799900_8100"/><ownedComment humanName="Owned Comment"><comment classType="Comment" humanType="Comment" icon="ConceptLibrary_files/icon_comment_1609735765.png" refid="_18_0_2_3ba019e_1423860799953_376146_9248"/></ownedComment><ownedDiagram humanName="Owned Diagram"><diagram classType="Diagram" humanType="Diagram" icon="ConceptLibrary_files/icon_Class Diagram_505751443.png" name="Threat and Risk Specific Concepts" refid="_18_1_3ba019e_1447082179703_117191_9116"/></ownedDiagram><ownedElement humanName="Owned Element"><comment classType="Comment" humanType="Comment" icon="ConceptLibrary_files/icon_comment_1609735765.png" refid="_18_0_2_3ba019e_1423860799953_376146_9248"/><package classType="Package" humanType="Package" icon="ConceptLibrary_files/icon_package_467146800.png" name="Accusations" refid="_18_4_1_62501eb_1486066483243_87791_20520"/><package classType="Package" humanType="Package" icon="ConceptLibrary_files/icon_package_467146800.png" name="Campaigns" refid="_18_1_3ba019e_1431629977710_136815_18229"/><package classType="Package" humanType="Package" icon="ConceptLibrary_files/icon_package_467146800.png" name="Danger" refid="_18_1_3ba019e_1441909690651_804553_6675"/><package classType="Package" humanType="Package" icon="ConceptLibrary_files/icon_package_467146800.png" name="Danger Sources" refid="_18_2_62501eb_1456443399358_333189_7749"/><package classType="Package" humanType="Package" icon="ConceptLibrary_files/icon_package_467146800.png" name="Incidents" refid="_18_0_2_3ba019e_1423245940984_780505_6818"/><package classType="Package" humanType="Package" icon="ConceptLibrary_files/icon_package_467146800.png" name="Indicators" refid="_18_0_2_3ba019e_1423254480701_136652_8639"/><package classType="Package" humanType="Package" icon="ConceptLibrary_files/icon_package_467146800.png" name="Risk" refid="_18_2_62501eb_1455034600271_425651_7318"/><package classType="Package" humanType="Package" icon="ConceptLibrary_files/icon_package_467146800.png" name="Risk Treatments" refid="_18_1_3ba019e_1443381434392_672726_9481"/><package classType="Package" humanType="Package" icon="ConceptLibrary_files/icon_package_467146800.png" name="Threat Actors" refid="_18_4_62501eb_1477223191984_698552_26446"/><diagram classType="Diagram" humanType="Diagram" icon="ConceptLibrary_files/icon_Class Diagram_505751443.png" name="Threat and Risk Specific Concepts" refid="_18_1_3ba019e_1447082179703_117191_9116"/><package classType="Package" humanType="Package" icon="ConceptLibrary_files/icon_package_467146800.png" name="Undesirable Situations" refid="_18_0_2_3ba019e_1423174100879_251173_13098"/><package classType="Package" humanType="Package" icon="ConceptLibrary_files/icon_package_467146800.png" name="Vulnerabilities" refid="_18_0_2_3ba019e_1424209449822_651642_9603"/><package classType="Package" humanType="Package" icon="ConceptLibrary_files/icon_package_467146800.png" name="Weapons" refid="_18_4_62501eb_1477060824960_245321_37055"/></ownedElement><ownedMember humanName="Owned Member"><package classType="Package" humanType="Package" icon="ConceptLibrary_files/icon_package_467146800.png" name="Accusations" refid="_18_4_1_62501eb_1486066483243_87791_20520"/><package classType="Package" humanType="Package" icon="ConceptLibrary_files/icon_package_467146800.png" name="Campaigns" refid="_18_1_3ba019e_1431629977710_136815_18229"/><package classType="Package" humanType="Package" icon="ConceptLibrary_files/icon_package_467146800.png" name="Danger" refid="_18_1_3ba019e_1441909690651_804553_6675"/><package classType="Package" humanType="Package" icon="ConceptLibrary_files/icon_package_467146800.png" name="Danger Sources" refid="_18_2_62501eb_1456443399358_333189_7749"/><package classType="Package" humanType="Package" icon="ConceptLibrary_files/icon_package_467146800.png" name="Incidents" refid="_18_0_2_3ba019e_1423245940984_780505_6818"/><package classType="Package" humanType="Package" icon="ConceptLibrary_files/icon_package_467146800.png" name="Indicators" refid="_18_0_2_3ba019e_1423254480701_136652_8639"/><package classType="Package" humanType="Package" icon="ConceptLibrary_files/icon_package_467146800.png" name="Risk" refid="_18_2_62501eb_1455034600271_425651_7318"/><package classType="Package" humanType="Package" icon="ConceptLibrary_files/icon_package_467146800.png" name="Risk Treatments" refid="_18_1_3ba019e_1443381434392_672726_9481"/><package classType="Package" humanType="Package" icon="ConceptLibrary_files/icon_package_467146800.png" name="Threat Actors" refid="_18_4_62501eb_1477223191984_698552_26446"/><diagram classType="Diagram" humanType="Diagram" icon="ConceptLibrary_files/icon_Class Diagram_505751443.png" name="Threat and Risk Specific Concepts" refid="_18_1_3ba019e_1447082179703_117191_9116"/><package classType="Package" humanType="Package" icon="ConceptLibrary_files/icon_package_467146800.png" name="Undesirable Situations" refid="_18_0_2_3ba019e_1423174100879_251173_13098"/><package classType="Package" humanType="Package" icon="ConceptLibrary_files/icon_package_467146800.png" name="Vulnerabilities" refid="_18_0_2_3ba019e_1424209449822_651642_9603"/><package classType="Package" humanType="Package" icon="ConceptLibrary_files/icon_package_467146800.png" name="Weapons" refid="_18_4_62501eb_1477060824960_245321_37055"/></ownedMember><owner classType="Package" humanName="Owner" humanType="Package" icon="ConceptLibrary_files/icon_package_467146800.png" mode="s,e" name="Threat-risk-conceptual-model" refid="_17_0_5_1_7b3022e_1396736989698_799900_8100"/><owningPackage classType="Package" humanName="Owning Package" humanType="Package" icon="ConceptLibrary_files/icon_package_467146800.png" name="Threat-risk-conceptual-model" refid="_17_0_5_1_7b3022e_1396736989698_799900_8100"/><packagedElement humanName="Packaged Element"><package classType="Package" humanType="Package" icon="ConceptLibrary_files/icon_package_467146800.png" name="Accusations" refid="_18_4_1_62501eb_1486066483243_87791_20520"/><package classType="Package" humanType="Package" icon="ConceptLibrary_files/icon_package_467146800.png" name="Campaigns" refid="_18_1_3ba019e_1431629977710_136815_18229"/><package classType="Package" humanType="Package" icon="ConceptLibrary_files/icon_package_467146800.png" name="Danger" refid="_18_1_3ba019e_1441909690651_804553_6675"/><package classType="Package" humanType="Package" icon="ConceptLibrary_files/icon_package_467146800.png" name="Danger Sources" refid="_18_2_62501eb_1456443399358_333189_7749"/><package classType="Package" humanType="Package" icon="ConceptLibrary_files/icon_package_467146800.png" name="Incidents" refid="_18_0_2_3ba019e_1423245940984_780505_6818"/><package classType="Package" humanType="Package" icon="ConceptLibrary_files/icon_package_467146800.png" name="Indicators" refid="_18_0_2_3ba019e_1423254480701_136652_8639"/><package classType="Package" humanType="Package" icon="ConceptLibrary_files/icon_package_467146800.png" name="Risk" refid="_18_2_62501eb_1455034600271_425651_7318"/><package classType="Package" humanType="Package" icon="ConceptLibrary_files/icon_package_467146800.png" name="Risk Treatments" refid="_18_1_3ba019e_1443381434392_672726_9481"/><package classType="Package" humanType="Package" icon="ConceptLibrary_files/icon_package_467146800.png" name="Threat Actors" refid="_18_4_62501eb_1477223191984_698552_26446"/><package classType="Package" humanType="Package" icon="ConceptLibrary_files/icon_package_467146800.png" name="Undesirable Situations" refid="_18_0_2_3ba019e_1423174100879_251173_13098"/><package classType="Package" humanType="Package" icon="ConceptLibrary_files/icon_package_467146800.png" name="Vulnerabilities" refid="_18_0_2_3ba019e_1424209449822_651642_9603"/><package classType="Package" humanType="Package" icon="ConceptLibrary_files/icon_package_467146800.png" name="Weapons" refid="_18_4_62501eb_1477060824960_245321_37055"/></packagedElement><qualifiedName humanName="Qualified Name" mode="e">Threat-risk-conceptual-model::Threat and Risk Specific Concepts</qualifiedName><TO_DO humanName="To Do" mode="s,e"/><URI humanName="URI" mode="s,e"/><visibility humanName="Visibility">public</visibility><appearsIn><diagram classType="Diagram" humanType="Diagram" icon="ConceptLibrary_files/icon_Generic Table_1568169108.png" name="Vocabulary" refid="_18_0_2_3ba019e_1418664073699_926094_6665"/></appearsIn></package></magicdraw>