<?xml version="1.0" encoding="UTF-8"?><magicdraw><association classType="Association" humanType="Association" icon="ConceptLibrary_files/icon_association_1781128159.png" id="_17_0_4_1_7b3022e_1389478328636_44685_3945"><documentation humanName="Documentation">Relationship defining the "target" type of an object oriented function.</documentation><documentation humanName="Documentation" mode="standard">Relationship defining the "target" type of an object oriented function.</documentation><endType humanName="End Type"><class classType="Class" humanType="Class" icon="ConceptLibrary_files/icon_class_1769227988.png" name="Object Operation Type" refid="_17_0_4_1_7b3022e_1389478293981_846248_3919"/><class classType="Class" humanType="Class" icon="ConceptLibrary_files/icon_class_412694050.png" name="Property Type" refid="_18_2_62501eb_1460131846814_348374_8871"/></endType><feature humanName="Feature"><property classType="Property" humanType="Property" icon="ConceptLibrary_files/icon_property_736527975.png" name="received by" refid="_17_0_4_1_7b3022e_1389478328636_7674_3947"/><property classType="Property" humanType="Property" icon="ConceptLibrary_files/icon_property_736527975.png" name="receiver" refid="_17_0_4_1_7b3022e_1389478328636_395952_3946"/></feature><isAbstract humanName="Is Abstract">false</isAbstract><isDerived humanName="Is Derived">false</isDerived><isFinalSpecialization humanName="Is Final Specialization">false</isFinalSpecialization><isLeaf humanName="Is Leaf">false</isLeaf><member humanName="Member"><property classType="Property" humanType="Property" icon="ConceptLibrary_files/icon_property_736527975.png" name="received by" refid="_17_0_4_1_7b3022e_1389478328636_7674_3947"/><property classType="Property" humanType="Property" icon="ConceptLibrary_files/icon_property_736527975.png" name="receiver" refid="_17_0_4_1_7b3022e_1389478328636_395952_3946"/></member><memberEnd humanName="Member End"><property classType="Property" humanType="Property" icon="ConceptLibrary_files/icon_property_736527975.png" name="received by" refid="_17_0_4_1_7b3022e_1389478328636_7674_3947"/><property classType="Property" humanType="Property" icon="ConceptLibrary_files/icon_property_736527975.png" name="receiver" refid="_17_0_4_1_7b3022e_1389478328636_395952_3946"/></memberEnd><name humanName="Name" mode="s,e">OO Target</name><namespace classType="Package" humanName="Namespace" humanType="Package" icon="ConceptLibrary_files/icon_package_467146800.png" name="Expressions" refid="_17_0_1_2_7b3022e_1333470528250_124901_2116"/><navigableOwnedEnd humanName="Navigable Owned End" mode="e"><property classType="Property" humanType="Property" icon="ConceptLibrary_files/icon_property_736527975.png" name="received by" refid="_17_0_4_1_7b3022e_1389478328636_7674_3947"/><property classType="Property" humanType="Property" icon="ConceptLibrary_files/icon_property_736527975.png" name="receiver" refid="_17_0_4_1_7b3022e_1389478328636_395952_3946"/></navigableOwnedEnd><ownedComment humanName="Owned Comment"><comment classType="Comment" humanType="Comment" icon="ConceptLibrary_files/icon_comment_1609735765.png" refid="_18_4_62501eb_1475678759652_771906_14947"/></ownedComment><ownedElement humanName="Owned Element"><comment classType="Comment" humanType="Comment" icon="ConceptLibrary_files/icon_comment_1609735765.png" refid="_18_4_62501eb_1475678759652_771906_14947"/><property classType="Property" humanType="Property" icon="ConceptLibrary_files/icon_property_736527975.png" name="received by" refid="_17_0_4_1_7b3022e_1389478328636_7674_3947"/><property classType="Property" humanType="Property" icon="ConceptLibrary_files/icon_property_736527975.png" name="receiver" refid="_17_0_4_1_7b3022e_1389478328636_395952_3946"/></ownedElement><ownedEnd humanName="Owned End"><property classType="Property" humanType="Property" icon="ConceptLibrary_files/icon_property_736527975.png" name="received by" refid="_17_0_4_1_7b3022e_1389478328636_7674_3947"/><property classType="Property" humanType="Property" icon="ConceptLibrary_files/icon_property_736527975.png" name="receiver" refid="_17_0_4_1_7b3022e_1389478328636_395952_3946"/></ownedEnd><ownedMember humanName="Owned Member"><property classType="Property" humanType="Property" icon="ConceptLibrary_files/icon_property_736527975.png" name="received by" refid="_17_0_4_1_7b3022e_1389478328636_7674_3947"/><property classType="Property" humanType="Property" icon="ConceptLibrary_files/icon_property_736527975.png" name="receiver" refid="_17_0_4_1_7b3022e_1389478328636_395952_3946"/></ownedMember><owner classType="Package" humanName="Owner" humanType="Package" icon="ConceptLibrary_files/icon_package_467146800.png" mode="s,e" name="Expressions" refid="_17_0_1_2_7b3022e_1333470528250_124901_2116"/><owningPackage classType="Package" humanName="Owning Package" humanType="Package" icon="ConceptLibrary_files/icon_package_467146800.png" name="Expressions" refid="_17_0_1_2_7b3022e_1333470528250_124901_2116"/><package classType="Package" humanName="Package" humanType="Package" icon="ConceptLibrary_files/icon_package_467146800.png" name="Expressions" refid="_17_0_1_2_7b3022e_1333470528250_124901_2116"/><qualifiedName humanName="Qualified Name" mode="e">SMIF Conceptual Model::Expressions::OO Target</qualifiedName><relatedElement humanName="Related Element"><class classType="Class" humanType="Class" icon="ConceptLibrary_files/icon_class_1769227988.png" name="Object Operation Type" refid="_17_0_4_1_7b3022e_1389478293981_846248_3919"/><class classType="Class" humanType="Class" icon="ConceptLibrary_files/icon_class_412694050.png" name="Property Type" refid="_18_2_62501eb_1460131846814_348374_8871"/></relatedElement><TO_DO humanName="To Do"/><visibility humanName="Visibility" mode="s,e">public</visibility><appearsIn><diagram classType="Diagram" humanType="Diagram" icon="ConceptLibrary_files/icon_Generic Table_1568169108.png" name="SMIF Associations" refid="_18_2_62501eb_1462313084237_705601_5981"/><diagram classType="Diagram" humanType="Diagram" icon="ConceptLibrary_files/icon_Class Diagram_505751443.png" name="Expressions" refid="_17_0_1_2_7b3022e_1333470540634_416940_2117"/></appearsIn></association></magicdraw>