<?xml version="1.0" encoding="UTF-8"?><magicdraw><class classType="Class" humanType="Class" icon="ConceptLibrary_files/icon_class_1769227988.png" id="_17_0_5_1_7b3022e_1398820303774_882324_7571"><allGeneralClassifiers humanName="All General Classifiers"><class classType="Class" humanType="Class" icon="ConceptLibrary_files/icon_class_1769227988.png" name="Actual Entity" refid="_18_4_62501eb_1474742369274_834660_32276"/><class classType="Class" humanType="Class" icon="ConceptLibrary_files/icon_class_412694050.png" name="Contactable" refid="_18_1_3ba019e_1444759343561_741779_28583"/><class classType="Class" humanType="Class" icon="ConceptLibrary_files/icon_class_1769227988.png" name="Entity" refid="_17_0_3_7b3022e_1331156499953_68666_1704"/><class classType="Class" humanType="Class" icon="ConceptLibrary_files/icon_class_412694050.png" name="Thing" refid="_17_0_3_7b3022e_1331313031781_359355_5487"/></allGeneralClassifiers><allSpecificClassifiers humanName="All Specific Classifiers"><class classType="Class" humanType="Class" icon="ConceptLibrary_files/icon_class_1769227988.png" name="Animal" refid="_18_1_3ba019e_1443209598858_940553_7492"/><class classType="Class" humanType="Class" icon="ConceptLibrary_files/icon_class_1769227988.png" name="Associate" refid="_18_5_3_62501eb_1518715490802_98325_12480"/><class classType="Class" humanType="Class" icon="ConceptLibrary_files/icon_class_1769227988.png" name="Authority" refid="_18_0_2_3ba019e_1423851344237_646041_6841"/><class classType="Class" humanType="Class" icon="ConceptLibrary_files/icon_class_1769227988.png" name="Automaton" refid="_18_0_2_3ba019e_1423415771620_704904_10952"/><class classType="Class" humanType="Class" icon="ConceptLibrary_files/icon_class_1769227988.png" name="Computer Control System" refid="_18_1_3ba019e_1445899331087_209207_30968"/><class classType="Class" humanType="Class" icon="ConceptLibrary_files/icon_class_1769227988.png" name="Computer System" refid="_18_0_2_3ba019e_1423352071561_629326_8300"/><class classType="Class" humanType="Class" icon="ConceptLibrary_files/icon_class_1769227988.png" name="Controlling Actor" refid="_18_2_62501eb_1455571760183_940507_7553"/><class classType="Class" humanType="Class" icon="ConceptLibrary_files/icon_class_1769227988.png" name="Country" refid="_18_1_3ba019e_1444680209187_320424_30014"/><class classType="Class" humanType="Class" icon="ConceptLibrary_files/icon_class_1769227988.png" name="Custodian" refid="_18_0_2_3ba019e_1423762517680_901309_6276"/><class classType="Class" humanType="Class" icon="ConceptLibrary_files/icon_class_1769227988.png" name="Enterprise" refid="_18_1_3ba019e_1426086576922_339662_6398"/><class classType="Class" humanType="Class" icon="ConceptLibrary_files/icon_class_1769227988.png" name="Facilitator" refid="_18_0_2_3ba019e_1423770493567_87945_8245"/><class classType="Class" humanType="Class" icon="ConceptLibrary_files/icon_class_1769227988.png" name="Geopolitical Entity" refid="_18_1_3ba019e_1444332476438_907632_28133"/><class classType="Class" humanType="Class" icon="ConceptLibrary_files/icon_class_1769227988.png" name="Identity Provider" refid="_18_1_3ba019e_1445378437869_333146_31260"/><class classType="Class" humanType="Class" icon="ConceptLibrary_files/icon_class_1769227988.png" name="Incorporated Organization" refid="_18_1_3ba019e_1431367718902_505378_6242"/><class classType="Class" humanType="Class" icon="ConceptLibrary_files/icon_class_1769227988.png" name="Leader" refid="_18_1_3ba019e_1445961078859_284658_35629"/><class classType="Class" humanType="Class" icon="ConceptLibrary_files/icon_class_1769227988.png" name="Member" refid="_18_5_3_62501eb_1518715447370_45379_12452"/><class classType="Class" humanType="Class" icon="ConceptLibrary_files/icon_class_1769227988.png" name="Mitigation Actor" refid="_17_0_5_1_3ba019e_1407452381122_290271_11885"/><class classType="Class" humanType="Class" icon="ConceptLibrary_files/icon_class_1769227988.png" name="Observer" refid="_18_1_3ba019e_1431035300193_770683_12615"/><class classType="Class" humanType="Class" icon="ConceptLibrary_files/icon_class_1769227988.png" name="Organization" refid="_17_0_5_1_3ba019e_1407439004179_25254_4204"/><class classType="Class" humanType="Class" icon="ConceptLibrary_files/icon_class_1769227988.png" name="Organizational Unit" refid="_18_4_62501eb_1477089719849_667212_51511"/><class classType="Class" humanType="Class" icon="ConceptLibrary_files/icon_class_1769227988.png" name="Owner" refid="_18_1_3ba019e_1445545316430_225384_39120"/><class classType="Class" humanType="Class" icon="ConceptLibrary_files/icon_class_1769227988.png" name="Parent Organization" refid="_18_4_62501eb_1477090316896_929221_51874"/><class classType="Class" humanType="Class" icon="ConceptLibrary_files/icon_class_1769227988.png" name="Performer" refid="_18_2_62501eb_1457721671820_205824_8394"/><class classType="Class" humanType="Class" icon="ConceptLibrary_files/icon_class_1769227988.png" name="Person" refid="_17_0_5_1_3ba019e_1407439004179_501334_4205"/><class classType="Class" humanType="Class" icon="ConceptLibrary_files/icon_class_1769227988.png" name="Predictor" refid="_18_0_2_3ba019e_1424888850266_311481_8255"/><class classType="Class" humanType="Class" icon="ConceptLibrary_files/icon_class_1769227988.png" name="Producer" refid="_18_2_62501eb_1461097824529_209957_10115"/><class classType="Class" humanType="Class" icon="ConceptLibrary_files/icon_class_1769227988.png" name="Risk Agent" refid="_18_4_62501eb_1477407816809_821615_16713"/><class classType="Class" humanType="Class" icon="ConceptLibrary_files/icon_class_1769227988.png" name="Risk Owner" refid="_18_2_62501eb_1455206867115_769018_7507"/><class classType="Class" humanType="Class" icon="ConceptLibrary_files/icon_class_1769227988.png" name="Social Agent" refid="_18_2_62501eb_1455208265513_943581_7780"/><class classType="Class" humanType="Class" icon="ConceptLibrary_files/icon_class_1769227988.png" name="Software" refid="_18_0_2_3ba019e_1423415290335_391037_10794"/><class classType="Class" humanType="Class" icon="ConceptLibrary_files/icon_class_1769227988.png" name="Stakeholder" refid="_17_0_5_1_3ba019e_1407439004184_364207_4212"/><class classType="Class" humanType="Class" icon="ConceptLibrary_files/icon_class_1769227988.png" name="Subsystem" refid="_18_2_62501eb_1457724629870_598896_9133"/><class classType="Class" humanType="Class" icon="ConceptLibrary_files/icon_class_1769227988.png" name="Supplier" refid="_18_4_62501eb_1477073138576_604748_43748"/><class classType="Class" humanType="Class" icon="ConceptLibrary_files/icon_class_1769227988.png" name="System" refid="_18_1_3ba019e_1443219138259_343165_8591"/><class classType="Class" humanType="Class" icon="ConceptLibrary_files/icon_class_1769227988.png" name="Threat Actor" refid="_17_0_5_1_3ba019e_1407447767193_780154_8908"/><class classType="Class" humanType="Class" icon="ConceptLibrary_files/icon_class_1769227988.png" name="Unwitting Participant" refid="_18_0_2_3ba019e_1423440493252_758627_11342"/><class classType="Class" humanType="Class" icon="ConceptLibrary_files/icon_class_1769227988.png" name="Victim" refid="_17_0_5_1_3ba019e_1409605481272_952101_6632"/><class classType="Class" humanType="Class" icon="ConceptLibrary_files/icon_class_1769227988.png" name="Witness" refid="_18_1_3ba019e_1446853699469_233933_11747"/></allSpecificClassifiers><APPLIED_STEREOTYPES humanName="Applied Stereotype" mode="s,e"><stereotype classType="Stereotype" humanType="Stereotype" icon="ConceptLibrary_files/icon_stereotype_643587433.png" name="HyperlinkOwner" refid="_9_0_be00301_1108044563999_784946_1"/></APPLIED_STEREOTYPES><appliedStereotype humanName="Applied Stereotype" mode="s,e"><stereotype classType="Stereotype" humanType="Stereotype" icon="ConceptLibrary_files/icon_stereotype_643587433.png" name="HyperlinkOwner" refid="_9_0_be00301_1108044563999_784946_1"><property classType="Property" humanType="Property" icon="ConceptLibrary_files/icon_property_736527975.png" name="base_Element" refid="_10_0EAPbeta_be00301_1123081772148_910751_285"/><property classType="Property" humanType="Property" icon="ConceptLibrary_files/icon_property_736527975.png" name="base_Element" refid="_10_0EAPbeta_be00301_1123081772098_411862_275"/><property classType="Property" humanName="Element/Symbol" humanType="Property" icon="ConceptLibrary_files/icon_property_736527975.png" name="hyperlinkModel" refid="_622020d_1063089736320_890266_3"><diagram classType="Diagram" humanType="Diagram" icon="ConceptLibrary_files/icon_Class Diagram_505751443.png" name="Actor Detail" refid="_18_0_2_3ba019e_1424099700744_344354_7830"/></property><property classType="Property" humanName="Active Hyperlink" humanType="Property" icon="ConceptLibrary_files/icon_property_736527975.png" name="hyperlinkModelActive" refid="_622020d_1063089736320_73815_4"><diagram classType="Diagram" humanType="Diagram" icon="ConceptLibrary_files/icon_Class Diagram_505751443.png" name="Actor Detail" refid="_18_0_2_3ba019e_1424099700744_344354_7830"/></property><property classType="Property" humanName="File/WEB_PAGE" humanType="Property" icon="ConceptLibrary_files/icon_property_736527975.png" name="hyperlinkText" refid="_622020d_1063089736310_884303_1"/><property classType="Property" humanName="Active Hyperlink" humanType="Property" icon="ConceptLibrary_files/icon_property_736527975.png" name="hyperlinkTextActive" refid="_622020d_1063089736310_68488_2"/></stereotype></appliedStereotype><appliedStereotypeInstance classType="InstanceSpecification" humanName="Applied Stereotype Instance" humanType="Instance Specification" icon="ConceptLibrary_files/icon_instancespecification_1746117425.png" name=" : UML Standard Profile::MagicDraw Profile::HyperlinkOwner" refid="_18_0_2_3ba019e_1422132610453_274392_8775"/><documentation humanName="Documentation">An entity capable of behavior - performing an activity or process.

[IDEAS] Agent: Something capable of action.
[FIBO] AutonomousAgent: An agent is an autonomous individual that can adapt to and interact with its environment.</documentation><documentation humanName="Documentation" mode="standard">An entity capable of behavior - performing an activity or process.

[IDEAS] Agent: Something capable of action.
[FIBO] AutonomousAgent: An agent is an autonomous individual that can adapt to and interact with its environment.</documentation><effectiveIRI humanName="Effective IRI"/><generalization humanName="Generalization"><generalization classType="Generalization" humanType="Generalization" icon="ConceptLibrary_files/icon_generalization_212232499.png" isRelationship="true" refid="_17_0_5_1_7b3022e_1398820329231_301812_7593"/><generalization classType="Generalization" humanType="Generalization" icon="ConceptLibrary_files/icon_generalization_212232499.png" isRelationship="true" refid="_18_1_3ba019e_1444759404753_910398_28615"/></generalization><inheritedMember humanName="Inherited Member"><diagram classType="Diagram" humanType="Diagram" icon="ConceptLibrary_files/icon_Class Diagram_505751443.png" name="Actual Entity Detail" refid="_18_4_62501eb_1476372316267_988918_9242"/><diagram classType="Diagram" humanType="Diagram" icon="ConceptLibrary_files/icon_Class Diagram_505751443.png" name="Thing Detail" refid="_18_4_62501eb_1474827775223_682407_38836"/></inheritedMember><isAbstract humanName="Is Abstract" mode="s,e">false</isAbstract><isActive humanName="Is Active" mode="s,e">false</isActive><isFinalSpecialization humanName="Is Final Specialization" mode="e">false</isFinalSpecialization><isLeaf humanName="Is Leaf" mode="e">false</isLeaf><member humanName="Member"><diagram classType="Diagram" humanType="Diagram" icon="ConceptLibrary_files/icon_Class Diagram_505751443.png" name="Actor Detail" refid="_18_0_2_3ba019e_1424099700744_344354_7830"/><diagram classType="Diagram" humanType="Diagram" icon="ConceptLibrary_files/icon_Class Diagram_505751443.png" name="Actual Entity Detail" refid="_18_4_62501eb_1476372316267_988918_9242"/><diagram classType="Diagram" humanType="Diagram" icon="ConceptLibrary_files/icon_Class Diagram_505751443.png" name="Thing Detail" refid="_18_4_62501eb_1474827775223_682407_38836"/></member><name humanName="Name" mode="s,e">Actor</name><namespace classType="Package" humanName="Namespace" humanType="Package" icon="ConceptLibrary_files/icon_package_467146800.png" name="Occurrences" refid="_18_4_62501eb_1476382387273_987575_38028"/><ownedComment humanName="Owned Comment"><comment classType="Comment" humanType="Comment" icon="ConceptLibrary_files/icon_comment_1609735765.png" refid="_18_0_2_3ba019e_1422126309047_513025_7479"/></ownedComment><ownedDiagram humanName="Owned Diagram"><diagram classType="Diagram" humanType="Diagram" icon="ConceptLibrary_files/icon_Class Diagram_505751443.png" name="Actor Detail" refid="_18_0_2_3ba019e_1424099700744_344354_7830"/></ownedDiagram><ownedElement humanName="Owned Element"><generalization classType="Generalization" humanType="Generalization" icon="ConceptLibrary_files/icon_generalization_212232499.png" isRelationship="true" refid="_17_0_5_1_7b3022e_1398820329231_301812_7593"/><generalization classType="Generalization" humanType="Generalization" icon="ConceptLibrary_files/icon_generalization_212232499.png" isRelationship="true" refid="_18_1_3ba019e_1444759404753_910398_28615"/><comment classType="Comment" humanType="Comment" icon="ConceptLibrary_files/icon_comment_1609735765.png" refid="_18_0_2_3ba019e_1422126309047_513025_7479"/><instancespecification classType="InstanceSpecification" humanType="Instance Specification" icon="ConceptLibrary_files/icon_instancespecification_1746117425.png" name=" : UML Standard Profile::MagicDraw Profile::HyperlinkOwner" refid="_18_0_2_3ba019e_1422132610453_274392_8775"/><diagram classType="Diagram" humanType="Diagram" icon="ConceptLibrary_files/icon_Class Diagram_505751443.png" name="Actor Detail" refid="_18_0_2_3ba019e_1424099700744_344354_7830"/></ownedElement><ownedMember humanName="Owned Member"><diagram classType="Diagram" humanType="Diagram" icon="ConceptLibrary_files/icon_Class Diagram_505751443.png" name="Actor Detail" refid="_18_0_2_3ba019e_1424099700744_344354_7830"/></ownedMember><owner classType="Package" humanName="Owner" humanType="Package" icon="ConceptLibrary_files/icon_package_467146800.png" mode="s,e" name="Occurrences" refid="_18_4_62501eb_1476382387273_987575_38028"/><owningPackage classType="Package" humanName="Owning Package" humanType="Package" icon="ConceptLibrary_files/icon_package_467146800.png" name="Occurrences" refid="_18_4_62501eb_1476382387273_987575_38028"/><package classType="Package" humanName="Package" humanType="Package" icon="ConceptLibrary_files/icon_package_467146800.png" name="Occurrences" refid="_18_4_62501eb_1476382387273_987575_38028"/><qualifiedName humanName="Qualified Name" mode="e">Concept Library::Occurrences::Actor</qualifiedName><specificClassifier humanName="Specific Classifier"><class classType="Class" humanType="Class" icon="ConceptLibrary_files/icon_class_1769227988.png" name="Animal" refid="_18_1_3ba019e_1443209598858_940553_7492"/><class classType="Class" humanType="Class" icon="ConceptLibrary_files/icon_class_1769227988.png" name="Automaton" refid="_18_0_2_3ba019e_1423415771620_704904_10952"/><class classType="Class" humanType="Class" icon="ConceptLibrary_files/icon_class_1769227988.png" name="Controlling Actor" refid="_18_2_62501eb_1455571760183_940507_7553"/><class classType="Class" humanType="Class" icon="ConceptLibrary_files/icon_class_1769227988.png" name="Facilitator" refid="_18_0_2_3ba019e_1423770493567_87945_8245"/><class classType="Class" humanType="Class" icon="ConceptLibrary_files/icon_class_1769227988.png" name="Mitigation Actor" refid="_17_0_5_1_3ba019e_1407452381122_290271_11885"/><class classType="Class" humanType="Class" icon="ConceptLibrary_files/icon_class_1769227988.png" name="Observer" refid="_18_1_3ba019e_1431035300193_770683_12615"/><class classType="Class" humanType="Class" icon="ConceptLibrary_files/icon_class_1769227988.png" name="Performer" refid="_18_2_62501eb_1457721671820_205824_8394"/><class classType="Class" humanType="Class" icon="ConceptLibrary_files/icon_class_1769227988.png" name="Social Agent" refid="_18_2_62501eb_1455208265513_943581_7780"/><class classType="Class" humanType="Class" icon="ConceptLibrary_files/icon_class_1769227988.png" name="System" refid="_18_1_3ba019e_1443219138259_343165_8591"/><class classType="Class" humanType="Class" icon="ConceptLibrary_files/icon_class_1769227988.png" name="Threat Actor" refid="_17_0_5_1_3ba019e_1407447767193_780154_8908"/><class classType="Class" humanType="Class" icon="ConceptLibrary_files/icon_class_1769227988.png" name="Unwitting Participant" refid="_18_0_2_3ba019e_1423440493252_758627_11342"/></specificClassifier><superClass humanName="Super Class"><class classType="Class" humanType="Class" icon="ConceptLibrary_files/icon_class_1769227988.png" name="Actual Entity" refid="_18_4_62501eb_1474742369274_834660_32276"/><class classType="Class" humanType="Class" icon="ConceptLibrary_files/icon_class_412694050.png" name="Contactable" refid="_18_1_3ba019e_1444759343561_741779_28583"/></superClass><TO_DO humanName="To Do" mode="s,e"/><visibility humanName="Visibility" mode="e">public</visibility><appearsIn><diagram classType="Diagram" humanType="Diagram" icon="ConceptLibrary_files/icon_Class Diagram_505751443.png" name="Organization" refid="_18_1_3ba019e_1444849590867_157153_28365"/><diagram classType="Diagram" humanType="Diagram" icon="ConceptLibrary_files/icon_Class Diagram_505751443.png" name="Alter ability or control" refid="_18_1_3ba019e_1445544459382_36125_38306"/><diagram classType="Diagram" humanType="Diagram" icon="ConceptLibrary_files/icon_Generic Table_1568169108.png" name="Concept Library Classes" refid="_18_4_1_62501eb_1495298309386_966735_15952"/><diagram classType="Diagram" humanType="Diagram" icon="ConceptLibrary_files/icon_Class Diagram_505751443.png" name="Foundation" refid="_18_4_1_62501eb_1495296229925_256240_9842"/><diagram classType="Diagram" humanType="Diagram" icon="ConceptLibrary_files/icon_Class Diagram_505751443.png" name="Physical Entities" refid="_18_1_3ba019e_1445524503849_318387_27454"/><diagram classType="Diagram" humanType="Diagram" icon="ConceptLibrary_files/icon_Class Diagram_505751443.png" name="Enterprise" refid="_18_1_3ba019e_1426086544608_976798_6280"/><diagram classType="Diagram" humanType="Diagram" icon="ConceptLibrary_files/icon_Class Diagram_505751443.png" name="Social Agent" refid="_18_0_2_3ba019e_1423862125005_317015_9439"/><diagram classType="Diagram" humanType="Diagram" icon="ConceptLibrary_files/icon_Class Diagram_505751443.png" name="Observations" refid="_18_4_62501eb_1477334220953_533298_23350"/><diagram classType="Diagram" humanType="Diagram" icon="ConceptLibrary_files/icon_Class Diagram_505751443.png" name="Permission" refid="_18_2_62501eb_1455752468491_759905_8199"/><diagram classType="Diagram" humanType="Diagram" icon="ConceptLibrary_files/icon_Generic Table_1568169108.png" name="Threat &amp; Risk Classes" refid="_18_0_2_3ba019e_1423943641982_180424_6129"/><diagram classType="Diagram" humanType="Diagram" icon="ConceptLibrary_files/icon_Class Diagram_505751443.png" name="Involvement" refid="_18_4_62501eb_1476388866219_675849_42135"/><diagram classType="Diagram" humanType="Diagram" icon="ConceptLibrary_files/icon_Generic Table_1568169108.png" name="Vocabulary" refid="_18_0_2_3ba019e_1418664073699_926094_6665"/><diagram classType="Diagram" humanType="Diagram" icon="ConceptLibrary_files/icon_Class Diagram_505751443.png" name="Weakened Actor" refid="_18_4_62501eb_1476897915922_414937_13944"/><diagram classType="Diagram" humanType="Diagram" icon="ConceptLibrary_files/icon_Class Diagram_505751443.png" name="Resource Actions" refid="_18_4_62501eb_1477146162806_692144_55519"/><diagram classType="Diagram" humanType="Diagram" icon="ConceptLibrary_files/icon_Class Diagram_505751443.png" name="Cyber" refid="_18_1_3ba019e_1446995374238_46545_7327"/><diagram classType="Diagram" humanType="Diagram" icon="ConceptLibrary_files/icon_Class Diagram_505751443.png" name="Place" refid="_18_1_3ba019e_1445898805763_403533_30649"/><diagram classType="Diagram" humanType="Diagram" icon="ConceptLibrary_files/icon_Class Diagram_505751443.png" name="Threat Actor" refid="_18_4_1_62501eb_1506832903375_890394_15124"/><diagram classType="Diagram" humanType="Diagram" icon="ConceptLibrary_files/icon_Class Diagram_505751443.png" name="Ability Detail" refid="_18_4_62501eb_1476455232995_699641_58331"/><diagram classType="Diagram" humanType="Diagram" icon="ConceptLibrary_files/icon_Class Diagram_505751443.png" name="Strenthened Actor" refid="_18_4_62501eb_1476897856567_37733_13717"/><diagram classType="Diagram" humanType="Diagram" icon="ConceptLibrary_files/icon_Class Diagram_505751443.png" name="Cyber Platforms" refid="_18_4_62501eb_1477488157855_461910_12442"/><diagram classType="Diagram" humanType="Diagram" icon="ConceptLibrary_files/icon_Class Diagram_505751443.png" name="Ability To Execte Software" refid="_18_4_62501eb_1476981545697_840803_26003"/><diagram classType="Diagram" humanType="Diagram" icon="ConceptLibrary_files/icon_Class Diagram_505751443.png" name="Attest to Ability" refid="_18_4_62501eb_1476458937620_828063_62105"/><diagram classType="Diagram" humanType="Diagram" icon="ConceptLibrary_files/icon_Class Diagram_505751443.png" name="Operating Location" refid="_18_4_62501eb_1477078902691_958796_44384"/><diagram classType="Diagram" humanType="Diagram" icon="ConceptLibrary_files/icon_Class Diagram_505751443.png" name="System" refid="_18_1_3ba019e_1443219426201_443347_8631"/><diagram classType="Diagram" humanType="Diagram" icon="ConceptLibrary_files/icon_Class Diagram_505751443.png" name="Situation Relationships" refid="_18_1_3ba019e_1441912395042_962730_7694"/><diagram classType="Diagram" humanType="Diagram" icon="ConceptLibrary_files/icon_Class Diagram_505751443.png" name="Resource" refid="_18_0_2_3ba019e_1423162980047_31399_9797"/><diagram classType="Diagram" humanType="Diagram" icon="ConceptLibrary_files/icon_Class Diagram_505751443.png" name="Ability" refid="_18_0_2_3ba019e_1423771246890_622053_8443"/><diagram classType="Diagram" humanType="Diagram" icon="ConceptLibrary_files/icon_Class Diagram_505751443.png" name="Information Processing Capability" refid="_18_4_62501eb_1476989219309_65842_29236"/><diagram classType="Diagram" humanType="Diagram" icon="ConceptLibrary_files/icon_Class Diagram_505751443.png" name="Credentials and Managed Identifiers" refid="_18_1_3ba019e_1445382779620_732996_32027"/><diagram classType="Diagram" humanType="Diagram" icon="ConceptLibrary_files/icon_Class Diagram_505751443.png" name="Control Detail" refid="_18_4_62501eb_1476481929062_386972_71334"/><diagram classType="Diagram" humanType="Diagram" icon="ConceptLibrary_files/icon_Class Diagram_505751443.png" name="Measurement" refid="_18_4_62501eb_1477351569893_461139_27171"/><diagram classType="Diagram" humanType="Diagram" icon="ConceptLibrary_files/icon_Class Diagram_505751443.png" name="Harms Victim" refid="_18_4_62501eb_1477185711365_262091_17235"/><diagram classType="Diagram" humanType="Diagram" icon="ConceptLibrary_files/icon_Class Diagram_505751443.png" name="Social Agent Identifiers" refid="_18_1_3ba019e_1445963907740_44910_36627"/><diagram classType="Diagram" humanType="Diagram" icon="ConceptLibrary_files/icon_Class Diagram_505751443.png" name="Entity Kinds" refid="_17_0_5_1_3ba019e_1407442563738_166618_6892"/><diagram classType="Diagram" humanType="Diagram" icon="ConceptLibrary_files/icon_Class Diagram_505751443.png" name="Person" refid="_18_0_2_3ba019e_1423863297870_500568_10016"/><diagram classType="Diagram" humanType="Diagram" icon="ConceptLibrary_files/icon_Class Diagram_505751443.png" name="Actor Detail" refid="_18_0_2_3ba019e_1424099700744_344354_7830"/><diagram classType="Diagram" humanType="Diagram" icon="ConceptLibrary_files/icon_Class Diagram_505751443.png" name="Process" refid="_17_0_5_1_3ba019e_1407960337744_968303_4171"/><diagram classType="Diagram" humanType="Diagram" icon="ConceptLibrary_files/icon_Class Diagram_505751443.png" name="Animal Detail" refid="_18_1_3ba019e_1445979940347_746113_28432"/><diagram classType="Diagram" humanType="Diagram" icon="ConceptLibrary_files/icon_Class Diagram_505751443.png" name="Response" refid="_18_4_1_62501eb_1486055576306_719476_13622"/><diagram classType="Diagram" humanType="Diagram" icon="ConceptLibrary_files/icon_Class Diagram_505751443.png" name="Performance" refid="_18_4_62501eb_1476397468103_618061_56899"/><diagram classType="Diagram" humanType="Diagram" icon="ConceptLibrary_files/icon_Class Diagram_505751443.png" name="Perpetrate" refid="_18_4_62501eb_1477174560380_996547_35817"/><diagram classType="Diagram" humanType="Diagram" icon="ConceptLibrary_files/icon_Class Diagram_505751443.png" name="Observation" refid="_18_4_62501eb_1479431286515_885187_31935"/><diagram classType="Diagram" humanType="Diagram" icon="ConceptLibrary_files/icon_Class Diagram_505751443.png" name="Danger Sources" refid="_18_2_62501eb_1456443440499_547781_7751"/><diagram classType="Diagram" humanType="Diagram" icon="ConceptLibrary_files/icon_Class Diagram_505751443.png" name="Control" refid="_18_1_3ba019e_1445467420465_1123_30117"/><diagram classType="Diagram" humanType="Diagram" icon="ConceptLibrary_files/icon_Class Diagram_505751443.png" name="Incident Response" refid="_18_4_1_62501eb_1486056843186_430323_16113"/><diagram classType="Diagram" humanType="Diagram" icon="ConceptLibrary_files/icon_Class Diagram_505751443.png" name="Capabilities" refid="_18_2_62501eb_1455752919124_612122_8504"/><diagram classType="Diagram" humanType="Diagram" icon="ConceptLibrary_files/icon_Class Diagram_505751443.png" name="Safeguarding" refid="_18_4_62501eb_1477429830455_185558_29872"/><diagram classType="Diagram" humanType="Diagram" icon="ConceptLibrary_files/icon_Class Diagram_505751443.png" name="Contact Information" refid="_18_0_2_3ba019e_1423504637093_524721_5896"/><diagram classType="Diagram" humanType="Diagram" icon="ConceptLibrary_files/icon_Class Diagram_505751443.png" name="Observability" refid="_18_1_3ba019e_1431035561186_307630_12659"/><diagram classType="Diagram" humanType="Diagram" icon="ConceptLibrary_files/icon_Class Diagram_505751443.png" name="Occurrences" refid="_18_4_62501eb_1476382395662_619517_38029"/><diagram classType="Diagram" humanType="Diagram" icon="ConceptLibrary_files/icon_Class Diagram_505751443.png" name="Threat Actors" refid="_18_2_62501eb_1456443671550_43950_8612"/><diagram classType="Diagram" humanType="Diagram" icon="ConceptLibrary_files/icon_Class Diagram_505751443.png" name="Residency" refid="_18_4_62501eb_1477079457583_307926_44945"/></appearsIn></class></magicdraw>