<?xml version="1.0" encoding="UTF-8"?><magicdraw><literalunlimitednatural classType="LiteralUnlimitedNatural" humanType="Literal Unlimited Natural" icon="ConceptLibrary_files/icon_literalunlimitednatural_1122090209.png" id="_17_0_4_1_7b3022e_1388692088880_578981_4085"><documentation humanName="Documentation"/><name humanName="Name"/><owner classType="Property" humanName="Owner" humanType="Property" icon="ConceptLibrary_files/icon_property_736527975.png" mode="e" name="condition" refid="_17_0_4_1_7b3022e_1388692079469_42665_4061"/><owningUpper classType="Property" humanName="Owning Upper" humanType="Property" icon="ConceptLibrary_files/icon_property_736527975.png" name="condition" refid="_17_0_4_1_7b3022e_1388692079469_42665_4061"/><qualifiedName humanName="Qualified Name">SMIF Conceptual Model::Constraints::Conditional::condition::</qualifiedName><text humanName="Text" mode="standard">1</text><TO_DO humanName="To Do"/><TYPE_MODIFIER humanName="Type Modifier"/><value humanName="Value" mode="s,e">1</value><visibility humanName="Visibility">public</visibility></literalunlimitednatural></magicdraw>