<?xml version="1.0" encoding="UTF-8"?><magicdraw><property classType="Property" humanType="Property" icon="ConceptLibrary_files/icon_property_736527975.png" id="_17_0_5_1_7b3022e_1402327588996_16317_9813"><aggregation humanName="Aggregation" mode="s,e">none</aggregation><UMLClass classType="Class" humanName="Class" humanType="Class" icon="ConceptLibrary_files/icon_class_1769227988.png" name="Potential Situation" refid="_17_0_5_1_3ba019e_1407439004195_602848_4233"/><classifier classType="Class" humanName="Classifier" humanType="Class" icon="ConceptLibrary_files/icon_class_1769227988.png" name="Potential Situation" refid="_17_0_5_1_3ba019e_1407439004195_602848_4233"/><documentation humanName="Documentation">Metric representing the possibility that the containing element represents reality.</documentation><documentation humanName="Documentation" mode="standard">Metric representing the possibility that the containing element represents reality.</documentation><effectiveIRI humanName="Effective IRI"/><featuringClassifier classType="Class" humanName="Featuring Classifier" humanType="Class" icon="ConceptLibrary_files/icon_class_1769227988.png" name="Potential Situation" refid="_17_0_5_1_3ba019e_1407439004195_602848_4233"/><isComposite humanName="Is Composite">false</isComposite><isDerived humanName="Is Derived" mode="s,e">false</isDerived><isDerivedUnion humanName="Is Derived Union" mode="e">false</isDerivedUnion><isID humanName="Is ID" mode="e">false</isID><isLeaf humanName="Is Leaf">false</isLeaf><isOrdered humanName="Is Ordered" mode="e">false</isOrdered><isReadOnly humanName="Is Read Only" mode="s,e">false</isReadOnly><isStatic humanName="Is Static" mode="s,e">false</isStatic><isUnique humanName="Is Unique" mode="e">true</isUnique><lower humanName="Lower">1</lower><multiplicity humanName="Multiplicity" mode="s,e"/><multiplicity humanName="Multiplicity" mode="s,e"/><name humanName="Name" mode="s,e">likelihood</name><namespace classType="Class" humanName="Namespace" humanType="Class" icon="ConceptLibrary_files/icon_class_1769227988.png" name="Potential Situation" refid="_17_0_5_1_3ba019e_1407439004195_602848_4233"/><navigable humanName="Navigable" mode="e">true</navigable><ownedBy classType="Class" humanName="Owned By" humanType="Class" icon="ConceptLibrary_files/icon_class_1769227988.png" mode="s,e" name="Potential Situation" refid="_17_0_5_1_3ba019e_1407439004195_602848_4233"/><ownedComment humanName="Owned Comment"><comment classType="Comment" humanType="Comment" icon="ConceptLibrary_files/icon_comment_1609735765.png" refid="_18_0_2_3ba019e_1423858846098_684182_8912"/></ownedComment><ownedElement humanName="Owned Element"><comment classType="Comment" humanType="Comment" icon="ConceptLibrary_files/icon_comment_1609735765.png" refid="_18_0_2_3ba019e_1423858846098_684182_8912"/></ownedElement><owner classType="Class" humanName="Owner" humanType="Class" icon="ConceptLibrary_files/icon_class_1769227988.png" name="Potential Situation" refid="_17_0_5_1_3ba019e_1407439004195_602848_4233"/><qualifiedName humanName="Qualified Name" mode="e">Concept Library::Situations::Potential Situation::likelihood</qualifiedName><redefinitionContext humanName="Redefinition Context"><class classType="Class" humanType="Class" icon="ConceptLibrary_files/icon_class_1769227988.png" name="Potential Situation" refid="_17_0_5_1_3ba019e_1407439004195_602848_4233"/></redefinitionContext><TO_DO humanName="To Do" mode="s,e"/><type classType="Class" humanName="Type" humanType="Class" icon="ConceptLibrary_files/icon_class_1769227988.png" mode="s,e" name="Probability Metric" refid="_17_0_5_1_7b3022e_1398808729920_445056_5379"/><TYPE_MODIFIER humanName="Type Modifier" mode="e"/><upper humanName="Upper">1</upper><visibility humanName="Visibility" mode="s,e">public</visibility><appearsIn><diagram classType="Diagram" humanType="Diagram" icon="ConceptLibrary_files/icon_Generic Table_1568169108.png" name="Vocabulary" refid="_18_0_2_3ba019e_1418664073699_926094_6665"/></appearsIn></property></magicdraw>