<?xml version="1.0" encoding="UTF-8"?><magicdraw><generalization classType="Generalization" humanType="Generalization" icon="ConceptLibrary_files/icon_generalization_212232499.png" id="_17_0_5_1_3ba019e_1416259610764_706470_5302"><documentation humanName="Documentation"/><general classType="Class" humanName="General" humanType="Class" icon="ConceptLibrary_files/icon_class_1769227988.png" mode="s,e" name="Conditional Rule" refid="_17_0_4_1_7b3022e_1388784601466_759247_4628"/><isSubstitutable humanName="Is Substitutable">true</isSubstitutable><owner classType="AssociationClass" humanName="Owner" humanType="Association Class" icon="ConceptLibrary_files/icon_associationclass_1255445356.png" isRelationship="true" mode="s,e" name="When" refid="_17_0_5_1_3ba019e_1408481200231_960761_4421"/><relatedElement humanName="Related Element"><class classType="Class" humanType="Class" icon="ConceptLibrary_files/icon_class_1769227988.png" name="Conditional Rule" refid="_17_0_4_1_7b3022e_1388784601466_759247_4628"/><associationclass classType="AssociationClass" humanType="Association Class" icon="ConceptLibrary_files/icon_associationclass_1255445356.png" isRelationship="true" name="When" refid="_17_0_5_1_3ba019e_1408481200231_960761_4421"/></relatedElement><source humanName="Source"><associationclass classType="AssociationClass" humanType="Association Class" icon="ConceptLibrary_files/icon_associationclass_1255445356.png" isRelationship="true" name="When" refid="_17_0_5_1_3ba019e_1408481200231_960761_4421"/></source><specific classType="AssociationClass" humanName="Specific" humanType="Association Class" icon="ConceptLibrary_files/icon_associationclass_1255445356.png" isRelationship="true" mode="s,e" name="When" refid="_17_0_5_1_3ba019e_1408481200231_960761_4421"/><target humanName="Target"><class classType="Class" humanType="Class" icon="ConceptLibrary_files/icon_class_1769227988.png" name="Conditional Rule" refid="_17_0_4_1_7b3022e_1388784601466_759247_4628"/></target><TO_DO humanName="To Do" mode="s,e"/><appearsIn><diagram classType="Diagram" humanType="Diagram" icon="ConceptLibrary_files/icon_Class Diagram_505751443.png" name="Course of Action Rule" refid="_17_0_5_1_3ba019e_1408480694685_689209_4181"/></appearsIn></generalization></magicdraw>