<?xml version="1.0" encoding="UTF-8"?><magicdraw><association classType="Association" humanType="Association" icon="ConceptLibrary_files/icon_association_1781128159.png" id="_17_0_3_7b3022e_1331166276197_185171_2678"><allSpecificClassifiers humanName="All Specific Classifiers"><association classType="Association" humanType="Association" icon="ConceptLibrary_files/icon_association_685939889.png" isRelationship="true" name="Association[Concept Library::Situations::Situation Type - Concept Library::Situations::Situation]" refid="_18_1_3ba019e_1430349364975_584032_4823"/><association classType="Association" humanType="Association" icon="ConceptLibrary_files/icon_association_685939889.png" isRelationship="true" name="Association[SMIF Conceptual Model::Values::Unit Type - SMIF Conceptual Model::Values::Unit Value]" refid="_17_0_4_1_7b3022e_1387298180920_534909_4883"/><association classType="Association" humanType="Association" icon="ConceptLibrary_files/icon_association_1949602902.png" isRelationship="true" name="Bound Property" refid="_18_2_62501eb_1460132128583_901201_9002"/><association classType="Association" humanType="Association" icon="ConceptLibrary_files/icon_association_1781128159.png" isRelationship="true" name="Context of Observation" refid="_18_4_62501eb_1477333708595_857997_23196"/><association classType="Association" humanType="Association" icon="ConceptLibrary_files/icon_association_1781128159.png" isRelationship="true" name="Extent of Type" refid="_17_0_3_7b3022e_1331182663023_774150_3109"/><association classType="Association" humanType="Association" icon="ConceptLibrary_files/icon_association_1781128159.png" isRelationship="true" name="Facet Of Entity" refid="_18_5_3_62501eb_1526753140027_899665_13938"/><association classType="Association" humanType="Association" icon="ConceptLibrary_files/icon_association_1781128159.png" isRelationship="true" name="Function Called" refid="_17_0_1_2_7b3022e_1333471207371_814515_2672"/><association classType="Association" humanType="Association" icon="ConceptLibrary_files/icon_association_1781128159.png" isRelationship="true" name="Identifier in Namespace" refid="_18_2_62501eb_1462921929873_112363_6854"/><associationclass classType="AssociationClass" humanType="Association Class" icon="ConceptLibrary_files/icon_associationclass_1255445356.png" isRelationship="true" name="Scope of Indicator" refid="_18_4_62501eb_1477256779812_523729_38619"/><associationclass classType="AssociationClass" humanType="Association Class" icon="ConceptLibrary_files/icon_associationclass_1255445356.png" isRelationship="true" name="Sighting Matches Indicator" refid="_18_4_62501eb_1477256768628_463340_38463"/></allSpecificClassifiers><documentation humanName="Documentation"/><endType humanName="End Type"><class classType="Class" humanType="Class" icon="ConceptLibrary_files/icon_class_1769227988.png" name="Scoped Context" refid="_18_5_3_62501eb_1527086128974_510931_15787"/><class classType="Class" humanType="Class" icon="ConceptLibrary_files/icon_class_412694050.png" name="Thing" refid="_17_0_3_7b3022e_1331313031781_359355_5487"/></endType><feature humanName="Feature"><property classType="Property" humanType="Property" icon="ConceptLibrary_files/icon_property_736527975.png" name="contextualizes" refid="_17_0_3_7b3022e_1331166276197_310644_2679"/><property classType="Property" humanType="Property" icon="ConceptLibrary_files/icon_property_736527975.png" name="in context of" refid="_17_0_3_7b3022e_1331166276198_876163_2680"/></feature><isAbstract humanName="Is Abstract">false</isAbstract><isDerived humanName="Is Derived">false</isDerived><isFinalSpecialization humanName="Is Final Specialization">false</isFinalSpecialization><isLeaf humanName="Is Leaf">false</isLeaf><member humanName="Member"><property classType="Property" humanType="Property" icon="ConceptLibrary_files/icon_property_736527975.png" name="contextualizes" refid="_17_0_3_7b3022e_1331166276197_310644_2679"/><property classType="Property" humanType="Property" icon="ConceptLibrary_files/icon_property_736527975.png" name="in context of" refid="_17_0_3_7b3022e_1331166276198_876163_2680"/></member><memberEnd humanName="Member End"><property classType="Property" humanType="Property" icon="ConceptLibrary_files/icon_property_736527975.png" name="contextualizes" refid="_17_0_3_7b3022e_1331166276197_310644_2679"/><property classType="Property" humanType="Property" icon="ConceptLibrary_files/icon_property_736527975.png" name="in context of" refid="_17_0_3_7b3022e_1331166276198_876163_2680"/></memberEnd><name humanName="Name" mode="s,e">Extent of Context</name><namespace classType="Package" humanName="Namespace" humanType="Package" icon="ConceptLibrary_files/icon_package_467146800.png" name="Top level" refid="_18_0_2_3ba019e_1422802856945_879963_5193"/><navigableOwnedEnd humanName="Navigable Owned End" mode="e"><property classType="Property" humanType="Property" icon="ConceptLibrary_files/icon_property_736527975.png" name="contextualizes" refid="_17_0_3_7b3022e_1331166276197_310644_2679"/><property classType="Property" humanType="Property" icon="ConceptLibrary_files/icon_property_736527975.png" name="in context of" refid="_17_0_3_7b3022e_1331166276198_876163_2680"/></navigableOwnedEnd><ownedElement humanName="Owned Element"><property classType="Property" humanType="Property" icon="ConceptLibrary_files/icon_property_736527975.png" name="contextualizes" refid="_17_0_3_7b3022e_1331166276197_310644_2679"/><property classType="Property" humanType="Property" icon="ConceptLibrary_files/icon_property_736527975.png" name="in context of" refid="_17_0_3_7b3022e_1331166276198_876163_2680"/></ownedElement><ownedEnd humanName="Owned End"><property classType="Property" humanType="Property" icon="ConceptLibrary_files/icon_property_736527975.png" name="contextualizes" refid="_17_0_3_7b3022e_1331166276197_310644_2679"/><property classType="Property" humanType="Property" icon="ConceptLibrary_files/icon_property_736527975.png" name="in context of" refid="_17_0_3_7b3022e_1331166276198_876163_2680"/></ownedEnd><ownedMember humanName="Owned Member"><property classType="Property" humanType="Property" icon="ConceptLibrary_files/icon_property_736527975.png" name="contextualizes" refid="_17_0_3_7b3022e_1331166276197_310644_2679"/><property classType="Property" humanType="Property" icon="ConceptLibrary_files/icon_property_736527975.png" name="in context of" refid="_17_0_3_7b3022e_1331166276198_876163_2680"/></ownedMember><owner classType="Package" humanName="Owner" humanType="Package" icon="ConceptLibrary_files/icon_package_467146800.png" mode="s,e" name="Top level" refid="_18_0_2_3ba019e_1422802856945_879963_5193"/><owningPackage classType="Package" humanName="Owning Package" humanType="Package" icon="ConceptLibrary_files/icon_package_467146800.png" name="Top level" refid="_18_0_2_3ba019e_1422802856945_879963_5193"/><package classType="Package" humanName="Package" humanType="Package" icon="ConceptLibrary_files/icon_package_467146800.png" name="Top level" refid="_18_0_2_3ba019e_1422802856945_879963_5193"/><qualifiedName humanName="Qualified Name" mode="e">SMIF Conceptual Model::Top level::Extent of Context</qualifiedName><relatedElement humanName="Related Element"><class classType="Class" humanType="Class" icon="ConceptLibrary_files/icon_class_1769227988.png" name="Scoped Context" refid="_18_5_3_62501eb_1527086128974_510931_15787"/><class classType="Class" humanType="Class" icon="ConceptLibrary_files/icon_class_412694050.png" name="Thing" refid="_17_0_3_7b3022e_1331313031781_359355_5487"/></relatedElement><specificClassifier humanName="Specific Classifier"><association classType="Association" humanType="Association" icon="ConceptLibrary_files/icon_association_1781128159.png" isRelationship="true" name="Context of Observation" refid="_18_4_62501eb_1477333708595_857997_23196"/><association classType="Association" humanType="Association" icon="ConceptLibrary_files/icon_association_1781128159.png" isRelationship="true" name="Extent of Type" refid="_17_0_3_7b3022e_1331182663023_774150_3109"/><association classType="Association" humanType="Association" icon="ConceptLibrary_files/icon_association_1781128159.png" isRelationship="true" name="Identifier in Namespace" refid="_18_2_62501eb_1462921929873_112363_6854"/><associationclass classType="AssociationClass" humanType="Association Class" icon="ConceptLibrary_files/icon_associationclass_1255445356.png" isRelationship="true" name="Scope of Indicator" refid="_18_4_62501eb_1477256779812_523729_38619"/></specificClassifier><TO_DO humanName="To Do"/><visibility humanName="Visibility" mode="s,e">public</visibility><appearsIn><diagram classType="Diagram" humanType="Diagram" icon="ConceptLibrary_files/icon_Class Diagram_505751443.png" name="Context" refid="_18_5_3_62501eb_1516747665522_188044_7473"/><diagram classType="Diagram" humanType="Diagram" icon="ConceptLibrary_files/icon_Class Diagram_505751443.png" name="Types" refid="_17_0_3_7b3022e_1331156482756_874223_1661"/><diagram classType="Diagram" humanType="Diagram" icon="ConceptLibrary_files/icon_Generic Table_1568169108.png" name="SMIF Associations" refid="_18_2_62501eb_1462313084237_705601_5981"/><diagram classType="Diagram" humanType="Diagram" icon="ConceptLibrary_files/icon_Class Diagram_505751443.png" name="Top Level" refid="_18_0_2_3ba019e_1422734538801_90289_5920"/></appearsIn></association></magicdraw>