<?xml version="1.0" encoding="UTF-8"?><magicdraw><literalunlimitednatural classType="LiteralUnlimitedNatural" humanType="Literal Unlimited Natural" icon="ConceptLibrary_files/icon_literalunlimitednatural_1122090209.png" id="_17_0_4_1_7b3022e_1388781921851_293613_4361"><documentation humanName="Documentation"/><name humanName="Name"/><owner classType="Property" humanName="Owner" humanType="Property" icon="ConceptLibrary_files/icon_property_736527975.png" mode="e" name="constrains" refid="_17_0_4_1_7b3022e_1388781916827_791391_4343"/><owningUpper classType="Property" humanName="Owning Upper" humanType="Property" icon="ConceptLibrary_files/icon_property_736527975.png" name="constrains" refid="_17_0_4_1_7b3022e_1388781916827_791391_4343"/><qualifiedName humanName="Qualified Name">SMIF Conceptual Model::Constraints::Rule Constrains::constrains::</qualifiedName><text humanName="Text" mode="standard">*</text><TO_DO humanName="To Do"/><TYPE_MODIFIER humanName="Type Modifier"/><value humanName="Value" mode="s,e">-1</value><visibility humanName="Visibility">public</visibility></literalunlimitednatural></magicdraw>