<?xml version="1.0" encoding="UTF-8"?><magicdraw><diagram classType="Diagram" diagramType="Class Diagram" height="397" humanType="Diagram" icon="ConceptLibrary_files/icon_Class Diagram_505751443.png" id="_17_0_5_1_3ba019e_1407439006263_400929_4723" src="ConceptLibrary_files/_17_0_5_1_3ba019e_1407439006263_400929_4723.png" width="508"><APPLIED_STEREOTYPES humanName="Applied Stereotype" mode="s,e"><stereotype classType="Stereotype" humanType="Stereotype" icon="ConceptLibrary_files/icon_stereotype_643587433.png" name="DiagramInfo" refid="_9_0_be00301_1108044380615_150487_0"/></APPLIED_STEREOTYPES><appliedStereotype humanName="Applied Stereotype" mode="s,e"><stereotype classType="Stereotype" humanType="Stereotype" icon="ConceptLibrary_files/icon_stereotype_643587433.png" name="DiagramInfo" refid="_9_0_be00301_1108044380615_150487_0"><property classType="Property" humanName="Author" humanType="Property" icon="ConceptLibrary_files/icon_property_736527975.png" name="Author" refid="_be00301_1077726770128_871366_1"><String>Cory</String></property><property classType="Property" humanName="Base_ Diagram" humanType="Property" icon="ConceptLibrary_files/icon_property_736527975.png" name="base_Diagram" refid="_10_0EAPbeta_be00301_1123081772498_901864_356"/><property classType="Property" humanName="Base_ Element" humanType="Property" icon="ConceptLibrary_files/icon_property_736527975.png" name="base_Element" refid="_10_0EAPbeta_be00301_1123081772098_411862_275"/><property classType="Property" humanName="Creation Date" humanType="Property" icon="ConceptLibrary_files/icon_property_736527975.png" name="Creation date" refid="_be00301_1073306188629_537791_2"><String>8/7/14 3:16 PM</String></property><property classType="Property" humanName="Last modified by" humanType="Property" icon="ConceptLibrary_files/icon_property_736527975.png" name="Last modified by" refid="_16_8beta_8ca0285_1257244649124_794756_344"><String>cory-</String></property><property classType="Property" humanName="Modification Date" humanType="Property" icon="ConceptLibrary_files/icon_property_736527975.png" name="Modification date" refid="_be00301_1073394345322_922552_1"><String>5/20/17 12:38 PM</String></property></stereotype></appliedStereotype><appliedStereotypeInstance classType="InstanceSpecification" humanName="Applied Stereotype Instance" humanType="Instance Specification" icon="ConceptLibrary_files/icon_instancespecification_1746117425.png" name=" : UML Standard Profile::MagicDraw Profile::DiagramInfo" refid="_17_0_5_1_3ba019e_1407439006346_504068_4827"/><documentation humanName="Documentation"/><map><area isNotContentShape="false" name="Property" refid="_17_0_5_1_3ba019e_1407439006229_678898_4665" shape="rect" type="0"><point x="167" y="137"/><point x="178" y="137"/><point x="178" y="148"/><point x="167" y="148"/></area><area isNotContentShape="false" name="Property" refid="_17_0_5_1_3ba019e_1407439006231_217208_4668" shape="rect" type="0"><point x="381" y="335"/><point x="392" y="335"/><point x="392" y="346"/><point x="381" y="346"/></area><area isNotContentShape="false" name="Property" refid="_17_0_5_1_3ba019e_1407439006147_83945_4589" shape="rect" type="0"><point x="167" y="73"/><point x="178" y="73"/><point x="178" y="84"/><point x="167" y="84"/></area><area isNotContentShape="false" name="Property" refid="_17_0_5_1_3ba019e_1407439006277_804805_4745" shape="rect" type="0"><point x="181" y="299"/><point x="192" y="299"/><point x="192" y="310"/><point x="181" y="310"/></area><area isNotContentShape="false" name="Generalization" refid="_17_0_5_1_3ba019e_1407439006017_760303_4324" shape="poly" type="0"><point x="225" y="118"/><point x="225" y="146"/><point x="223" y="148"/><point x="223" y="120"/></area><area isNotContentShape="false" name="Generalization" refid="_17_0_5_1_3ba019e_1407439006126_330859_4562" shape="poly" type="0"><point x="211" y="209"/><point x="211" y="265"/><point x="209" y="267"/><point x="209" y="211"/></area><area isNotContentShape="false" name="Generalization" refid="_18_0_2_3ba019e_1423257838357_523965_10160" shape="poly" type="0"><point x="427" y="270"/><point x="427" y="328"/><point x="425" y="330"/><point x="425" y="272"/></area><area isNotContentShape="false" name="Association" refid="_17_0_5_1_3ba019e_1407439004203_353108_4247" shape="poly" type="0"><point x="173" y="72"/><point x="173" y="146"/><point x="171" y="148"/><point x="171" y="74"/></area><area isNotContentShape="false" name="Generalization" refid="_17_0_5_1_3ba019e_1407439006017_255296_4327" shape="poly" type="0"><point x="431" y="118"/><point x="431" y="237"/><point x="429" y="239"/><point x="429" y="120"/></area><area isNotContentShape="false" name="Association" refid="_17_0_5_1_3ba019e_1407439004223_477850_4257" shape="poly" type="0"><point x="187" y="298"/><point x="187" y="339"/><point x="392" y="339"/><point x="390" y="341"/><point x="185" y="341"/><point x="185" y="300"/></area><area isNotContentShape="false" name="Class Situation" refid="_18_1_3ba019e_1430349228247_211772_4675" shape="rect" type="0"><point x="322" y="56"/><point x="385" y="56"/><point x="385" y="81"/><point x="322" y="81"/></area><area isNotContentShape="false" name="Class Opportunity" refid="_17_0_5_1_3ba019e_1407439004222_946325_4256" shape="rect" type="0"><point x="391" y="329"/><point x="464" y="329"/><point x="464" y="354"/><point x="391" y="354"/></area><area isNotContentShape="false" name="Class Benefit" refid="_17_0_5_1_3ba019e_1407439004200_864206_4242" shape="rect" type="0"><point x="133" y="266"/><point x="240" y="266"/><point x="240" y="300"/><point x="133" y="300"/></area><area isNotContentShape="false" name="Class Potential Situation" refid="_17_0_5_1_3ba019e_1407439004195_602848_4233" shape="rect" type="0"><point x="377" y="238"/><point x="484" y="238"/><point x="484" y="272"/><point x="377" y="272"/></area><area isNotContentShape="false" name="Class Objective" refid="_17_0_5_1_3ba019e_1407439004199_611439_4241" shape="rect" type="0"><point x="98" y="49"/><point x="227" y="49"/><point x="227" y="74"/><point x="98" y="74"/></area><area isNotContentShape="false" name="Property impact measure" refid="_17_0_5_1_3ba019e_1407439006147_131287_4588" shape="rect" type="0"><point x="108" y="192"/><point x="250" y="192"/><point x="250" y="205"/><point x="108" y="205"/></area><area isNotContentShape="false" name="Property degree of affect" refid="_17_0_5_1_3ba019e_1407439006145_107660_4585" shape="rect" type="0"><point x="108" y="168"/><point x="250" y="168"/><point x="250" y="181"/><point x="108" y="181"/></area><area isNotContentShape="false" name="Property desirability" refid="_17_0_5_1_3ba019e_1407439006146_963438_4587" shape="rect" type="0"><point x="108" y="180"/><point x="250" y="180"/><point x="250" y="193"/><point x="108" y="193"/></area><area isNotContentShape="false" name="Class Consequence" refid="_17_0_5_1_3ba019e_1407439004191_348666_4226" shape="rect" type="0"><point x="105" y="147"/><point x="253" y="147"/><point x="253" y="211"/><point x="105" y="211"/></area></map><name humanName="Name" mode="s,e">Opportunity Detail</name><namespace classType="Class" humanName="Namespace" humanType="Class" icon="ConceptLibrary_files/icon_class_1769227988.png" name="Opportunity" refid="_17_0_5_1_3ba019e_1407439004222_946325_4256"/><ownedElement humanName="Owned Element"><instancespecification classType="InstanceSpecification" humanType="Instance Specification" icon="ConceptLibrary_files/icon_instancespecification_1746117425.png" name=" : UML Standard Profile::MagicDraw Profile::DiagramInfo" refid="_17_0_5_1_3ba019e_1407439006346_504068_4827"/></ownedElement><owner classType="Class" humanName="Owner" humanType="Class" icon="ConceptLibrary_files/icon_class_1769227988.png" mode="s,e" name="Opportunity" refid="_17_0_5_1_3ba019e_1407439004222_946325_4256"/><ownerOfDiagram classType="Class" humanName="Owner Of Diagram" humanType="Class" icon="ConceptLibrary_files/icon_class_1769227988.png" name="Opportunity" refid="_17_0_5_1_3ba019e_1407439004222_946325_4256"/><qualifiedName humanName="Qualified Name" mode="e">Concept Library::Objectives::Opportunity::Opportunity Detail</qualifiedName><TO_DO humanName="To Do" mode="s,e"/><DIAGRAM_TYPE_DERIVED_PROPERTY humanName="Type">Class Diagram</DIAGRAM_TYPE_DERIVED_PROPERTY><visibility humanName="Visibility">public</visibility></diagram></magicdraw>