<?xml version="1.0" encoding="UTF-8"?><magicdraw><class classType="Class" humanType="Class" icon="ConceptLibrary_files/icon_class_1769227988.png" id="_17_0_5_1_3ba019e_1407439004179_25254_4204"><allGeneralClassifiers humanName="All General Classifiers"><class classType="Class" humanType="Class" icon="ConceptLibrary_files/icon_class_1769227988.png" name="Actor" refid="_17_0_5_1_7b3022e_1398820303774_882324_7571"/><class classType="Class" humanType="Class" icon="ConceptLibrary_files/icon_class_1769227988.png" name="Actual Entity" refid="_18_4_62501eb_1474742369274_834660_32276"/><class classType="Class" humanType="Class" icon="ConceptLibrary_files/icon_class_412694050.png" name="Contactable" refid="_18_1_3ba019e_1444759343561_741779_28583"/><class classType="Class" humanType="Class" icon="ConceptLibrary_files/icon_class_1769227988.png" name="Controlled Entity" refid="_18_2_62501eb_1455571734862_211366_7530"/><class classType="Class" humanType="Class" icon="ConceptLibrary_files/icon_class_1769227988.png" name="Entity" refid="_17_0_3_7b3022e_1331156499953_68666_1704"/><class classType="Class" humanType="Class" icon="ConceptLibrary_files/icon_class_1769227988.png" name="Means" refid="_18_1_3ba019e_1443294108901_751289_10636"/><class classType="Class" humanType="Class" icon="ConceptLibrary_files/icon_class_1769227988.png" name="Resource" refid="_18_0_2_3ba019e_1423005240776_581290_6780"/><class classType="Class" humanType="Class" icon="ConceptLibrary_files/icon_class_1769227988.png" name="Social Agent" refid="_18_2_62501eb_1455208265513_943581_7780"/><class classType="Class" humanType="Class" icon="ConceptLibrary_files/icon_class_1769227988.png" name="Stakeholder" refid="_17_0_5_1_3ba019e_1407439004184_364207_4212"/><class classType="Class" humanType="Class" icon="ConceptLibrary_files/icon_class_412694050.png" name="Thing" refid="_17_0_3_7b3022e_1331313031781_359355_5487"/></allGeneralClassifiers><allSpecificClassifiers humanName="All Specific Classifiers"><class classType="Class" humanType="Class" icon="ConceptLibrary_files/icon_class_1769227988.png" name="Country" refid="_18_1_3ba019e_1444680209187_320424_30014"/><class classType="Class" humanType="Class" icon="ConceptLibrary_files/icon_class_1769227988.png" name="Enterprise" refid="_18_1_3ba019e_1426086576922_339662_6398"/><class classType="Class" humanType="Class" icon="ConceptLibrary_files/icon_class_1769227988.png" name="Geopolitical Entity" refid="_18_1_3ba019e_1444332476438_907632_28133"/><class classType="Class" humanType="Class" icon="ConceptLibrary_files/icon_class_1769227988.png" name="Identity Provider" refid="_18_1_3ba019e_1445378437869_333146_31260"/><class classType="Class" humanType="Class" icon="ConceptLibrary_files/icon_class_1769227988.png" name="Incorporated Organization" refid="_18_1_3ba019e_1431367718902_505378_6242"/><class classType="Class" humanType="Class" icon="ConceptLibrary_files/icon_class_1769227988.png" name="Organizational Unit" refid="_18_4_62501eb_1477089719849_667212_51511"/><class classType="Class" humanType="Class" icon="ConceptLibrary_files/icon_class_1769227988.png" name="Parent Organization" refid="_18_4_62501eb_1477090316896_929221_51874"/></allSpecificClassifiers><APPLIED_STEREOTYPES humanName="Applied Stereotype" mode="s,e"><stereotype classType="Stereotype" humanType="Stereotype" icon="ConceptLibrary_files/icon_stereotype_643587433.png" name="HyperlinkOwner" refid="_9_0_be00301_1108044563999_784946_1"/></APPLIED_STEREOTYPES><appliedStereotype humanName="Applied Stereotype" mode="s,e"><stereotype classType="Stereotype" humanType="Stereotype" icon="ConceptLibrary_files/icon_stereotype_643587433.png" name="HyperlinkOwner" refid="_9_0_be00301_1108044563999_784946_1"><property classType="Property" humanType="Property" icon="ConceptLibrary_files/icon_property_736527975.png" name="base_Element" refid="_10_0EAPbeta_be00301_1123081772148_910751_285"/><property classType="Property" humanType="Property" icon="ConceptLibrary_files/icon_property_736527975.png" name="base_Element" refid="_10_0EAPbeta_be00301_1123081772098_411862_275"/><property classType="Property" humanName="Element/Symbol" humanType="Property" icon="ConceptLibrary_files/icon_property_736527975.png" name="hyperlinkModel" refid="_622020d_1063089736320_890266_3"><diagram classType="Diagram" humanType="Diagram" icon="ConceptLibrary_files/icon_Class Diagram_505751443.png" name="Organization" refid="_18_1_3ba019e_1444849590867_157153_28365"/><diagram classType="Diagram" humanType="Diagram" icon="ConceptLibrary_files/icon_Class Diagram_505751443.png" name="Social Agent" refid="_18_0_2_3ba019e_1423862125005_317015_9439"/></property><property classType="Property" humanName="Active Hyperlink" humanType="Property" icon="ConceptLibrary_files/icon_property_736527975.png" name="hyperlinkModelActive" refid="_622020d_1063089736320_73815_4"><diagram classType="Diagram" humanType="Diagram" icon="ConceptLibrary_files/icon_Class Diagram_505751443.png" name="Organization" refid="_18_1_3ba019e_1444849590867_157153_28365"/></property><property classType="Property" humanName="File/WEB_PAGE" humanType="Property" icon="ConceptLibrary_files/icon_property_736527975.png" name="hyperlinkText" refid="_622020d_1063089736310_884303_1"/><property classType="Property" humanName="Active Hyperlink" humanType="Property" icon="ConceptLibrary_files/icon_property_736527975.png" name="hyperlinkTextActive" refid="_622020d_1063089736310_68488_2"/></stereotype></appliedStereotype><appliedStereotypeInstance classType="InstanceSpecification" humanName="Applied Stereotype Instance" humanType="Instance Specification" icon="ConceptLibrary_files/icon_instancespecification_1746117425.png" name=" : UML Standard Profile::MagicDraw Profile::HyperlinkOwner" refid="_18_0_2_3ba019e_1422220165690_48188_11564"/><documentation humanName="Documentation">An Organization  is a group of persons and/or other actors and resources organized for some end or work
[FIBO] Organization: a social unit of people, systematically structured and managed to meet a need or pursue collective goals on a continuing basis.
[NIEM] OrganizationType
[DOLCE] Society</documentation><documentation humanName="Documentation" mode="standard">An Organization  is a group of persons and/or other actors and resources organized for some end or work
[FIBO] Organization: a social unit of people, systematically structured and managed to meet a need or pursue collective goals on a continuing basis.
[NIEM] OrganizationType
[DOLCE] Society</documentation><effectiveIRI humanName="Effective IRI"/><generalization humanName="Generalization"><generalization classType="Generalization" humanType="Generalization" icon="ConceptLibrary_files/icon_generalization_212232499.png" isRelationship="true" refid="_17_0_5_1_3ba019e_1407439006084_7619_4478"/><generalization classType="Generalization" humanType="Generalization" icon="ConceptLibrary_files/icon_generalization_212232499.png" isRelationship="true" refid="_18_1_3ba019e_1444850746263_571629_29049"/><generalization classType="Generalization" humanType="Generalization" icon="ConceptLibrary_files/icon_generalization_212232499.png" isRelationship="true" refid="_18_2_62501eb_1455573067416_996397_7669"/></generalization><inheritedMember humanName="Inherited Member"><diagram classType="Diagram" humanType="Diagram" icon="ConceptLibrary_files/icon_Class Diagram_505751443.png" name="Actor Detail" refid="_18_0_2_3ba019e_1424099700744_344354_7830"/><diagram classType="Diagram" humanType="Diagram" icon="ConceptLibrary_files/icon_Class Diagram_505751443.png" name="Actual Entity Detail" refid="_18_4_62501eb_1476372316267_988918_9242"/><diagram classType="Diagram" humanType="Diagram" icon="ConceptLibrary_files/icon_Class Diagram_505751443.png" name="Thing Detail" refid="_18_4_62501eb_1474827775223_682407_38836"/></inheritedMember><isAbstract humanName="Is Abstract" mode="s,e">false</isAbstract><isActive humanName="Is Active" mode="s,e">false</isActive><isFinalSpecialization humanName="Is Final Specialization" mode="e">false</isFinalSpecialization><isLeaf humanName="Is Leaf" mode="e">false</isLeaf><member humanName="Member"><diagram classType="Diagram" humanType="Diagram" icon="ConceptLibrary_files/icon_Class Diagram_505751443.png" name="Actor Detail" refid="_18_0_2_3ba019e_1424099700744_344354_7830"/><diagram classType="Diagram" humanType="Diagram" icon="ConceptLibrary_files/icon_Class Diagram_505751443.png" name="Actual Entity Detail" refid="_18_4_62501eb_1476372316267_988918_9242"/><diagram classType="Diagram" humanType="Diagram" icon="ConceptLibrary_files/icon_Class Diagram_505751443.png" name="Thing Detail" refid="_18_4_62501eb_1474827775223_682407_38836"/></member><name humanName="Name" mode="s,e">Organization</name><namespace classType="Package" humanName="Namespace" humanType="Package" icon="ConceptLibrary_files/icon_package_467146800.png" name="Organizations" refid="_18_1_3ba019e_1444849579673_719340_28364"/><ownedComment humanName="Owned Comment"><comment classType="Comment" humanType="Comment" icon="ConceptLibrary_files/icon_comment_1609735765.png" refid="_18_0_2_3ba019e_1422127775930_919656_7684"/></ownedComment><ownedElement humanName="Owned Element"><generalization classType="Generalization" humanType="Generalization" icon="ConceptLibrary_files/icon_generalization_212232499.png" isRelationship="true" refid="_17_0_5_1_3ba019e_1407439006084_7619_4478"/><generalization classType="Generalization" humanType="Generalization" icon="ConceptLibrary_files/icon_generalization_212232499.png" isRelationship="true" refid="_18_1_3ba019e_1444850746263_571629_29049"/><generalization classType="Generalization" humanType="Generalization" icon="ConceptLibrary_files/icon_generalization_212232499.png" isRelationship="true" refid="_18_2_62501eb_1455573067416_996397_7669"/><comment classType="Comment" humanType="Comment" icon="ConceptLibrary_files/icon_comment_1609735765.png" refid="_18_0_2_3ba019e_1422127775930_919656_7684"/><instancespecification classType="InstanceSpecification" humanType="Instance Specification" icon="ConceptLibrary_files/icon_instancespecification_1746117425.png" name=" : UML Standard Profile::MagicDraw Profile::HyperlinkOwner" refid="_18_0_2_3ba019e_1422220165690_48188_11564"/></ownedElement><owner classType="Package" humanName="Owner" humanType="Package" icon="ConceptLibrary_files/icon_package_467146800.png" mode="s,e" name="Organizations" refid="_18_1_3ba019e_1444849579673_719340_28364"/><owningPackage classType="Package" humanName="Owning Package" humanType="Package" icon="ConceptLibrary_files/icon_package_467146800.png" name="Organizations" refid="_18_1_3ba019e_1444849579673_719340_28364"/><package classType="Package" humanName="Package" humanType="Package" icon="ConceptLibrary_files/icon_package_467146800.png" name="Organizations" refid="_18_1_3ba019e_1444849579673_719340_28364"/><qualifiedName humanName="Qualified Name" mode="e">Concept Library::Organizations::Organization</qualifiedName><specificClassifier humanName="Specific Classifier"><class classType="Class" humanType="Class" icon="ConceptLibrary_files/icon_class_1769227988.png" name="Enterprise" refid="_18_1_3ba019e_1426086576922_339662_6398"/><class classType="Class" humanType="Class" icon="ConceptLibrary_files/icon_class_1769227988.png" name="Geopolitical Entity" refid="_18_1_3ba019e_1444332476438_907632_28133"/><class classType="Class" humanType="Class" icon="ConceptLibrary_files/icon_class_1769227988.png" name="Identity Provider" refid="_18_1_3ba019e_1445378437869_333146_31260"/><class classType="Class" humanType="Class" icon="ConceptLibrary_files/icon_class_1769227988.png" name="Incorporated Organization" refid="_18_1_3ba019e_1431367718902_505378_6242"/><class classType="Class" humanType="Class" icon="ConceptLibrary_files/icon_class_1769227988.png" name="Organizational Unit" refid="_18_4_62501eb_1477089719849_667212_51511"/><class classType="Class" humanType="Class" icon="ConceptLibrary_files/icon_class_1769227988.png" name="Parent Organization" refid="_18_4_62501eb_1477090316896_929221_51874"/></specificClassifier><superClass humanName="Super Class"><class classType="Class" humanType="Class" icon="ConceptLibrary_files/icon_class_1769227988.png" name="Controlled Entity" refid="_18_2_62501eb_1455571734862_211366_7530"/><class classType="Class" humanType="Class" icon="ConceptLibrary_files/icon_class_1769227988.png" name="Social Agent" refid="_18_2_62501eb_1455208265513_943581_7780"/><class classType="Class" humanType="Class" icon="ConceptLibrary_files/icon_class_1769227988.png" name="Stakeholder" refid="_17_0_5_1_3ba019e_1407439004184_364207_4212"/></superClass><TO_DO humanName="To Do" mode="s,e"/><visibility humanName="Visibility" mode="e">public</visibility><appearsIn><diagram classType="Diagram" humanType="Diagram" icon="ConceptLibrary_files/icon_Class Diagram_505751443.png" name="Organization" refid="_18_1_3ba019e_1444849590867_157153_28365"/><diagram classType="Diagram" humanType="Diagram" icon="ConceptLibrary_files/icon_Generic Table_1568169108.png" name="Concept Library Classes" refid="_18_4_1_62501eb_1495298309386_966735_15952"/><diagram classType="Diagram" humanType="Diagram" icon="ConceptLibrary_files/icon_Class Diagram_505751443.png" name="Foundation" refid="_18_4_1_62501eb_1495296229925_256240_9842"/><diagram classType="Diagram" humanType="Diagram" icon="ConceptLibrary_files/icon_Class Diagram_505751443.png" name="Enterprise" refid="_18_1_3ba019e_1426086544608_976798_6280"/><diagram classType="Diagram" humanType="Diagram" icon="ConceptLibrary_files/icon_Class Diagram_505751443.png" name="Social Agent" refid="_18_0_2_3ba019e_1423862125005_317015_9439"/><diagram classType="Diagram" humanType="Diagram" icon="ConceptLibrary_files/icon_Generic Table_1568169108.png" name="Threat &amp; Risk Classes" refid="_18_0_2_3ba019e_1423943641982_180424_6129"/><diagram classType="Diagram" humanType="Diagram" icon="ConceptLibrary_files/icon_Generic Table_1568169108.png" name="Vocabulary" refid="_18_0_2_3ba019e_1418664073699_926094_6665"/><diagram classType="Diagram" humanType="Diagram" icon="ConceptLibrary_files/icon_Class Diagram_505751443.png" name="Person Identifiers" refid="_18_1_3ba019e_1445378057929_897989_30544"/><diagram classType="Diagram" humanType="Diagram" icon="ConceptLibrary_files/icon_Class Diagram_505751443.png" name="Credentials and Managed Identifiers" refid="_18_1_3ba019e_1445382779620_732996_32027"/><diagram classType="Diagram" humanType="Diagram" icon="ConceptLibrary_files/icon_Class Diagram_505751443.png" name="Social Agent Identifiers" refid="_18_1_3ba019e_1445963907740_44910_36627"/><diagram classType="Diagram" humanType="Diagram" icon="ConceptLibrary_files/icon_Class Diagram_505751443.png" name="Entity Kinds" refid="_17_0_5_1_3ba019e_1407442563738_166618_6892"/><diagram classType="Diagram" humanType="Diagram" icon="ConceptLibrary_files/icon_Class Diagram_505751443.png" name="Actor Detail" refid="_18_0_2_3ba019e_1424099700744_344354_7830"/><diagram classType="Diagram" humanType="Diagram" icon="ConceptLibrary_files/icon_Class Diagram_505751443.png" name="Part Of Organization" refid="_18_4_62501eb_1477089920772_303429_51546"/><diagram classType="Diagram" humanType="Diagram" icon="ConceptLibrary_files/icon_Class Diagram_505751443.png" name="Geopolitical Entities" refid="_18_4_62501eb_1476469732646_225278_64789"/><diagram classType="Diagram" humanType="Diagram" icon="ConceptLibrary_files/icon_Class Diagram_505751443.png" name="Membership" refid="_18_4_62501eb_1477090751272_217301_52052"/><diagram classType="Diagram" humanType="Diagram" icon="ConceptLibrary_files/icon_Class Diagram_505751443.png" name="Control Authority" refid="_18_0_2_3ba019e_1423851251889_699616_6639"/><diagram classType="Diagram" humanType="Diagram" icon="ConceptLibrary_files/icon_Class Diagram_505751443.png" name="Corporations" refid="_18_4_62501eb_1476470509215_776492_65655"/><diagram classType="Diagram" humanType="Diagram" icon="ConceptLibrary_files/icon_Class Diagram_505751443.png" name="Campaign" refid="_18_1_3ba019e_1431630019610_213363_18230"/></appearsIn></class></magicdraw>