<?xml version="1.0" encoding="UTF-8"?><magicdraw><opaqueexpression classType="OpaqueExpression" humanType="Opaque Expression" icon="ConceptLibrary_files/icon_opaqueexpression_2006842965.png" id="_17_0_5_1_3ba019e_1407439006334_548110_4817"><body humanName="Body" mode="e"><String>desirability&gt;0</String></body><documentation humanName="Documentation"/><name humanName="Name"/><owner classType="Constraint" humanName="Owner" humanType="Constraint" icon="ConceptLibrary_files/icon_constraint_648358364.png" mode="s,e" name="beneficial" refid="_17_0_5_1_3ba019e_1407439006230_622670_4666"/><owningConstraint classType="Constraint" humanName="Owning Constraint" humanType="Constraint" icon="ConceptLibrary_files/icon_constraint_648358364.png" name="beneficial" refid="_17_0_5_1_3ba019e_1407439006230_622670_4666"/><qualifiedName humanName="Qualified Name">Concept Library::Objectives::Benefit::beneficial::</qualifiedName><text humanName="Text" mode="standard">desirability&gt;0</text><TO_DO humanName="To Do" mode="s,e"/><TYPE_MODIFIER humanName="Type Modifier"/><visibility humanName="Visibility">public</visibility></opaqueexpression></magicdraw>