<?xml version="1.0" encoding="UTF-8"?><magicdraw><comment classType="Comment" humanType="Comment" icon="ConceptLibrary_files/icon_comment_1609735765.png" id="_17_0_5_1_3ba019e_1407450478216_117906_9168"><annotatedElement humanName="Annotated Element" mode="s,e"><property classType="Property" humanType="Property" icon="ConceptLibrary_files/icon_property_736527975.png" name="net desirability" refid="_17_0_5_1_3ba019e_1407439006263_984492_4722"/></annotatedElement><body humanName="Body" mode="s,e">A metric representing the aggregation of the impact of all consequences of a situation for a stakeholder. (net benefit - net risk)
</body><documentation humanName="Documentation"/><owner classType="Property" humanName="Owner" humanType="Property" icon="ConceptLibrary_files/icon_property_736527975.png" mode="s,e" name="net desirability" refid="_17_0_5_1_3ba019e_1407439006263_984492_4722"/><owningElement classType="Property" humanName="Owning Element" humanType="Property" icon="ConceptLibrary_files/icon_property_736527975.png" name="net desirability" refid="_17_0_5_1_3ba019e_1407439006263_984492_4722"/><TO_DO humanName="To Do" mode="s,e"/></comment></magicdraw>