<?xml version="1.0" encoding="UTF-8"?><magicdraw><generalization classType="Generalization" humanType="Generalization" icon="ConceptLibrary_files/icon_generalization_212232499.png" id="_17_0_5_1_7b3022e_1398541907448_575776_5175"><documentation humanName="Documentation"/><general classType="Class" humanName="General" humanType="Class" icon="ConceptLibrary_files/icon_class_412694050.png" mode="s,e" name="Situation" refid="_18_1_3ba019e_1430349228247_211772_4675"/><generalizationSet humanName="Generalization Set" mode="s,e"><generalizationset classType="GeneralizationSet" humanType="Generalization Set" icon="ConceptLibrary_files/icon_generalizationset_346004727.png" name="Event or State Constraint" refid="_18_4_62501eb_1480547421974_179285_12738"/></generalizationSet><isSubstitutable humanName="Is Substitutable">true</isSubstitutable><owner classType="Class" humanName="Owner" humanType="Class" icon="ConceptLibrary_files/icon_class_1769227988.png" mode="s,e" name="Occurrence" refid="_17_0_5_1_7b3022e_1398294216796_903071_6610"/><relatedElement humanName="Related Element"><class classType="Class" humanType="Class" icon="ConceptLibrary_files/icon_class_1769227988.png" name="Occurrence" refid="_17_0_5_1_7b3022e_1398294216796_903071_6610"/><class classType="Class" humanType="Class" icon="ConceptLibrary_files/icon_class_412694050.png" name="Situation" refid="_18_1_3ba019e_1430349228247_211772_4675"/></relatedElement><source humanName="Source"><class classType="Class" humanType="Class" icon="ConceptLibrary_files/icon_class_1769227988.png" name="Occurrence" refid="_17_0_5_1_7b3022e_1398294216796_903071_6610"/></source><specific classType="Class" humanName="Specific" humanType="Class" icon="ConceptLibrary_files/icon_class_1769227988.png" mode="s,e" name="Occurrence" refid="_17_0_5_1_7b3022e_1398294216796_903071_6610"/><target humanName="Target"><class classType="Class" humanType="Class" icon="ConceptLibrary_files/icon_class_412694050.png" name="Situation" refid="_18_1_3ba019e_1430349228247_211772_4675"/></target><TO_DO humanName="To Do" mode="s,e"/><appearsIn><diagram classType="Diagram" humanType="Diagram" icon="ConceptLibrary_files/icon_Class Diagram_505751443.png" name="Foundation" refid="_18_4_1_62501eb_1495296229925_256240_9842"/><diagram classType="Diagram" humanType="Diagram" icon="ConceptLibrary_files/icon_Class Diagram_505751443.png" name="Course of Action Rule" refid="_17_0_5_1_3ba019e_1408480694685_689209_4181"/><diagram classType="Diagram" humanType="Diagram" icon="ConceptLibrary_files/icon_Class Diagram_505751443.png" name="Resource Actions" refid="_18_4_62501eb_1477146162806_692144_55519"/><diagram classType="Diagram" humanType="Diagram" icon="ConceptLibrary_files/icon_Class Diagram_505751443.png" name="Situation Relationships" refid="_18_1_3ba019e_1441912395042_962730_7694"/><diagram classType="Diagram" humanType="Diagram" icon="ConceptLibrary_files/icon_Class Diagram_505751443.png" name="Process" refid="_17_0_5_1_3ba019e_1407960337744_968303_4171"/><diagram classType="Diagram" humanType="Diagram" icon="ConceptLibrary_files/icon_Class Diagram_505751443.png" name="Capabilities" refid="_18_2_62501eb_1455752919124_612122_8504"/><diagram classType="Diagram" humanType="Diagram" icon="ConceptLibrary_files/icon_Class Diagram_505751443.png" name="Occurrences" refid="_18_4_62501eb_1476382395662_619517_38029"/></appearsIn></generalization></magicdraw>