<?xml version="1.0" encoding="UTF-8"?><magicdraw><comment classType="Comment" humanType="Comment" icon="ConceptLibrary_files/icon_comment_1609735765.png" id="_17_0_1_2_7b3022e_1333633341297_364713_2013"><annotatedElement humanName="Annotated Element" mode="s,e"><class classType="Class" humanType="Class" icon="ConceptLibrary_files/icon_class_1769227988.png" name="Constant Reference" refid="_17_0_1_2_7b3022e_1333470934122_963736_2560"/></annotatedElement><body humanName="Body" mode="s,e">A calculation that returns a thing identified by &lt;has value&gt;.

[FIBO] Constant
[FUML] LiteralSpecification where subtype of literal is determined by the type of &lt;has value&gt;. 
-LiteralInteger-&gt;type is Integer or a subtype
-LiteralReal-&gt; type is not integer or a subtype
-LiteralBoolean-&gt;type is Boolean
-LiteralString-&gt;type is Text

</body><documentation humanName="Documentation"/><owner classType="Class" humanName="Owner" humanType="Class" icon="ConceptLibrary_files/icon_class_1769227988.png" mode="s,e" name="Constant Reference" refid="_17_0_1_2_7b3022e_1333470934122_963736_2560"/><owningElement classType="Class" humanName="Owning Element" humanType="Class" icon="ConceptLibrary_files/icon_class_1769227988.png" name="Constant Reference" refid="_17_0_1_2_7b3022e_1333470934122_963736_2560"/><TO_DO humanName="To Do" mode="s,e"/></comment></magicdraw>