<?xml version="1.0" encoding="UTF-8"?><magicdraw><comment classType="Comment" humanType="Comment" icon="ConceptLibrary_files/icon_comment_1609735765.png" id="_17_0_3_7b3022e_1331418314484_471125_4827"><annotatedElement humanName="Annotated Element" mode="s,e"><class classType="Class" humanType="Class" icon="ConceptLibrary_files/icon_class_412694050.png" name="Thing" refid="_17_0_3_7b3022e_1331313031781_359355_5487"/></annotatedElement><body humanName="Body" mode="s,e">Any thing or value that does or may exist in any possible world. Thing is the supertype of all types and may therefore participate in unbounded relations.
Instances of Thing are referred to as "a thing" in this model.

[IDEAS] Thing
[OWL] Thing
[ISO 1087] object: anything perceivable or conceivable
[FIBO] Thing
[Guizzardi] Thing
[FUML] Element
[SOWA1999] "T"
[OWL] rdfs:Resource
</body><documentation humanName="Documentation"/><owner classType="Class" humanName="Owner" humanType="Class" icon="ConceptLibrary_files/icon_class_412694050.png" mode="s,e" name="Thing" refid="_17_0_3_7b3022e_1331313031781_359355_5487"/><owningElement classType="Class" humanName="Owning Element" humanType="Class" icon="ConceptLibrary_files/icon_class_412694050.png" name="Thing" refid="_17_0_3_7b3022e_1331313031781_359355_5487"/><TO_DO humanName="To Do" mode="s,e"/></comment></magicdraw>