<?xml version="1.0" encoding="UTF-8"?><magicdraw><package classType="Package" humanType="Package" icon="ConceptLibrary_files/icon_package_467146800.png" id="_17_0_5_1_7b3022e_1400683168336_957971_5522"><APPLIED_STEREOTYPES humanName="Applied Stereotype" mode="s,e"><stereotype classType="Stereotype" humanType="Stereotype" icon="ConceptLibrary_files/icon_stereotype_643587433.png" name="HyperlinkOwner" refid="_9_0_be00301_1108044563999_784946_1"/></APPLIED_STEREOTYPES><appliedStereotype humanName="Applied Stereotype" mode="s,e"><stereotype classType="Stereotype" humanType="Stereotype" icon="ConceptLibrary_files/icon_stereotype_643587433.png" name="HyperlinkOwner" refid="_9_0_be00301_1108044563999_784946_1"><property classType="Property" humanType="Property" icon="ConceptLibrary_files/icon_property_736527975.png" name="base_Element" refid="_10_0EAPbeta_be00301_1123081772148_910751_285"/><property classType="Property" humanType="Property" icon="ConceptLibrary_files/icon_property_736527975.png" name="base_Element" refid="_10_0EAPbeta_be00301_1123081772098_411862_275"/><property classType="Property" humanName="Element/Symbol" humanType="Property" icon="ConceptLibrary_files/icon_property_736527975.png" name="hyperlinkModel" refid="_622020d_1063089736320_890266_3"><diagram classType="Diagram" humanType="Diagram" icon="ConceptLibrary_files/icon_Class Diagram_505751443.png" name="Observations" refid="_18_4_62501eb_1477334220953_533298_23350"/></property><property classType="Property" humanName="Active Hyperlink" humanType="Property" icon="ConceptLibrary_files/icon_property_736527975.png" name="hyperlinkModelActive" refid="_622020d_1063089736320_73815_4"><diagram classType="Diagram" humanType="Diagram" icon="ConceptLibrary_files/icon_Class Diagram_505751443.png" name="Observations" refid="_18_4_62501eb_1477334220953_533298_23350"/></property><property classType="Property" humanName="File/WEB_PAGE" humanType="Property" icon="ConceptLibrary_files/icon_property_736527975.png" name="hyperlinkText" refid="_622020d_1063089736310_884303_1"/><property classType="Property" humanName="Active Hyperlink" humanType="Property" icon="ConceptLibrary_files/icon_property_736527975.png" name="hyperlinkTextActive" refid="_622020d_1063089736310_68488_2"/></stereotype></appliedStereotype><appliedStereotypeInstance classType="InstanceSpecification" humanName="Applied Stereotype Instance" humanType="Instance Specification" icon="ConceptLibrary_files/icon_instancespecification_1746117425.png" name=" : UML Standard Profile::MagicDraw Profile::HyperlinkOwner" refid="_18_4_62501eb_1477352477354_189041_28039"/><documentation humanName="Documentation">Observations are acts where an observer notes some entity (including situations and individuals') that are observed in a situation.</documentation><documentation humanName="Documentation" mode="standard">Observations are acts where an observer notes some entity (including situations and individuals') that are observed in a situation.</documentation><member humanName="Member"><association classType="Association" humanType="Association" icon="ConceptLibrary_files/icon_association_1781128159.png" isRelationship="true" name="Association[Concept Library::Observations::Observation - Concept Library::Observations::Observer]" refid="_17_0_5_1_7b3022e_1402589046098_19410_6141"/><association classType="Association" humanType="Association" icon="ConceptLibrary_files/icon_association_1781128159.png" isRelationship="true" name="Association[Concept Library::Observations::Observation Tool - Concept Library::Observations::Observation]" refid="_18_1_3ba019e_1426633768773_834830_8451"/><association classType="Association" humanType="Association" icon="ConceptLibrary_files/icon_association_1781128159.png" isRelationship="true" name="Context of Observation" refid="_18_4_62501eb_1477333708595_857997_23196"/><associationclass classType="AssociationClass" humanType="Association Class" icon="ConceptLibrary_files/icon_associationclass_1255445356.png" isRelationship="true" name="Measurement" refid="_18_4_62501eb_1477332935019_668572_22923"/><diagram classType="Diagram" humanType="Diagram" icon="ConceptLibrary_files/icon_Class Diagram_505751443.png" name="Measurement" refid="_18_4_62501eb_1477351569893_461139_27171"/><associationclass classType="AssociationClass" humanType="Association Class" icon="ConceptLibrary_files/icon_associationclass_1255445356.png" isRelationship="true" name="Observation" refid="_18_4_62501eb_1477084583387_408082_49728"/><class classType="Class" humanType="Class" icon="ConceptLibrary_files/icon_class_1769227988.png" name="Observation Tool" refid="_18_1_3ba019e_1426633544141_351012_8401"/><diagram classType="Diagram" humanType="Diagram" icon="ConceptLibrary_files/icon_Class Diagram_505751443.png" name="Observations" refid="_18_4_62501eb_1477334220953_533298_23350"/><class classType="Class" humanType="Class" icon="ConceptLibrary_files/icon_class_1769227988.png" name="Observer" refid="_18_1_3ba019e_1431035300193_770683_12615"/></member><name humanName="Name" mode="s,e">Observations</name><namespace classType="Package" humanName="Namespace" humanType="Package" icon="ConceptLibrary_files/icon_package_467146800.png" name="Concept Library" refid="_18_0_2_3ba019e_1423595478116_73981_6901"/><nestingPackage classType="Package" humanName="Nesting Package" humanType="Package" icon="ConceptLibrary_files/icon_package_467146800.png" name="Concept Library" refid="_18_0_2_3ba019e_1423595478116_73981_6901"/><ownedComment humanName="Owned Comment"><comment classType="Comment" humanType="Comment" icon="ConceptLibrary_files/icon_comment_1609735765.png" refid="_18_0_2_3ba019e_1423859271352_640914_8952"/></ownedComment><ownedDiagram humanName="Owned Diagram"><diagram classType="Diagram" humanType="Diagram" icon="ConceptLibrary_files/icon_Class Diagram_505751443.png" name="Measurement" refid="_18_4_62501eb_1477351569893_461139_27171"/><diagram classType="Diagram" humanType="Diagram" icon="ConceptLibrary_files/icon_Class Diagram_505751443.png" name="Observations" refid="_18_4_62501eb_1477334220953_533298_23350"/></ownedDiagram><ownedElement humanName="Owned Element"><comment classType="Comment" humanType="Comment" icon="ConceptLibrary_files/icon_comment_1609735765.png" refid="_18_0_2_3ba019e_1423859271352_640914_8952"/><instancespecification classType="InstanceSpecification" humanType="Instance Specification" icon="ConceptLibrary_files/icon_instancespecification_1746117425.png" name=" : UML Standard Profile::MagicDraw Profile::HyperlinkOwner" refid="_18_4_62501eb_1477352477354_189041_28039"/><association classType="Association" humanType="Association" icon="ConceptLibrary_files/icon_association_1781128159.png" isRelationship="true" name="Association[Concept Library::Observations::Observation - Concept Library::Observations::Observer]" refid="_17_0_5_1_7b3022e_1402589046098_19410_6141"/><association classType="Association" humanType="Association" icon="ConceptLibrary_files/icon_association_1781128159.png" isRelationship="true" name="Association[Concept Library::Observations::Observation Tool - Concept Library::Observations::Observation]" refid="_18_1_3ba019e_1426633768773_834830_8451"/><association classType="Association" humanType="Association" icon="ConceptLibrary_files/icon_association_1781128159.png" isRelationship="true" name="Context of Observation" refid="_18_4_62501eb_1477333708595_857997_23196"/><associationclass classType="AssociationClass" humanType="Association Class" icon="ConceptLibrary_files/icon_associationclass_1255445356.png" isRelationship="true" name="Measurement" refid="_18_4_62501eb_1477332935019_668572_22923"/><diagram classType="Diagram" humanType="Diagram" icon="ConceptLibrary_files/icon_Class Diagram_505751443.png" name="Measurement" refid="_18_4_62501eb_1477351569893_461139_27171"/><associationclass classType="AssociationClass" humanType="Association Class" icon="ConceptLibrary_files/icon_associationclass_1255445356.png" isRelationship="true" name="Observation" refid="_18_4_62501eb_1477084583387_408082_49728"/><class classType="Class" humanType="Class" icon="ConceptLibrary_files/icon_class_1769227988.png" name="Observation Tool" refid="_18_1_3ba019e_1426633544141_351012_8401"/><diagram classType="Diagram" humanType="Diagram" icon="ConceptLibrary_files/icon_Class Diagram_505751443.png" name="Observations" refid="_18_4_62501eb_1477334220953_533298_23350"/><class classType="Class" humanType="Class" icon="ConceptLibrary_files/icon_class_1769227988.png" name="Observer" refid="_18_1_3ba019e_1431035300193_770683_12615"/></ownedElement><ownedMember humanName="Owned Member"><association classType="Association" humanType="Association" icon="ConceptLibrary_files/icon_association_1781128159.png" isRelationship="true" name="Association[Concept Library::Observations::Observation - Concept Library::Observations::Observer]" refid="_17_0_5_1_7b3022e_1402589046098_19410_6141"/><association classType="Association" humanType="Association" icon="ConceptLibrary_files/icon_association_1781128159.png" isRelationship="true" name="Association[Concept Library::Observations::Observation Tool - Concept Library::Observations::Observation]" refid="_18_1_3ba019e_1426633768773_834830_8451"/><association classType="Association" humanType="Association" icon="ConceptLibrary_files/icon_association_1781128159.png" isRelationship="true" name="Context of Observation" refid="_18_4_62501eb_1477333708595_857997_23196"/><associationclass classType="AssociationClass" humanType="Association Class" icon="ConceptLibrary_files/icon_associationclass_1255445356.png" isRelationship="true" name="Measurement" refid="_18_4_62501eb_1477332935019_668572_22923"/><diagram classType="Diagram" humanType="Diagram" icon="ConceptLibrary_files/icon_Class Diagram_505751443.png" name="Measurement" refid="_18_4_62501eb_1477351569893_461139_27171"/><associationclass classType="AssociationClass" humanType="Association Class" icon="ConceptLibrary_files/icon_associationclass_1255445356.png" isRelationship="true" name="Observation" refid="_18_4_62501eb_1477084583387_408082_49728"/><class classType="Class" humanType="Class" icon="ConceptLibrary_files/icon_class_1769227988.png" name="Observation Tool" refid="_18_1_3ba019e_1426633544141_351012_8401"/><diagram classType="Diagram" humanType="Diagram" icon="ConceptLibrary_files/icon_Class Diagram_505751443.png" name="Observations" refid="_18_4_62501eb_1477334220953_533298_23350"/><class classType="Class" humanType="Class" icon="ConceptLibrary_files/icon_class_1769227988.png" name="Observer" refid="_18_1_3ba019e_1431035300193_770683_12615"/></ownedMember><ownedType humanName="Owned Type"><association classType="Association" humanType="Association" icon="ConceptLibrary_files/icon_association_1781128159.png" isRelationship="true" name="Association[Concept Library::Observations::Observation - Concept Library::Observations::Observer]" refid="_17_0_5_1_7b3022e_1402589046098_19410_6141"/><association classType="Association" humanType="Association" icon="ConceptLibrary_files/icon_association_1781128159.png" isRelationship="true" name="Association[Concept Library::Observations::Observation Tool - Concept Library::Observations::Observation]" refid="_18_1_3ba019e_1426633768773_834830_8451"/><association classType="Association" humanType="Association" icon="ConceptLibrary_files/icon_association_1781128159.png" isRelationship="true" name="Context of Observation" refid="_18_4_62501eb_1477333708595_857997_23196"/><associationclass classType="AssociationClass" humanType="Association Class" icon="ConceptLibrary_files/icon_associationclass_1255445356.png" isRelationship="true" name="Measurement" refid="_18_4_62501eb_1477332935019_668572_22923"/><associationclass classType="AssociationClass" humanType="Association Class" icon="ConceptLibrary_files/icon_associationclass_1255445356.png" isRelationship="true" name="Observation" refid="_18_4_62501eb_1477084583387_408082_49728"/><class classType="Class" humanType="Class" icon="ConceptLibrary_files/icon_class_1769227988.png" name="Observation Tool" refid="_18_1_3ba019e_1426633544141_351012_8401"/><class classType="Class" humanType="Class" icon="ConceptLibrary_files/icon_class_1769227988.png" name="Observer" refid="_18_1_3ba019e_1431035300193_770683_12615"/></ownedType><owner classType="Package" humanName="Owner" humanType="Package" icon="ConceptLibrary_files/icon_package_467146800.png" mode="s,e" name="Concept Library" refid="_18_0_2_3ba019e_1423595478116_73981_6901"/><owningPackage classType="Package" humanName="Owning Package" humanType="Package" icon="ConceptLibrary_files/icon_package_467146800.png" name="Concept Library" refid="_18_0_2_3ba019e_1423595478116_73981_6901"/><packagedElement humanName="Packaged Element"><association classType="Association" humanType="Association" icon="ConceptLibrary_files/icon_association_1781128159.png" isRelationship="true" name="Association[Concept Library::Observations::Observation - Concept Library::Observations::Observer]" refid="_17_0_5_1_7b3022e_1402589046098_19410_6141"/><association classType="Association" humanType="Association" icon="ConceptLibrary_files/icon_association_1781128159.png" isRelationship="true" name="Association[Concept Library::Observations::Observation Tool - Concept Library::Observations::Observation]" refid="_18_1_3ba019e_1426633768773_834830_8451"/><association classType="Association" humanType="Association" icon="ConceptLibrary_files/icon_association_1781128159.png" isRelationship="true" name="Context of Observation" refid="_18_4_62501eb_1477333708595_857997_23196"/><associationclass classType="AssociationClass" humanType="Association Class" icon="ConceptLibrary_files/icon_associationclass_1255445356.png" isRelationship="true" name="Measurement" refid="_18_4_62501eb_1477332935019_668572_22923"/><associationclass classType="AssociationClass" humanType="Association Class" icon="ConceptLibrary_files/icon_associationclass_1255445356.png" isRelationship="true" name="Observation" refid="_18_4_62501eb_1477084583387_408082_49728"/><class classType="Class" humanType="Class" icon="ConceptLibrary_files/icon_class_1769227988.png" name="Observation Tool" refid="_18_1_3ba019e_1426633544141_351012_8401"/><class classType="Class" humanType="Class" icon="ConceptLibrary_files/icon_class_1769227988.png" name="Observer" refid="_18_1_3ba019e_1431035300193_770683_12615"/></packagedElement><qualifiedName humanName="Qualified Name" mode="e">Concept Library::Observations</qualifiedName><TO_DO humanName="To Do" mode="s,e"/><URI humanName="URI" mode="s,e"/><visibility humanName="Visibility">public</visibility><appearsIn><diagram classType="Diagram" humanType="Diagram" icon="ConceptLibrary_files/icon_Generic Table_1568169108.png" name="Vocabulary" refid="_18_0_2_3ba019e_1418664073699_926094_6665"/><diagram classType="Diagram" humanType="Diagram" icon="ConceptLibrary_files/icon_Class Diagram_505751443.png" name="Federated Concept Library" refid="_18_1_3ba019e_1447081818519_218292_8718"/></appearsIn></package></magicdraw>