<?xml version="1.0" encoding="UTF-8"?><magicdraw><comment classType="Comment" humanType="Comment" icon="ConceptLibrary_files/icon_comment_1609735765.png" id="_17_0_5_1_3ba019e_1408481200334_145340_4455"><annotatedElement humanName="Annotated Element" mode="s,e"><property classType="Property" humanType="Property" icon="ConceptLibrary_files/icon_property_736527975.png" name="triggered by" refid="_17_0_5_1_3ba019e_1408481200231_133881_4423"/></annotatedElement><body humanName="Body" mode="s,e">Processes that may cause the &lt;initiates&gt; process to occur. Antecedent.</body><documentation humanName="Documentation"/><owner classType="Property" humanName="Owner" humanType="Property" icon="ConceptLibrary_files/icon_property_736527975.png" mode="s,e" name="triggered by" refid="_17_0_5_1_3ba019e_1408481200231_133881_4423"/><owningElement classType="Property" humanName="Owning Element" humanType="Property" icon="ConceptLibrary_files/icon_property_736527975.png" name="triggered by" refid="_17_0_5_1_3ba019e_1408481200231_133881_4423"/><TO_DO humanName="To Do" mode="s,e"/></comment></magicdraw>