<?xml version="1.0" encoding="UTF-8"?><magicdraw><property classType="Property" humanType="Property" icon="ConceptLibrary_files/icon_property_736527975.png" id="_17_0_3_7b3022e_1331239200936_949827_5031"><aggregation humanName="Aggregation" mode="s,e">none</aggregation><association classType="Association" humanName="Association" humanType="Association" icon="ConceptLibrary_files/icon_association_1781128159.png" isRelationship="true" name="Identification" refid="_17_0_3_7b3022e_1331239200935_597164_5029"/><documentation humanName="Documentation">An identifier for an &lt;Entity&gt;.
[FIBO] hasDenotation</documentation><documentation humanName="Documentation" mode="standard">An identifier for an &lt;Entity&gt;.
[FIBO] hasDenotation</documentation><effectiveIRI humanName="Effective IRI">https://www.omg.org/spec/SMIF/Identifiers#identifiedBy</effectiveIRI><featuringClassifier classType="Association" humanName="Featuring Classifier" humanType="Association" icon="ConceptLibrary_files/icon_association_1781128159.png" isRelationship="true" name="Identification" refid="_17_0_3_7b3022e_1331239200935_597164_5029"/><isComposite humanName="Is Composite">false</isComposite><isDerived humanName="Is Derived" mode="s,e">false</isDerived><isDerivedUnion humanName="Is Derived Union" mode="e">false</isDerivedUnion><isID humanName="Is ID" mode="e">false</isID><isLeaf humanName="Is Leaf">false</isLeaf><isOrdered humanName="Is Ordered" mode="e">false</isOrdered><isReadOnly humanName="Is Read Only" mode="s,e">false</isReadOnly><isStatic humanName="Is Static" mode="s,e">false</isStatic><isUnique humanName="Is Unique" mode="e">true</isUnique><lower humanName="Lower">0</lower><lowerValue classType="LiteralUnlimitedNatural" humanName="Lower Value" humanType="Literal Unlimited Natural" icon="ConceptLibrary_files/icon_literalunlimitednatural_1122090209.png" name="0" refid="_18_2_3ba019e_1449496024901_352537_4754" text="0"/><multiplicity humanName="Multiplicity" mode="s,e">*</multiplicity><multiplicity humanName="Multiplicity" mode="s,e">*</multiplicity><name humanName="Name" mode="s,e">identified by</name><namespace classType="Association" humanName="Namespace" humanType="Association" icon="ConceptLibrary_files/icon_association_1781128159.png" isRelationship="true" name="Identification" refid="_17_0_3_7b3022e_1331239200935_597164_5029"/><navigable humanName="Navigable" mode="e">true</navigable><opposite classType="Property" humanName="Opposite" humanType="Property" icon="ConceptLibrary_files/icon_property_736527975.png" name="identifies" refid="_17_0_3_7b3022e_1331239200935_653654_5030"/><ownedBy classType="Association" humanName="Owned By" humanType="Association" icon="ConceptLibrary_files/icon_association_1781128159.png" isRelationship="true" mode="s,e" name="Identification" refid="_17_0_3_7b3022e_1331239200935_597164_5029"/><ownedComment humanName="Owned Comment"><comment classType="Comment" humanType="Comment" icon="ConceptLibrary_files/icon_comment_1609735765.png" refid="_17_0_4_1_7b3022e_1389371960155_64470_4035"/></ownedComment><ownedElement humanName="Owned Element"><comment classType="Comment" humanType="Comment" icon="ConceptLibrary_files/icon_comment_1609735765.png" refid="_17_0_4_1_7b3022e_1389371960155_64470_4035"/><literalunlimitednatural classType="LiteralUnlimitedNatural" humanType="Literal Unlimited Natural" icon="ConceptLibrary_files/icon_literalunlimitednatural_1122090209.png" name="*" refid="_18_2_3ba019e_1449496024902_185780_4755" text="*"/><literalunlimitednatural classType="LiteralUnlimitedNatural" humanType="Literal Unlimited Natural" icon="ConceptLibrary_files/icon_literalunlimitednatural_1122090209.png" name="0" refid="_18_2_3ba019e_1449496024901_352537_4754" text="0"/></ownedElement><owner classType="Association" humanName="Owner" humanType="Association" icon="ConceptLibrary_files/icon_association_1781128159.png" isRelationship="true" name="Identification" refid="_17_0_3_7b3022e_1331239200935_597164_5029"/><owningAssociation classType="Association" humanName="Owning Association" humanType="Association" icon="ConceptLibrary_files/icon_association_1781128159.png" isRelationship="true" name="Identification" refid="_17_0_3_7b3022e_1331239200935_597164_5029"/><qualifiedName humanName="Qualified Name" mode="e">SMIF Conceptual Model::Identifiers::Identification::identified by</qualifiedName><redefinitionContext humanName="Redefinition Context"><association classType="Association" humanType="Association" icon="ConceptLibrary_files/icon_association_1781128159.png" isRelationship="true" name="Identification" refid="_17_0_3_7b3022e_1331239200935_597164_5029"/></redefinitionContext><TO_DO humanName="To Do" mode="s,e"/><type classType="Class" humanName="Type" humanType="Class" icon="ConceptLibrary_files/icon_class_1769227988.png" mode="s,e" name="Identifier" refid="_18_3_62501eb_1473957033207_359286_6678"/><TYPE_MODIFIER humanName="Type Modifier" mode="e"/><upper humanName="Upper">-1</upper><upperValue classType="LiteralUnlimitedNatural" humanName="Upper Value" humanType="Literal Unlimited Natural" icon="ConceptLibrary_files/icon_literalunlimitednatural_1122090209.png" name="*" refid="_18_2_3ba019e_1449496024902_185780_4755" text="*"/><visibility humanName="Visibility" mode="s,e">public</visibility><appearsIn><diagram classType="Diagram" humanType="Diagram" icon="ConceptLibrary_files/icon_Generic Table_1568169108.png" name="SMIF Properties" refid="_18_2_62501eb_1462314120667_944518_6368"/></appearsIn></property></magicdraw>