<?xml version="1.0" encoding="UTF-8"?><magicdraw><instancespecification classType="InstanceSpecification" humanType="Instance Specification" icon="ConceptLibrary_files/icon_instancespecification_1746117425.png" id="_17_0_5_1_3ba019e_1407452898931_640381_12032"><classifier humanName="Classifier" mode="s,e"><stereotype classType="Stereotype" humanType="Stereotype" icon="ConceptLibrary_files/icon_stereotype_643587433.png" name="Facet Of" refid="_18_5_3_62501eb_1526230803672_816575_5562"/></classifier><documentation humanName="Documentation"/><name humanName="Name" mode="s,e"/><owner classType="Generalization" humanName="Owner" humanType="Generalization" icon="ConceptLibrary_files/icon_generalization_212232499.png" isRelationship="true" mode="s,e" refid="_17_0_5_1_3ba019e_1407452886210_378596_12013"/><qualifiedName humanName="Qualified Name" mode="e"/><stereotypedElement classType="Generalization" humanName="Stereotyped Element" humanType="Generalization" icon="ConceptLibrary_files/icon_generalization_212232499.png" isRelationship="true" refid="_17_0_5_1_3ba019e_1407452886210_378596_12013"/><TO_DO humanName="To Do" mode="s,e"/><visibility humanName="Visibility">public</visibility></instancespecification></magicdraw>