<?xml version="1.0" encoding="UTF-8"?><magicdraw><comment classType="Comment" humanType="Comment" icon="ConceptLibrary_files/icon_comment_1609735765.png" id="_17_0_4_1_7b3022e_1387046230728_2017_5332"><annotatedElement humanName="Annotated Element" mode="s,e"><class classType="Class" humanType="Class" icon="ConceptLibrary_files/icon_class_1769227988.png" name="Lexical Reference" refid="_17_0_4_1_7b3022e_1387043339955_784477_4894"/></annotatedElement><body humanName="Body" mode="s,e">A Lexical Reference is an external scope that is visible to but not necessarily asserted by the owning lexical scope. </body><documentation humanName="Documentation"/><owner classType="Class" humanName="Owner" humanType="Class" icon="ConceptLibrary_files/icon_class_1769227988.png" mode="s,e" name="Lexical Reference" refid="_17_0_4_1_7b3022e_1387043339955_784477_4894"/><owningElement classType="Class" humanName="Owning Element" humanType="Class" icon="ConceptLibrary_files/icon_class_1769227988.png" name="Lexical Reference" refid="_17_0_4_1_7b3022e_1387043339955_784477_4894"/><TO_DO humanName="To Do" mode="s,e"/></comment></magicdraw>