<?xml version="1.0" encoding="UTF-8"?><magicdraw><class classType="Class" humanType="Class" icon="ConceptLibrary_files/icon_class_1769227988.png" id="_17_0_5_1_7b3022e_1398371871274_325203_7226"><allGeneralClassifiers humanName="All General Classifiers"><class classType="Class" humanType="Class" icon="ConceptLibrary_files/icon_class_1769227988.png" name="Activity" refid="_18_1_3ba019e_1444339455006_136706_29355"/><class classType="Class" humanType="Class" icon="ConceptLibrary_files/icon_class_412694050.png" name="Alter Capability" refid="_18_1_3ba019e_1441985631789_510159_6620"/><class classType="Class" humanType="Class" icon="ConceptLibrary_files/icon_class_1769227988.png" name="Capability" refid="_18_2_62501eb_1455751068083_692406_7896"/><class classType="Class" humanType="Class" icon="ConceptLibrary_files/icon_class_412694050.png" name="Context" refid="_17_0_3_7b3022e_1331164829050_871772_2449"/><class classType="Class" humanType="Class" icon="ConceptLibrary_files/icon_class_1769227988.png" name="Entity" refid="_17_0_3_7b3022e_1331156499953_68666_1704"/><class classType="Class" humanType="Class" icon="ConceptLibrary_files/icon_class_1769227988.png" name="Lexical Context" refid="_17_0_4_1_7b3022e_1387036440058_58622_4050"/><class classType="Class" humanType="Class" icon="ConceptLibrary_files/icon_class_1769227988.png" name="Lexical Scope" refid="_18_4_1_62501eb_1502394944731_837726_9021"/><class classType="Class" humanType="Class" icon="ConceptLibrary_files/icon_class_1769227988.png" name="Lose Ability" refid="_18_1_3ba019e_1441985817274_419533_6669"/><class classType="Class" humanType="Class" icon="ConceptLibrary_files/icon_class_1769227988.png" name="Means" refid="_18_1_3ba019e_1443294108901_751289_10636"/><class classType="Class" humanType="Class" icon="ConceptLibrary_files/icon_class_1769227988.png" name="Obtain Ability" refid="_18_1_3ba019e_1441985807395_219447_6646"/><class classType="Class" humanType="Class" icon="ConceptLibrary_files/icon_class_1769227988.png" name="Occurrence" refid="_17_0_5_1_7b3022e_1398294216796_903071_6610"/><class classType="Class" humanType="Class" icon="ConceptLibrary_files/icon_class_412694050.png" name="Proposition" refid="_18_2_62501eb_1462460603792_169037_6216"/><class classType="Class" humanType="Class" icon="ConceptLibrary_files/icon_class_1769227988.png" name="Resource" refid="_18_0_2_3ba019e_1423005240776_581290_6780"/><class classType="Class" humanType="Class" icon="ConceptLibrary_files/icon_class_1769227988.png" name="Scoped Context" refid="_18_5_3_62501eb_1527086128974_510931_15787"/><class classType="Class" humanType="Class" icon="ConceptLibrary_files/icon_class_412694050.png" name="Situation" refid="_18_1_3ba019e_1430349228247_211772_4675"/><class classType="Class" humanType="Class" icon="ConceptLibrary_files/icon_class_412694050.png" name="Thing" refid="_17_0_3_7b3022e_1331313031781_359355_5487"/></allGeneralClassifiers><APPLIED_STEREOTYPES humanName="Applied Stereotype" mode="s,e"><stereotype classType="Stereotype" humanType="Stereotype" icon="ConceptLibrary_files/icon_stereotype_643587433.png" name="HyperlinkOwner" refid="_9_0_be00301_1108044563999_784946_1"/></APPLIED_STEREOTYPES><appliedStereotype humanName="Applied Stereotype" mode="s,e"><stereotype classType="Stereotype" humanType="Stereotype" icon="ConceptLibrary_files/icon_stereotype_643587433.png" name="HyperlinkOwner" refid="_9_0_be00301_1108044563999_784946_1"><property classType="Property" humanType="Property" icon="ConceptLibrary_files/icon_property_736527975.png" name="base_Element" refid="_10_0EAPbeta_be00301_1123081772148_910751_285"/><property classType="Property" humanType="Property" icon="ConceptLibrary_files/icon_property_736527975.png" name="base_Element" refid="_10_0EAPbeta_be00301_1123081772098_411862_275"/><property classType="Property" humanName="Element/Symbol" humanType="Property" icon="ConceptLibrary_files/icon_property_736527975.png" name="hyperlinkModel" refid="_622020d_1063089736320_890266_3"><diagram classType="Diagram" humanType="Diagram" icon="ConceptLibrary_files/icon_Class Diagram_505751443.png" name="Alter ability or control" refid="_18_1_3ba019e_1445544459382_36125_38306"/><diagram classType="Diagram" humanType="Diagram" icon="ConceptLibrary_files/icon_Class Diagram_505751443.png" name="Custody" refid="_18_0_2_3ba019e_1423762328156_275733_6201"/></property><property classType="Property" humanName="Active Hyperlink" humanType="Property" icon="ConceptLibrary_files/icon_property_736527975.png" name="hyperlinkModelActive" refid="_622020d_1063089736320_73815_4"><diagram classType="Diagram" humanType="Diagram" icon="ConceptLibrary_files/icon_Class Diagram_505751443.png" name="Alter ability or control" refid="_18_1_3ba019e_1445544459382_36125_38306"/></property><property classType="Property" humanName="File/WEB_PAGE" humanType="Property" icon="ConceptLibrary_files/icon_property_736527975.png" name="hyperlinkText" refid="_622020d_1063089736310_884303_1"/><property classType="Property" humanName="Active Hyperlink" humanType="Property" icon="ConceptLibrary_files/icon_property_736527975.png" name="hyperlinkTextActive" refid="_622020d_1063089736310_68488_2"/></stereotype></appliedStereotype><appliedStereotypeInstance classType="InstanceSpecification" humanName="Applied Stereotype Instance" humanType="Instance Specification" icon="ConceptLibrary_files/icon_instancespecification_1746117425.png" name=" : UML Standard Profile::MagicDraw Profile::HyperlinkOwner" refid="_18_0_2_3ba019e_1423775769377_890923_10717"/><documentation humanName="Documentation">The purposeful or accidental transfer of ability or control from one actor to another. Such transfer of ability or control may be by agreement or force.</documentation><documentation humanName="Documentation" mode="standard">The purposeful or accidental transfer of ability or control from one actor to another. Such transfer of ability or control may be by agreement or force.</documentation><effectiveIRI humanName="Effective IRI"/><generalization humanName="Generalization"><generalization classType="Generalization" humanType="Generalization" icon="ConceptLibrary_files/icon_generalization_212232499.png" isRelationship="true" refid="_17_0_5_1_7b3022e_1398371883943_213199_7248"/><generalization classType="Generalization" humanType="Generalization" icon="ConceptLibrary_files/icon_generalization_212232499.png" isRelationship="true" refid="_18_1_3ba019e_1441985873787_483088_6699"/><generalization classType="Generalization" humanType="Generalization" icon="ConceptLibrary_files/icon_generalization_212232499.png" isRelationship="true" refid="_18_1_3ba019e_1441985876530_112007_6702"/></generalization><inheritedMember humanName="Inherited Member"><diagram classType="Diagram" humanType="Diagram" icon="ConceptLibrary_files/icon_Class Diagram_505751443.png" name="Context Detail" refid="_18_1_3ba019e_1430749149449_614203_5109"/><diagram classType="Diagram" humanType="Diagram" icon="ConceptLibrary_files/icon_Class Diagram_505751443.png" name="Event Effecting Entity" refid="_18_4_62501eb_1476390585208_389046_43417"/><diagram classType="Diagram" humanType="Diagram" icon="ConceptLibrary_files/icon_Class Diagram_505751443.png" name="Proposition Detail" refid="_18_4_62501eb_1476372124532_248366_8882"/><diagram classType="Diagram" humanType="Diagram" icon="ConceptLibrary_files/icon_Class Diagram_505751443.png" name="Thing Detail" refid="_18_4_62501eb_1474827775223_682407_38836"/></inheritedMember><isAbstract humanName="Is Abstract" mode="s,e">false</isAbstract><isActive humanName="Is Active" mode="s,e">false</isActive><isFinalSpecialization humanName="Is Final Specialization" mode="e">false</isFinalSpecialization><isLeaf humanName="Is Leaf" mode="e">false</isLeaf><member humanName="Member"><diagram classType="Diagram" humanType="Diagram" icon="ConceptLibrary_files/icon_Class Diagram_505751443.png" name="Context Detail" refid="_18_1_3ba019e_1430749149449_614203_5109"/><diagram classType="Diagram" humanType="Diagram" icon="ConceptLibrary_files/icon_Class Diagram_505751443.png" name="Event Effecting Entity" refid="_18_4_62501eb_1476390585208_389046_43417"/><diagram classType="Diagram" humanType="Diagram" icon="ConceptLibrary_files/icon_Class Diagram_505751443.png" name="Proposition Detail" refid="_18_4_62501eb_1476372124532_248366_8882"/><diagram classType="Diagram" humanType="Diagram" icon="ConceptLibrary_files/icon_Class Diagram_505751443.png" name="Thing Detail" refid="_18_4_62501eb_1474827775223_682407_38836"/></member><name humanName="Name" mode="s,e">Transfer Ability</name><namespace classType="Package" humanName="Namespace" humanType="Package" icon="ConceptLibrary_files/icon_package_467146800.png" name="Abilities" refid="_17_0_5_1_3ba019e_1407969953352_1512_6942"/><ownedComment humanName="Owned Comment"><comment classType="Comment" humanType="Comment" icon="ConceptLibrary_files/icon_comment_1609735765.png" refid="_18_0_2_3ba019e_1423765429270_166237_7247"/></ownedComment><ownedElement humanName="Owned Element"><generalization classType="Generalization" humanType="Generalization" icon="ConceptLibrary_files/icon_generalization_212232499.png" isRelationship="true" refid="_17_0_5_1_7b3022e_1398371883943_213199_7248"/><generalization classType="Generalization" humanType="Generalization" icon="ConceptLibrary_files/icon_generalization_212232499.png" isRelationship="true" refid="_18_1_3ba019e_1441985873787_483088_6699"/><generalization classType="Generalization" humanType="Generalization" icon="ConceptLibrary_files/icon_generalization_212232499.png" isRelationship="true" refid="_18_1_3ba019e_1441985876530_112007_6702"/><comment classType="Comment" humanType="Comment" icon="ConceptLibrary_files/icon_comment_1609735765.png" refid="_18_0_2_3ba019e_1423765429270_166237_7247"/><instancespecification classType="InstanceSpecification" humanType="Instance Specification" icon="ConceptLibrary_files/icon_instancespecification_1746117425.png" name=" : UML Standard Profile::MagicDraw Profile::HyperlinkOwner" refid="_18_0_2_3ba019e_1423775769377_890923_10717"/></ownedElement><owner classType="Package" humanName="Owner" humanType="Package" icon="ConceptLibrary_files/icon_package_467146800.png" mode="s,e" name="Abilities" refid="_17_0_5_1_3ba019e_1407969953352_1512_6942"/><owningPackage classType="Package" humanName="Owning Package" humanType="Package" icon="ConceptLibrary_files/icon_package_467146800.png" name="Abilities" refid="_17_0_5_1_3ba019e_1407969953352_1512_6942"/><package classType="Package" humanName="Package" humanType="Package" icon="ConceptLibrary_files/icon_package_467146800.png" name="Abilities" refid="_17_0_5_1_3ba019e_1407969953352_1512_6942"/><qualifiedName humanName="Qualified Name" mode="e">Concept Library::Abilities::Transfer Ability</qualifiedName><superClass humanName="Super Class"><class classType="Class" humanType="Class" icon="ConceptLibrary_files/icon_class_1769227988.png" name="Lose Ability" refid="_18_1_3ba019e_1441985817274_419533_6669"/><class classType="Class" humanType="Class" icon="ConceptLibrary_files/icon_class_1769227988.png" name="Obtain Ability" refid="_18_1_3ba019e_1441985807395_219447_6646"/><class classType="Class" humanType="Class" icon="ConceptLibrary_files/icon_class_1769227988.png" name="Occurrence" refid="_17_0_5_1_7b3022e_1398294216796_903071_6610"/></superClass><TO_DO humanName="To Do" mode="s,e"/><visibility humanName="Visibility" mode="e">public</visibility><appearsIn><diagram classType="Diagram" humanType="Diagram" icon="ConceptLibrary_files/icon_Class Diagram_505751443.png" name="Alter ability or control" refid="_18_1_3ba019e_1445544459382_36125_38306"/><diagram classType="Diagram" humanType="Diagram" icon="ConceptLibrary_files/icon_Generic Table_1568169108.png" name="Concept Library Classes" refid="_18_4_1_62501eb_1495298309386_966735_15952"/><diagram classType="Diagram" humanType="Diagram" icon="ConceptLibrary_files/icon_Generic Table_1568169108.png" name="Threat &amp; Risk Classes" refid="_18_0_2_3ba019e_1423943641982_180424_6129"/><diagram classType="Diagram" humanType="Diagram" icon="ConceptLibrary_files/icon_Generic Table_1568169108.png" name="Vocabulary" refid="_18_0_2_3ba019e_1418664073699_926094_6665"/></appearsIn></class></magicdraw>