<?xml version="1.0" encoding="UTF-8"?><magicdraw><generalization classType="Generalization" humanType="Generalization" icon="ConceptLibrary_files/icon_generalization_212232499.png" id="_17_0_5_1_7b3022e_1400505102643_187346_4815"><documentation humanName="Documentation"/><general classType="Class" humanName="General" humanType="Class" icon="ConceptLibrary_files/icon_class_412694050.png" mode="s,e" name="Situation" refid="_18_1_3ba019e_1430349228247_211772_4675"/><generalizationSet humanName="Generalization Set" mode="s,e"><generalizationset classType="GeneralizationSet" humanType="Generalization Set" icon="ConceptLibrary_files/icon_generalizationset_346004727.png" name="Event or State Constraint" refid="_18_4_62501eb_1480547421974_179285_12738"/></generalizationSet><isSubstitutable humanName="Is Substitutable">true</isSubstitutable><owner classType="Class" humanName="Owner" humanType="Class" icon="ConceptLibrary_files/icon_class_1769227988.png" mode="s,e" name="State" refid="_17_0_5_1_7b3022e_1400505093427_253129_4793"/><relatedElement humanName="Related Element"><class classType="Class" humanType="Class" icon="ConceptLibrary_files/icon_class_412694050.png" name="Situation" refid="_18_1_3ba019e_1430349228247_211772_4675"/><class classType="Class" humanType="Class" icon="ConceptLibrary_files/icon_class_1769227988.png" name="State" refid="_17_0_5_1_7b3022e_1400505093427_253129_4793"/></relatedElement><source humanName="Source"><class classType="Class" humanType="Class" icon="ConceptLibrary_files/icon_class_1769227988.png" name="State" refid="_17_0_5_1_7b3022e_1400505093427_253129_4793"/></source><specific classType="Class" humanName="Specific" humanType="Class" icon="ConceptLibrary_files/icon_class_1769227988.png" mode="s,e" name="State" refid="_17_0_5_1_7b3022e_1400505093427_253129_4793"/><target humanName="Target"><class classType="Class" humanType="Class" icon="ConceptLibrary_files/icon_class_412694050.png" name="Situation" refid="_18_1_3ba019e_1430349228247_211772_4675"/></target><TO_DO humanName="To Do" mode="s,e"/><appearsIn><diagram classType="Diagram" humanType="Diagram" icon="ConceptLibrary_files/icon_Class Diagram_505751443.png" name="Situation Relationships" refid="_18_1_3ba019e_1441912395042_962730_7694"/><diagram classType="Diagram" humanType="Diagram" icon="ConceptLibrary_files/icon_Class Diagram_505751443.png" name="Campaign Objectives" refid="_18_4_1_62501eb_1495294075027_383124_18536"/><diagram classType="Diagram" humanType="Diagram" icon="ConceptLibrary_files/icon_Class Diagram_505751443.png" name="Composite Condition" refid="_18_2_62501eb_1455822506397_873826_10352"/><diagram classType="Diagram" humanType="Diagram" icon="ConceptLibrary_files/icon_Class Diagram_505751443.png" name="Scenarios" refid="_18_4_1_62501eb_1487958729045_883467_16155"/></appearsIn></generalization></magicdraw>