<?xml version="1.0" encoding="UTF-8"?><magicdraw><property classType="Property" humanType="Property" icon="ConceptLibrary_files/icon_property_736527975.png" id="_17_0_5_1_7b3022e_1398379477197_732939_8205"><aggregation humanName="Aggregation" mode="s,e">none</aggregation><association classType="Association" humanName="Association" humanType="Association" icon="ConceptLibrary_files/icon_association_1781128159.png" isRelationship="true" name="Association[lost via:Concept Library::Abilities::Lose Ability - withdraws:Concept Library::Control::Control]" refid="_17_0_5_1_7b3022e_1398379477197_266769_8204"/><documentation humanName="Documentation">The control relationship that is withdrawn by a lose control activity.</documentation><documentation humanName="Documentation" mode="standard">The control relationship that is withdrawn by a lose control activity.</documentation><effectiveIRI humanName="Effective IRI"/><featuringClassifier classType="Association" humanName="Featuring Classifier" humanType="Association" icon="ConceptLibrary_files/icon_association_1781128159.png" isRelationship="true" name="Association[lost via:Concept Library::Abilities::Lose Ability - withdraws:Concept Library::Control::Control]" refid="_17_0_5_1_7b3022e_1398379477197_266769_8204"/><isComposite humanName="Is Composite">false</isComposite><isDerived humanName="Is Derived" mode="s,e">false</isDerived><isDerivedUnion humanName="Is Derived Union" mode="e">false</isDerivedUnion><isID humanName="Is ID" mode="e">false</isID><isLeaf humanName="Is Leaf">false</isLeaf><isOrdered humanName="Is Ordered" mode="e">false</isOrdered><isReadOnly humanName="Is Read Only" mode="s,e">false</isReadOnly><isStatic humanName="Is Static" mode="s,e">false</isStatic><isUnique humanName="Is Unique" mode="e">true</isUnique><lower humanName="Lower">1</lower><lowerValue classType="LiteralInteger" humanName="Lower Value" humanType="Literal Integer" icon="ConceptLibrary_files/icon_literalinteger_1147158688.png" name="1" refid="_18_0_2_3ba019e_1423768436443_867166_7642" text="1"/><multiplicity humanName="Multiplicity" mode="s,e">1</multiplicity><multiplicity humanName="Multiplicity" mode="s,e">1</multiplicity><name humanName="Name" mode="s,e">withdraws</name><namespace classType="Association" humanName="Namespace" humanType="Association" icon="ConceptLibrary_files/icon_association_1781128159.png" isRelationship="true" name="Association[lost via:Concept Library::Abilities::Lose Ability - withdraws:Concept Library::Control::Control]" refid="_17_0_5_1_7b3022e_1398379477197_266769_8204"/><navigable humanName="Navigable" mode="e">true</navigable><opposite classType="Property" humanName="Opposite" humanType="Property" icon="ConceptLibrary_files/icon_property_736527975.png" name="lost via" refid="_17_0_5_1_7b3022e_1398379477197_180983_8206"/><ownedBy classType="Association" humanName="Owned By" humanType="Association" icon="ConceptLibrary_files/icon_association_1781128159.png" isRelationship="true" mode="s,e" name="Association[lost via:Concept Library::Abilities::Lose Ability - withdraws:Concept Library::Control::Control]" refid="_17_0_5_1_7b3022e_1398379477197_266769_8204"/><ownedComment humanName="Owned Comment"><comment classType="Comment" humanType="Comment" icon="ConceptLibrary_files/icon_comment_1609735765.png" refid="_18_0_2_3ba019e_1423771012599_803194_8411"/></ownedComment><ownedElement humanName="Owned Element"><comment classType="Comment" humanType="Comment" icon="ConceptLibrary_files/icon_comment_1609735765.png" refid="_18_0_2_3ba019e_1423771012599_803194_8411"/><literalinteger classType="LiteralInteger" humanType="Literal Integer" icon="ConceptLibrary_files/icon_literalinteger_1147158688.png" name="1" refid="_18_0_2_3ba019e_1423768436443_867166_7642" text="1"/><literalunlimitednatural classType="LiteralUnlimitedNatural" humanType="Literal Unlimited Natural" icon="ConceptLibrary_files/icon_literalunlimitednatural_1122090209.png" name="1" refid="_18_0_2_3ba019e_1423768436443_391001_7643" text="1"/></ownedElement><owner classType="Association" humanName="Owner" humanType="Association" icon="ConceptLibrary_files/icon_association_1781128159.png" isRelationship="true" name="Association[lost via:Concept Library::Abilities::Lose Ability - withdraws:Concept Library::Control::Control]" refid="_17_0_5_1_7b3022e_1398379477197_266769_8204"/><owningAssociation classType="Association" humanName="Owning Association" humanType="Association" icon="ConceptLibrary_files/icon_association_1781128159.png" isRelationship="true" name="Association[lost via:Concept Library::Abilities::Lose Ability - withdraws:Concept Library::Control::Control]" refid="_17_0_5_1_7b3022e_1398379477197_266769_8204"/><qualifiedName humanName="Qualified Name" mode="e">Concept Library::Abilities::::withdraws</qualifiedName><redefinitionContext humanName="Redefinition Context"><association classType="Association" humanType="Association" icon="ConceptLibrary_files/icon_association_1781128159.png" isRelationship="true" name="Association[lost via:Concept Library::Abilities::Lose Ability - withdraws:Concept Library::Control::Control]" refid="_17_0_5_1_7b3022e_1398379477197_266769_8204"/></redefinitionContext><TO_DO humanName="To Do" mode="s,e"/><type classType="AssociationClass" humanName="Type" humanType="Association Class" icon="ConceptLibrary_files/icon_associationclass_1255445356.png" isRelationship="true" mode="s,e" name="Control" refid="_18_1_3ba019e_1445543456248_471881_37772"/><TYPE_MODIFIER humanName="Type Modifier" mode="e"/><upper humanName="Upper">1</upper><upperValue classType="LiteralUnlimitedNatural" humanName="Upper Value" humanType="Literal Unlimited Natural" icon="ConceptLibrary_files/icon_literalunlimitednatural_1122090209.png" name="1" refid="_18_0_2_3ba019e_1423768436443_391001_7643" text="1"/><visibility humanName="Visibility" mode="s,e">public</visibility><appearsIn><diagram classType="Diagram" humanType="Diagram" icon="ConceptLibrary_files/icon_Generic Table_1568169108.png" name="Vocabulary" refid="_18_0_2_3ba019e_1418664073699_926094_6665"/></appearsIn></property></magicdraw>