<?xml version="1.0" encoding="UTF-8"?><magicdraw><comment classType="Comment" humanType="Comment" icon="ConceptLibrary_files/icon_comment_1609735765.png" id="_17_0_4_1_7b3022e_1389194897830_250240_8407"><annotatedElement humanName="Annotated Element" mode="s,e"><property classType="Property" humanType="Property" icon="ConceptLibrary_files/icon_property_736527975.png" name="has type" refid="_17_0_3_7b3022e_1331182663024_883830_3111"/></annotatedElement><body humanName="Body" mode="s,e">A type that holds for something.
Things may have multiple types and these types may change over time. 
The &lt;categorized&gt; thing satisfies the constraints of the &lt;has type&gt; type.
[FIBO] isClassifiedBy
[OWL] rdf:type</body><documentation humanName="Documentation"/><owner classType="Property" humanName="Owner" humanType="Property" icon="ConceptLibrary_files/icon_property_736527975.png" mode="s,e" name="has type" refid="_17_0_3_7b3022e_1331182663024_883830_3111"/><owningElement classType="Property" humanName="Owning Element" humanType="Property" icon="ConceptLibrary_files/icon_property_736527975.png" name="has type" refid="_17_0_3_7b3022e_1331182663024_883830_3111"/><TO_DO humanName="To Do" mode="s,e"/></comment></magicdraw>