<?xml version="1.0" encoding="UTF-8"?><magicdraw><generalization classType="Generalization" humanType="Generalization" icon="ConceptLibrary_files/icon_generalization_212232499.png" id="_17_0_5_1_7b3022e_1400513359841_43533_5526"><documentation humanName="Documentation"/><general classType="Class" humanName="General" humanType="Class" icon="ConceptLibrary_files/icon_class_1769227988.png" mode="s,e" name="Structured Information Object" refid="_17_0_5_1_7b3022e_1398372106040_547030_7295"/><isSubstitutable humanName="Is Substitutable">true</isSubstitutable><owner classType="Class" humanName="Owner" humanType="Class" icon="ConceptLibrary_files/icon_class_1769227988.png" mode="s,e" name="Information Repository" refid="_17_0_5_1_7b3022e_1398371288347_883883_7044"/><relatedElement humanName="Related Element"><class classType="Class" humanType="Class" icon="ConceptLibrary_files/icon_class_1769227988.png" name="Information Repository" refid="_17_0_5_1_7b3022e_1398371288347_883883_7044"/><class classType="Class" humanType="Class" icon="ConceptLibrary_files/icon_class_1769227988.png" name="Structured Information Object" refid="_17_0_5_1_7b3022e_1398372106040_547030_7295"/></relatedElement><source humanName="Source"><class classType="Class" humanType="Class" icon="ConceptLibrary_files/icon_class_1769227988.png" name="Information Repository" refid="_17_0_5_1_7b3022e_1398371288347_883883_7044"/></source><specific classType="Class" humanName="Specific" humanType="Class" icon="ConceptLibrary_files/icon_class_1769227988.png" mode="s,e" name="Information Repository" refid="_17_0_5_1_7b3022e_1398371288347_883883_7044"/><target humanName="Target"><class classType="Class" humanType="Class" icon="ConceptLibrary_files/icon_class_1769227988.png" name="Structured Information Object" refid="_17_0_5_1_7b3022e_1398372106040_547030_7295"/></target><TO_DO humanName="To Do" mode="s,e"/><appearsIn><diagram classType="Diagram" humanType="Diagram" icon="ConceptLibrary_files/icon_Class Diagram_505751443.png" name="Information Objects" refid="_17_0_5_1_7b3022e_1398543391064_321673_5771"/></appearsIn></generalization></magicdraw>