<?xml version="1.0" encoding="UTF-8"?><magicdraw><package classType="Package" humanType="Package" icon="ConceptLibrary_files/icon_package_467146800.png" id="_17_0_5_1_7b3022e_1396735421849_686653_7681"><APPLIED_STEREOTYPES humanName="Applied Stereotype" mode="s,e"><stereotype classType="Stereotype" humanType="Stereotype" icon="ConceptLibrary_files/icon_stereotype_643587433.png" name="HyperlinkOwner" refid="_9_0_be00301_1108044563999_784946_1"/></APPLIED_STEREOTYPES><appliedStereotype humanName="Applied Stereotype" mode="s,e"><stereotype classType="Stereotype" humanType="Stereotype" icon="ConceptLibrary_files/icon_stereotype_643587433.png" name="HyperlinkOwner" refid="_9_0_be00301_1108044563999_784946_1"><property classType="Property" humanType="Property" icon="ConceptLibrary_files/icon_property_736527975.png" name="base_Element" refid="_10_0EAPbeta_be00301_1123081772148_910751_285"/><property classType="Property" humanType="Property" icon="ConceptLibrary_files/icon_property_736527975.png" name="base_Element" refid="_10_0EAPbeta_be00301_1123081772098_411862_275"/><property classType="Property" humanName="Element/Symbol" humanType="Property" icon="ConceptLibrary_files/icon_property_736527975.png" name="hyperlinkModel" refid="_622020d_1063089736320_890266_3"><diagram classType="Diagram" humanType="Diagram" icon="ConceptLibrary_files/icon_Class Diagram_505751443.png" name="Quantities and units" refid="_17_0_5_1_7b3022e_1396735445040_264138_7682"/></property><property classType="Property" humanName="Active Hyperlink" humanType="Property" icon="ConceptLibrary_files/icon_property_736527975.png" name="hyperlinkModelActive" refid="_622020d_1063089736320_73815_4"><diagram classType="Diagram" humanType="Diagram" icon="ConceptLibrary_files/icon_Class Diagram_505751443.png" name="Quantities and units" refid="_17_0_5_1_7b3022e_1396735445040_264138_7682"/></property><property classType="Property" humanName="File/WEB_PAGE" humanType="Property" icon="ConceptLibrary_files/icon_property_736527975.png" name="hyperlinkText" refid="_622020d_1063089736310_884303_1"/><property classType="Property" humanName="Active Hyperlink" humanType="Property" icon="ConceptLibrary_files/icon_property_736527975.png" name="hyperlinkTextActive" refid="_622020d_1063089736310_68488_2"/></stereotype></appliedStereotype><appliedStereotypeInstance classType="InstanceSpecification" humanName="Applied Stereotype Instance" humanType="Instance Specification" icon="ConceptLibrary_files/icon_instancespecification_1746117425.png" name=" : UML Standard Profile::MagicDraw Profile::HyperlinkOwner" refid="_18_2_62501eb_1457117461769_302392_14778"/><documentation humanName="Documentation">This package defines quantities and units. Quantities are the basis for units and measurements.
Qualities of things are represented with respect to what that thing means, not how it is represented. This introduces multiple "quantity kinds" which derive from Value and Quantity. Quantiles are stereotyped as "Quantity Kind".
The representation of a value or quantity will typically use the "primitive types" that are found in I.T. systems such as "Integer", "Real" and "String".

.</documentation><documentation humanName="Documentation" mode="standard">This package defines quantities and units. Quantities are the basis for units and measurements.
Qualities of things are represented with respect to what that thing means, not how it is represented. This introduces multiple "quantity kinds" which derive from Value and Quantity. Quantiles are stereotyped as "Quantity Kind".
The representation of a value or quantity will typically use the "primitive types" that are found in I.T. systems such as "Integer", "Real" and "String".

.</documentation><member humanName="Member"><association classType="Association" humanType="Association" icon="ConceptLibrary_files/icon_association_1781128159.png" isRelationship="true" name="Association[Concept Library::Time &amp; Temporal Entities::Time Scale - Concept Library::Quantities and Units::Time Coordinate]" refid="_18_4_62501eb_1475246184608_905042_18471"/><primitivetype classType="PrimitiveType" humanType="Primitive Type" icon="ConceptLibrary_files/icon_primitivetype_289711450.png" name="Coded Numeric" refid="_18_4_62501eb_1476114181837_494767_12913"/><class classType="Class" humanType="Class" icon="ConceptLibrary_files/icon_class_1769227988.png" name="Confidence Metric" refid="_18_0_2_3ba019e_1423172402207_124957_12825"/><class classType="Class" humanType="Class" icon="ConceptLibrary_files/icon_class_1769227988.png" name="Count" refid="_17_0_5_1_7b3022e_1398808729938_982899_5400"/><class classType="Class" humanType="Class" icon="ConceptLibrary_files/icon_class_1769227988.png" name="Currency Benefit Metric" refid="_18_0_2_3ba019e_1424893909996_145092_8594"/><generalizationset classType="GeneralizationSet" humanType="Generalization Set" icon="ConceptLibrary_files/icon_generalizationset_346004727.png" name="data structuring" refid="_18_1_3ba019e_1430935591126_609948_9250"/><primitivetype classType="PrimitiveType" humanType="Primitive Type" icon="ConceptLibrary_files/icon_primitivetype_289711450.png" name="Decimal Number" refid="_18_4_62501eb_1480788715193_952545_44369"/><datatype classType="DataType" humanType="Data Type" icon="ConceptLibrary_files/icon_datatype_842422776.png" name="DMS" refid="_18_1_3ba019e_1445279422579_934470_27230"/><class classType="Class" humanType="Class" icon="ConceptLibrary_files/icon_class_1769227988.png" name="Harm-Benefit Metric" refid="_18_0_2_3ba019e_1424893865987_445778_8567"/><primitivetype classType="PrimitiveType" humanType="Primitive Type" icon="ConceptLibrary_files/icon_primitivetype_289711450.png" name="Image" refid="_18_1_3ba019e_1430918986022_158247_6639"/><datatype classType="DataType" humanType="Data Type" icon="ConceptLibrary_files/icon_datatype_842422776.png" name="Measure" refid="_18_1_3ba019e_1430920081113_484597_7026"/><class classType="Class" humanType="Class" icon="ConceptLibrary_files/icon_class_1769227988.png" name="Metric" refid="_17_0_5_1_3ba019e_1407440505391_715735_5650"/><enumeration classType="Enumeration" humanType="Enumeration" icon="ConceptLibrary_files/icon_enumeration_1045567253.png" name="PentaScale" refid="_18_1_3ba019e_1442008112492_708066_7191"/><primitivetype classType="PrimitiveType" humanType="Primitive Type" icon="ConceptLibrary_files/icon_primitivetype_289711450.png" name="Percentage" refid="_18_1_3ba019e_1442009602563_364688_7349"/><class classType="Class" humanType="Class" icon="ConceptLibrary_files/icon_class_1769227988.png" name="Probability Metric" refid="_17_0_5_1_7b3022e_1398808729920_445056_5379"/><diagram classType="Diagram" humanType="Diagram" icon="ConceptLibrary_files/icon_Class Diagram_505751443.png" name="Quantities and units" refid="_17_0_5_1_7b3022e_1396735445040_264138_7682"/><package classType="Package" humanType="Package" icon="ConceptLibrary_files/icon_package_467146800.png" name="Quantity Kinds" refid="_18_1_3ba019e_1430921084191_247434_7082"/><datatype classType="DataType" humanType="Data Type" icon="ConceptLibrary_files/icon_datatype_842422776.png" name="Range" refid="_18_1_3ba019e_1430919801334_355131_6970"/><datatype classType="DataType" humanType="Data Type" icon="ConceptLibrary_files/icon_datatype_842422776.png" name="Scale" refid="_18_1_3ba019e_1442008800955_423387_7273"/><class classType="Class" humanType="Class" icon="ConceptLibrary_files/icon_class_1769227988.png" name="Time Coordinate" refid="_17_0_5_1_7b3022e_1398808729838_576574_5225"/><enumeration classType="Enumeration" humanType="Enumeration" icon="ConceptLibrary_files/icon_enumeration_1045567253.png" name="TriScale" refid="_18_1_3ba019e_1442008135595_207464_7212"/><package classType="Package" humanType="Package" icon="ConceptLibrary_files/icon_package_467146800.png" name="Units" refid="_18_1_3ba019e_1430922058641_219086_8014"/><primitivetype classType="PrimitiveType" humanType="Primitive Type" icon="ConceptLibrary_files/icon_primitivetype_289711450.png" name="Video" refid="_18_1_3ba019e_1430918986078_263068_6660"/></member><name humanName="Name" mode="s,e">Quantities and Units</name><namespace classType="Package" humanName="Namespace" humanType="Package" icon="ConceptLibrary_files/icon_package_467146800.png" name="Concept Library" refid="_18_0_2_3ba019e_1423595478116_73981_6901"/><nestedPackage humanName="Nested Package"><package classType="Package" humanType="Package" icon="ConceptLibrary_files/icon_package_467146800.png" name="Quantity Kinds" refid="_18_1_3ba019e_1430921084191_247434_7082"/><package classType="Package" humanType="Package" icon="ConceptLibrary_files/icon_package_467146800.png" name="Units" refid="_18_1_3ba019e_1430922058641_219086_8014"/></nestedPackage><nestingPackage classType="Package" humanName="Nesting Package" humanType="Package" icon="ConceptLibrary_files/icon_package_467146800.png" name="Concept Library" refid="_18_0_2_3ba019e_1423595478116_73981_6901"/><ownedComment humanName="Owned Comment"><comment classType="Comment" humanType="Comment" icon="ConceptLibrary_files/icon_comment_1609735765.png" refid="_18_0_2_3ba019e_1423860133456_9217_9107"/></ownedComment><ownedDiagram humanName="Owned Diagram"><diagram classType="Diagram" humanType="Diagram" icon="ConceptLibrary_files/icon_Class Diagram_505751443.png" name="Quantities and units" refid="_17_0_5_1_7b3022e_1396735445040_264138_7682"/></ownedDiagram><ownedElement humanName="Owned Element"><comment classType="Comment" humanType="Comment" icon="ConceptLibrary_files/icon_comment_1609735765.png" refid="_18_0_2_3ba019e_1423860133456_9217_9107"/><instancespecification classType="InstanceSpecification" humanType="Instance Specification" icon="ConceptLibrary_files/icon_instancespecification_1746117425.png" name=" : UML Standard Profile::MagicDraw Profile::HyperlinkOwner" refid="_18_2_62501eb_1457117461769_302392_14778"/><association classType="Association" humanType="Association" icon="ConceptLibrary_files/icon_association_1781128159.png" isRelationship="true" name="Association[Concept Library::Time &amp; Temporal Entities::Time Scale - Concept Library::Quantities and Units::Time Coordinate]" refid="_18_4_62501eb_1475246184608_905042_18471"/><primitivetype classType="PrimitiveType" humanType="Primitive Type" icon="ConceptLibrary_files/icon_primitivetype_289711450.png" name="Coded Numeric" refid="_18_4_62501eb_1476114181837_494767_12913"/><class classType="Class" humanType="Class" icon="ConceptLibrary_files/icon_class_1769227988.png" name="Confidence Metric" refid="_18_0_2_3ba019e_1423172402207_124957_12825"/><class classType="Class" humanType="Class" icon="ConceptLibrary_files/icon_class_1769227988.png" name="Count" refid="_17_0_5_1_7b3022e_1398808729938_982899_5400"/><class classType="Class" humanType="Class" icon="ConceptLibrary_files/icon_class_1769227988.png" name="Currency Benefit Metric" refid="_18_0_2_3ba019e_1424893909996_145092_8594"/><generalizationset classType="GeneralizationSet" humanType="Generalization Set" icon="ConceptLibrary_files/icon_generalizationset_346004727.png" name="data structuring" refid="_18_1_3ba019e_1430935591126_609948_9250"/><primitivetype classType="PrimitiveType" humanType="Primitive Type" icon="ConceptLibrary_files/icon_primitivetype_289711450.png" name="Decimal Number" refid="_18_4_62501eb_1480788715193_952545_44369"/><datatype classType="DataType" humanType="Data Type" icon="ConceptLibrary_files/icon_datatype_842422776.png" name="DMS" refid="_18_1_3ba019e_1445279422579_934470_27230"/><class classType="Class" humanType="Class" icon="ConceptLibrary_files/icon_class_1769227988.png" name="Harm-Benefit Metric" refid="_18_0_2_3ba019e_1424893865987_445778_8567"/><primitivetype classType="PrimitiveType" humanType="Primitive Type" icon="ConceptLibrary_files/icon_primitivetype_289711450.png" name="Image" refid="_18_1_3ba019e_1430918986022_158247_6639"/><datatype classType="DataType" humanType="Data Type" icon="ConceptLibrary_files/icon_datatype_842422776.png" name="Measure" refid="_18_1_3ba019e_1430920081113_484597_7026"/><class classType="Class" humanType="Class" icon="ConceptLibrary_files/icon_class_1769227988.png" name="Metric" refid="_17_0_5_1_3ba019e_1407440505391_715735_5650"/><enumeration classType="Enumeration" humanType="Enumeration" icon="ConceptLibrary_files/icon_enumeration_1045567253.png" name="PentaScale" refid="_18_1_3ba019e_1442008112492_708066_7191"/><primitivetype classType="PrimitiveType" humanType="Primitive Type" icon="ConceptLibrary_files/icon_primitivetype_289711450.png" name="Percentage" refid="_18_1_3ba019e_1442009602563_364688_7349"/><class classType="Class" humanType="Class" icon="ConceptLibrary_files/icon_class_1769227988.png" name="Probability Metric" refid="_17_0_5_1_7b3022e_1398808729920_445056_5379"/><diagram classType="Diagram" humanType="Diagram" icon="ConceptLibrary_files/icon_Class Diagram_505751443.png" name="Quantities and units" refid="_17_0_5_1_7b3022e_1396735445040_264138_7682"/><package classType="Package" humanType="Package" icon="ConceptLibrary_files/icon_package_467146800.png" name="Quantity Kinds" refid="_18_1_3ba019e_1430921084191_247434_7082"/><datatype classType="DataType" humanType="Data Type" icon="ConceptLibrary_files/icon_datatype_842422776.png" name="Range" refid="_18_1_3ba019e_1430919801334_355131_6970"/><datatype classType="DataType" humanType="Data Type" icon="ConceptLibrary_files/icon_datatype_842422776.png" name="Scale" refid="_18_1_3ba019e_1442008800955_423387_7273"/><class classType="Class" humanType="Class" icon="ConceptLibrary_files/icon_class_1769227988.png" name="Time Coordinate" refid="_17_0_5_1_7b3022e_1398808729838_576574_5225"/><enumeration classType="Enumeration" humanType="Enumeration" icon="ConceptLibrary_files/icon_enumeration_1045567253.png" name="TriScale" refid="_18_1_3ba019e_1442008135595_207464_7212"/><package classType="Package" humanType="Package" icon="ConceptLibrary_files/icon_package_467146800.png" name="Units" refid="_18_1_3ba019e_1430922058641_219086_8014"/><primitivetype classType="PrimitiveType" humanType="Primitive Type" icon="ConceptLibrary_files/icon_primitivetype_289711450.png" name="Video" refid="_18_1_3ba019e_1430918986078_263068_6660"/></ownedElement><ownedMember humanName="Owned Member"><association classType="Association" humanType="Association" icon="ConceptLibrary_files/icon_association_1781128159.png" isRelationship="true" name="Association[Concept Library::Time &amp; Temporal Entities::Time Scale - Concept Library::Quantities and Units::Time Coordinate]" refid="_18_4_62501eb_1475246184608_905042_18471"/><primitivetype classType="PrimitiveType" humanType="Primitive Type" icon="ConceptLibrary_files/icon_primitivetype_289711450.png" name="Coded Numeric" refid="_18_4_62501eb_1476114181837_494767_12913"/><class classType="Class" humanType="Class" icon="ConceptLibrary_files/icon_class_1769227988.png" name="Confidence Metric" refid="_18_0_2_3ba019e_1423172402207_124957_12825"/><class classType="Class" humanType="Class" icon="ConceptLibrary_files/icon_class_1769227988.png" name="Count" refid="_17_0_5_1_7b3022e_1398808729938_982899_5400"/><class classType="Class" humanType="Class" icon="ConceptLibrary_files/icon_class_1769227988.png" name="Currency Benefit Metric" refid="_18_0_2_3ba019e_1424893909996_145092_8594"/><generalizationset classType="GeneralizationSet" humanType="Generalization Set" icon="ConceptLibrary_files/icon_generalizationset_346004727.png" name="data structuring" refid="_18_1_3ba019e_1430935591126_609948_9250"/><primitivetype classType="PrimitiveType" humanType="Primitive Type" icon="ConceptLibrary_files/icon_primitivetype_289711450.png" name="Decimal Number" refid="_18_4_62501eb_1480788715193_952545_44369"/><datatype classType="DataType" humanType="Data Type" icon="ConceptLibrary_files/icon_datatype_842422776.png" name="DMS" refid="_18_1_3ba019e_1445279422579_934470_27230"/><class classType="Class" humanType="Class" icon="ConceptLibrary_files/icon_class_1769227988.png" name="Harm-Benefit Metric" refid="_18_0_2_3ba019e_1424893865987_445778_8567"/><primitivetype classType="PrimitiveType" humanType="Primitive Type" icon="ConceptLibrary_files/icon_primitivetype_289711450.png" name="Image" refid="_18_1_3ba019e_1430918986022_158247_6639"/><datatype classType="DataType" humanType="Data Type" icon="ConceptLibrary_files/icon_datatype_842422776.png" name="Measure" refid="_18_1_3ba019e_1430920081113_484597_7026"/><class classType="Class" humanType="Class" icon="ConceptLibrary_files/icon_class_1769227988.png" name="Metric" refid="_17_0_5_1_3ba019e_1407440505391_715735_5650"/><enumeration classType="Enumeration" humanType="Enumeration" icon="ConceptLibrary_files/icon_enumeration_1045567253.png" name="PentaScale" refid="_18_1_3ba019e_1442008112492_708066_7191"/><primitivetype classType="PrimitiveType" humanType="Primitive Type" icon="ConceptLibrary_files/icon_primitivetype_289711450.png" name="Percentage" refid="_18_1_3ba019e_1442009602563_364688_7349"/><class classType="Class" humanType="Class" icon="ConceptLibrary_files/icon_class_1769227988.png" name="Probability Metric" refid="_17_0_5_1_7b3022e_1398808729920_445056_5379"/><diagram classType="Diagram" humanType="Diagram" icon="ConceptLibrary_files/icon_Class Diagram_505751443.png" name="Quantities and units" refid="_17_0_5_1_7b3022e_1396735445040_264138_7682"/><package classType="Package" humanType="Package" icon="ConceptLibrary_files/icon_package_467146800.png" name="Quantity Kinds" refid="_18_1_3ba019e_1430921084191_247434_7082"/><datatype classType="DataType" humanType="Data Type" icon="ConceptLibrary_files/icon_datatype_842422776.png" name="Range" refid="_18_1_3ba019e_1430919801334_355131_6970"/><datatype classType="DataType" humanType="Data Type" icon="ConceptLibrary_files/icon_datatype_842422776.png" name="Scale" refid="_18_1_3ba019e_1442008800955_423387_7273"/><class classType="Class" humanType="Class" icon="ConceptLibrary_files/icon_class_1769227988.png" name="Time Coordinate" refid="_17_0_5_1_7b3022e_1398808729838_576574_5225"/><enumeration classType="Enumeration" humanType="Enumeration" icon="ConceptLibrary_files/icon_enumeration_1045567253.png" name="TriScale" refid="_18_1_3ba019e_1442008135595_207464_7212"/><package classType="Package" humanType="Package" icon="ConceptLibrary_files/icon_package_467146800.png" name="Units" refid="_18_1_3ba019e_1430922058641_219086_8014"/><primitivetype classType="PrimitiveType" humanType="Primitive Type" icon="ConceptLibrary_files/icon_primitivetype_289711450.png" name="Video" refid="_18_1_3ba019e_1430918986078_263068_6660"/></ownedMember><ownedType humanName="Owned Type"><association classType="Association" humanType="Association" icon="ConceptLibrary_files/icon_association_1781128159.png" isRelationship="true" name="Association[Concept Library::Time &amp; Temporal Entities::Time Scale - Concept Library::Quantities and Units::Time Coordinate]" refid="_18_4_62501eb_1475246184608_905042_18471"/><primitivetype classType="PrimitiveType" humanType="Primitive Type" icon="ConceptLibrary_files/icon_primitivetype_289711450.png" name="Coded Numeric" refid="_18_4_62501eb_1476114181837_494767_12913"/><class classType="Class" humanType="Class" icon="ConceptLibrary_files/icon_class_1769227988.png" name="Confidence Metric" refid="_18_0_2_3ba019e_1423172402207_124957_12825"/><class classType="Class" humanType="Class" icon="ConceptLibrary_files/icon_class_1769227988.png" name="Count" refid="_17_0_5_1_7b3022e_1398808729938_982899_5400"/><class classType="Class" humanType="Class" icon="ConceptLibrary_files/icon_class_1769227988.png" name="Currency Benefit Metric" refid="_18_0_2_3ba019e_1424893909996_145092_8594"/><primitivetype classType="PrimitiveType" humanType="Primitive Type" icon="ConceptLibrary_files/icon_primitivetype_289711450.png" name="Decimal Number" refid="_18_4_62501eb_1480788715193_952545_44369"/><datatype classType="DataType" humanType="Data Type" icon="ConceptLibrary_files/icon_datatype_842422776.png" name="DMS" refid="_18_1_3ba019e_1445279422579_934470_27230"/><class classType="Class" humanType="Class" icon="ConceptLibrary_files/icon_class_1769227988.png" name="Harm-Benefit Metric" refid="_18_0_2_3ba019e_1424893865987_445778_8567"/><primitivetype classType="PrimitiveType" humanType="Primitive Type" icon="ConceptLibrary_files/icon_primitivetype_289711450.png" name="Image" refid="_18_1_3ba019e_1430918986022_158247_6639"/><datatype classType="DataType" humanType="Data Type" icon="ConceptLibrary_files/icon_datatype_842422776.png" name="Measure" refid="_18_1_3ba019e_1430920081113_484597_7026"/><class classType="Class" humanType="Class" icon="ConceptLibrary_files/icon_class_1769227988.png" name="Metric" refid="_17_0_5_1_3ba019e_1407440505391_715735_5650"/><enumeration classType="Enumeration" humanType="Enumeration" icon="ConceptLibrary_files/icon_enumeration_1045567253.png" name="PentaScale" refid="_18_1_3ba019e_1442008112492_708066_7191"/><primitivetype classType="PrimitiveType" humanType="Primitive Type" icon="ConceptLibrary_files/icon_primitivetype_289711450.png" name="Percentage" refid="_18_1_3ba019e_1442009602563_364688_7349"/><class classType="Class" humanType="Class" icon="ConceptLibrary_files/icon_class_1769227988.png" name="Probability Metric" refid="_17_0_5_1_7b3022e_1398808729920_445056_5379"/><datatype classType="DataType" humanType="Data Type" icon="ConceptLibrary_files/icon_datatype_842422776.png" name="Range" refid="_18_1_3ba019e_1430919801334_355131_6970"/><datatype classType="DataType" humanType="Data Type" icon="ConceptLibrary_files/icon_datatype_842422776.png" name="Scale" refid="_18_1_3ba019e_1442008800955_423387_7273"/><class classType="Class" humanType="Class" icon="ConceptLibrary_files/icon_class_1769227988.png" name="Time Coordinate" refid="_17_0_5_1_7b3022e_1398808729838_576574_5225"/><enumeration classType="Enumeration" humanType="Enumeration" icon="ConceptLibrary_files/icon_enumeration_1045567253.png" name="TriScale" refid="_18_1_3ba019e_1442008135595_207464_7212"/><primitivetype classType="PrimitiveType" humanType="Primitive Type" icon="ConceptLibrary_files/icon_primitivetype_289711450.png" name="Video" refid="_18_1_3ba019e_1430918986078_263068_6660"/></ownedType><owner classType="Package" humanName="Owner" humanType="Package" icon="ConceptLibrary_files/icon_package_467146800.png" mode="s,e" name="Concept Library" refid="_18_0_2_3ba019e_1423595478116_73981_6901"/><owningPackage classType="Package" humanName="Owning Package" humanType="Package" icon="ConceptLibrary_files/icon_package_467146800.png" name="Concept Library" refid="_18_0_2_3ba019e_1423595478116_73981_6901"/><packagedElement humanName="Packaged Element"><association classType="Association" humanType="Association" icon="ConceptLibrary_files/icon_association_1781128159.png" isRelationship="true" name="Association[Concept Library::Time &amp; Temporal Entities::Time Scale - Concept Library::Quantities and Units::Time Coordinate]" refid="_18_4_62501eb_1475246184608_905042_18471"/><primitivetype classType="PrimitiveType" humanType="Primitive Type" icon="ConceptLibrary_files/icon_primitivetype_289711450.png" name="Coded Numeric" refid="_18_4_62501eb_1476114181837_494767_12913"/><class classType="Class" humanType="Class" icon="ConceptLibrary_files/icon_class_1769227988.png" name="Confidence Metric" refid="_18_0_2_3ba019e_1423172402207_124957_12825"/><class classType="Class" humanType="Class" icon="ConceptLibrary_files/icon_class_1769227988.png" name="Count" refid="_17_0_5_1_7b3022e_1398808729938_982899_5400"/><class classType="Class" humanType="Class" icon="ConceptLibrary_files/icon_class_1769227988.png" name="Currency Benefit Metric" refid="_18_0_2_3ba019e_1424893909996_145092_8594"/><generalizationset classType="GeneralizationSet" humanType="Generalization Set" icon="ConceptLibrary_files/icon_generalizationset_346004727.png" name="data structuring" refid="_18_1_3ba019e_1430935591126_609948_9250"/><primitivetype classType="PrimitiveType" humanType="Primitive Type" icon="ConceptLibrary_files/icon_primitivetype_289711450.png" name="Decimal Number" refid="_18_4_62501eb_1480788715193_952545_44369"/><datatype classType="DataType" humanType="Data Type" icon="ConceptLibrary_files/icon_datatype_842422776.png" name="DMS" refid="_18_1_3ba019e_1445279422579_934470_27230"/><class classType="Class" humanType="Class" icon="ConceptLibrary_files/icon_class_1769227988.png" name="Harm-Benefit Metric" refid="_18_0_2_3ba019e_1424893865987_445778_8567"/><primitivetype classType="PrimitiveType" humanType="Primitive Type" icon="ConceptLibrary_files/icon_primitivetype_289711450.png" name="Image" refid="_18_1_3ba019e_1430918986022_158247_6639"/><datatype classType="DataType" humanType="Data Type" icon="ConceptLibrary_files/icon_datatype_842422776.png" name="Measure" refid="_18_1_3ba019e_1430920081113_484597_7026"/><class classType="Class" humanType="Class" icon="ConceptLibrary_files/icon_class_1769227988.png" name="Metric" refid="_17_0_5_1_3ba019e_1407440505391_715735_5650"/><enumeration classType="Enumeration" humanType="Enumeration" icon="ConceptLibrary_files/icon_enumeration_1045567253.png" name="PentaScale" refid="_18_1_3ba019e_1442008112492_708066_7191"/><primitivetype classType="PrimitiveType" humanType="Primitive Type" icon="ConceptLibrary_files/icon_primitivetype_289711450.png" name="Percentage" refid="_18_1_3ba019e_1442009602563_364688_7349"/><class classType="Class" humanType="Class" icon="ConceptLibrary_files/icon_class_1769227988.png" name="Probability Metric" refid="_17_0_5_1_7b3022e_1398808729920_445056_5379"/><package classType="Package" humanType="Package" icon="ConceptLibrary_files/icon_package_467146800.png" name="Quantity Kinds" refid="_18_1_3ba019e_1430921084191_247434_7082"/><datatype classType="DataType" humanType="Data Type" icon="ConceptLibrary_files/icon_datatype_842422776.png" name="Range" refid="_18_1_3ba019e_1430919801334_355131_6970"/><datatype classType="DataType" humanType="Data Type" icon="ConceptLibrary_files/icon_datatype_842422776.png" name="Scale" refid="_18_1_3ba019e_1442008800955_423387_7273"/><class classType="Class" humanType="Class" icon="ConceptLibrary_files/icon_class_1769227988.png" name="Time Coordinate" refid="_17_0_5_1_7b3022e_1398808729838_576574_5225"/><enumeration classType="Enumeration" humanType="Enumeration" icon="ConceptLibrary_files/icon_enumeration_1045567253.png" name="TriScale" refid="_18_1_3ba019e_1442008135595_207464_7212"/><package classType="Package" humanType="Package" icon="ConceptLibrary_files/icon_package_467146800.png" name="Units" refid="_18_1_3ba019e_1430922058641_219086_8014"/><primitivetype classType="PrimitiveType" humanType="Primitive Type" icon="ConceptLibrary_files/icon_primitivetype_289711450.png" name="Video" refid="_18_1_3ba019e_1430918986078_263068_6660"/></packagedElement><qualifiedName humanName="Qualified Name" mode="e">Concept Library::Quantities and Units</qualifiedName><TO_DO humanName="To Do" mode="s,e"/><URI humanName="URI" mode="s,e"/><visibility humanName="Visibility">public</visibility><appearsIn><diagram classType="Diagram" humanType="Diagram" icon="ConceptLibrary_files/icon_Generic Table_1568169108.png" name="Vocabulary" refid="_18_0_2_3ba019e_1418664073699_926094_6665"/><diagram classType="Diagram" humanType="Diagram" icon="ConceptLibrary_files/icon_Class Diagram_505751443.png" name="Federated Concept Library" refid="_18_1_3ba019e_1447081818519_218292_8718"/></appearsIn></package></magicdraw>