<?xml version="1.0" encoding="UTF-8"?><magicdraw><property classType="Property" humanType="Property" icon="ConceptLibrary_files/icon_property_736527975.png" id="_17_0_5_1_3ba019e_1407449431753_699349_9112"><aggregation humanName="Aggregation" mode="s,e">none</aggregation><association classType="AssociationClass" humanName="Association" humanType="Association Class" icon="ConceptLibrary_files/icon_associationclass_1255445356.png" isRelationship="true" name="Perpetrate" refid="_18_4_62501eb_1477174249395_894559_35592"/><documentation humanName="Documentation">The activity performed by a threat actor to cause or contribute to an attack.</documentation><documentation humanName="Documentation" mode="standard">The activity performed by a threat actor to cause or contribute to an attack.</documentation><effectiveIRI humanName="Effective IRI">#perpetrates</effectiveIRI><featuringClassifier classType="AssociationClass" humanName="Featuring Classifier" humanType="Association Class" icon="ConceptLibrary_files/icon_associationclass_1255445356.png" isRelationship="true" name="Perpetrate" refid="_18_4_62501eb_1477174249395_894559_35592"/><isComposite humanName="Is Composite">false</isComposite><isDerived humanName="Is Derived" mode="s,e">false</isDerived><isDerivedUnion humanName="Is Derived Union" mode="e">false</isDerivedUnion><isID humanName="Is ID" mode="e">false</isID><isLeaf humanName="Is Leaf">false</isLeaf><isOrdered humanName="Is Ordered" mode="e">false</isOrdered><isReadOnly humanName="Is Read Only" mode="s,e">false</isReadOnly><isStatic humanName="Is Static" mode="s,e">false</isStatic><isUnique humanName="Is Unique" mode="e">true</isUnique><lower humanName="Lower">0</lower><lowerValue classType="LiteralUnlimitedNatural" humanName="Lower Value" humanType="Literal Unlimited Natural" icon="ConceptLibrary_files/icon_literalunlimitednatural_1122090209.png" name="0" refid="_18_4_62501eb_1477224501019_854002_27165" text="0"/><multiplicity humanName="Multiplicity" mode="s,e">*</multiplicity><multiplicity humanName="Multiplicity" mode="s,e">*</multiplicity><name humanName="Name" mode="s,e">perpetrates</name><namespace classType="AssociationClass" humanName="Namespace" humanType="Association Class" icon="ConceptLibrary_files/icon_associationclass_1255445356.png" isRelationship="true" name="Perpetrate" refid="_18_4_62501eb_1477174249395_894559_35592"/><navigable humanName="Navigable" mode="e">true</navigable><opposite classType="Property" humanName="Opposite" humanType="Property" icon="ConceptLibrary_files/icon_property_736527975.png" name="perpetrator" refid="_17_0_5_1_3ba019e_1407449431753_334426_9113"/><ownedBy classType="AssociationClass" humanName="Owned By" humanType="Association Class" icon="ConceptLibrary_files/icon_associationclass_1255445356.png" isRelationship="true" mode="s,e" name="Perpetrate" refid="_18_4_62501eb_1477174249395_894559_35592"/><ownedComment humanName="Owned Comment"><comment classType="Comment" humanType="Comment" icon="ConceptLibrary_files/icon_comment_1609735765.png" refid="_18_0_2_3ba019e_1423156076822_182099_9287"/></ownedComment><ownedElement humanName="Owned Element"><comment classType="Comment" humanType="Comment" icon="ConceptLibrary_files/icon_comment_1609735765.png" refid="_18_0_2_3ba019e_1423156076822_182099_9287"/><literalunlimitednatural classType="LiteralUnlimitedNatural" humanType="Literal Unlimited Natural" icon="ConceptLibrary_files/icon_literalunlimitednatural_1122090209.png" name="*" refid="_18_2_62501eb_1461019984041_749736_14422" text="*"/><literalunlimitednatural classType="LiteralUnlimitedNatural" humanType="Literal Unlimited Natural" icon="ConceptLibrary_files/icon_literalunlimitednatural_1122090209.png" name="0" refid="_18_4_62501eb_1477224501019_854002_27165" text="0"/></ownedElement><owner classType="AssociationClass" humanName="Owner" humanType="Association Class" icon="ConceptLibrary_files/icon_associationclass_1255445356.png" isRelationship="true" name="Perpetrate" refid="_18_4_62501eb_1477174249395_894559_35592"/><owningAssociation classType="AssociationClass" humanName="Owning Association" humanType="Association Class" icon="ConceptLibrary_files/icon_associationclass_1255445356.png" isRelationship="true" name="Perpetrate" refid="_18_4_62501eb_1477174249395_894559_35592"/><qualifiedName humanName="Qualified Name" mode="e">Threat-risk-conceptual-model::Threat and Risk Specific Concepts::Threat Actors::Perpetrate::perpetrates</qualifiedName><redefinitionContext humanName="Redefinition Context"><associationclass classType="AssociationClass" humanType="Association Class" icon="ConceptLibrary_files/icon_associationclass_1255445356.png" isRelationship="true" name="Perpetrate" refid="_18_4_62501eb_1477174249395_894559_35592"/></redefinitionContext><subsettedProperty humanName="Subsetted Property" mode="e"><property classType="Property" humanType="Property" icon="ConceptLibrary_files/icon_property_736527975.png" name="contributes to" refid="_18_4_62501eb_1477176289786_868209_11829"/><property classType="Property" humanType="Property" icon="ConceptLibrary_files/icon_property_736527975.png" name="performs" refid="_17_0_5_1_7b3022e_1398294235459_158435_6656"/></subsettedProperty><TO_DO humanName="To Do" mode="s,e"/><type classType="Class" humanName="Type" humanType="Class" icon="ConceptLibrary_files/icon_class_1769227988.png" mode="s,e" name="Disruptive Action" refid="_18_2_62501eb_1456445278708_227634_9451"/><TYPE_MODIFIER humanName="Type Modifier" mode="e"/><upper humanName="Upper">-1</upper><upperValue classType="LiteralUnlimitedNatural" humanName="Upper Value" humanType="Literal Unlimited Natural" icon="ConceptLibrary_files/icon_literalunlimitednatural_1122090209.png" name="*" refid="_18_2_62501eb_1461019984041_749736_14422" text="*"/><visibility humanName="Visibility" mode="s,e">public</visibility><appearsIn><diagram classType="Diagram" humanType="Diagram" icon="ConceptLibrary_files/icon_Generic Table_1568169108.png" name="Vocabulary" refid="_18_0_2_3ba019e_1418664073699_926094_6665"/></appearsIn></property></magicdraw>