<?xml version="1.0" encoding="UTF-8"?><magicdraw><generalization classType="Generalization" humanType="Generalization" icon="ConceptLibrary_files/icon_generalization_212232499.png" id="_17_0_5_1_3ba019e_1408378312592_862103_6866"><documentation humanName="Documentation"/><general classType="Class" humanName="General" humanType="Class" icon="ConceptLibrary_files/icon_class_1769227988.png" mode="s,e" name="Pattern" refid="_17_0_4_1_7b3022e_1388872049081_627218_5350"/><isSubstitutable humanName="Is Substitutable">true</isSubstitutable><owner classType="Class" humanName="Owner" humanType="Class" icon="ConceptLibrary_files/icon_class_1769227988.png" mode="s,e" name="Indicator Pattern" refid="_18_0_2_3ba019e_1423353536690_442486_8723"/><relatedElement humanName="Related Element"><class classType="Class" humanType="Class" icon="ConceptLibrary_files/icon_class_1769227988.png" name="Indicator Pattern" refid="_18_0_2_3ba019e_1423353536690_442486_8723"/><class classType="Class" humanType="Class" icon="ConceptLibrary_files/icon_class_1769227988.png" name="Pattern" refid="_17_0_4_1_7b3022e_1388872049081_627218_5350"/></relatedElement><source humanName="Source"><class classType="Class" humanType="Class" icon="ConceptLibrary_files/icon_class_1769227988.png" name="Indicator Pattern" refid="_18_0_2_3ba019e_1423353536690_442486_8723"/></source><specific classType="Class" humanName="Specific" humanType="Class" icon="ConceptLibrary_files/icon_class_1769227988.png" mode="s,e" name="Indicator Pattern" refid="_18_0_2_3ba019e_1423353536690_442486_8723"/><target humanName="Target"><class classType="Class" humanType="Class" icon="ConceptLibrary_files/icon_class_1769227988.png" name="Pattern" refid="_17_0_4_1_7b3022e_1388872049081_627218_5350"/></target><TO_DO humanName="To Do" mode="s,e"/><appearsIn><diagram classType="Diagram" humanType="Diagram" icon="ConceptLibrary_files/icon_Class Diagram_505751443.png" name="Indicator" refid="_17_0_5_1_3ba019e_1408487956094_267630_5468"/></appearsIn></generalization></magicdraw>