<?xml version="1.0" encoding="UTF-8"?><magicdraw><comment classType="Comment" humanType="Comment" icon="ConceptLibrary_files/icon_comment_1609735765.png" id="_17_0_5_1_3ba019e_1408481200333_366443_4454"><annotatedElement humanName="Annotated Element" mode="s,e"><property classType="Property" humanType="Property" icon="ConceptLibrary_files/icon_property_736527975.png" name="initiates" refid="_17_0_5_1_3ba019e_1408481200231_611016_4422"/></annotatedElement><body humanName="Body" mode="s,e">Processes that will occur if the &lt;trigger&gt; process occurs. Consequent.</body><documentation humanName="Documentation"/><owner classType="Property" humanName="Owner" humanType="Property" icon="ConceptLibrary_files/icon_property_736527975.png" mode="s,e" name="initiates" refid="_17_0_5_1_3ba019e_1408481200231_611016_4422"/><owningElement classType="Property" humanName="Owning Element" humanType="Property" icon="ConceptLibrary_files/icon_property_736527975.png" name="initiates" refid="_17_0_5_1_3ba019e_1408481200231_611016_4422"/><TO_DO humanName="To Do" mode="s,e"/></comment></magicdraw>