<?xml version="1.0" encoding="UTF-8"?><magicdraw><class classType="Class" humanType="Class" icon="ConceptLibrary_files/icon_class_412694050.png" id="_17_0_1_2_7b3022e_1333478131876_43931_3354"><allGeneralClassifiers humanName="All General Classifiers"><class classType="Class" humanType="Class" icon="ConceptLibrary_files/icon_class_412694050.png" name="Thing" refid="_17_0_3_7b3022e_1331313031781_359355_5487"/></allGeneralClassifiers><allSpecificClassifiers humanName="All Specific Classifiers"><class classType="Class" humanType="Class" icon="ConceptLibrary_files/icon_class_1769227988.png" name="And Function" refid="_18_5_2_62501eb_1515363290686_854875_10472"/><class classType="Class" humanType="Class" icon="ConceptLibrary_files/icon_class_412694050.png" name="Binary Boolean Function" refid="_18_5_2_62501eb_1515365420181_491299_11142"/><class classType="Class" humanType="Class" icon="ConceptLibrary_files/icon_class_412694050.png" name="Binary Function" refid="_18_5_2_62501eb_1515362445590_651432_10258"/><class classType="Class" humanType="Class" icon="ConceptLibrary_files/icon_class_412694050.png" name="Boolean Function" refid="_18_5_2_62501eb_1515363398407_2962_10570"/><class classType="Class" humanType="Class" icon="ConceptLibrary_files/icon_class_1769227988.png" name="Constant Reference" refid="_17_0_1_2_7b3022e_1333470934122_963736_2560"/><class classType="Class" humanType="Class" icon="ConceptLibrary_files/icon_class_1769227988.png" name="Current Context" refid="_18_5_2_62501eb_1515357443378_888797_9904"/><class classType="Class" humanType="Class" icon="ConceptLibrary_files/icon_class_1769227988.png" name="Equality Function" refid="_18_2_62501eb_1462465979399_325804_6262"/><class classType="Class" humanType="Class" icon="ConceptLibrary_files/icon_class_1769227988.png" name="Function Call" refid="_17_0_4_1_7b3022e_1387668420737_262623_4623"/><class classType="Class" humanType="Class" icon="ConceptLibrary_files/icon_class_1769227988.png" name="Not Function" refid="_18_5_2_62501eb_1515363357607_909467_10533"/><class classType="Class" humanType="Class" icon="ConceptLibrary_files/icon_class_1769227988.png" name="Or Function" refid="_18_5_2_62501eb_1515363310439_259702_10499"/><class classType="Class" humanType="Class" icon="ConceptLibrary_files/icon_class_1769227988.png" name="Traversal" refid="_17_0_4_1_7b3022e_1389392341191_550762_4345"/><class classType="Class" humanType="Class" icon="ConceptLibrary_files/icon_class_1769227988.png" name="Xor Function" refid="_18_5_2_62501eb_1515363707213_108845_10614"/></allSpecificClassifiers><documentation humanName="Documentation">An abstract class representing the computation of a value which is then bound to the context from which it is called. Each expression node has a type of the most general type it can return.

An expression node may reference other elements. Where the other elements are also expression nodes they will be considered part of the referencing expression and evaluated in the context of that expression.

The set of related expression nodes forms a "tree" for evaluation.

All references to an expression node other than as a "Constant Reference" shall return the result of evaluating the expression node. 
An evaluation may be used in place of anything that requires the &lt;resulting type&gt; of the evaluation.

[FIBO] Expression
[UML] Expression</documentation><documentation humanName="Documentation" mode="standard">An abstract class representing the computation of a value which is then bound to the context from which it is called. Each expression node has a type of the most general type it can return.

An expression node may reference other elements. Where the other elements are also expression nodes they will be considered part of the referencing expression and evaluated in the context of that expression.

The set of related expression nodes forms a "tree" for evaluation.

All references to an expression node other than as a "Constant Reference" shall return the result of evaluating the expression node. 
An evaluation may be used in place of anything that requires the &lt;resulting type&gt; of the evaluation.

[FIBO] Expression
[UML] Expression</documentation><effectiveIRI humanName="Effective IRI">https://www.omg.org/spec/SMIF/Expressions#ExpressionNode</effectiveIRI><generalization humanName="Generalization"><generalization classType="Generalization" humanType="Generalization" icon="ConceptLibrary_files/icon_generalization_212232499.png" isRelationship="true" refid="_18_5_2_62501eb_1515363184080_190248_10450"/></generalization><inheritedMember humanName="Inherited Member"><diagram classType="Diagram" humanType="Diagram" icon="ConceptLibrary_files/icon_Class Diagram_505751443.png" name="Thing Detail" refid="_18_4_62501eb_1474827775223_682407_38836"/></inheritedMember><isAbstract humanName="Is Abstract" mode="s,e">true</isAbstract><isActive humanName="Is Active" mode="s,e">false</isActive><isFinalSpecialization humanName="Is Final Specialization" mode="e">false</isFinalSpecialization><isLeaf humanName="Is Leaf" mode="e">false</isLeaf><member humanName="Member"><diagram classType="Diagram" humanType="Diagram" icon="ConceptLibrary_files/icon_Class Diagram_505751443.png" name="Thing Detail" refid="_18_4_62501eb_1474827775223_682407_38836"/></member><name humanName="Name" mode="s,e">Expression Node</name><namespace classType="Package" humanName="Namespace" humanType="Package" icon="ConceptLibrary_files/icon_package_467146800.png" name="Expressions" refid="_17_0_1_2_7b3022e_1333470528250_124901_2116"/><ownedComment humanName="Owned Comment"><comment classType="Comment" humanType="Comment" icon="ConceptLibrary_files/icon_comment_1609735765.png" refid="_17_0_1_2_7b3022e_1333633142668_387755_2009"/></ownedComment><ownedElement humanName="Owned Element"><generalization classType="Generalization" humanType="Generalization" icon="ConceptLibrary_files/icon_generalization_212232499.png" isRelationship="true" refid="_18_5_2_62501eb_1515363184080_190248_10450"/><comment classType="Comment" humanType="Comment" icon="ConceptLibrary_files/icon_comment_1609735765.png" refid="_17_0_1_2_7b3022e_1333633142668_387755_2009"/></ownedElement><owner classType="Package" humanName="Owner" humanType="Package" icon="ConceptLibrary_files/icon_package_467146800.png" mode="s,e" name="Expressions" refid="_17_0_1_2_7b3022e_1333470528250_124901_2116"/><owningPackage classType="Package" humanName="Owning Package" humanType="Package" icon="ConceptLibrary_files/icon_package_467146800.png" name="Expressions" refid="_17_0_1_2_7b3022e_1333470528250_124901_2116"/><package classType="Package" humanName="Package" humanType="Package" icon="ConceptLibrary_files/icon_package_467146800.png" name="Expressions" refid="_17_0_1_2_7b3022e_1333470528250_124901_2116"/><qualifiedName humanName="Qualified Name" mode="e">SMIF Conceptual Model::Expressions::Expression Node</qualifiedName><specificClassifier humanName="Specific Classifier"><class classType="Class" humanType="Class" icon="ConceptLibrary_files/icon_class_412694050.png" name="Binary Function" refid="_18_5_2_62501eb_1515362445590_651432_10258"/><class classType="Class" humanType="Class" icon="ConceptLibrary_files/icon_class_412694050.png" name="Boolean Function" refid="_18_5_2_62501eb_1515363398407_2962_10570"/><class classType="Class" humanType="Class" icon="ConceptLibrary_files/icon_class_1769227988.png" name="Constant Reference" refid="_17_0_1_2_7b3022e_1333470934122_963736_2560"/><class classType="Class" humanType="Class" icon="ConceptLibrary_files/icon_class_1769227988.png" name="Current Context" refid="_18_5_2_62501eb_1515357443378_888797_9904"/><class classType="Class" humanType="Class" icon="ConceptLibrary_files/icon_class_1769227988.png" name="Function Call" refid="_17_0_4_1_7b3022e_1387668420737_262623_4623"/><class classType="Class" humanType="Class" icon="ConceptLibrary_files/icon_class_1769227988.png" name="Traversal" refid="_17_0_4_1_7b3022e_1389392341191_550762_4345"/></specificClassifier><superClass humanName="Super Class"><class classType="Class" humanType="Class" icon="ConceptLibrary_files/icon_class_412694050.png" name="Thing" refid="_17_0_3_7b3022e_1331313031781_359355_5487"/></superClass><TO_DO humanName="To Do" mode="s,e"/><visibility humanName="Visibility" mode="e">public</visibility><appearsIn><diagram classType="Diagram" humanType="Diagram" icon="ConceptLibrary_files/icon_Generic Table_1568169108.png" name="Concept Library Classes" refid="_18_4_1_62501eb_1495298309386_966735_15952"/><diagram classType="Diagram" humanType="Diagram" icon="ConceptLibrary_files/icon_Class Diagram_505751443.png" name="Expressions" refid="_17_0_1_2_7b3022e_1333470540634_416940_2117"/><diagram classType="Diagram" humanType="Diagram" icon="ConceptLibrary_files/icon_Generic Table_1568169108.png" name="SMIF Classes" refid="_18_0_2_3ba019e_1422752494092_767389_8106"/></appearsIn></class></magicdraw>