<?xml version="1.0" encoding="UTF-8"?><magicdraw><association classType="Association" humanType="Association" icon="ConceptLibrary_files/icon_association_685939889.png" id="_17_0_4_1_7b3022e_1387298180920_534909_4883"><allGeneralClassifiers humanName="All General Classifiers"><association classType="Association" humanType="Association" icon="ConceptLibrary_files/icon_association_1781128159.png" isRelationship="true" name="Extent of Context" refid="_17_0_3_7b3022e_1331166276197_185171_2678"/><association classType="Association" humanType="Association" icon="ConceptLibrary_files/icon_association_1781128159.png" isRelationship="true" name="Extent of Type" refid="_17_0_3_7b3022e_1331182663023_774150_3109"/></allGeneralClassifiers><APPLIED_STEREOTYPES humanName="Applied Stereotype"><stereotype classType="Stereotype" humanType="Stereotype" icon="ConceptLibrary_files/icon_stereotype_643587433.png" name="Restriction" refid="_18_4_62501eb_1475863437366_111799_5462"/></APPLIED_STEREOTYPES><appliedStereotype humanName="Applied Stereotype"><stereotype classType="Stereotype" humanType="Stereotype" icon="ConceptLibrary_files/icon_stereotype_643587433.png" name="Restriction" refid="_18_4_62501eb_1475863437366_111799_5462"><property classType="Property" humanName="Base_ Association" humanType="Property" icon="ConceptLibrary_files/icon_property_736527975.png" name="base_Association" refid="_18_4_62501eb_1475870138821_828724_7872"/><property classType="Property" humanName="Base_ Property" humanType="Property" icon="ConceptLibrary_files/icon_property_736527975.png" name="base_Property" refid="_18_4_62501eb_1475863691139_593281_5553"/></stereotype></appliedStereotype><appliedStereotypeInstance classType="InstanceSpecification" humanName="Applied Stereotype Instance" humanType="Instance Specification" icon="ConceptLibrary_files/icon_instancespecification_1746117425.png" name=" : SIMFProfile::SMIF Concept Modeling Profile::Restriction" refid="_18_4_62501eb_1476290968603_57847_20280"/><documentation humanName="Documentation"/><endType humanName="End Type"><class classType="Class" humanType="Class" icon="ConceptLibrary_files/icon_class_1769227988.png" name="Unit Type" refid="_17_0_4_1_7b3022e_1387297045500_715407_4762"/><class classType="Class" humanType="Class" icon="ConceptLibrary_files/icon_class_412694050.png" name="Unit Value" refid="_17_0_5_1_7b3022e_1398808729954_908705_5420"/></endType><feature humanName="Feature"><property classType="Property" humanType="Property" icon="ConceptLibrary_files/icon_property_736527975.png" name=" : SMIF Conceptual Model::Values::Unit Type [1]" refid="_17_0_4_1_7b3022e_1387298180921_956282_4885"/><property classType="Property" humanType="Property" icon="ConceptLibrary_files/icon_property_736527975.png" name=" : SMIF Conceptual Model::Values::Unit Value [*]" refid="_17_0_4_1_7b3022e_1387298180920_201592_4884"/></feature><general humanName="General"><association classType="Association" humanType="Association" icon="ConceptLibrary_files/icon_association_1781128159.png" isRelationship="true" name="Extent of Type" refid="_17_0_3_7b3022e_1331182663023_774150_3109"/></general><generalization humanName="Generalization"><generalization classType="Generalization" humanType="Generalization" icon="ConceptLibrary_files/icon_generalization_212232499.png" isRelationship="true" refid="_17_0_4_1_7b3022e_1387921842430_156579_4929"/></generalization><inheritedMember humanName="Inherited Member"><property classType="Property" humanType="Property" icon="ConceptLibrary_files/icon_property_736527975.png" name="categorizes" refid="_17_0_3_7b3022e_1331182663023_529271_3110"/><property classType="Property" humanType="Property" icon="ConceptLibrary_files/icon_property_736527975.png" name="contextualizes" refid="_17_0_3_7b3022e_1331166276197_310644_2679"/><property classType="Property" humanType="Property" icon="ConceptLibrary_files/icon_property_736527975.png" name="has type" refid="_17_0_3_7b3022e_1331182663024_883830_3111"/><property classType="Property" humanType="Property" icon="ConceptLibrary_files/icon_property_736527975.png" name="in context of" refid="_17_0_3_7b3022e_1331166276198_876163_2680"/></inheritedMember><isAbstract humanName="Is Abstract">false</isAbstract><isDerived humanName="Is Derived">false</isDerived><isFinalSpecialization humanName="Is Final Specialization">false</isFinalSpecialization><isLeaf humanName="Is Leaf">false</isLeaf><member humanName="Member"><property classType="Property" humanType="Property" icon="ConceptLibrary_files/icon_property_736527975.png" name=" : SMIF Conceptual Model::Values::Unit Type [1]" refid="_17_0_4_1_7b3022e_1387298180921_956282_4885"/><property classType="Property" humanType="Property" icon="ConceptLibrary_files/icon_property_736527975.png" name=" : SMIF Conceptual Model::Values::Unit Value [*]" refid="_17_0_4_1_7b3022e_1387298180920_201592_4884"/><property classType="Property" humanType="Property" icon="ConceptLibrary_files/icon_property_736527975.png" name="categorizes" refid="_17_0_3_7b3022e_1331182663023_529271_3110"/><property classType="Property" humanType="Property" icon="ConceptLibrary_files/icon_property_736527975.png" name="contextualizes" refid="_17_0_3_7b3022e_1331166276197_310644_2679"/><property classType="Property" humanType="Property" icon="ConceptLibrary_files/icon_property_736527975.png" name="has type" refid="_17_0_3_7b3022e_1331182663024_883830_3111"/><property classType="Property" humanType="Property" icon="ConceptLibrary_files/icon_property_736527975.png" name="in context of" refid="_17_0_3_7b3022e_1331166276198_876163_2680"/></member><memberEnd humanName="Member End"><property classType="Property" humanType="Property" icon="ConceptLibrary_files/icon_property_736527975.png" name=" : SMIF Conceptual Model::Values::Unit Type [1]" refid="_17_0_4_1_7b3022e_1387298180921_956282_4885"/><property classType="Property" humanType="Property" icon="ConceptLibrary_files/icon_property_736527975.png" name=" : SMIF Conceptual Model::Values::Unit Value [*]" refid="_17_0_4_1_7b3022e_1387298180920_201592_4884"/></memberEnd><name humanName="Name" mode="s,e"/><namespace classType="Package" humanName="Namespace" humanType="Package" icon="ConceptLibrary_files/icon_package_467146800.png" name="Values" refid="_17_0_3_7b3022e_1331220249743_973130_3512"/><ownedElement humanName="Owned Element"><generalization classType="Generalization" humanType="Generalization" icon="ConceptLibrary_files/icon_generalization_212232499.png" isRelationship="true" refid="_17_0_4_1_7b3022e_1387921842430_156579_4929"/><instancespecification classType="InstanceSpecification" humanType="Instance Specification" icon="ConceptLibrary_files/icon_instancespecification_1746117425.png" name=" : SIMFProfile::SMIF Concept Modeling Profile::Restriction" refid="_18_4_62501eb_1476290968603_57847_20280"/><property classType="Property" humanType="Property" icon="ConceptLibrary_files/icon_property_736527975.png" name=" : SMIF Conceptual Model::Values::Unit Type [1]" refid="_17_0_4_1_7b3022e_1387298180921_956282_4885"/><property classType="Property" humanType="Property" icon="ConceptLibrary_files/icon_property_736527975.png" name=" : SMIF Conceptual Model::Values::Unit Value [*]" refid="_17_0_4_1_7b3022e_1387298180920_201592_4884"/></ownedElement><ownedEnd humanName="Owned End"><property classType="Property" humanType="Property" icon="ConceptLibrary_files/icon_property_736527975.png" name=" : SMIF Conceptual Model::Values::Unit Type [1]" refid="_17_0_4_1_7b3022e_1387298180921_956282_4885"/><property classType="Property" humanType="Property" icon="ConceptLibrary_files/icon_property_736527975.png" name=" : SMIF Conceptual Model::Values::Unit Value [*]" refid="_17_0_4_1_7b3022e_1387298180920_201592_4884"/></ownedEnd><ownedMember humanName="Owned Member"><property classType="Property" humanType="Property" icon="ConceptLibrary_files/icon_property_736527975.png" name=" : SMIF Conceptual Model::Values::Unit Type [1]" refid="_17_0_4_1_7b3022e_1387298180921_956282_4885"/><property classType="Property" humanType="Property" icon="ConceptLibrary_files/icon_property_736527975.png" name=" : SMIF Conceptual Model::Values::Unit Value [*]" refid="_17_0_4_1_7b3022e_1387298180920_201592_4884"/></ownedMember><owner classType="Package" humanName="Owner" humanType="Package" icon="ConceptLibrary_files/icon_package_467146800.png" mode="s,e" name="Values" refid="_17_0_3_7b3022e_1331220249743_973130_3512"/><owningPackage classType="Package" humanName="Owning Package" humanType="Package" icon="ConceptLibrary_files/icon_package_467146800.png" name="Values" refid="_17_0_3_7b3022e_1331220249743_973130_3512"/><package classType="Package" humanName="Package" humanType="Package" icon="ConceptLibrary_files/icon_package_467146800.png" name="Values" refid="_17_0_3_7b3022e_1331220249743_973130_3512"/><qualifiedName humanName="Qualified Name" mode="e">SMIF Conceptual Model::Values::</qualifiedName><relatedElement humanName="Related Element"><class classType="Class" humanType="Class" icon="ConceptLibrary_files/icon_class_1769227988.png" name="Unit Type" refid="_17_0_4_1_7b3022e_1387297045500_715407_4762"/><class classType="Class" humanType="Class" icon="ConceptLibrary_files/icon_class_412694050.png" name="Unit Value" refid="_17_0_5_1_7b3022e_1398808729954_908705_5420"/></relatedElement><TO_DO humanName="To Do"/><visibility humanName="Visibility" mode="s,e">public</visibility><appearsIn><diagram classType="Diagram" humanType="Diagram" icon="ConceptLibrary_files/icon_Generic Table_1568169108.png" name="SMIF Associations" refid="_18_2_62501eb_1462313084237_705601_5981"/><diagram classType="Diagram" humanType="Diagram" icon="ConceptLibrary_files/icon_Class Diagram_505751443.png" name="Values" refid="_17_0_3_7b3022e_1331181493475_379852_2791"/></appearsIn></association></magicdraw>