<?xml version="1.0" encoding="UTF-8"?><magicdraw><generalization classType="Generalization" humanType="Generalization" icon="ConceptLibrary_files/icon_generalization_212232499.png" id="_17_0_4_1_7b3022e_1389478314286_989976_3940"><documentation humanName="Documentation"/><general classType="Class" humanName="General" humanType="Class" icon="ConceptLibrary_files/icon_class_1769227988.png" mode="s,e" name="Function Type" refid="_17_0_1_2_7b3022e_1333470581249_607366_2491"/><isSubstitutable humanName="Is Substitutable">true</isSubstitutable><owner classType="Class" humanName="Owner" humanType="Class" icon="ConceptLibrary_files/icon_class_1769227988.png" mode="s,e" name="Object Operation Type" refid="_17_0_4_1_7b3022e_1389478293981_846248_3919"/><relatedElement humanName="Related Element"><class classType="Class" humanType="Class" icon="ConceptLibrary_files/icon_class_1769227988.png" name="Function Type" refid="_17_0_1_2_7b3022e_1333470581249_607366_2491"/><class classType="Class" humanType="Class" icon="ConceptLibrary_files/icon_class_1769227988.png" name="Object Operation Type" refid="_17_0_4_1_7b3022e_1389478293981_846248_3919"/></relatedElement><source humanName="Source"><class classType="Class" humanType="Class" icon="ConceptLibrary_files/icon_class_1769227988.png" name="Object Operation Type" refid="_17_0_4_1_7b3022e_1389478293981_846248_3919"/></source><specific classType="Class" humanName="Specific" humanType="Class" icon="ConceptLibrary_files/icon_class_1769227988.png" mode="s,e" name="Object Operation Type" refid="_17_0_4_1_7b3022e_1389478293981_846248_3919"/><target humanName="Target"><class classType="Class" humanType="Class" icon="ConceptLibrary_files/icon_class_1769227988.png" name="Function Type" refid="_17_0_1_2_7b3022e_1333470581249_607366_2491"/></target><TO_DO humanName="To Do" mode="s,e"/><appearsIn><diagram classType="Diagram" humanType="Diagram" icon="ConceptLibrary_files/icon_Class Diagram_505751443.png" name="Expressions" refid="_17_0_1_2_7b3022e_1333470540634_416940_2117"/></appearsIn></generalization></magicdraw>