<?xml version="1.0" encoding="UTF-8"?><magicdraw><class classType="Class" humanType="Class" icon="ConceptLibrary_files/icon_class_1769227988.png" id="_17_0_5_1_3ba019e_1407439004201_844828_4243"><allGeneralClassifiers humanName="All General Classifiers"><class classType="Class" humanType="Class" icon="ConceptLibrary_files/icon_class_1769227988.png" name="Consequence" refid="_17_0_5_1_3ba019e_1407439004191_348666_4226"/><class classType="Class" humanType="Class" icon="ConceptLibrary_files/icon_class_412694050.png" name="Context" refid="_17_0_3_7b3022e_1331164829050_871772_2449"/><class classType="Class" humanType="Class" icon="ConceptLibrary_files/icon_class_1769227988.png" name="Entity" refid="_17_0_3_7b3022e_1331156499953_68666_1704"/><class classType="Class" humanType="Class" icon="ConceptLibrary_files/icon_class_1769227988.png" name="Lexical Context" refid="_17_0_4_1_7b3022e_1387036440058_58622_4050"/><class classType="Class" humanType="Class" icon="ConceptLibrary_files/icon_class_1769227988.png" name="Lexical Scope" refid="_18_4_1_62501eb_1502394944731_837726_9021"/><class classType="Class" humanType="Class" icon="ConceptLibrary_files/icon_class_412694050.png" name="Proposition" refid="_18_2_62501eb_1462460603792_169037_6216"/><class classType="Class" humanType="Class" icon="ConceptLibrary_files/icon_class_1769227988.png" name="Scoped Context" refid="_18_5_3_62501eb_1527086128974_510931_15787"/><class classType="Class" humanType="Class" icon="ConceptLibrary_files/icon_class_412694050.png" name="Situation" refid="_18_1_3ba019e_1430349228247_211772_4675"/><class classType="Class" humanType="Class" icon="ConceptLibrary_files/icon_class_412694050.png" name="Thing" refid="_17_0_3_7b3022e_1331313031781_359355_5487"/><class classType="Class" humanType="Class" icon="ConceptLibrary_files/icon_class_1769227988.png" name="Undesirable Situation" refid="_18_0_2_3ba019e_1423003367305_105313_6272"/></allGeneralClassifiers><allSpecificClassifiers humanName="All Specific Classifiers"><associationclass classType="AssociationClass" humanType="Association Class" icon="ConceptLibrary_files/icon_associationclass_1255445356.png" isRelationship="true" name="Harms Resource" refid="_18_4_62501eb_1477185212613_382793_15674"/><associationclass classType="AssociationClass" humanType="Association Class" icon="ConceptLibrary_files/icon_associationclass_1255445356.png" isRelationship="true" name="Harms Victim" refid="_18_4_62501eb_1477185680150_640049_17046"/></allSpecificClassifiers><APPLIED_STEREOTYPES humanName="Applied Stereotype" mode="s,e"><stereotype classType="Stereotype" humanType="Stereotype" icon="ConceptLibrary_files/icon_stereotype_643587433.png" name="HyperlinkOwner" refid="_9_0_be00301_1108044563999_784946_1"/></APPLIED_STEREOTYPES><appliedStereotype humanName="Applied Stereotype" mode="s,e"><stereotype classType="Stereotype" humanType="Stereotype" icon="ConceptLibrary_files/icon_stereotype_643587433.png" name="HyperlinkOwner" refid="_9_0_be00301_1108044563999_784946_1"><property classType="Property" humanType="Property" icon="ConceptLibrary_files/icon_property_736527975.png" name="base_Element" refid="_10_0EAPbeta_be00301_1123081772148_910751_285"/><property classType="Property" humanType="Property" icon="ConceptLibrary_files/icon_property_736527975.png" name="base_Element" refid="_10_0EAPbeta_be00301_1123081772098_411862_275"/><property classType="Property" humanName="Element/Symbol" humanType="Property" icon="ConceptLibrary_files/icon_property_736527975.png" name="hyperlinkModel" refid="_622020d_1063089736320_890266_3"><diagram classType="Diagram" humanType="Diagram" icon="ConceptLibrary_files/icon_Class Diagram_505751443.png" name="Harm" refid="_18_4_62501eb_1477187018197_266231_19475"/><diagram classType="Diagram" humanType="Diagram" icon="ConceptLibrary_files/icon_Class Diagram_505751443.png" name="Objectives" refid="_17_0_5_1_3ba019e_1407440322801_298598_5399"/><diagram classType="Diagram" humanType="Diagram" icon="ConceptLibrary_files/icon_Class Diagram_505751443.png" name="Undesirable Situations" refid="_18_4_62501eb_1477177472775_513597_14552"/></property><property classType="Property" humanName="Active Hyperlink" humanType="Property" icon="ConceptLibrary_files/icon_property_736527975.png" name="hyperlinkModelActive" refid="_622020d_1063089736320_73815_4"><diagram classType="Diagram" humanType="Diagram" icon="ConceptLibrary_files/icon_Class Diagram_505751443.png" name="Undesirable Situations" refid="_18_4_62501eb_1477177472775_513597_14552"/></property><property classType="Property" humanName="File/WEB_PAGE" humanType="Property" icon="ConceptLibrary_files/icon_property_736527975.png" name="hyperlinkText" refid="_622020d_1063089736310_884303_1"/><property classType="Property" humanName="Active Hyperlink" humanType="Property" icon="ConceptLibrary_files/icon_property_736527975.png" name="hyperlinkTextActive" refid="_622020d_1063089736310_68488_2"/></stereotype></appliedStereotype><appliedStereotypeInstance classType="InstanceSpecification" humanName="Applied Stereotype Instance" humanType="Instance Specification" icon="ConceptLibrary_files/icon_instancespecification_1746117425.png" name=" : UML Standard Profile::MagicDraw Profile::HyperlinkOwner" refid="_18_0_2_3ba019e_1423257994187_104293_10465"/><documentation humanName="Documentation">Harm is a consequence of a situation that negatively impacts the objectives of stakeholders and therefore has negative desirability for those stakeholders. 
[Firesmith 2003] Harm is a negative impact associated with an asset. Harm is due to an accident when dealing with safety requirements, is due to an attack when dealing with security requirements, and may be due to both accidents and attacks when dealing with survivability requirements. 
[NIEM] Injury (More specific concept - Person specific).</documentation><documentation humanName="Documentation" mode="standard">Harm is a consequence of a situation that negatively impacts the objectives of stakeholders and therefore has negative desirability for those stakeholders. 
[Firesmith 2003] Harm is a negative impact associated with an asset. Harm is due to an accident when dealing with safety requirements, is due to an attack when dealing with security requirements, and may be due to both accidents and attacks when dealing with survivability requirements. 
[NIEM] Injury (More specific concept - Person specific).</documentation><effectiveIRI humanName="Effective IRI">#Harm</effectiveIRI><generalization humanName="Generalization"><generalization classType="Generalization" humanType="Generalization" icon="ConceptLibrary_files/icon_generalization_212232499.png" isRelationship="true" refid="_17_0_5_1_3ba019e_1407439006126_196100_4561"/><generalization classType="Generalization" humanType="Generalization" icon="ConceptLibrary_files/icon_generalization_212232499.png" isRelationship="true" refid="_18_1_3ba019e_1442610377031_759274_7340"/></generalization><inheritedMember humanName="Inherited Member"><diagram classType="Diagram" humanType="Diagram" icon="ConceptLibrary_files/icon_Class Diagram_505751443.png" name="Context Detail" refid="_18_1_3ba019e_1430749149449_614203_5109"/><property classType="Property" humanType="Property" icon="ConceptLibrary_files/icon_property_736527975.png" name="degree of affect" refid="_17_0_5_1_3ba019e_1407439006145_107660_4585"/><property classType="Property" humanType="Property" icon="ConceptLibrary_files/icon_property_736527975.png" name="desirability" refid="_17_0_5_1_3ba019e_1407439006146_963438_4587"/><diagram classType="Diagram" humanType="Diagram" icon="ConceptLibrary_files/icon_Class Diagram_505751443.png" name="Impact Detail" refid="_17_0_5_1_3ba019e_1407439006127_453074_4563"/><property classType="Property" humanType="Property" icon="ConceptLibrary_files/icon_property_736527975.png" name="impact measure" refid="_17_0_5_1_3ba019e_1407439006147_131287_4588"/><diagram classType="Diagram" humanType="Diagram" icon="ConceptLibrary_files/icon_Class Diagram_505751443.png" name="Proposition Detail" refid="_18_4_62501eb_1476372124532_248366_8882"/><property classType="Property" humanType="Property" icon="ConceptLibrary_files/icon_property_736527975.png" name="severity" refid="_18_0_2_3ba019e_1423004491965_185804_6417"/><diagram classType="Diagram" humanType="Diagram" icon="ConceptLibrary_files/icon_Class Diagram_505751443.png" name="Thing Detail" refid="_18_4_62501eb_1474827775223_682407_38836"/></inheritedMember><isAbstract humanName="Is Abstract" mode="s,e">false</isAbstract><isActive humanName="Is Active" mode="s,e">false</isActive><isFinalSpecialization humanName="Is Final Specialization" mode="e">false</isFinalSpecialization><isLeaf humanName="Is Leaf" mode="e">false</isLeaf><member humanName="Member"><diagram classType="Diagram" humanType="Diagram" icon="ConceptLibrary_files/icon_Class Diagram_505751443.png" name="Context Detail" refid="_18_1_3ba019e_1430749149449_614203_5109"/><property classType="Property" humanType="Property" icon="ConceptLibrary_files/icon_property_736527975.png" name="degree of affect" refid="_17_0_5_1_3ba019e_1407439006145_107660_4585"/><property classType="Property" humanType="Property" icon="ConceptLibrary_files/icon_property_736527975.png" name="desirability" refid="_17_0_5_1_3ba019e_1407439006146_963438_4587"/><diagram classType="Diagram" humanType="Diagram" icon="ConceptLibrary_files/icon_Class Diagram_505751443.png" name="Harm" refid="_18_4_62501eb_1477187018197_266231_19475"/><diagram classType="Diagram" humanType="Diagram" icon="ConceptLibrary_files/icon_Class Diagram_505751443.png" name="Impact Detail" refid="_17_0_5_1_3ba019e_1407439006127_453074_4563"/><property classType="Property" humanType="Property" icon="ConceptLibrary_files/icon_property_736527975.png" name="impact measure" refid="_17_0_5_1_3ba019e_1407439006147_131287_4588"/><diagram classType="Diagram" humanType="Diagram" icon="ConceptLibrary_files/icon_Class Diagram_505751443.png" name="Proposition Detail" refid="_18_4_62501eb_1476372124532_248366_8882"/><constraint classType="Constraint" humanType="Constraint" icon="ConceptLibrary_files/icon_constraint_648358364.png" name="risky" refid="_17_0_5_1_3ba019e_1407439006231_577928_4669"/><property classType="Property" humanType="Property" icon="ConceptLibrary_files/icon_property_736527975.png" name="severity" refid="_18_0_2_3ba019e_1423004491965_185804_6417"/><diagram classType="Diagram" humanType="Diagram" icon="ConceptLibrary_files/icon_Class Diagram_505751443.png" name="Thing Detail" refid="_18_4_62501eb_1474827775223_682407_38836"/></member><name humanName="Name" mode="s,e">Harm</name><namespace classType="Package" humanName="Namespace" humanType="Package" icon="ConceptLibrary_files/icon_package_467146800.png" name="Undesirable Situations" refid="_18_0_2_3ba019e_1423174100879_251173_13098"/><ownedComment humanName="Owned Comment"><comment classType="Comment" humanType="Comment" icon="ConceptLibrary_files/icon_comment_1609735765.png" refid="_17_0_5_1_3ba019e_1407439006231_261277_4670"/></ownedComment><ownedDiagram humanName="Owned Diagram"><diagram classType="Diagram" humanType="Diagram" icon="ConceptLibrary_files/icon_Class Diagram_505751443.png" name="Harm" refid="_18_4_62501eb_1477187018197_266231_19475"/></ownedDiagram><ownedElement humanName="Owned Element"><generalization classType="Generalization" humanType="Generalization" icon="ConceptLibrary_files/icon_generalization_212232499.png" isRelationship="true" refid="_17_0_5_1_3ba019e_1407439006126_196100_4561"/><generalization classType="Generalization" humanType="Generalization" icon="ConceptLibrary_files/icon_generalization_212232499.png" isRelationship="true" refid="_18_1_3ba019e_1442610377031_759274_7340"/><comment classType="Comment" humanType="Comment" icon="ConceptLibrary_files/icon_comment_1609735765.png" refid="_17_0_5_1_3ba019e_1407439006231_261277_4670"/><instancespecification classType="InstanceSpecification" humanType="Instance Specification" icon="ConceptLibrary_files/icon_instancespecification_1746117425.png" name=" : UML Standard Profile::MagicDraw Profile::HyperlinkOwner" refid="_18_0_2_3ba019e_1423257994187_104293_10465"/><diagram classType="Diagram" humanType="Diagram" icon="ConceptLibrary_files/icon_Class Diagram_505751443.png" name="Harm" refid="_18_4_62501eb_1477187018197_266231_19475"/><constraint classType="Constraint" humanType="Constraint" icon="ConceptLibrary_files/icon_constraint_648358364.png" name="risky" refid="_17_0_5_1_3ba019e_1407439006231_577928_4669"/></ownedElement><ownedMember humanName="Owned Member"><diagram classType="Diagram" humanType="Diagram" icon="ConceptLibrary_files/icon_Class Diagram_505751443.png" name="Harm" refid="_18_4_62501eb_1477187018197_266231_19475"/><constraint classType="Constraint" humanType="Constraint" icon="ConceptLibrary_files/icon_constraint_648358364.png" name="risky" refid="_17_0_5_1_3ba019e_1407439006231_577928_4669"/></ownedMember><ownedRule humanName="Owned Rule"><constraint classType="Constraint" humanType="Constraint" icon="ConceptLibrary_files/icon_constraint_648358364.png" name="risky" refid="_17_0_5_1_3ba019e_1407439006231_577928_4669"/></ownedRule><owner classType="Package" humanName="Owner" humanType="Package" icon="ConceptLibrary_files/icon_package_467146800.png" mode="s,e" name="Undesirable Situations" refid="_18_0_2_3ba019e_1423174100879_251173_13098"/><owningPackage classType="Package" humanName="Owning Package" humanType="Package" icon="ConceptLibrary_files/icon_package_467146800.png" name="Undesirable Situations" refid="_18_0_2_3ba019e_1423174100879_251173_13098"/><package classType="Package" humanName="Package" humanType="Package" icon="ConceptLibrary_files/icon_package_467146800.png" name="Undesirable Situations" refid="_18_0_2_3ba019e_1423174100879_251173_13098"/><qualifiedName humanName="Qualified Name" mode="e">Threat-risk-conceptual-model::Threat and Risk Specific Concepts::Undesirable Situations::Harm</qualifiedName><specificClassifier humanName="Specific Classifier"><associationclass classType="AssociationClass" humanType="Association Class" icon="ConceptLibrary_files/icon_associationclass_1255445356.png" isRelationship="true" name="Harms Resource" refid="_18_4_62501eb_1477185212613_382793_15674"/></specificClassifier><superClass humanName="Super Class"><class classType="Class" humanType="Class" icon="ConceptLibrary_files/icon_class_1769227988.png" name="Consequence" refid="_17_0_5_1_3ba019e_1407439004191_348666_4226"/><class classType="Class" humanType="Class" icon="ConceptLibrary_files/icon_class_1769227988.png" name="Undesirable Situation" refid="_18_0_2_3ba019e_1423003367305_105313_6272"/></superClass><TO_DO humanName="To Do" mode="s,e"/><visibility humanName="Visibility" mode="e">public</visibility><appearsIn><diagram classType="Diagram" humanType="Diagram" icon="ConceptLibrary_files/icon_Class Diagram_505751443.png" name="Objectives" refid="_18_4_1_62501eb_1496756995888_981263_14625"/><diagram classType="Diagram" humanType="Diagram" icon="ConceptLibrary_files/icon_Generic Table_1568169108.png" name="Threat &amp; Risk Classes" refid="_18_0_2_3ba019e_1423943641982_180424_6129"/><diagram classType="Diagram" humanType="Diagram" icon="ConceptLibrary_files/icon_Generic Table_1568169108.png" name="Vocabulary" refid="_18_0_2_3ba019e_1418664073699_926094_6665"/><diagram classType="Diagram" humanType="Diagram" icon="ConceptLibrary_files/icon_Class Diagram_505751443.png" name="Harm" refid="_18_4_62501eb_1477187018197_266231_19475"/><diagram classType="Diagram" humanType="Diagram" icon="ConceptLibrary_files/icon_Class Diagram_505751443.png" name="Harm Source" refid="_18_4_62501eb_1477188608920_340128_22145"/><diagram classType="Diagram" humanType="Diagram" icon="ConceptLibrary_files/icon_Class Diagram_505751443.png" name="Harms Victim" refid="_18_4_62501eb_1477185711365_262091_17235"/><diagram classType="Diagram" humanType="Diagram" icon="ConceptLibrary_files/icon_Class Diagram_505751443.png" name="Undesirable Situations" refid="_18_4_62501eb_1477177472775_513597_14552"/><diagram classType="Diagram" humanType="Diagram" icon="ConceptLibrary_files/icon_Class Diagram_505751443.png" name="Incident" refid="_17_0_5_1_3ba019e_1407453289831_314439_12200"/><diagram classType="Diagram" humanType="Diagram" icon="ConceptLibrary_files/icon_Class Diagram_505751443.png" name="Failure" refid="_18_4_1_62501eb_1486763122395_696141_14551"/><diagram classType="Diagram" humanType="Diagram" icon="ConceptLibrary_files/icon_Class Diagram_505751443.png" name="Danger" refid="_18_4_62501eb_1477238353112_275858_27373"/><diagram classType="Diagram" humanType="Diagram" icon="ConceptLibrary_files/icon_Class Diagram_505751443.png" name="Risk Objectives" refid="_18_4_1_62501eb_1495292007647_555699_13646"/><diagram classType="Diagram" humanType="Diagram" icon="ConceptLibrary_files/icon_Class Diagram_505751443.png" name="Harms Resource" refid="_18_4_62501eb_1477178275771_484411_15458"/><diagram classType="Diagram" humanType="Diagram" icon="ConceptLibrary_files/icon_Class Diagram_505751443.png" name="Impact Categories" refid="_18_2_62501eb_1460991783508_453741_9058"/></appearsIn></class></magicdraw>