<?xml version="1.0" encoding="UTF-8"?><magicdraw><property classType="Property" humanType="Property" icon="ConceptLibrary_files/icon_property_736527975.png" id="_17_0_5_1_3ba019e_1407439006229_678898_4665"><aggregation humanName="Aggregation" mode="s,e">none</aggregation><association classType="Association" humanName="Association" humanType="Association" icon="ConceptLibrary_files/icon_association_1781128159.png" isRelationship="true" name="Association[Concept Library::Objectives::Consequence - Concept Library::Objectives::Objective]" refid="_17_0_5_1_3ba019e_1407439004203_353108_4247"/><documentation humanName="Documentation"/><documentation humanName="Documentation" mode="standard"/><effectiveIRI humanName="Effective IRI"/><featuringClassifier classType="Association" humanName="Featuring Classifier" humanType="Association" icon="ConceptLibrary_files/icon_association_1781128159.png" isRelationship="true" name="Association[Concept Library::Objectives::Consequence - Concept Library::Objectives::Objective]" refid="_17_0_5_1_3ba019e_1407439004203_353108_4247"/><isComposite humanName="Is Composite">false</isComposite><isDerived humanName="Is Derived" mode="s,e">false</isDerived><isDerivedUnion humanName="Is Derived Union" mode="e">false</isDerivedUnion><isID humanName="Is ID" mode="e">false</isID><isLeaf humanName="Is Leaf">false</isLeaf><isOrdered humanName="Is Ordered" mode="e">false</isOrdered><isReadOnly humanName="Is Read Only" mode="s,e">false</isReadOnly><isStatic humanName="Is Static" mode="s,e">false</isStatic><isUnique humanName="Is Unique" mode="e">true</isUnique><lower humanName="Lower">1</lower><multiplicity humanName="Multiplicity" mode="s,e"/><multiplicity humanName="Multiplicity" mode="s,e"/><name humanName="Name" mode="s,e"/><namespace classType="Association" humanName="Namespace" humanType="Association" icon="ConceptLibrary_files/icon_association_1781128159.png" isRelationship="true" name="Association[Concept Library::Objectives::Consequence - Concept Library::Objectives::Objective]" refid="_17_0_5_1_3ba019e_1407439004203_353108_4247"/><navigable humanName="Navigable" mode="e">true</navigable><opposite classType="Property" humanName="Opposite" humanType="Property" icon="ConceptLibrary_files/icon_property_736527975.png" name=" : Concept Library::Objectives::Objective [1..*]" refid="_17_0_5_1_3ba019e_1407439006147_83945_4589"/><ownedBy classType="Association" humanName="Owned By" humanType="Association" icon="ConceptLibrary_files/icon_association_1781128159.png" isRelationship="true" mode="s,e" name="Association[Concept Library::Objectives::Consequence - Concept Library::Objectives::Objective]" refid="_17_0_5_1_3ba019e_1407439004203_353108_4247"/><ownedComment humanName="Owned Comment"><comment classType="Comment" humanType="Comment" icon="ConceptLibrary_files/icon_comment_1609735765.png" refid="_17_0_5_1_3ba019e_1407439006332_773329_4815"/></ownedComment><ownedElement humanName="Owned Element"><comment classType="Comment" humanType="Comment" icon="ConceptLibrary_files/icon_comment_1609735765.png" refid="_17_0_5_1_3ba019e_1407439006332_773329_4815"/></ownedElement><owner classType="Association" humanName="Owner" humanType="Association" icon="ConceptLibrary_files/icon_association_1781128159.png" isRelationship="true" name="Association[Concept Library::Objectives::Consequence - Concept Library::Objectives::Objective]" refid="_17_0_5_1_3ba019e_1407439004203_353108_4247"/><owningAssociation classType="Association" humanName="Owning Association" humanType="Association" icon="ConceptLibrary_files/icon_association_1781128159.png" isRelationship="true" name="Association[Concept Library::Objectives::Consequence - Concept Library::Objectives::Objective]" refid="_17_0_5_1_3ba019e_1407439004203_353108_4247"/><qualifiedName humanName="Qualified Name" mode="e">Concept Library::Objectives::::</qualifiedName><redefinitionContext humanName="Redefinition Context"><association classType="Association" humanType="Association" icon="ConceptLibrary_files/icon_association_1781128159.png" isRelationship="true" name="Association[Concept Library::Objectives::Consequence - Concept Library::Objectives::Objective]" refid="_17_0_5_1_3ba019e_1407439004203_353108_4247"/></redefinitionContext><subsettedProperty humanName="Subsetted Property" mode="e"><property classType="Property" humanType="Property" icon="ConceptLibrary_files/icon_property_736527975.png" name="impacted by" refid="_17_0_5_1_3ba019e_1407451343330_730152_9247"/></subsettedProperty><TO_DO humanName="To Do" mode="s,e"/><type classType="Class" humanName="Type" humanType="Class" icon="ConceptLibrary_files/icon_class_1769227988.png" mode="s,e" name="Consequence" refid="_17_0_5_1_3ba019e_1407439004191_348666_4226"/><TYPE_MODIFIER humanName="Type Modifier" mode="e"/><upper humanName="Upper">1</upper><visibility humanName="Visibility" mode="s,e">public</visibility><appearsIn><diagram classType="Diagram" humanType="Diagram" icon="ConceptLibrary_files/icon_Generic Table_1568169108.png" name="Vocabulary" refid="_18_0_2_3ba019e_1418664073699_926094_6665"/></appearsIn></property></magicdraw>