<?xml version="1.0" encoding="UTF-8"?><magicdraw><literalinteger classType="LiteralInteger" humanType="Literal Integer" icon="ConceptLibrary_files/icon_literalinteger_1147158688.png" id="_17_0_4_1_7b3022e_1388785004396_595291_4688"><documentation humanName="Documentation"/><name humanName="Name"/><owner classType="Property" humanName="Owner" humanType="Property" icon="ConceptLibrary_files/icon_property_736527975.png" mode="e" name="minimum number" refid="_17_0_1_2_7b3022e_1332888034845_70181_5073"/><owningLower classType="Property" humanName="Owning Lower" humanType="Property" icon="ConceptLibrary_files/icon_property_736527975.png" name="minimum number" refid="_17_0_1_2_7b3022e_1332888034845_70181_5073"/><qualifiedName humanName="Qualified Name">SMIF Conceptual Model::Constraints::Multiplicity Constraint::minimum number::</qualifiedName><text humanName="Text" mode="standard">0</text><TO_DO humanName="To Do"/><TYPE_MODIFIER humanName="Type Modifier"/><value humanName="Value" mode="s,e">0</value><visibility humanName="Visibility">public</visibility></literalinteger></magicdraw>