<?xml version="1.0" encoding="UTF-8"?><magicdraw><comment classType="Comment" humanType="Comment" icon="ConceptLibrary_files/icon_comment_1609735765.png" id="_17_0_5_1_3ba019e_1407439006231_261277_4670"><annotatedElement humanName="Annotated Element" mode="s,e"><class classType="Class" humanType="Class" icon="ConceptLibrary_files/icon_class_1769227988.png" name="Harm" refid="_17_0_5_1_3ba019e_1407439004201_844828_4243"/></annotatedElement><body humanName="Body" mode="s,e">Harm is a consequence of a situation that negatively impacts the objectives of stakeholders and therefore has negative desirability for those stakeholders. 
[Firesmith 2003] Harm is a negative impact associated with an asset. Harm is due to an accident when dealing with safety requirements, is due to an attack when dealing with security requirements, and may be due to both accidents and attacks when dealing with survivability requirements. 
[NIEM] Injury (More specific concept - Person specific).</body><documentation humanName="Documentation"/><owner classType="Class" humanName="Owner" humanType="Class" icon="ConceptLibrary_files/icon_class_1769227988.png" mode="s,e" name="Harm" refid="_17_0_5_1_3ba019e_1407439004201_844828_4243"/><owningElement classType="Class" humanName="Owning Element" humanType="Class" icon="ConceptLibrary_files/icon_class_1769227988.png" name="Harm" refid="_17_0_5_1_3ba019e_1407439004201_844828_4243"/><TO_DO humanName="To Do" mode="s,e"/></comment></magicdraw>