<?xml version="1.0" encoding="UTF-8"?><magicdraw><diagram classType="Diagram" diagramType="Class Diagram" height="672" humanType="Diagram" icon="ConceptLibrary_files/icon_Class Diagram_505751443.png" id="_17_0_3_7b3022e_1331156482756_874223_1661" src="ConceptLibrary_files/_17_0_3_7b3022e_1331156482756_874223_1661.png" width="837"><APPLIED_STEREOTYPES humanName="Applied Stereotype" mode="s,e"><stereotype classType="Stereotype" humanType="Stereotype" icon="ConceptLibrary_files/icon_stereotype_643587433.png" name="DiagramInfo" refid="_9_0_be00301_1108044380615_150487_0"/></APPLIED_STEREOTYPES><appliedStereotype humanName="Applied Stereotype" mode="s,e"><stereotype classType="Stereotype" humanType="Stereotype" icon="ConceptLibrary_files/icon_stereotype_643587433.png" name="DiagramInfo" refid="_9_0_be00301_1108044380615_150487_0"><property classType="Property" humanName="Author" humanType="Property" icon="ConceptLibrary_files/icon_property_736527975.png" name="Author" refid="_be00301_1077726770128_871366_1"><String>Cory-c</String></property><property classType="Property" humanName="Base_ Diagram" humanType="Property" icon="ConceptLibrary_files/icon_property_736527975.png" name="base_Diagram" refid="_10_0EAPbeta_be00301_1123081772498_901864_356"/><property classType="Property" humanName="Base_ Element" humanType="Property" icon="ConceptLibrary_files/icon_property_736527975.png" name="base_Element" refid="_10_0EAPbeta_be00301_1123081772098_411862_275"/><property classType="Property" humanName="Creation Date" humanType="Property" icon="ConceptLibrary_files/icon_property_736527975.png" name="Creation date" refid="_be00301_1073306188629_537791_2"><String>3/7/12 4:41 PM</String></property><property classType="Property" humanName="Last modified by" humanType="Property" icon="ConceptLibrary_files/icon_property_736527975.png" name="Last modified by" refid="_16_8beta_8ca0285_1257244649124_794756_344"><String>cory-</String></property><property classType="Property" humanName="Modification Date" humanType="Property" icon="ConceptLibrary_files/icon_property_736527975.png" name="Modification date" refid="_be00301_1073394345322_922552_1"><String>5/23/18 11:48 AM</String></property></stereotype></appliedStereotype><appliedStereotypeInstance classType="InstanceSpecification" humanName="Applied Stereotype Instance" humanType="Instance Specification" icon="ConceptLibrary_files/icon_instancespecification_1746117425.png" name=" : UML Standard Profile::MagicDraw Profile::DiagramInfo" refid="_17_0_3_7b3022e_1331156482763_465124_1673"/><documentation humanName="Documentation"/><map><area isNotContentShape="false" name="Property categorizes" refid="_17_0_3_7b3022e_1331182663023_529271_3110" shape="rect" type="0"><point x="376" y="20"/><point x="387" y="20"/><point x="387" y="31"/><point x="376" y="31"/></area><area isNotContentShape="false" name="Property has type" refid="_17_0_3_7b3022e_1331182663024_883830_3111" shape="rect" type="0"><point x="168" y="333"/><point x="179" y="333"/><point x="179" y="344"/><point x="168" y="344"/></area><area isNotContentShape="false" name="Property" refid="_18_3_62501eb_1473878056340_310203_6486" shape="rect" type="0"><point x="519" y="107"/><point x="530" y="107"/><point x="530" y="118"/><point x="519" y="118"/></area><area isNotContentShape="false" name="Property" refid="_18_3_62501eb_1473878056340_666080_6487" shape="rect" type="0"><point x="714" y="424"/><point x="725" y="424"/><point x="725" y="435"/><point x="714" y="435"/></area><area isNotContentShape="false" name="Property holds within" refid="_18_1_3ba019e_1430749398733_626292_5554" shape="rect" type="0"><point x="313" y="240"/><point x="324" y="240"/><point x="324" y="251"/><point x="313" y="251"/></area><area isNotContentShape="false" name="Property asserts" refid="_18_1_3ba019e_1430749398732_327565_5553" shape="rect" type="0"><point x="320" y="188"/><point x="331" y="188"/><point x="331" y="199"/><point x="320" y="199"/></area><area isNotContentShape="false" name="Property has subtype" refid="_18_4_1_62501eb_1508607036599_324058_7974" shape="rect" type="0"><point x="122" y="333"/><point x="133" y="333"/><point x="133" y="344"/><point x="122" y="344"/></area><area isNotContentShape="false" name="Property has supertype" refid="_18_4_1_62501eb_1508607036598_945204_7973" shape="rect" type="0"><point x="103" y="366"/><point x="114" y="366"/><point x="114" y="377"/><point x="103" y="377"/></area><area isNotContentShape="false" name="Property negated within" refid="_18_4_62501eb_1478031089963_358407_14940" shape="rect" type="0"><point x="421" y="240"/><point x="432" y="240"/><point x="432" y="251"/><point x="421" y="251"/></area><area isNotContentShape="false" name="Property negates" refid="_18_4_62501eb_1478031089963_640948_14939" shape="rect" type="0"><point x="414" y="188"/><point x="425" y="188"/><point x="425" y="199"/><point x="414" y="199"/></area><area isNotContentShape="false" name="Property contextualizes" refid="_17_0_3_7b3022e_1331166276197_310644_2679" shape="rect" type="0"><point x="376" y="62"/><point x="387" y="62"/><point x="387" y="73"/><point x="376" y="73"/></area><area isNotContentShape="false" name="Property in context of" refid="_17_0_3_7b3022e_1331166276198_876163_2680" shape="rect" type="0"><point x="306" y="296"/><point x="317" y="296"/><point x="317" y="307"/><point x="306" y="307"/></area><area isNotContentShape="false" name="Property asserts" refid="_18_1_3ba019e_1430749398732_327565_5553" shape="rect" type="0"><point x="283" y="178"/><point x="328" y="178"/><point x="328" y="191"/><point x="283" y="191"/></area><area isNotContentShape="false" name="Property negates" refid="_18_4_62501eb_1478031089963_640948_14939" shape="rect" type="0"><point x="417" y="178"/><point x="464" y="178"/><point x="464" y="191"/><point x="417" y="191"/></area><area isNotContentShape="false" name="Property has type" refid="_17_0_3_7b3022e_1331182663024_883830_3111" shape="rect" type="0"><point x="180" y="315"/><point x="230" y="315"/><point x="230" y="328"/><point x="180" y="328"/></area><area isNotContentShape="false" name="Property categorizes" refid="_17_0_3_7b3022e_1331182663023_529271_3110" shape="rect" type="0"><point x="319" y="10"/><point x="384" y="10"/><point x="384" y="23"/><point x="319" y="23"/></area><area isNotContentShape="false" name="Property holds within" refid="_18_1_3ba019e_1430749398733_626292_5554" shape="rect" type="0"><point x="253" y="252"/><point x="319" y="252"/><point x="319" y="265"/><point x="253" y="265"/></area><area isNotContentShape="false" name="Property has subtype" refid="_18_4_1_62501eb_1508607036599_324058_7974" shape="rect" type="0"><point x="57" y="328"/><point x="125" y="328"/><point x="125" y="341"/><point x="57" y="341"/></area><area isNotContentShape="false" name="Property in context of" refid="_17_0_3_7b3022e_1331166276198_876163_2680" shape="rect" type="0"><point x="246" y="286"/><point x="314" y="286"/><point x="314" y="299"/><point x="246" y="299"/></area><area isNotContentShape="false" name="Property has supertype" refid="_18_4_1_62501eb_1508607036598_945204_7973" shape="rect" type="0"><point x="33" y="374"/><point x="111" y="374"/><point x="111" y="387"/><point x="33" y="387"/></area><area isNotContentShape="false" name="Property contextualizes" refid="_17_0_3_7b3022e_1331166276197_310644_2679" shape="rect" type="0"><point x="306" y="52"/><point x="384" y="52"/><point x="384" y="65"/><point x="306" y="65"/></area><area isNotContentShape="false" name="Property negated within" refid="_18_4_62501eb_1478031089963_358407_14940" shape="rect" type="0"><point x="421" y="252"/><point x="500" y="252"/><point x="500" y="265"/><point x="421" y="265"/></area><area isNotContentShape="false" name="Generalization" refid="_17_0_4_1_7b3022e_1389479279509_33406_4018" shape="poly" type="0"><point x="601" y="521"/><point x="601" y="538"/><point x="599" y="540"/><point x="599" y="523"/></area><area isNotContentShape="false" name="Generalization" refid="_17_0_4_2_7b3022e_1390427715513_141039_4621" shape="poly" type="0"><point x="520" y="521"/><point x="520" y="538"/><point x="518" y="540"/><point x="518" y="523"/></area><area isNotContentShape="false" name="Generalization" refid="_18_3_62501eb_1464992336010_568518_6352" shape="poly" type="0"><point x="174" y="521"/><point x="174" y="538"/><point x="172" y="540"/><point x="172" y="523"/></area><area isNotContentShape="false" name="Generalization" refid="_18_4_62501eb_1478272711342_699310_8897" shape="poly" type="0"><point x="319" y="521"/><point x="319" y="538"/><point x="317" y="540"/><point x="317" y="523"/></area><area isNotContentShape="false" name="Generalization" refid="_18_4_62501eb_1480627143878_783179_7387" shape="poly" type="0"><point x="415" y="521"/><point x="415" y="538"/><point x="413" y="540"/><point x="413" y="523"/></area><area isNotContentShape="false" name="Generalization" refid="_17_0_3_7b3022e_1331313107086_814681_5529" shape="poly" type="0"><point x="454" y="76"/><point x="454" y="97"/><point x="452" y="99"/><point x="452" y="78"/></area><area isNotContentShape="false" name="Generalization" refid="_18_2_62501eb_1455059194170_773875_4635" shape="poly" type="0"><point x="394" y="591"/><point x="394" y="615"/><point x="392" y="617"/><point x="392" y="593"/></area><area isNotContentShape="false" name="Generalization" refid="_18_1_3ba019e_1430257803024_915897_5392" shape="poly" type="0"><point x="713" y="591"/><point x="713" y="615"/><point x="711" y="617"/><point x="711" y="593"/></area><area isNotContentShape="false" name="Generalization" refid="_18_4_62501eb_1474756260763_366040_34197" shape="poly" type="0"><point x="545" y="591"/><point x="545" y="615"/><point x="543" y="617"/><point x="543" y="593"/></area><area isNotContentShape="false" name="Generalization" refid="_18_4_62501eb_1474921913887_784801_22120" shape="poly" type="0"><point x="373" y="591"/><point x="373" y="615"/><point x="371" y="617"/><point x="371" y="593"/></area><area isNotContentShape="false" name="Generalization" refid="_18_5_3_62501eb_1524339188415_802291_7817" shape="poly" type="0"><point x="253" y="591"/><point x="253" y="615"/><point x="251" y="617"/><point x="251" y="593"/></area><area isNotContentShape="false" name="Generalization" refid="_18_0_2_3ba019e_1422746034825_438932_7534" shape="poly" type="0"><point x="527" y="405"/><point x="527" y="433"/><point x="525" y="435"/><point x="525" y="407"/></area><area isNotContentShape="false" name="Generalization" refid="_18_1_3ba019e_1430756486702_97715_6802" shape="poly" type="0"><point x="292" y="405"/><point x="292" y="433"/><point x="290" y="435"/><point x="290" y="407"/></area><area isNotContentShape="false" name="Generalization" refid="_18_1_3ba019e_1430756750725_916894_6841" shape="poly" type="0"><point x="392" y="405"/><point x="392" y="433"/><point x="390" y="435"/><point x="390" y="407"/></area><area isNotContentShape="false" name="Generalization" refid="_18_2_62501eb_1455132131168_454785_5624" shape="poly" type="0"><point x="161" y="405"/><point x="161" y="433"/><point x="159" y="435"/><point x="159" y="407"/></area><area isNotContentShape="false" name="Generalization" refid="_18_3_62501eb_1473877958947_332821_6480" shape="poly" type="0"><point x="671" y="405"/><point x="671" y="433"/><point x="669" y="435"/><point x="669" y="407"/></area><area isNotContentShape="false" name="Generalization" refid="_18_2_62501eb_1462461776205_622961_6282" shape="poly" type="0"><point x="363" y="150"/><point x="363" y="178"/><point x="361" y="180"/><point x="361" y="152"/></area><area isNotContentShape="false" name="Generalization" refid="_18_4_62501eb_1474814492330_150102_34717" shape="poly" type="0"><point x="54" y="405"/><point x="54" y="433"/><point x="52" y="435"/><point x="52" y="407"/></area><area isNotContentShape="false" name="Generalization" refid="_18_5_3_62501eb_1527086142428_190736_15815" shape="poly" type="0"><point x="370" y="258"/><point x="370" y="286"/><point x="368" y="288"/><point x="368" y="260"/></area><area isNotContentShape="false" name="Generalization" refid="_17_0_5_1_7b3022e_1398810226254_352807_6061" shape="poly" type="0"><point x="602" y="150"/><point x="602" y="181"/><point x="600" y="183"/><point x="600" y="152"/></area><area isNotContentShape="false" name="Generalization" refid="_18_4_1_62501eb_1494606878948_212458_8400" shape="poly" type="0"><point x="370" y="202"/><point x="370" y="234"/><point x="368" y="236"/><point x="368" y="204"/></area><area isNotContentShape="false" name="Generalization" refid="_18_5_3_62501eb_1527086150913_849161_15818" shape="poly" type="0"><point x="370" y="310"/><point x="370" y="342"/><point x="368" y="344"/><point x="368" y="312"/></area><area isNotContentShape="false" name="Association Assertion" refid="_18_1_3ba019e_1430749398732_339012_5552" shape="poly" type="0"><point x="331" y="192"/><point x="286" y="192"/><point x="286" y="244"/><point x="324" y="244"/><point x="322" y="246"/><point x="284" y="246"/><point x="284" y="194"/><point x="329" y="194"/></area><area isNotContentShape="false" name="Association Negation" refid="_18_4_62501eb_1478031089963_839243_14938" shape="poly" type="0"><point x="415" y="192"/><point x="464" y="192"/><point x="464" y="244"/><point x="422" y="244"/><point x="420" y="246"/><point x="462" y="246"/><point x="462" y="194"/><point x="413" y="194"/></area><area isNotContentShape="false" name="Generalization" refid="_18_4_62501eb_1475615052854_295176_16022" shape="poly" type="0"><point x="226" y="405"/><point x="226" y="475"/><point x="224" y="477"/><point x="224" y="407"/></area><area isNotContentShape="false" name="Generalization" refid="_17_0_3_7b3022e_1331213883872_999009_3463" shape="poly" type="0"><point x="226" y="148"/><point x="174" y="76"/><point x="172" y="78"/><point x="224" y="150"/></area><area isNotContentShape="false" name="Generalization" refid="_18_3_62501eb_1464992319718_516501_6328" shape="poly" type="0"><point x="142" y="457"/><point x="142" y="538"/><point x="140" y="540"/><point x="140" y="459"/></area><area isNotContentShape="false" name="Association Generalization" refid="_18_5_3_62501eb_1520876618428_66756_8053" shape="poly" type="0"><point x="114" y="370"/><point x="114" y="374"/><point x="37" y="374"/><point x="37" y="304"/><point x="128" y="304"/><point x="128" y="342"/><point x="126" y="344"/><point x="126" y="306"/><point x="35" y="306"/><point x="35" y="376"/><point x="112" y="376"/><point x="112" y="372"/></area><area isNotContentShape="false" name="Dependency" refid="_18_4_62501eb_1480459587287_720134_21350" shape="poly" type="0"><point x="520" y="356"/><point x="601" y="356"/><point x="601" y="205"/><point x="599" y="207"/><point x="599" y="358"/><point x="518" y="358"/></area><area isNotContentShape="false" name="Association Extent of Context" refid="_17_0_3_7b3022e_1331166276197_185171_2678" shape="poly" type="0"><point x="387" y="66"/><point x="226" y="66"/><point x="226" y="300"/><point x="317" y="300"/><point x="315" y="302"/><point x="224" y="302"/><point x="224" y="68"/><point x="385" y="68"/></area><area isNotContentShape="false" name="Association Extent of Type" refid="_17_0_3_7b3022e_1331182663023_774150_3109" shape="poly" type="0"><point x="387" y="24"/><point x="174" y="24"/><point x="174" y="342"/><point x="172" y="344"/><point x="172" y="26"/><point x="385" y="26"/></area><area isNotContentShape="false" name="Association" refid="_18_3_62501eb_1473878056340_12332_6485" shape="poly" type="0"><point x="520" y="111"/><point x="720" y="111"/><point x="720" y="433"/><point x="718" y="435"/><point x="718" y="113"/><point x="518" y="113"/></area><area isNotContentShape="false" name="Class Role Type" refid="_17_0_4_1_7b3022e_1389191958859_78146_8140" shape="rect" type="0"><point x="498" y="539"/><point x="560" y="539"/><point x="560" y="564"/><point x="498" y="564"/></area><area isNotContentShape="false" name="Class Facet Type" refid="_18_0_2_3ba019e_1422746005897_267910_7507" shape="rect" type="0"><point x="491" y="434"/><point x="562" y="434"/><point x="562" y="459"/><point x="491" y="459"/></area><area isNotContentShape="false" name="Class Entity Type" refid="_18_3_62501eb_1473877923428_756982_6439" shape="rect" type="0"><point x="659" y="434"/><point x="730" y="434"/><point x="730" y="459"/><point x="659" y="459"/></area><area isNotContentShape="false" name="Class Phase Type" refid="_17_0_4_1_7b3022e_1389479262852_199293_3996" shape="rect" type="0"><point x="582" y="539"/><point x="654" y="539"/><point x="654" y="564"/><point x="582" y="564"/></area><area isNotContentShape="false" name="Class Union Type" refid="_18_1_3ba019e_1430756737301_270309_6817" shape="rect" type="0"><point x="351" y="434"/><point x="432" y="434"/><point x="432" y="459"/><point x="351" y="459"/></area><area isNotContentShape="false" name="Class Value Type" refid="_18_2_62501eb_1455132121248_399046_5600" shape="rect" type="0"><point x="120" y="434"/><point x="201" y="434"/><point x="201" y="459"/><point x="120" y="459"/></area><area isNotContentShape="false" name="Class Actual Entity" refid="_18_4_62501eb_1474742369274_834660_32276" shape="rect" type="0"><point x="561" y="182"/><point x="642" y="182"/><point x="642" y="207"/><point x="561" y="207"/></area><area isNotContentShape="false" name="Class Proposition" refid="_18_2_62501eb_1462460603792_169037_6216" shape="rect" type="0"><point x="330" y="179"/><point x="415" y="179"/><point x="415" y="204"/><point x="330" y="204"/></area><area isNotContentShape="false" name="Class Category Type" refid="_18_4_62501eb_1480627135838_502421_7359" shape="rect" type="0"><point x="386" y="539"/><point x="474" y="539"/><point x="474" y="564"/><point x="386" y="564"/></area><area isNotContentShape="false" name="Class Property Type" refid="_18_2_62501eb_1460131846814_348374_8871" shape="rect" type="0"><point x="22" y="434"/><point x="111" y="434"/><point x="111" y="459"/><point x="22" y="459"/></area><area isNotContentShape="false" name="Class Context" refid="_17_0_3_7b3022e_1331164829050_871772_2449" shape="rect" type="0"><point x="323" y="235"/><point x="422" y="235"/><point x="422" y="260"/><point x="323" y="260"/></area><area isNotContentShape="false" name="Class Pattern" refid="_17_0_4_1_7b3022e_1388872049081_627218_5350" shape="rect" type="0"><point x="638" y="616"/><point x="737" y="616"/><point x="737" y="650"/><point x="638" y="650"/></area><area isNotContentShape="false" name="Class Association Type" refid="_18_4_62501eb_1478272520812_871948_8425" shape="rect" type="0"><point x="267" y="539"/><point x="370" y="539"/><point x="370" y="564"/><point x="267" y="564"/></area><area isNotContentShape="false" name="Class Intersection Type" refid="_18_1_3ba019e_1430756473109_244573_6778" shape="rect" type="0"><point x="239" y="434"/><point x="344" y="434"/><point x="344" y="459"/><point x="239" y="459"/></area><area isNotContentShape="false" name="Class Scoped Context" refid="_18_5_3_62501eb_1527086128974_510931_15787" shape="rect" type="0"><point x="316" y="287"/><point x="422" y="287"/><point x="422" y="312"/><point x="316" y="312"/></area><area isNotContentShape="false" name="Class Relationship Type" refid="_18_2_62501eb_1455059185133_581077_4611" shape="rect" type="0"><point x="337" y="616"/><point x="450" y="616"/><point x="450" y="641"/><point x="337" y="641"/></area><area isNotContentShape="false" name="Class Characteristic Type" refid="_18_4_62501eb_1474479414974_611482_9764" shape="rect" type="0"><point x="470" y="616"/><point x="585" y="616"/><point x="585" y="641"/><point x="470" y="641"/></area><area isNotContentShape="false" name="Class Entity" refid="_17_0_3_7b3022e_1331156499953_68666_1704" shape="rect" type="0"><point x="393" y="98"/><point x="520" y="98"/><point x="520" y="127"/><point x="393" y="127"/></area><area isNotContentShape="false" name="Class Property Owner Type" refid="_18_4_62501eb_1474827090705_485497_38285" shape="rect" type="0"><point x="155" y="476"/><point x="282" y="476"/><point x="282" y="501"/><point x="155" y="501"/></area><area isNotContentShape="false" name="Class Structured Value Type" refid="_18_3_62501eb_1464992303345_629488_6304" shape="rect" type="0"><point x="127" y="539"/><point x="258" y="539"/><point x="258" y="564"/><point x="127" y="564"/></area><area isNotContentShape="false" name="Class Binary Association Type" refid="_18_5_3_62501eb_1524339174347_908719_7789" shape="rect" type="0"><point x="183" y="616"/><point x="323" y="616"/><point x="323" y="641"/><point x="183" y="641"/></area><area isNotContentShape="false" name="Class Thing" refid="_17_0_3_7b3022e_1331313031781_359355_5487" shape="rect" type="0"><point x="386" y="7"/><point x="527" y="7"/><point x="527" y="78"/><point x="386" y="78"/></area><area isNotContentShape="false" name="Class Type" refid="_17_0_3_7b3022e_1331156699146_272050_1846" shape="rect" type="0"><point x="113" y="343"/><point x="520" y="343"/><point x="520" y="372"/><point x="113" y="372"/></area></map><name humanName="Name" mode="s,e">Types</name><namespace classType="Package" humanName="Namespace" humanType="Package" icon="ConceptLibrary_files/icon_package_467146800.png" name="Types" refid="_17_0_3_7b3022e_1331156461403_893550_1660"/><ownedElement humanName="Owned Element"><instancespecification classType="InstanceSpecification" humanType="Instance Specification" icon="ConceptLibrary_files/icon_instancespecification_1746117425.png" name=" : UML Standard Profile::MagicDraw Profile::DiagramInfo" refid="_17_0_3_7b3022e_1331156482763_465124_1673"/></ownedElement><owner classType="Package" humanName="Owner" humanType="Package" icon="ConceptLibrary_files/icon_package_467146800.png" mode="s,e" name="Types" refid="_17_0_3_7b3022e_1331156461403_893550_1660"/><ownerOfDiagram classType="Package" humanName="Owner Of Diagram" humanType="Package" icon="ConceptLibrary_files/icon_package_467146800.png" name="Types" refid="_17_0_3_7b3022e_1331156461403_893550_1660"/><qualifiedName humanName="Qualified Name" mode="e">SMIF Conceptual Model::Types::Types</qualifiedName><TO_DO humanName="To Do" mode="s,e"/><DIAGRAM_TYPE_DERIVED_PROPERTY humanName="Type">Class Diagram</DIAGRAM_TYPE_DERIVED_PROPERTY><visibility humanName="Visibility">public</visibility></diagram></magicdraw>