<?xml version="1.0" encoding="UTF-8"?><magicdraw><property classType="Property" humanType="Property" icon="ConceptLibrary_files/icon_property_736527975.png" id="_17_0_5_1_3ba019e_1408662345207_750073_4966"><aggregation humanName="Aggregation" mode="s,e">none</aggregation><APPLIED_STEREOTYPES humanName="Applied Stereotype" mode="s,e"><stereotype classType="Stereotype" humanType="Stereotype" icon="ConceptLibrary_files/icon_stereotype_643587433.png" name="Sufficient" refid="_18_2_62501eb_1463077095321_210189_4567"/></APPLIED_STEREOTYPES><appliedStereotype humanName="Applied Stereotype" mode="s,e"><stereotype classType="Stereotype" humanType="Stereotype" icon="ConceptLibrary_files/icon_stereotype_643587433.png" name="Sufficient" refid="_18_2_62501eb_1463077095321_210189_4567"><property classType="Property" humanName="Base_ Generalization" humanType="Property" icon="ConceptLibrary_files/icon_property_736527975.png" name="base_Generalization" refid="_18_5_3_62501eb_1526241716526_232770_7316"/><property classType="Property" humanName="Base_ Property" humanType="Property" icon="ConceptLibrary_files/icon_property_736527975.png" name="base_Property" refid="_18_2_62501eb_1463077114778_761056_4595"/></stereotype></appliedStereotype><appliedStereotypeInstance classType="InstanceSpecification" humanName="Applied Stereotype Instance" humanType="Instance Specification" icon="ConceptLibrary_files/icon_instancespecification_1746117425.png" name=" : SIMFProfile::SMIF Concept Modeling Profile::Sufficient" refid="_18_4_62501eb_1476382615937_925900_38755"/><association classType="AssociationClass" humanName="Association" humanType="Association Class" icon="ConceptLibrary_files/icon_associationclass_1255445356.png" isRelationship="true" name="Usage" refid="_18_4_62501eb_1476380351583_626527_37221"/><documentation humanName="Documentation">A process or actual occurrence that is used by a resource for the resource to fulfill its function.</documentation><documentation humanName="Documentation" mode="standard">A process or actual occurrence that is used by a resource for the resource to fulfill its function.</documentation><effectiveIRI humanName="Effective IRI"/><featuringClassifier classType="AssociationClass" humanName="Featuring Classifier" humanType="Association Class" icon="ConceptLibrary_files/icon_associationclass_1255445356.png" isRelationship="true" name="Usage" refid="_18_4_62501eb_1476380351583_626527_37221"/><isComposite humanName="Is Composite">false</isComposite><isDerived humanName="Is Derived" mode="s,e">false</isDerived><isDerivedUnion humanName="Is Derived Union" mode="e">false</isDerivedUnion><isID humanName="Is ID" mode="e">false</isID><isLeaf humanName="Is Leaf">false</isLeaf><isOrdered humanName="Is Ordered" mode="e">false</isOrdered><isReadOnly humanName="Is Read Only" mode="s,e">false</isReadOnly><isStatic humanName="Is Static" mode="s,e">false</isStatic><isUnique humanName="Is Unique" mode="e">true</isUnique><lower humanName="Lower">0</lower><lowerValue classType="LiteralUnlimitedNatural" humanName="Lower Value" humanType="Literal Unlimited Natural" icon="ConceptLibrary_files/icon_literalunlimitednatural_1122090209.png" name="0" refid="_18_4_62501eb_1476973852712_51221_20539" text="0"/><multiplicity humanName="Multiplicity" mode="s,e">*</multiplicity><multiplicity humanName="Multiplicity" mode="s,e">*</multiplicity><name humanName="Name" mode="s,e">used by</name><namespace classType="AssociationClass" humanName="Namespace" humanType="Association Class" icon="ConceptLibrary_files/icon_associationclass_1255445356.png" isRelationship="true" name="Usage" refid="_18_4_62501eb_1476380351583_626527_37221"/><navigable humanName="Navigable" mode="e">true</navigable><opposite classType="Property" humanName="Opposite" humanType="Property" icon="ConceptLibrary_files/icon_property_736527975.png" name="uses" refid="_17_0_5_1_3ba019e_1408662345207_917390_4965"/><ownedBy classType="AssociationClass" humanName="Owned By" humanType="Association Class" icon="ConceptLibrary_files/icon_associationclass_1255445356.png" isRelationship="true" mode="s,e" name="Usage" refid="_18_4_62501eb_1476380351583_626527_37221"/><ownedComment humanName="Owned Comment"><comment classType="Comment" humanType="Comment" icon="ConceptLibrary_files/icon_comment_1609735765.png" refid="_18_0_2_3ba019e_1423860310774_834685_9110"/></ownedComment><ownedElement humanName="Owned Element"><comment classType="Comment" humanType="Comment" icon="ConceptLibrary_files/icon_comment_1609735765.png" refid="_18_0_2_3ba019e_1423860310774_834685_9110"/><instancespecification classType="InstanceSpecification" humanType="Instance Specification" icon="ConceptLibrary_files/icon_instancespecification_1746117425.png" name=" : SIMFProfile::SMIF Concept Modeling Profile::Sufficient" refid="_18_4_62501eb_1476382615937_925900_38755"/><literalunlimitednatural classType="LiteralUnlimitedNatural" humanType="Literal Unlimited Natural" icon="ConceptLibrary_files/icon_literalunlimitednatural_1122090209.png" name="*" refid="_18_2_62501eb_1461015114713_588742_12622" text="*"/><literalunlimitednatural classType="LiteralUnlimitedNatural" humanType="Literal Unlimited Natural" icon="ConceptLibrary_files/icon_literalunlimitednatural_1122090209.png" name="0" refid="_18_4_62501eb_1476973852712_51221_20539" text="0"/></ownedElement><owner classType="AssociationClass" humanName="Owner" humanType="Association Class" icon="ConceptLibrary_files/icon_associationclass_1255445356.png" isRelationship="true" name="Usage" refid="_18_4_62501eb_1476380351583_626527_37221"/><owningAssociation classType="AssociationClass" humanName="Owning Association" humanType="Association Class" icon="ConceptLibrary_files/icon_associationclass_1255445356.png" isRelationship="true" name="Usage" refid="_18_4_62501eb_1476380351583_626527_37221"/><qualifiedName humanName="Qualified Name" mode="e">Concept Library::Occurrences::Usage::used by</qualifiedName><redefinitionContext humanName="Redefinition Context"><associationclass classType="AssociationClass" humanType="Association Class" icon="ConceptLibrary_files/icon_associationclass_1255445356.png" isRelationship="true" name="Usage" refid="_18_4_62501eb_1476380351583_626527_37221"/></redefinitionContext><subsettedProperty humanName="Subsetted Property" mode="e"><property classType="Property" humanType="Property" icon="ConceptLibrary_files/icon_property_736527975.png" name="affected by" refid="_18_2_62501eb_1455751216317_720117_7980"/></subsettedProperty><TO_DO humanName="To Do" mode="s,e"/><type classType="Class" humanName="Type" humanType="Class" icon="ConceptLibrary_files/icon_class_1769227988.png" mode="s,e" name="Occurrence" refid="_17_0_5_1_7b3022e_1398294216796_903071_6610"/><TYPE_MODIFIER humanName="Type Modifier" mode="e"/><upper humanName="Upper">-1</upper><upperValue classType="LiteralUnlimitedNatural" humanName="Upper Value" humanType="Literal Unlimited Natural" icon="ConceptLibrary_files/icon_literalunlimitednatural_1122090209.png" name="*" refid="_18_2_62501eb_1461015114713_588742_12622" text="*"/><visibility humanName="Visibility" mode="s,e">public</visibility><appearsIn><diagram classType="Diagram" humanType="Diagram" icon="ConceptLibrary_files/icon_Generic Table_1568169108.png" name="Vocabulary" refid="_18_0_2_3ba019e_1418664073699_926094_6665"/></appearsIn></property></magicdraw>