<?xml version="1.0" encoding="UTF-8"?><magicdraw><literalinteger classType="LiteralInteger" humanType="Literal Integer" icon="ConceptLibrary_files/icon_literalinteger_1147158688.png" id="_17_0_4_1_7b3022e_1388784052419_543236_4539"><documentation humanName="Documentation"/><name humanName="Name"/><owner classType="Property" humanName="Owner" humanType="Property" icon="ConceptLibrary_files/icon_property_736527975.png" mode="e" name="multiplicity of" refid="_17_0_4_1_7b3022e_1388783972714_674110_4485"/><owningLower classType="Property" humanName="Owning Lower" humanType="Property" icon="ConceptLibrary_files/icon_property_736527975.png" name="multiplicity of" refid="_17_0_4_1_7b3022e_1388783972714_674110_4485"/><qualifiedName humanName="Qualified Name">SMIF Conceptual Model::Constraints::Multiplicity Target::multiplicity of::</qualifiedName><text humanName="Text" mode="standard">1</text><TO_DO humanName="To Do"/><TYPE_MODIFIER humanName="Type Modifier"/><value humanName="Value" mode="s,e">1</value><visibility humanName="Visibility">public</visibility></literalinteger></magicdraw>