<?xml version="1.0" encoding="UTF-8"?><magicdraw><comment classType="Comment" humanType="Comment" icon="ConceptLibrary_files/icon_comment_1609735765.png" id="_17_0_4_1_7b3022e_1389194923966_951023_8408"><annotatedElement humanName="Annotated Element" mode="s,e"><property classType="Property" humanType="Property" icon="ConceptLibrary_files/icon_property_736527975.png" name="categorizes" refid="_17_0_3_7b3022e_1331182663023_529271_3110"/></annotatedElement><body humanName="Body" mode="s,e">The set of things described by a type, the "extent" of the type.
The thing a type &lt;categorizes&gt;  is subject to the &lt;has assertion&gt; propositions of the type.
[FIBO] classifies</body><documentation humanName="Documentation"/><owner classType="Property" humanName="Owner" humanType="Property" icon="ConceptLibrary_files/icon_property_736527975.png" mode="s,e" name="categorizes" refid="_17_0_3_7b3022e_1331182663023_529271_3110"/><owningElement classType="Property" humanName="Owning Element" humanType="Property" icon="ConceptLibrary_files/icon_property_736527975.png" name="categorizes" refid="_17_0_3_7b3022e_1331182663023_529271_3110"/><TO_DO humanName="To Do" mode="s,e"/></comment></magicdraw>