<?xml version="1.0" encoding="UTF-8"?><magicdraw><package classType="Package" humanType="Package" icon="ConceptLibrary_files/icon_package_467146800.png" id="_17_0_5_1_7b3022e_1396736989698_799900_8100"><APPLIED_STEREOTYPES humanName="Applied Stereotype" mode="s,e"><stereotype classType="Stereotype" humanType="Stereotype" icon="ConceptLibrary_files/icon_stereotype_643587433.png" name="Concept Model" refid="_18_0_2_8bf027c_1418002266669_632692_4244"/></APPLIED_STEREOTYPES><appliedStereotype humanName="Applied Stereotype" mode="s,e"><stereotype classType="Stereotype" humanType="Stereotype" icon="ConceptLibrary_files/icon_stereotype_643587433.png" name="Concept Model" refid="_18_0_2_8bf027c_1418002266669_632692_4244"><property classType="Property" humanName="Base_ Named Element" humanType="Property" icon="ConceptLibrary_files/icon_property_736527975.png" name="base_NamedElement" refid="_18_2_62501eb_1462643008348_875858_4614"/><property classType="Property" humanName="Base_ Package" humanType="Property" icon="ConceptLibrary_files/icon_property_736527975.png" name="base_Package" refid="_18_0_2_8bf027c_1418002284961_482974_4246"/><property classType="Property" humanName="Base_ Package" humanType="Property" icon="ConceptLibrary_files/icon_property_736527975.png" name="base_Package" refid="_18_0_2_8bf027c_1422543695789_626614_4314"/><property classType="Property" humanName="Id" humanType="Property" icon="ConceptLibrary_files/icon_property_736527975.png" name="id" refid="_18_0_2_8bf027c_1422542645920_899661_4258"/><property classType="Property" humanName="Prefix" humanType="Property" icon="ConceptLibrary_files/icon_property_736527975.png" name="prefix" refid="_18_0_1_8bf027c_1410291663142_556199_4654"/></stereotype></appliedStereotype><appliedStereotypeInstance classType="InstanceSpecification" humanName="Applied Stereotype Instance" humanType="Instance Specification" icon="ConceptLibrary_files/icon_instancespecification_1746117425.png" name=" : SIMFProfile::SMIF Concept Modeling Profile::Concept Model" refid="_18_2_62501eb_1462643375651_787288_8405"/><documentation humanName="Documentation">The threat risk model</documentation><documentation humanName="Documentation" mode="standard">The threat risk model</documentation><effectiveIRI humanName="Effective IRI"/><member humanName="Member"><package classType="Package" humanType="Package" icon="ConceptLibrary_files/icon_package_467146800.png" name=".Summary Diagrams" refid="_18_4_62501eb_1477147736158_349376_59386"/><diagram classType="Diagram" humanType="Diagram" icon="ConceptLibrary_files/icon_Generic Table_1568169108.png" name="Associations" refid="_18_4_62501eb_1474989114723_17949_11234"/><diagram classType="Diagram" humanType="Diagram" icon="ConceptLibrary_files/icon_Class Diagram_505751443.png" name="Conceptual Threat/Risk Model Diagrams" refid="_17_0_5_1_7b3022e_1402321503558_945967_4536"/><diagram classType="Diagram" humanType="Diagram" icon="ConceptLibrary_files/icon_Relation Map Diagram_183832301.png" name="Relationship Hierarchy" refid="_18_4_62501eb_1477187550124_943332_19986"/><diagram classType="Diagram" humanType="Diagram" icon="ConceptLibrary_files/icon_Generic Table_1568169108.png" name="Threat &amp; Risk Classes" refid="_18_0_2_3ba019e_1423943641982_180424_6129"/><package classType="Package" humanType="Package" icon="ConceptLibrary_files/icon_package_467146800.png" name="Threat and Risk Specific Concepts" refid="_17_0_5_1_3ba019e_1407440991858_478193_6084"/><diagram classType="Diagram" humanType="Diagram" icon="ConceptLibrary_files/icon_Generic Table_1568169108.png" name="Vocabulary" refid="_18_0_2_3ba019e_1418664073699_926094_6665"/></member><name humanName="Name" mode="s,e">Threat-risk-conceptual-model</name><namespace classType="Model" humanName="Namespace" humanType="Model" icon="ConceptLibrary_files/icon_model_2110558717.png" name="Threat-risk-conceptual-model" refid="_17_0_5_1_7b3022e_1402323567676_316901_6441"/><nestedPackage humanName="Nested Package"><package classType="Package" humanType="Package" icon="ConceptLibrary_files/icon_package_467146800.png" name=".Summary Diagrams" refid="_18_4_62501eb_1477147736158_349376_59386"/><package classType="Package" humanType="Package" icon="ConceptLibrary_files/icon_package_467146800.png" name="Threat and Risk Specific Concepts" refid="_17_0_5_1_3ba019e_1407440991858_478193_6084"/></nestedPackage><nestingPackage classType="Model" humanName="Nesting Package" humanType="Model" icon="ConceptLibrary_files/icon_model_2110558717.png" name="Threat-risk-conceptual-model" refid="_17_0_5_1_7b3022e_1402323567676_316901_6441"/><ownedComment humanName="Owned Comment"><comment classType="Comment" humanType="Comment" icon="ConceptLibrary_files/icon_comment_1609735765.png" refid="_18_1_3ba019e_1443390954778_714837_16576"/></ownedComment><ownedDiagram humanName="Owned Diagram"><diagram classType="Diagram" humanType="Diagram" icon="ConceptLibrary_files/icon_Generic Table_1568169108.png" name="Associations" refid="_18_4_62501eb_1474989114723_17949_11234"/><diagram classType="Diagram" humanType="Diagram" icon="ConceptLibrary_files/icon_Class Diagram_505751443.png" name="Conceptual Threat/Risk Model Diagrams" refid="_17_0_5_1_7b3022e_1402321503558_945967_4536"/><diagram classType="Diagram" humanType="Diagram" icon="ConceptLibrary_files/icon_Relation Map Diagram_183832301.png" name="Relationship Hierarchy" refid="_18_4_62501eb_1477187550124_943332_19986"/><diagram classType="Diagram" humanType="Diagram" icon="ConceptLibrary_files/icon_Generic Table_1568169108.png" name="Threat &amp; Risk Classes" refid="_18_0_2_3ba019e_1423943641982_180424_6129"/><diagram classType="Diagram" humanType="Diagram" icon="ConceptLibrary_files/icon_Generic Table_1568169108.png" name="Vocabulary" refid="_18_0_2_3ba019e_1418664073699_926094_6665"/></ownedDiagram><ownedElement humanName="Owned Element"><comment classType="Comment" humanType="Comment" icon="ConceptLibrary_files/icon_comment_1609735765.png" refid="_18_1_3ba019e_1443390954778_714837_16576"/><instancespecification classType="InstanceSpecification" humanType="Instance Specification" icon="ConceptLibrary_files/icon_instancespecification_1746117425.png" name=" : SIMFProfile::SMIF Concept Modeling Profile::Concept Model" refid="_18_2_62501eb_1462643375651_787288_8405"/><package classType="Package" humanType="Package" icon="ConceptLibrary_files/icon_package_467146800.png" name=".Summary Diagrams" refid="_18_4_62501eb_1477147736158_349376_59386"/><diagram classType="Diagram" humanType="Diagram" icon="ConceptLibrary_files/icon_Generic Table_1568169108.png" name="Associations" refid="_18_4_62501eb_1474989114723_17949_11234"/><diagram classType="Diagram" humanType="Diagram" icon="ConceptLibrary_files/icon_Class Diagram_505751443.png" name="Conceptual Threat/Risk Model Diagrams" refid="_17_0_5_1_7b3022e_1402321503558_945967_4536"/><diagram classType="Diagram" humanType="Diagram" icon="ConceptLibrary_files/icon_Relation Map Diagram_183832301.png" name="Relationship Hierarchy" refid="_18_4_62501eb_1477187550124_943332_19986"/><diagram classType="Diagram" humanType="Diagram" icon="ConceptLibrary_files/icon_Generic Table_1568169108.png" name="Threat &amp; Risk Classes" refid="_18_0_2_3ba019e_1423943641982_180424_6129"/><package classType="Package" humanType="Package" icon="ConceptLibrary_files/icon_package_467146800.png" name="Threat and Risk Specific Concepts" refid="_17_0_5_1_3ba019e_1407440991858_478193_6084"/><diagram classType="Diagram" humanType="Diagram" icon="ConceptLibrary_files/icon_Generic Table_1568169108.png" name="Vocabulary" refid="_18_0_2_3ba019e_1418664073699_926094_6665"/></ownedElement><ownedMember humanName="Owned Member"><package classType="Package" humanType="Package" icon="ConceptLibrary_files/icon_package_467146800.png" name=".Summary Diagrams" refid="_18_4_62501eb_1477147736158_349376_59386"/><diagram classType="Diagram" humanType="Diagram" icon="ConceptLibrary_files/icon_Generic Table_1568169108.png" name="Associations" refid="_18_4_62501eb_1474989114723_17949_11234"/><diagram classType="Diagram" humanType="Diagram" icon="ConceptLibrary_files/icon_Class Diagram_505751443.png" name="Conceptual Threat/Risk Model Diagrams" refid="_17_0_5_1_7b3022e_1402321503558_945967_4536"/><diagram classType="Diagram" humanType="Diagram" icon="ConceptLibrary_files/icon_Relation Map Diagram_183832301.png" name="Relationship Hierarchy" refid="_18_4_62501eb_1477187550124_943332_19986"/><diagram classType="Diagram" humanType="Diagram" icon="ConceptLibrary_files/icon_Generic Table_1568169108.png" name="Threat &amp; Risk Classes" refid="_18_0_2_3ba019e_1423943641982_180424_6129"/><package classType="Package" humanType="Package" icon="ConceptLibrary_files/icon_package_467146800.png" name="Threat and Risk Specific Concepts" refid="_17_0_5_1_3ba019e_1407440991858_478193_6084"/><diagram classType="Diagram" humanType="Diagram" icon="ConceptLibrary_files/icon_Generic Table_1568169108.png" name="Vocabulary" refid="_18_0_2_3ba019e_1418664073699_926094_6665"/></ownedMember><owner classType="Model" humanName="Owner" humanType="Model" icon="ConceptLibrary_files/icon_model_2110558717.png" mode="s,e" name="Threat-risk-conceptual-model" refid="_17_0_5_1_7b3022e_1402323567676_316901_6441"/><owningPackage classType="Model" humanName="Owning Package" humanType="Model" icon="ConceptLibrary_files/icon_model_2110558717.png" name="Threat-risk-conceptual-model" refid="_17_0_5_1_7b3022e_1402323567676_316901_6441"/><packagedElement humanName="Packaged Element"><package classType="Package" humanType="Package" icon="ConceptLibrary_files/icon_package_467146800.png" name=".Summary Diagrams" refid="_18_4_62501eb_1477147736158_349376_59386"/><package classType="Package" humanType="Package" icon="ConceptLibrary_files/icon_package_467146800.png" name="Threat and Risk Specific Concepts" refid="_17_0_5_1_3ba019e_1407440991858_478193_6084"/></packagedElement><qualifiedName humanName="Qualified Name" mode="e">Threat-risk-conceptual-model</qualifiedName><TO_DO humanName="To Do" mode="s,e"/><URI humanName="URI" mode="s,e"/><visibility humanName="Visibility">public</visibility><appearsIn><diagram classType="Diagram" humanType="Diagram" icon="ConceptLibrary_files/icon_Generic Table_1568169108.png" name="Vocabulary" refid="_18_0_2_3ba019e_1418664073699_926094_6665"/></appearsIn></package></magicdraw>