<?xml version="1.0" encoding="UTF-8"?><magicdraw><comment classType="Comment" humanType="Comment" icon="ConceptLibrary_files/icon_comment_1609735765.png" id="_17_0_4_1_7b3022e_1389194789876_203285_8404"><annotatedElement humanName="Annotated Element" mode="s,e"><property classType="Property" humanType="Property" icon="ConceptLibrary_files/icon_property_736527975.png" name="text definition" refid="_17_0_3_7b3022e_1331563522771_940785_1726"/></annotatedElement><body humanName="Body" mode="s,e">Text describing a something in natural language. The language may be indicated by a context of the definition.
[OWL] rdfs:comment</body><documentation humanName="Documentation"/><owner classType="Property" humanName="Owner" humanType="Property" icon="ConceptLibrary_files/icon_property_736527975.png" mode="s,e" name="text definition" refid="_17_0_3_7b3022e_1331563522771_940785_1726"/><owningElement classType="Property" humanName="Owning Element" humanType="Property" icon="ConceptLibrary_files/icon_property_736527975.png" name="text definition" refid="_17_0_3_7b3022e_1331563522771_940785_1726"/><TO_DO humanName="To Do" mode="s,e"/></comment></magicdraw>