<?xml version="1.0" encoding="UTF-8"?><magicdraw><comment classType="Comment" humanType="Comment" icon="ConceptLibrary_files/icon_comment_1609735765.png" id="_17_0_5_1_3ba019e_1407439006345_197956_4822"><annotatedElement humanName="Annotated Element" mode="s,e"><property classType="Property" humanType="Property" icon="ConceptLibrary_files/icon_property_736527975.png" name="desirability of" refid="_17_0_5_1_3ba019e_1407439006262_76881_4719"/></annotatedElement><body humanName="Body" mode="s,e">The situation evaluated in terms of its desirability for a stakeholder.</body><documentation humanName="Documentation"/><owner classType="Property" humanName="Owner" humanType="Property" icon="ConceptLibrary_files/icon_property_736527975.png" mode="s,e" name="desirability of" refid="_17_0_5_1_3ba019e_1407439006262_76881_4719"/><owningElement classType="Property" humanName="Owning Element" humanType="Property" icon="ConceptLibrary_files/icon_property_736527975.png" name="desirability of" refid="_17_0_5_1_3ba019e_1407439006262_76881_4719"/><TO_DO humanName="To Do" mode="s,e"/></comment></magicdraw>