<?xml version="1.0" encoding="UTF-8"?><magicdraw><comment classType="Comment" humanType="Comment" icon="ConceptLibrary_files/icon_comment_1609735765.png" id="_17_0_5_1_3ba019e_1407960860106_610493_4950"><annotatedElement humanName="Annotated Element" mode="s,e"><class classType="Class" humanType="Class" icon="ConceptLibrary_files/icon_class_1769227988.png" name="Occurrence Pattern" refid="_17_0_5_1_3ba019e_1407877662057_782630_4220"/></annotatedElement><body humanName="Body" mode="s,e">A process pattern is a template and definition for a family of Events (i.e. actions, events) that results in an outcome. A process may be natural or caused by the activities of actors, in which case it is a plan.
A process may contain other entities, sub-processes and situations to define characteristics and sub-processes of the process. The sub-processes may or may not be known, sub-processes are defined using "Temporal Part".
[ISO 14971:2007] set of interrelated or interacting activities which transforms inputs into outputs</body><documentation humanName="Documentation"/><owner classType="Class" humanName="Owner" humanType="Class" icon="ConceptLibrary_files/icon_class_1769227988.png" mode="s,e" name="Occurrence Pattern" refid="_17_0_5_1_3ba019e_1407877662057_782630_4220"/><owningElement classType="Class" humanName="Owning Element" humanType="Class" icon="ConceptLibrary_files/icon_class_1769227988.png" name="Occurrence Pattern" refid="_17_0_5_1_3ba019e_1407877662057_782630_4220"/><TO_DO humanName="To Do" mode="s,e"/></comment></magicdraw>