<?xml version="1.0" encoding="UTF-8"?><magicdraw><literalinteger classType="LiteralInteger" humanType="Literal Integer" icon="ConceptLibrary_files/icon_literalinteger_1147158688.png" id="_17_0_5_1_3ba019e_1407454164052_221839_12719"><documentation humanName="Documentation"/><name humanName="Name"/><owner classType="Property" humanName="Owner" humanType="Property" icon="ConceptLibrary_files/icon_property_736527975.png" mode="e" name="vulnerability of" refid="_17_0_5_1_3ba019e_1407454050634_959442_12620"/><owningLower classType="Property" humanName="Owning Lower" humanType="Property" icon="ConceptLibrary_files/icon_property_736527975.png" name="vulnerability of" refid="_17_0_5_1_3ba019e_1407454050634_959442_12620"/><qualifiedName humanName="Qualified Name">Threat-risk-conceptual-model::Threat and Risk Specific Concepts::Vulnerabilities::Vulnerability of Resource::vulnerability of::</qualifiedName><text humanName="Text" mode="standard">1</text><TO_DO humanName="To Do"/><TYPE_MODIFIER humanName="Type Modifier"/><value humanName="Value" mode="s,e">1</value><visibility humanName="Visibility">public</visibility></literalinteger></magicdraw>