<?xml version="1.0" encoding="UTF-8"?><magicdraw><comment classType="Comment" humanType="Comment" icon="ConceptLibrary_files/icon_comment_1609735765.png" id="_17_0_5_1_3ba019e_1407450615305_873489_9171"><annotatedElement humanName="Annotated Element" mode="s,e"><property classType="Property" humanType="Property" icon="ConceptLibrary_files/icon_property_736527975.png" name="impact measure" refid="_17_0_5_1_3ba019e_1407439006147_131287_4588"/></annotatedElement><body humanName="Body" mode="s,e">A metric for impact where Impact = desirability * likelihood</body><documentation humanName="Documentation"/><owner classType="Property" humanName="Owner" humanType="Property" icon="ConceptLibrary_files/icon_property_736527975.png" mode="s,e" name="impact measure" refid="_17_0_5_1_3ba019e_1407439006147_131287_4588"/><owningElement classType="Property" humanName="Owning Element" humanType="Property" icon="ConceptLibrary_files/icon_property_736527975.png" name="impact measure" refid="_17_0_5_1_3ba019e_1407439006147_131287_4588"/><TO_DO humanName="To Do" mode="s,e"/></comment></magicdraw>