<?xml version="1.0" encoding="UTF-8"?><magicdraw><diagram classType="Diagram" diagramType="Class Diagram" height="214" humanType="Diagram" icon="ConceptLibrary_files/icon_Class Diagram_505751443.png" id="_17_0_4_1_7b3022e_1387293838966_40989_3870" src="ConceptLibrary_files/_17_0_4_1_7b3022e_1387293838966_40989_3870.png" width="714"><APPLIED_STEREOTYPES humanName="Applied Stereotype" mode="s,e"><stereotype classType="Stereotype" humanType="Stereotype" icon="ConceptLibrary_files/icon_stereotype_643587433.png" name="DiagramInfo" refid="_9_0_be00301_1108044380615_150487_0"/></APPLIED_STEREOTYPES><appliedStereotype humanName="Applied Stereotype" mode="s,e"><stereotype classType="Stereotype" humanType="Stereotype" icon="ConceptLibrary_files/icon_stereotype_643587433.png" name="DiagramInfo" refid="_9_0_be00301_1108044380615_150487_0"><property classType="Property" humanName="Author" humanType="Property" icon="ConceptLibrary_files/icon_property_736527975.png" name="Author" refid="_be00301_1077726770128_871366_1"><String>Cory-c</String></property><property classType="Property" humanName="Base_ Diagram" humanType="Property" icon="ConceptLibrary_files/icon_property_736527975.png" name="base_Diagram" refid="_10_0EAPbeta_be00301_1123081772498_901864_356"/><property classType="Property" humanName="Base_ Element" humanType="Property" icon="ConceptLibrary_files/icon_property_736527975.png" name="base_Element" refid="_10_0EAPbeta_be00301_1123081772098_411862_275"/><property classType="Property" humanName="Creation Date" humanType="Property" icon="ConceptLibrary_files/icon_property_736527975.png" name="Creation date" refid="_be00301_1073306188629_537791_2"><String>12/17/13 10:23 AM</String></property><property classType="Property" humanName="Last modified by" humanType="Property" icon="ConceptLibrary_files/icon_property_736527975.png" name="Last modified by" refid="_16_8beta_8ca0285_1257244649124_794756_344"><String>cory-</String></property><property classType="Property" humanName="Modification Date" humanType="Property" icon="ConceptLibrary_files/icon_property_736527975.png" name="Modification date" refid="_be00301_1073394345322_922552_1"><String>5/13/18 6:29 PM</String></property></stereotype></appliedStereotype><appliedStereotypeInstance classType="InstanceSpecification" humanName="Applied Stereotype Instance" humanType="Instance Specification" icon="ConceptLibrary_files/icon_instancespecification_1746117425.png" name=" : UML Standard Profile::MagicDraw Profile::DiagramInfo" refid="_17_0_4_1_7b3022e_1387293838992_728281_3882"/><documentation humanName="Documentation">Relations are atomic actual situations that bind 2 or more properties as a fact.</documentation><documentation humanName="Documentation" mode="standard">Relations are atomic actual situations that bind 2 or more properties as a fact.</documentation><map><area isNotContentShape="false" name="Property" refid="_18_2_62501eb_1455059346685_409437_4699" shape="rect" type="0"><point x="126" y="167"/><point x="137" y="167"/><point x="137" y="178"/><point x="126" y="178"/></area><area isNotContentShape="false" name="Property" refid="_18_2_62501eb_1455059346685_490204_4698" shape="rect" type="0"><point x="354" y="167"/><point x="365" y="167"/><point x="365" y="178"/><point x="354" y="178"/></area><area isNotContentShape="false" name="Property" refid="_18_4_62501eb_1478280989257_847208_11097" shape="rect" type="0"><point x="333" y="104"/><point x="344" y="104"/><point x="344" y="115"/><point x="333" y="115"/></area><area isNotContentShape="false" name="Property" refid="_18_4_62501eb_1478280989257_522104_11098" shape="rect" type="0"><point x="168" y="104"/><point x="179" y="104"/><point x="179" y="115"/><point x="168" y="115"/></area><area isNotContentShape="false" name="Generalization" refid="_18_4_62501eb_1475615613780_993432_16918" shape="poly" type="0"><point x="397" y="51"/><point x="397" y="90"/><point x="395" y="92"/><point x="395" y="53"/></area><area isNotContentShape="false" name="Generalization" refid="_18_4_62501eb_1474921913887_784801_22120" shape="poly" type="0"><point x="92" y="114"/><point x="92" y="160"/><point x="90" y="162"/><point x="90" y="116"/></area><area isNotContentShape="false" name="Generalization" refid="_18_4_62501eb_1478280468707_801638_10997" shape="poly" type="0"><point x="397" y="114"/><point x="397" y="160"/><point x="395" y="162"/><point x="395" y="116"/></area><area isNotContentShape="false" name="Generalization" refid="_18_2_62501eb_1455059330196_931194_4692" shape="poly" type="0"><point x="491" y="114"/><point x="491" y="160"/><point x="489" y="162"/><point x="489" y="116"/></area><area isNotContentShape="false" name="Association" refid="_18_4_62501eb_1478280989257_53383_11096" shape="poly" type="0"><point x="344" y="108"/><point x="169" y="108"/><point x="167" y="110"/><point x="342" y="110"/></area><area isNotContentShape="false" name="Association" refid="_18_2_62501eb_1455059346685_136765_4697" shape="poly" type="0"><point x="365" y="171"/><point x="127" y="171"/><point x="125" y="173"/><point x="363" y="173"/></area><area isNotContentShape="false" name="Class Proposition" refid="_18_2_62501eb_1462460603792_169037_6216" shape="rect" type="0"><point x="343" y="28"/><point x="424" y="28"/><point x="424" y="53"/><point x="343" y="53"/></area><area isNotContentShape="false" name="Class Actual Entity" refid="_18_4_62501eb_1474742369274_834660_32276" shape="rect" type="0"><point x="469" y="91"/><point x="550" y="91"/><point x="550" y="116"/><point x="469" y="116"/></area><area isNotContentShape="false" name="Class Association" refid="_18_4_62501eb_1478272534493_802788_8452" shape="rect" type="0"><point x="343" y="91"/><point x="426" y="91"/><point x="426" y="116"/><point x="343" y="116"/></area><area isNotContentShape="false" name="Diagram Associations" refid="_18_4_62501eb_1475615471835_9755_16113" shape="rect" type="0"><point x="595" y="63"/><point x="681" y="63"/><point x="681" y="109"/><point x="595" y="109"/></area><area isNotContentShape="false" name="Class Relationship Type" refid="_18_2_62501eb_1455059185133_581077_4611" shape="rect" type="0"><point x="14" y="161"/><point x="127" y="161"/><point x="127" y="186"/><point x="14" y="186"/></area><area isNotContentShape="false" name="Class Association Type" refid="_18_4_62501eb_1478272520812_871948_8425" shape="rect" type="0"><point x="56" y="91"/><point x="169" y="91"/><point x="169" y="116"/><point x="56" y="116"/></area><area isNotContentShape="false" name="Class Relationship" refid="_18_2_62501eb_1455059319516_449197_4668" shape="rect" type="0"><point x="364" y="161"/><point x="512" y="161"/><point x="512" y="186"/><point x="364" y="186"/></area></map><name humanName="Name" mode="s,e">Relationships</name><namespace classType="Package" humanName="Namespace" humanType="Package" icon="ConceptLibrary_files/icon_package_467146800.png" name="Relationships" refid="_17_0_4_1_7b3022e_1387293829272_933882_3869"/><ownedComment humanName="Owned Comment"><comment classType="Comment" humanType="Comment" icon="ConceptLibrary_files/icon_comment_1609735765.png" refid="_18_1_3ba019e_1430759113933_965274_6872"/></ownedComment><ownedElement humanName="Owned Element"><comment classType="Comment" humanType="Comment" icon="ConceptLibrary_files/icon_comment_1609735765.png" refid="_18_1_3ba019e_1430759113933_965274_6872"/><instancespecification classType="InstanceSpecification" humanType="Instance Specification" icon="ConceptLibrary_files/icon_instancespecification_1746117425.png" name=" : UML Standard Profile::MagicDraw Profile::DiagramInfo" refid="_17_0_4_1_7b3022e_1387293838992_728281_3882"/></ownedElement><owner classType="Package" humanName="Owner" humanType="Package" icon="ConceptLibrary_files/icon_package_467146800.png" mode="s,e" name="Relationships" refid="_17_0_4_1_7b3022e_1387293829272_933882_3869"/><ownerOfDiagram classType="Package" humanName="Owner Of Diagram" humanType="Package" icon="ConceptLibrary_files/icon_package_467146800.png" name="Relationships" refid="_17_0_4_1_7b3022e_1387293829272_933882_3869"/><qualifiedName humanName="Qualified Name" mode="e">SMIF Conceptual Model::Relationships::Relationships</qualifiedName><TO_DO humanName="To Do" mode="s,e"/><DIAGRAM_TYPE_DERIVED_PROPERTY humanName="Type">Class Diagram</DIAGRAM_TYPE_DERIVED_PROPERTY><visibility humanName="Visibility">public</visibility><appearsIn><diagram classType="Diagram" humanType="Diagram" icon="ConceptLibrary_files/icon_Class Diagram_505751443.png" name="Associations" refid="_18_4_62501eb_1475615471835_9755_16113"/></appearsIn></diagram></magicdraw>