<?xml version="1.0" encoding="UTF-8"?><magicdraw><property classType="Property" humanType="Property" icon="ConceptLibrary_files/icon_property_736527975.png" id="_17_0_4_1_7b3022e_1387043399732_397965_4961"><aggregation humanName="Aggregation" mode="s,e">none</aggregation><association classType="Association" humanName="Association" humanType="Association" icon="ConceptLibrary_files/icon_association_1781128159.png" isRelationship="true" name="Scope of Reference" refid="_17_0_4_1_7b3022e_1387043399732_19807_4959"/><documentation humanName="Documentation">References to a context.</documentation><documentation humanName="Documentation" mode="standard">References to a context.</documentation><effectiveIRI humanName="Effective IRI">https://www.omg.org/spec/SMIF/LexicalScope#referencedBy</effectiveIRI><featuringClassifier classType="Association" humanName="Featuring Classifier" humanType="Association" icon="ConceptLibrary_files/icon_association_1781128159.png" isRelationship="true" name="Scope of Reference" refid="_17_0_4_1_7b3022e_1387043399732_19807_4959"/><isComposite humanName="Is Composite">false</isComposite><isDerived humanName="Is Derived" mode="s,e">false</isDerived><isDerivedUnion humanName="Is Derived Union" mode="e">false</isDerivedUnion><isID humanName="Is ID" mode="e">false</isID><isLeaf humanName="Is Leaf">false</isLeaf><isOrdered humanName="Is Ordered" mode="e">false</isOrdered><isReadOnly humanName="Is Read Only" mode="s,e">false</isReadOnly><isStatic humanName="Is Static" mode="s,e">false</isStatic><isUnique humanName="Is Unique" mode="e">true</isUnique><lower humanName="Lower">0</lower><lowerValue classType="LiteralUnlimitedNatural" humanName="Lower Value" humanType="Literal Unlimited Natural" icon="ConceptLibrary_files/icon_literalunlimitednatural_1122090209.png" name="0" refid="_18_2_62501eb_1459808558132_464926_4987" text="0"/><multiplicity humanName="Multiplicity" mode="s,e">*</multiplicity><multiplicity humanName="Multiplicity" mode="s,e">*</multiplicity><name humanName="Name" mode="s,e">referenced by</name><namespace classType="Association" humanName="Namespace" humanType="Association" icon="ConceptLibrary_files/icon_association_1781128159.png" isRelationship="true" name="Scope of Reference" refid="_17_0_4_1_7b3022e_1387043399732_19807_4959"/><navigable humanName="Navigable" mode="e">true</navigable><opposite classType="Property" humanName="Opposite" humanType="Property" icon="ConceptLibrary_files/icon_property_736527975.png" name="References scope" refid="_17_0_4_1_7b3022e_1387043399732_561631_4960"/><ownedBy classType="Association" humanName="Owned By" humanType="Association" icon="ConceptLibrary_files/icon_association_1781128159.png" isRelationship="true" mode="s,e" name="Scope of Reference" refid="_17_0_4_1_7b3022e_1387043399732_19807_4959"/><ownedComment humanName="Owned Comment"><comment classType="Comment" humanType="Comment" icon="ConceptLibrary_files/icon_comment_1609735765.png" refid="_18_2_62501eb_1462975506721_262487_7139"/></ownedComment><ownedElement humanName="Owned Element"><comment classType="Comment" humanType="Comment" icon="ConceptLibrary_files/icon_comment_1609735765.png" refid="_18_2_62501eb_1462975506721_262487_7139"/><literalunlimitednatural classType="LiteralUnlimitedNatural" humanType="Literal Unlimited Natural" icon="ConceptLibrary_files/icon_literalunlimitednatural_1122090209.png" name="*" refid="_18_2_62501eb_1459808558132_863463_4988" text="*"/><literalunlimitednatural classType="LiteralUnlimitedNatural" humanType="Literal Unlimited Natural" icon="ConceptLibrary_files/icon_literalunlimitednatural_1122090209.png" name="0" refid="_18_2_62501eb_1459808558132_464926_4987" text="0"/></ownedElement><owner classType="Association" humanName="Owner" humanType="Association" icon="ConceptLibrary_files/icon_association_1781128159.png" isRelationship="true" name="Scope of Reference" refid="_17_0_4_1_7b3022e_1387043399732_19807_4959"/><owningAssociation classType="Association" humanName="Owning Association" humanType="Association" icon="ConceptLibrary_files/icon_association_1781128159.png" isRelationship="true" name="Scope of Reference" refid="_17_0_4_1_7b3022e_1387043399732_19807_4959"/><qualifiedName humanName="Qualified Name" mode="e">SMIF Conceptual Model::Lexical Scope::Scope of Reference::referenced by</qualifiedName><redefinitionContext humanName="Redefinition Context"><association classType="Association" humanType="Association" icon="ConceptLibrary_files/icon_association_1781128159.png" isRelationship="true" name="Scope of Reference" refid="_17_0_4_1_7b3022e_1387043399732_19807_4959"/></redefinitionContext><TO_DO humanName="To Do" mode="s,e"/><type classType="Class" humanName="Type" humanType="Class" icon="ConceptLibrary_files/icon_class_1769227988.png" mode="s,e" name="Lexical Reference" refid="_17_0_4_1_7b3022e_1387043339955_784477_4894"/><TYPE_MODIFIER humanName="Type Modifier" mode="e"/><upper humanName="Upper">-1</upper><upperValue classType="LiteralUnlimitedNatural" humanName="Upper Value" humanType="Literal Unlimited Natural" icon="ConceptLibrary_files/icon_literalunlimitednatural_1122090209.png" name="*" refid="_18_2_62501eb_1459808558132_863463_4988" text="*"/><visibility humanName="Visibility" mode="s,e">public</visibility><appearsIn><diagram classType="Diagram" humanType="Diagram" icon="ConceptLibrary_files/icon_Generic Table_1568169108.png" name="SMIF Properties" refid="_18_2_62501eb_1462314120667_944518_6368"/></appearsIn></property></magicdraw>