<?xml version="1.0" encoding="UTF-8"?><magicdraw><comment classType="Comment" humanType="Comment" icon="ConceptLibrary_files/icon_comment_1609735765.png" id="_17_0_5_1_3ba019e_1407439006263_240671_4721"><annotatedElement humanName="Annotated Element" mode="s,e"><associationclass classType="AssociationClass" humanType="Association Class" icon="ConceptLibrary_files/icon_associationclass_1255445356.png" isRelationship="true" name="Stakeholder Desirability" refid="_17_0_5_1_3ba019e_1407439004205_698351_4254"/></annotatedElement><body humanName="Body" mode="s,e">A relationship representing the net desirability of a situation for a stakeholder.
Note: Stakeholder desirability is expected to be computed based on aggregating the impact of a situation for a stakeholder. However, the algorithm for this aggregation is not specified in the standard.</body><documentation humanName="Documentation"/><owner classType="AssociationClass" humanName="Owner" humanType="Association Class" icon="ConceptLibrary_files/icon_associationclass_1255445356.png" isRelationship="true" mode="s,e" name="Stakeholder Desirability" refid="_17_0_5_1_3ba019e_1407439004205_698351_4254"/><owningElement classType="AssociationClass" humanName="Owning Element" humanType="Association Class" icon="ConceptLibrary_files/icon_associationclass_1255445356.png" isRelationship="true" name="Stakeholder Desirability" refid="_17_0_5_1_3ba019e_1407439004205_698351_4254"/><TO_DO humanName="To Do" mode="s,e"/></comment></magicdraw>