<?xml version="1.0" encoding="UTF-8"?><magicdraw><comment classType="Comment" humanType="Comment" icon="ConceptLibrary_files/icon_comment_1609735765.png" id="_17_0_5_1_3ba019e_1408487893950_273534_5456"><annotatedElement humanName="Annotated Element" mode="s,e"><class classType="Class" humanType="Class" icon="ConceptLibrary_files/icon_class_1769227988.png" name="Indicator" refid="_17_0_5_1_3ba019e_1408378174777_647047_6522"/></annotatedElement><body humanName="Body" mode="s,e">&lt;html&gt;
  &lt;head&gt;
		&lt;style&gt;
			p {padding:0px; margin:0px;}
		&lt;/style&gt;
	&lt;/head&gt;
  &lt;body&gt;
    &lt;p&gt;
An &lt;b&gt;indicator is a predicate such that&lt;/b&gt; matching sightings are evidence for a possible situation&lt;i&gt;.&lt;/i&gt; Sightings matching an indicator suggests further study or action based on a &lt;b&gt;course of action rule&lt;/b&gt;.

    &lt;/p&gt;

    &lt;p&gt;
Subtypes of indicator define what is watched for: a pattern, a watch list or some combination of other indicators. Indicators may be restricted to&amp;#160;(relevant only within) a specific scope.

    &lt;/p&gt;

&lt;/body&gt;
&lt;/html&gt;</body><documentation humanName="Documentation"/><owner classType="Class" humanName="Owner" humanType="Class" icon="ConceptLibrary_files/icon_class_1769227988.png" mode="s,e" name="Indicator" refid="_17_0_5_1_3ba019e_1408378174777_647047_6522"/><owningElement classType="Class" humanName="Owning Element" humanType="Class" icon="ConceptLibrary_files/icon_class_1769227988.png" name="Indicator" refid="_17_0_5_1_3ba019e_1408378174777_647047_6522"/><TO_DO humanName="To Do" mode="s,e"/></comment></magicdraw>