<?xml version="1.0" encoding="UTF-8"?><magicdraw><instancespecification classType="InstanceSpecification" humanType="Instance Specification" icon="ConceptLibrary_files/icon_instancespecification_1746117425.png" id="_17_0_5_1_3ba019e_1407439006148_794218_4590"><classifier humanName="Classifier" mode="s,e"><stereotype classType="Stereotype" humanType="Stereotype" icon="ConceptLibrary_files/icon_stereotype_643587433.png" name="HyperlinkOwner" refid="_9_0_be00301_1108044563999_784946_1"/></classifier><documentation humanName="Documentation"/><name humanName="Name" mode="s,e"/><ownedElement humanName="Owned Element"><slot classType="Slot" humanType="Slot" icon="ConceptLibrary_files/icon_slot_1468646544.png" refid="_18_5_3_62501eb_1527181997316_73363_10624"/><slot classType="Slot" humanType="Slot" icon="ConceptLibrary_files/icon_slot_1468646544.png" refid="_18_5_3_62501eb_1527181997316_312964_10627"/></ownedElement><owner classType="Class" humanName="Owner" humanType="Class" icon="ConceptLibrary_files/icon_class_1769227988.png" mode="s,e" name="Consequence" refid="_17_0_5_1_3ba019e_1407439004191_348666_4226"/><qualifiedName humanName="Qualified Name" mode="e">Concept Library::Objectives::Consequence::</qualifiedName><slot humanName="Slot"><slot classType="Slot" humanType="Slot" icon="ConceptLibrary_files/icon_slot_1468646544.png" refid="_18_5_3_62501eb_1527181997316_73363_10624"/><slot classType="Slot" humanType="Slot" icon="ConceptLibrary_files/icon_slot_1468646544.png" refid="_18_5_3_62501eb_1527181997316_312964_10627"/></slot><stereotypedElement classType="Class" humanName="Stereotyped Element" humanType="Class" icon="ConceptLibrary_files/icon_class_1769227988.png" name="Consequence" refid="_17_0_5_1_3ba019e_1407439004191_348666_4226"/><TO_DO humanName="To Do" mode="s,e"/><visibility humanName="Visibility">public</visibility></instancespecification></magicdraw>