<?xml version="1.0" encoding="UTF-8"?><magicdraw><generalization classType="Generalization" humanType="Generalization" icon="ConceptLibrary_files/icon_generalization_212232499.png" id="_17_0_5_1_3ba019e_1407439006084_7619_4478"><documentation humanName="Documentation"/><general classType="Class" humanName="General" humanType="Class" icon="ConceptLibrary_files/icon_class_1769227988.png" mode="s,e" name="Stakeholder" refid="_17_0_5_1_3ba019e_1407439004184_364207_4212"/><isSubstitutable humanName="Is Substitutable">true</isSubstitutable><owner classType="Class" humanName="Owner" humanType="Class" icon="ConceptLibrary_files/icon_class_1769227988.png" mode="s,e" name="Organization" refid="_17_0_5_1_3ba019e_1407439004179_25254_4204"/><relatedElement humanName="Related Element"><class classType="Class" humanType="Class" icon="ConceptLibrary_files/icon_class_1769227988.png" name="Organization" refid="_17_0_5_1_3ba019e_1407439004179_25254_4204"/><class classType="Class" humanType="Class" icon="ConceptLibrary_files/icon_class_1769227988.png" name="Stakeholder" refid="_17_0_5_1_3ba019e_1407439004184_364207_4212"/></relatedElement><source humanName="Source"><class classType="Class" humanType="Class" icon="ConceptLibrary_files/icon_class_1769227988.png" name="Organization" refid="_17_0_5_1_3ba019e_1407439004179_25254_4204"/></source><specific classType="Class" humanName="Specific" humanType="Class" icon="ConceptLibrary_files/icon_class_1769227988.png" mode="s,e" name="Organization" refid="_17_0_5_1_3ba019e_1407439004179_25254_4204"/><target humanName="Target"><class classType="Class" humanType="Class" icon="ConceptLibrary_files/icon_class_1769227988.png" name="Stakeholder" refid="_17_0_5_1_3ba019e_1407439004184_364207_4212"/></target><TO_DO humanName="To Do" mode="s,e"/><appearsIn><diagram classType="Diagram" humanType="Diagram" icon="ConceptLibrary_files/icon_Class Diagram_505751443.png" name="Organization" refid="_18_1_3ba019e_1444849590867_157153_28365"/><diagram classType="Diagram" humanType="Diagram" icon="ConceptLibrary_files/icon_Class Diagram_505751443.png" name="Enterprise" refid="_18_1_3ba019e_1426086544608_976798_6280"/></appearsIn></generalization></magicdraw>