<?xml version="1.0" encoding="UTF-8"?><magicdraw><comment classType="Comment" humanType="Comment" icon="ConceptLibrary_files/icon_comment_1609735765.png" id="_17_0_3_7b3022e_1331399373847_177068_8145"><annotatedElement humanName="Annotated Element" mode="s,e"><class classType="Class" humanType="Class" icon="ConceptLibrary_files/icon_class_1769227988.png" name="Entity" refid="_17_0_3_7b3022e_1331156499953_68666_1704"/></annotatedElement><body humanName="Body" mode="s,e">An identifiable entity is any identifiable thing other than values, this includes individuals, types, axioms, situations, speech acts, information structures, etc.
Identifiable entities always have some kind of identity and may have identifiers. Note that identity is an abstraction that may have representation in models as any number of identifiers, also known as a "sign".

[OWL] Entity type (Implied in section [OWL] 5.8) as an instance of rdfs:Class
</body><documentation humanName="Documentation"/><owner classType="Class" humanName="Owner" humanType="Class" icon="ConceptLibrary_files/icon_class_1769227988.png" mode="s,e" name="Entity" refid="_17_0_3_7b3022e_1331156499953_68666_1704"/><owningElement classType="Class" humanName="Owning Element" humanType="Class" icon="ConceptLibrary_files/icon_class_1769227988.png" name="Entity" refid="_17_0_3_7b3022e_1331156499953_68666_1704"/><TO_DO humanName="To Do" mode="s,e"/></comment></magicdraw>