<?xml version="1.0" encoding="UTF-8"?><magicdraw><association classType="Association" humanType="Association" icon="ConceptLibrary_files/icon_association_1781128159.png" id="_17_0_4_1_7b3022e_1388781916827_237400_4342"><allSpecificClassifiers humanName="All Specific Classifiers"><association classType="Association" humanType="Association" icon="ConceptLibrary_files/icon_association_1781128159.png" isRelationship="true" name="Multiplicity Target" refid="_17_0_4_1_7b3022e_1388783972714_237627_4484"/></allSpecificClassifiers><documentation humanName="Documentation">Relationship defining the entity constrained by a rule. Where no constrained entity is specified, all entities are constrained with the scope of &lt;holds within&gt; are constrained.
</documentation><documentation humanName="Documentation" mode="standard">Relationship defining the entity constrained by a rule. Where no constrained entity is specified, all entities are constrained with the scope of &lt;holds within&gt; are constrained.
</documentation><endType humanName="End Type"><class classType="Class" humanType="Class" icon="ConceptLibrary_files/icon_class_412694050.png" name="Constraint" refid="_18_4_1_62501eb_1508789102966_584819_7401"/><class classType="Class" humanType="Class" icon="ConceptLibrary_files/icon_class_1769227988.png" name="Entity" refid="_17_0_3_7b3022e_1331156499953_68666_1704"/></endType><feature humanName="Feature"><property classType="Property" humanType="Property" icon="ConceptLibrary_files/icon_property_736527975.png" name="constrained by" refid="_17_0_4_1_7b3022e_1388781916828_865512_4344"/><property classType="Property" humanType="Property" icon="ConceptLibrary_files/icon_property_736527975.png" name="constrains" refid="_17_0_4_1_7b3022e_1388781916827_791391_4343"/></feature><isAbstract humanName="Is Abstract">false</isAbstract><isDerived humanName="Is Derived">false</isDerived><isFinalSpecialization humanName="Is Final Specialization">false</isFinalSpecialization><isLeaf humanName="Is Leaf">false</isLeaf><member humanName="Member"><property classType="Property" humanType="Property" icon="ConceptLibrary_files/icon_property_736527975.png" name="constrained by" refid="_17_0_4_1_7b3022e_1388781916828_865512_4344"/><property classType="Property" humanType="Property" icon="ConceptLibrary_files/icon_property_736527975.png" name="constrains" refid="_17_0_4_1_7b3022e_1388781916827_791391_4343"/></member><memberEnd humanName="Member End"><property classType="Property" humanType="Property" icon="ConceptLibrary_files/icon_property_736527975.png" name="constrained by" refid="_17_0_4_1_7b3022e_1388781916828_865512_4344"/><property classType="Property" humanType="Property" icon="ConceptLibrary_files/icon_property_736527975.png" name="constrains" refid="_17_0_4_1_7b3022e_1388781916827_791391_4343"/></memberEnd><name humanName="Name" mode="s,e">Rule Constrains</name><namespace classType="Package" humanName="Namespace" humanType="Package" icon="ConceptLibrary_files/icon_package_467146800.png" name="Constraints" refid="_17_0_4_1_7b3022e_1387383047342_70557_4161"/><navigableOwnedEnd humanName="Navigable Owned End" mode="e"><property classType="Property" humanType="Property" icon="ConceptLibrary_files/icon_property_736527975.png" name="constrained by" refid="_17_0_4_1_7b3022e_1388781916828_865512_4344"/><property classType="Property" humanType="Property" icon="ConceptLibrary_files/icon_property_736527975.png" name="constrains" refid="_17_0_4_1_7b3022e_1388781916827_791391_4343"/></navigableOwnedEnd><ownedComment humanName="Owned Comment"><comment classType="Comment" humanType="Comment" icon="ConceptLibrary_files/icon_comment_1609735765.png" refid="_18_4_62501eb_1475677082417_386652_14698"/></ownedComment><ownedElement humanName="Owned Element"><comment classType="Comment" humanType="Comment" icon="ConceptLibrary_files/icon_comment_1609735765.png" refid="_18_4_62501eb_1475677082417_386652_14698"/><property classType="Property" humanType="Property" icon="ConceptLibrary_files/icon_property_736527975.png" name="constrained by" refid="_17_0_4_1_7b3022e_1388781916828_865512_4344"/><property classType="Property" humanType="Property" icon="ConceptLibrary_files/icon_property_736527975.png" name="constrains" refid="_17_0_4_1_7b3022e_1388781916827_791391_4343"/></ownedElement><ownedEnd humanName="Owned End"><property classType="Property" humanType="Property" icon="ConceptLibrary_files/icon_property_736527975.png" name="constrained by" refid="_17_0_4_1_7b3022e_1388781916828_865512_4344"/><property classType="Property" humanType="Property" icon="ConceptLibrary_files/icon_property_736527975.png" name="constrains" refid="_17_0_4_1_7b3022e_1388781916827_791391_4343"/></ownedEnd><ownedMember humanName="Owned Member"><property classType="Property" humanType="Property" icon="ConceptLibrary_files/icon_property_736527975.png" name="constrained by" refid="_17_0_4_1_7b3022e_1388781916828_865512_4344"/><property classType="Property" humanType="Property" icon="ConceptLibrary_files/icon_property_736527975.png" name="constrains" refid="_17_0_4_1_7b3022e_1388781916827_791391_4343"/></ownedMember><owner classType="Package" humanName="Owner" humanType="Package" icon="ConceptLibrary_files/icon_package_467146800.png" mode="s,e" name="Constraints" refid="_17_0_4_1_7b3022e_1387383047342_70557_4161"/><owningPackage classType="Package" humanName="Owning Package" humanType="Package" icon="ConceptLibrary_files/icon_package_467146800.png" name="Constraints" refid="_17_0_4_1_7b3022e_1387383047342_70557_4161"/><package classType="Package" humanName="Package" humanType="Package" icon="ConceptLibrary_files/icon_package_467146800.png" name="Constraints" refid="_17_0_4_1_7b3022e_1387383047342_70557_4161"/><qualifiedName humanName="Qualified Name" mode="e">SMIF Conceptual Model::Constraints::Rule Constrains</qualifiedName><relatedElement humanName="Related Element"><class classType="Class" humanType="Class" icon="ConceptLibrary_files/icon_class_412694050.png" name="Constraint" refid="_18_4_1_62501eb_1508789102966_584819_7401"/><class classType="Class" humanType="Class" icon="ConceptLibrary_files/icon_class_1769227988.png" name="Entity" refid="_17_0_3_7b3022e_1331156499953_68666_1704"/></relatedElement><specificClassifier humanName="Specific Classifier"><association classType="Association" humanType="Association" icon="ConceptLibrary_files/icon_association_1781128159.png" isRelationship="true" name="Multiplicity Target" refid="_17_0_4_1_7b3022e_1388783972714_237627_4484"/></specificClassifier><TO_DO humanName="To Do"/><visibility humanName="Visibility" mode="s,e">public</visibility><appearsIn><diagram classType="Diagram" humanType="Diagram" icon="ConceptLibrary_files/icon_Class Diagram_505751443.png" name="Rules Summary" refid="_17_0_1_2_7b3022e_1333513948647_226245_3959"/><diagram classType="Diagram" humanType="Diagram" icon="ConceptLibrary_files/icon_Class Diagram_505751443.png" name="Property Constraints" refid="_18_3_62501eb_1465307985999_498834_8097"/><diagram classType="Diagram" humanType="Diagram" icon="ConceptLibrary_files/icon_Class Diagram_505751443.png" name="General Rules" refid="_18_3_62501eb_1465307914033_465428_6313"/><diagram classType="Diagram" humanType="Diagram" icon="ConceptLibrary_files/icon_Class Diagram_505751443.png" name="Rules in Context" refid="_18_3_62501eb_1466676240649_265747_6416"/><diagram classType="Diagram" humanType="Diagram" icon="ConceptLibrary_files/icon_Generic Table_1568169108.png" name="SMIF Associations" refid="_18_2_62501eb_1462313084237_705601_5981"/><diagram classType="Diagram" humanType="Diagram" icon="ConceptLibrary_files/icon_Class Diagram_505751443.png" name="Type Constraints" refid="_18_3_62501eb_1465307961135_15881_7205"/></appearsIn></association></magicdraw>