<?xml version="1.0" encoding="UTF-8"?><magicdraw><generalization classType="Generalization" humanType="Generalization" icon="ConceptLibrary_files/icon_generalization_212232499.png" id="_17_0_5_1_7b3022e_1398808758766_454143_5541"><documentation humanName="Documentation"/><general classType="Class" humanName="General" humanType="Class" icon="ConceptLibrary_files/icon_class_412694050.png" mode="s,e" name="Unit Value" refid="_17_0_5_1_7b3022e_1398808729954_908705_5420"/><isSubstitutable humanName="Is Substitutable">true</isSubstitutable><owner classType="Class" humanName="Owner" humanType="Class" icon="ConceptLibrary_files/icon_class_1769227988.png" mode="s,e" name="Time Coordinate" refid="_17_0_5_1_7b3022e_1398808729838_576574_5225"/><relatedElement humanName="Related Element"><class classType="Class" humanType="Class" icon="ConceptLibrary_files/icon_class_1769227988.png" name="Time Coordinate" refid="_17_0_5_1_7b3022e_1398808729838_576574_5225"/><class classType="Class" humanType="Class" icon="ConceptLibrary_files/icon_class_412694050.png" name="Unit Value" refid="_17_0_5_1_7b3022e_1398808729954_908705_5420"/></relatedElement><source humanName="Source"><class classType="Class" humanType="Class" icon="ConceptLibrary_files/icon_class_1769227988.png" name="Time Coordinate" refid="_17_0_5_1_7b3022e_1398808729838_576574_5225"/></source><specific classType="Class" humanName="Specific" humanType="Class" icon="ConceptLibrary_files/icon_class_1769227988.png" mode="s,e" name="Time Coordinate" refid="_17_0_5_1_7b3022e_1398808729838_576574_5225"/><target humanName="Target"><class classType="Class" humanType="Class" icon="ConceptLibrary_files/icon_class_412694050.png" name="Unit Value" refid="_17_0_5_1_7b3022e_1398808729954_908705_5420"/></target><TO_DO humanName="To Do" mode="s,e"/><appearsIn><diagram classType="Diagram" humanType="Diagram" icon="ConceptLibrary_files/icon_Class Diagram_505751443.png" name="ISO Time" refid="_18_4_62501eb_1475959210944_763447_28657"/><diagram classType="Diagram" humanType="Diagram" icon="ConceptLibrary_files/icon_Class Diagram_505751443.png" name="Time" refid="_18_4_62501eb_1475077585400_663290_18057"/><diagram classType="Diagram" humanType="Diagram" icon="ConceptLibrary_files/icon_Class Diagram_505751443.png" name="Quantities and units" refid="_17_0_5_1_7b3022e_1396735445040_264138_7682"/></appearsIn></generalization></magicdraw>