<?xml version="1.0" encoding="UTF-8"?><magicdraw><comment classType="Comment" humanType="Comment" icon="ConceptLibrary_files/icon_comment_1609735765.png" id="_17_0_4_1_7b3022e_1389192770294_767117_8330"><annotatedElement humanName="Annotated Element" mode="s,e"><class classType="Class" humanType="Class" icon="ConceptLibrary_files/icon_class_1769227988.png" name="Role Type" refid="_17_0_4_1_7b3022e_1389191958859_78146_8140"/></annotatedElement><body humanName="Body" mode="s,e">A role is a facet type that defines a specific purpose or behavior of a class of things.  E.g. teacher, policeman, or employer.
[FIBO] Role. Note that partyInRole or thingInRole are implied by classification of a thing.

</body><documentation humanName="Documentation"/><owner classType="Class" humanName="Owner" humanType="Class" icon="ConceptLibrary_files/icon_class_1769227988.png" mode="s,e" name="Role Type" refid="_17_0_4_1_7b3022e_1389191958859_78146_8140"/><owningElement classType="Class" humanName="Owning Element" humanType="Class" icon="ConceptLibrary_files/icon_class_1769227988.png" name="Role Type" refid="_17_0_4_1_7b3022e_1389191958859_78146_8140"/><TO_DO humanName="To Do" mode="s,e"/></comment></magicdraw>