<?xml version="1.0" encoding="UTF-8"?><magicdraw><comment classType="Comment" humanType="Comment" icon="ConceptLibrary_files/icon_comment_1609735765.png" id="_17_0_4_1_7b3022e_1388785439614_436740_4705"><annotatedElement humanName="Annotated Element" mode="s,e"><property classType="Property" humanType="Property" icon="ConceptLibrary_files/icon_property_736527975.png" name="at once" refid="_17_0_1_2_7b3022e_1332889600885_681850_5297"/></annotatedElement><body humanName="Body" mode="s,e">When at once is true, the constraint applies for each snapshot in time but not across snapshots (e.g. a car can have at most one driver at a time). When at once is false the constraint applies across all time (e.g. a person has exactly one birth mother across all time).</body><documentation humanName="Documentation"/><owner classType="Property" humanName="Owner" humanType="Property" icon="ConceptLibrary_files/icon_property_736527975.png" mode="s,e" name="at once" refid="_17_0_1_2_7b3022e_1332889600885_681850_5297"/><owningElement classType="Property" humanName="Owning Element" humanType="Property" icon="ConceptLibrary_files/icon_property_736527975.png" name="at once" refid="_17_0_1_2_7b3022e_1332889600885_681850_5297"/><TO_DO humanName="To Do" mode="s,e"/></comment></magicdraw>