<?xml version="1.0" encoding="UTF-8"?><magicdraw><comment classType="Comment" humanType="Comment" icon="ConceptLibrary_files/icon_comment_1609735765.png" id="_17_0_5_1_3ba019e_1407450516313_124967_9169"><annotatedElement humanName="Annotated Element" mode="s,e"><property classType="Property" humanType="Property" icon="ConceptLibrary_files/icon_property_736527975.png" name="degree of affect" refid="_17_0_5_1_3ba019e_1407439006145_107660_4585"/></annotatedElement><body humanName="Body" mode="s,e">A metric for how much the consequence affects an objective - a measure of harm or benefit.</body><documentation humanName="Documentation"/><owner classType="Property" humanName="Owner" humanType="Property" icon="ConceptLibrary_files/icon_property_736527975.png" mode="s,e" name="degree of affect" refid="_17_0_5_1_3ba019e_1407439006145_107660_4585"/><owningElement classType="Property" humanName="Owning Element" humanType="Property" icon="ConceptLibrary_files/icon_property_736527975.png" name="degree of affect" refid="_17_0_5_1_3ba019e_1407439006145_107660_4585"/><TO_DO humanName="To Do" mode="s,e"/></comment></magicdraw>