<?xml version="1.0" encoding="UTF-8"?><magicdraw><model classType="Model" humanType="Model" icon="ConceptLibrary_files/icon_model_2110558717.png" id="_17_0_5_1_7b3022e_1402323567676_316901_6441"><documentation humanName="Documentation">Author:Cory Casanave.
Created:.
Title:Threat / risk foundation conceptual model.
Comment:.
</documentation><documentation humanName="Documentation" mode="standard">Author:Cory Casanave.
Created:.
Title:Threat / risk foundation conceptual model.
Comment:.
</documentation><member humanName="Member"><package classType="Package" humanType="Package" icon="ConceptLibrary_files/icon_package_467146800.png" name="Concept Library" refid="_18_0_2_3ba019e_1423595478116_73981_6901"/><profile classType="Profile" humanType="Profile" icon="ConceptLibrary_files/icon_profile_910504711.png" name="SIMFProfile" refid="_18_2_62501eb_1463773094644_650562_4768"/><package classType="Package" humanType="Package" icon="ConceptLibrary_files/icon_package_467146800.png" name="SMIF Conceptual Model" refid="_17_0_3_7b3022e_1331219208551_170143_3480"/><package classType="Package" humanType="Package" icon="ConceptLibrary_files/icon_package_467146800.png" name="Threat-risk-conceptual-model" refid="_17_0_5_1_7b3022e_1396736989698_799900_8100"/><package classType="Package" humanType="Package" icon="ConceptLibrary_files/icon_package_467146800.png" name="UML Standard Profile" refid="magicdraw_uml_standard_profile_v_0001"/></member><name humanName="Name" mode="s,e">Threat-risk-conceptual-model</name><nestedPackage humanName="Nested Package"><package classType="Package" humanType="Package" icon="ConceptLibrary_files/icon_package_467146800.png" name="Concept Library" refid="_18_0_2_3ba019e_1423595478116_73981_6901"/><profile classType="Profile" humanType="Profile" icon="ConceptLibrary_files/icon_profile_910504711.png" name="SIMFProfile" refid="_18_2_62501eb_1463773094644_650562_4768"/><package classType="Package" humanType="Package" icon="ConceptLibrary_files/icon_package_467146800.png" name="SMIF Conceptual Model" refid="_17_0_3_7b3022e_1331219208551_170143_3480"/><package classType="Package" humanType="Package" icon="ConceptLibrary_files/icon_package_467146800.png" name="Threat-risk-conceptual-model" refid="_17_0_5_1_7b3022e_1396736989698_799900_8100"/><package classType="Package" humanType="Package" icon="ConceptLibrary_files/icon_package_467146800.png" name="UML Standard Profile" refid="magicdraw_uml_standard_profile_v_0001"/></nestedPackage><ownedComment humanName="Owned Comment"><comment classType="Comment" humanType="Comment" icon="ConceptLibrary_files/icon_comment_1609735765.png" refid="_17_0_5_1_3ba019e_1408571503704_293542_6204"/></ownedComment><ownedElement humanName="Owned Element"><comment classType="Comment" humanType="Comment" icon="ConceptLibrary_files/icon_comment_1609735765.png" refid="_17_0_5_1_3ba019e_1408571503704_293542_6204"/><package classType="Package" humanType="Package" icon="ConceptLibrary_files/icon_package_467146800.png" name="Concept Library" refid="_18_0_2_3ba019e_1423595478116_73981_6901"/><profile classType="Profile" humanType="Profile" icon="ConceptLibrary_files/icon_profile_910504711.png" name="SIMFProfile" refid="_18_2_62501eb_1463773094644_650562_4768"/><package classType="Package" humanType="Package" icon="ConceptLibrary_files/icon_package_467146800.png" name="SMIF Conceptual Model" refid="_17_0_3_7b3022e_1331219208551_170143_3480"/><package classType="Package" humanType="Package" icon="ConceptLibrary_files/icon_package_467146800.png" name="Threat-risk-conceptual-model" refid="_17_0_5_1_7b3022e_1396736989698_799900_8100"/><package classType="Package" humanType="Package" icon="ConceptLibrary_files/icon_package_467146800.png" name="UML Standard Profile" refid="magicdraw_uml_standard_profile_v_0001"/></ownedElement><ownedMember humanName="Owned Member"><package classType="Package" humanType="Package" icon="ConceptLibrary_files/icon_package_467146800.png" name="Concept Library" refid="_18_0_2_3ba019e_1423595478116_73981_6901"/><profile classType="Profile" humanType="Profile" icon="ConceptLibrary_files/icon_profile_910504711.png" name="SIMFProfile" refid="_18_2_62501eb_1463773094644_650562_4768"/><package classType="Package" humanType="Package" icon="ConceptLibrary_files/icon_package_467146800.png" name="SMIF Conceptual Model" refid="_17_0_3_7b3022e_1331219208551_170143_3480"/><package classType="Package" humanType="Package" icon="ConceptLibrary_files/icon_package_467146800.png" name="Threat-risk-conceptual-model" refid="_17_0_5_1_7b3022e_1396736989698_799900_8100"/><package classType="Package" humanType="Package" icon="ConceptLibrary_files/icon_package_467146800.png" name="UML Standard Profile" refid="magicdraw_uml_standard_profile_v_0001"/></ownedMember><packagedElement humanName="Packaged Element"><package classType="Package" humanType="Package" icon="ConceptLibrary_files/icon_package_467146800.png" name="Concept Library" refid="_18_0_2_3ba019e_1423595478116_73981_6901"/><profile classType="Profile" humanType="Profile" icon="ConceptLibrary_files/icon_profile_910504711.png" name="SIMFProfile" refid="_18_2_62501eb_1463773094644_650562_4768"/><package classType="Package" humanType="Package" icon="ConceptLibrary_files/icon_package_467146800.png" name="SMIF Conceptual Model" refid="_17_0_3_7b3022e_1331219208551_170143_3480"/><package classType="Package" humanType="Package" icon="ConceptLibrary_files/icon_package_467146800.png" name="Threat-risk-conceptual-model" refid="_17_0_5_1_7b3022e_1396736989698_799900_8100"/><package classType="Package" humanType="Package" icon="ConceptLibrary_files/icon_package_467146800.png" name="UML Standard Profile" refid="magicdraw_uml_standard_profile_v_0001"/></packagedElement><qualifiedName humanName="Qualified Name" mode="e">Threat-risk-conceptual-model</qualifiedName><TO_DO humanName="To Do" mode="s,e"/><URI humanName="URI" mode="s,e">http://www.omg.org/spec/threat-risk/20160501/Threat-risk-conceptual-model.xmi</URI><viewpoint humanName="Viewpoint"/><visibility humanName="Visibility">public</visibility></model></magicdraw>