<?xml version="1.0" encoding="UTF-8"?><magicdraw><class classType="Class" humanType="Class" icon="ConceptLibrary_files/icon_class_1769227988.png" id="_17_0_5_1_7b3022e_1398294216796_903071_6610"><allGeneralClassifiers humanName="All General Classifiers"><class classType="Class" humanType="Class" icon="ConceptLibrary_files/icon_class_412694050.png" name="Context" refid="_17_0_3_7b3022e_1331164829050_871772_2449"/><class classType="Class" humanType="Class" icon="ConceptLibrary_files/icon_class_1769227988.png" name="Entity" refid="_17_0_3_7b3022e_1331156499953_68666_1704"/><class classType="Class" humanType="Class" icon="ConceptLibrary_files/icon_class_1769227988.png" name="Lexical Context" refid="_17_0_4_1_7b3022e_1387036440058_58622_4050"/><class classType="Class" humanType="Class" icon="ConceptLibrary_files/icon_class_1769227988.png" name="Lexical Scope" refid="_18_4_1_62501eb_1502394944731_837726_9021"/><class classType="Class" humanType="Class" icon="ConceptLibrary_files/icon_class_412694050.png" name="Proposition" refid="_18_2_62501eb_1462460603792_169037_6216"/><class classType="Class" humanType="Class" icon="ConceptLibrary_files/icon_class_1769227988.png" name="Scoped Context" refid="_18_5_3_62501eb_1527086128974_510931_15787"/><class classType="Class" humanType="Class" icon="ConceptLibrary_files/icon_class_412694050.png" name="Situation" refid="_18_1_3ba019e_1430349228247_211772_4675"/><class classType="Class" humanType="Class" icon="ConceptLibrary_files/icon_class_412694050.png" name="Thing" refid="_17_0_3_7b3022e_1331313031781_359355_5487"/></allGeneralClassifiers><allSpecificClassifiers humanName="All Specific Classifiers"><class classType="Class" humanType="Class" icon="ConceptLibrary_files/icon_class_1769227988.png" name="Abuse Resource" refid="_18_2_62501eb_1457041314231_946200_14766"/><class classType="Class" humanType="Class" icon="ConceptLibrary_files/icon_class_1769227988.png" name="Access Control Failure" refid="_18_2_62501eb_1458223017372_935546_8689"/><class classType="Class" humanType="Class" icon="ConceptLibrary_files/icon_class_1769227988.png" name="Accident" refid="_18_4_62501eb_1477173580584_820990_34811"/><associationclass classType="AssociationClass" humanType="Association Class" icon="ConceptLibrary_files/icon_associationclass_1255445356.png" isRelationship="true" name="Accusation" refid="_18_4_1_62501eb_1486066919808_704231_21311"/><class classType="Class" humanType="Class" icon="ConceptLibrary_files/icon_class_1769227988.png" name="Activity" refid="_18_1_3ba019e_1444339455006_136706_29355"/><class classType="Class" humanType="Class" icon="ConceptLibrary_files/icon_class_1769227988.png" name="Actual Activity" refid="_18_4_62501eb_1476991984814_197853_30401"/><class classType="Class" humanType="Class" icon="ConceptLibrary_files/icon_class_1769227988.png" name="Actual Occurrence" refid="_18_1_3ba019e_1443311565629_856879_8417"/><class classType="Class" humanType="Class" icon="ConceptLibrary_files/icon_class_1769227988.png" name="Add Information" refid="_18_4_62501eb_1477063437568_889004_39024"/><class classType="Class" humanType="Class" icon="ConceptLibrary_files/icon_class_1769227988.png" name="Add To Container Event" refid="_18_4_62501eb_1476814151524_579823_15075"/><class classType="Class" humanType="Class" icon="ConceptLibrary_files/icon_class_412694050.png" name="Alter Capability" refid="_18_1_3ba019e_1441985631789_510159_6620"/><associationclass classType="AssociationClass" humanType="Association Class" icon="ConceptLibrary_files/icon_associationclass_1255445356.png" isRelationship="true" name="Assertion" refid="_18_4_1_62501eb_1486065147816_416336_19866"/><class classType="Class" humanType="Class" icon="ConceptLibrary_files/icon_class_1769227988.png" name="Assessment Activity" refid="_18_4_62501eb_1477414084126_662747_23011"/><class classType="Class" humanType="Class" icon="ConceptLibrary_files/icon_class_1769227988.png" name="Attack" refid="_18_2_62501eb_1457809618127_17295_8371"/><class classType="Class" humanType="Class" icon="ConceptLibrary_files/icon_class_1769227988.png" name="Campaign" refid="_18_1_3ba019e_1431630090707_351126_18872"/><class classType="Class" humanType="Class" icon="ConceptLibrary_files/icon_class_1769227988.png" name="Capability" refid="_18_2_62501eb_1455751068083_692406_7896"/><class classType="Class" humanType="Class" icon="ConceptLibrary_files/icon_class_1769227988.png" name="Capture Resource" refid="_18_2_62501eb_1457041322679_235309_14789"/><class classType="Class" humanType="Class" icon="ConceptLibrary_files/icon_class_1769227988.png" name="Close Information" refid="_18_2_62501eb_1455753661491_599037_8991"/><class classType="Class" humanType="Class" icon="ConceptLibrary_files/icon_class_1769227988.png" name="Composite Process" refid="_18_4_1_62501eb_1494613127542_474978_15100"/><class classType="Class" humanType="Class" icon="ConceptLibrary_files/icon_class_412694050.png" name="Containment Event" refid="_18_4_62501eb_1476820156335_384426_16478"/><class classType="Class" humanType="Class" icon="ConceptLibrary_files/icon_class_1769227988.png" name="Control Failure" refid="_18_2_62501eb_1458222821507_130484_8631"/><class classType="Class" humanType="Class" icon="ConceptLibrary_files/icon_class_1769227988.png" name="Copy Information" refid="_18_4_1_62501eb_1486063495853_430989_18649"/><class classType="Class" humanType="Class" icon="ConceptLibrary_files/icon_class_1769227988.png" name="Create" refid="_18_4_62501eb_1476811041814_916823_12689"/><class classType="Class" humanType="Class" icon="ConceptLibrary_files/icon_class_1769227988.png" name="Create Information" refid="_18_2_62501eb_1455753702587_204915_9014"/><class classType="Class" humanType="Class" icon="ConceptLibrary_files/icon_class_1769227988.png" name="Cyber System Failure" refid="_18_1_3ba019e_1431360222696_764102_7223"/><class classType="Class" humanType="Class" icon="ConceptLibrary_files/icon_class_1769227988.png" name="Damage" refid="_18_2_62501eb_1456444324862_82010_9183"/><class classType="Class" humanType="Class" icon="ConceptLibrary_files/icon_class_1769227988.png" name="Damage Resource" refid="_18_2_62501eb_1457041290247_952091_14717"/><associationclass classType="AssociationClass" humanType="Association Class" icon="ConceptLibrary_files/icon_associationclass_1255445356.png" isRelationship="true" name="Danger Leads to Incident" refid="_18_2_62501eb_1457819957197_766716_9215"/><class classType="Class" humanType="Class" icon="ConceptLibrary_files/icon_class_1769227988.png" name="Dangerous Event" refid="_18_4_62501eb_1477325575116_800632_15161"/><class classType="Class" humanType="Class" icon="ConceptLibrary_files/icon_class_1769227988.png" name="Delete Information" refid="_18_2_62501eb_1455753629826_772350_8945"/><class classType="Class" humanType="Class" icon="ConceptLibrary_files/icon_class_1769227988.png" name="Destroy" refid="_18_4_62501eb_1476811054645_564293_12719"/><class classType="Class" humanType="Class" icon="ConceptLibrary_files/icon_class_1769227988.png" name="Disrupt Process" refid="_18_2_62501eb_1456444365949_609784_9210"/><class classType="Class" humanType="Class" icon="ConceptLibrary_files/icon_class_1769227988.png" name="Disrupt Stakeholder's Objective" refid="_18_2_62501eb_1456444549556_174107_9249"/><class classType="Class" humanType="Class" icon="ConceptLibrary_files/icon_class_1769227988.png" name="Disruptive Action" refid="_18_2_62501eb_1456445278708_227634_9451"/><class classType="Class" humanType="Class" icon="ConceptLibrary_files/icon_class_1769227988.png" name="Entry Action" refid="_18_2_62501eb_1455753008619_338881_8622"/><class classType="Class" humanType="Class" icon="ConceptLibrary_files/icon_class_1769227988.png" name="Exceed Resource Capacity" refid="_18_2_62501eb_1457041540832_978945_14828"/><class classType="Class" humanType="Class" icon="ConceptLibrary_files/icon_class_1769227988.png" name="Exit Action" refid="_18_2_62501eb_1455753848938_649464_9056"/><class classType="Class" humanType="Class" icon="ConceptLibrary_files/icon_class_1769227988.png" name="Failure" refid="_18_2_62501eb_1457817927168_40898_9047"/><class classType="Class" humanType="Class" icon="ConceptLibrary_files/icon_class_1769227988.png" name="Failure Category" refid="_18_2_62501eb_1458222603570_715575_8595"/><class classType="Class" humanType="Class" icon="ConceptLibrary_files/icon_class_1769227988.png" name="Incident" refid="_17_0_5_1_3ba019e_1407453282336_95729_12199"/><class classType="Class" humanType="Class" icon="ConceptLibrary_files/icon_class_1769227988.png" name="Incident Containment" refid="_18_4_1_62501eb_1486056996934_841262_16410"/><class classType="Class" humanType="Class" icon="ConceptLibrary_files/icon_class_1769227988.png" name="Incident Recovery" refid="_18_4_1_62501eb_1486057043076_399024_16464"/><class classType="Class" humanType="Class" icon="ConceptLibrary_files/icon_class_1769227988.png" name="Incident Response" refid="_18_4_1_62501eb_1486056615861_59253_15924"/><class classType="Class" humanType="Class" icon="ConceptLibrary_files/icon_class_1769227988.png" name="Indirect Threat" refid="_18_2_62501eb_1457819040318_454224_9151"/><class classType="Class" humanType="Class" icon="ConceptLibrary_files/icon_class_1769227988.png" name="Industrial Control Failure" refid="_18_1_3ba019e_1431045857795_856361_7368"/><class classType="Class" humanType="Class" icon="ConceptLibrary_files/icon_class_1769227988.png" name="Information Action" refid="_17_0_5_1_7b3022e_1398373450673_596320_7537"/><associationclass classType="AssociationClass" humanType="Association Class" icon="ConceptLibrary_files/icon_associationclass_1255445356.png" isRelationship="true" name="Invoke Process" refid="_18_4_62501eb_1476380420686_234834_37328"/><class classType="Class" humanType="Class" icon="ConceptLibrary_files/icon_class_1769227988.png" name="Lose Ability" refid="_18_1_3ba019e_1441985817274_419533_6669"/><associationclass classType="AssociationClass" humanType="Association Class" icon="ConceptLibrary_files/icon_associationclass_1255445356.png" isRelationship="true" name="Measurement" refid="_18_4_62501eb_1477332935019_668572_22923"/><class classType="Class" humanType="Class" icon="ConceptLibrary_files/icon_class_1769227988.png" name="Modify Information" refid="_18_2_62501eb_1455753619507_877673_8922"/><class classType="Class" humanType="Class" icon="ConceptLibrary_files/icon_class_1769227988.png" name="Modify Resource" refid="_18_2_62501eb_1457041302672_698516_14743"/><class classType="Class" humanType="Class" icon="ConceptLibrary_files/icon_class_1769227988.png" name="Modus Operandi" refid="_17_0_5_1_3ba019e_1408567899411_519296_5584"/><class classType="Class" humanType="Class" icon="ConceptLibrary_files/icon_class_1769227988.png" name="Monitoring Control" refid="_18_1_3ba019e_1444946484406_700288_7606"/><class classType="Class" humanType="Class" icon="ConceptLibrary_files/icon_class_1769227988.png" name="Natural Threat" refid="_18_2_62501eb_1457818908490_835458_9121"/><associationclass classType="AssociationClass" humanType="Association Class" icon="ConceptLibrary_files/icon_associationclass_1255445356.png" isRelationship="true" name="Observation" refid="_18_4_62501eb_1477084583387_408082_49728"/><class classType="Class" humanType="Class" icon="ConceptLibrary_files/icon_class_1769227988.png" name="Obtain Ability" refid="_18_1_3ba019e_1441985807395_219447_6646"/><class classType="Class" humanType="Class" icon="ConceptLibrary_files/icon_class_1769227988.png" name="Occurrence Pattern" refid="_17_0_5_1_3ba019e_1407877662057_782630_4220"/><class classType="Class" humanType="Class" icon="ConceptLibrary_files/icon_class_1769227988.png" name="Open Information" refid="_18_2_62501eb_1455753644530_725419_8968"/><class classType="Class" humanType="Class" icon="ConceptLibrary_files/icon_class_1769227988.png" name="Operational Control" refid="_17_0_5_1_3ba019e_1407452267066_776903_11252"/><class classType="Class" humanType="Class" icon="ConceptLibrary_files/icon_class_1769227988.png" name="Pause Process" refid="_18_2_62501eb_1455753313834_835236_8794"/><associationclass classType="AssociationClass" humanType="Association Class" icon="ConceptLibrary_files/icon_associationclass_1255445356.png" isRelationship="true" name="Performance" refid="_18_4_62501eb_1475006999465_255813_40275"/><associationclass classType="AssociationClass" humanType="Association Class" icon="ConceptLibrary_files/icon_associationclass_1255445356.png" isRelationship="true" name="Perpetrate" refid="_18_4_62501eb_1477174249395_894559_35592"/><class classType="Class" humanType="Class" icon="ConceptLibrary_files/icon_class_1769227988.png" name="Physical System Failure" refid="_18_1_3ba019e_1431045899651_964080_7414"/><class classType="Class" humanType="Class" icon="ConceptLibrary_files/icon_class_1769227988.png" name="Plan" refid="_17_0_5_1_3ba019e_1407876845478_265504_4108"/><class classType="Class" humanType="Class" icon="ConceptLibrary_files/icon_class_1769227988.png" name="Possible Actions" refid="_18_2_62501eb_1455754019411_980730_9138"/><associationclass classType="AssociationClass" humanType="Association Class" icon="ConceptLibrary_files/icon_associationclass_1255445356.png" isRelationship="true" name="Prediction" refid="_18_4_62501eb_1477145241959_187937_55042"/><class classType="Class" humanType="Class" icon="ConceptLibrary_files/icon_class_1769227988.png" name="Process Action" refid="_18_2_62501eb_1455753176179_967265_8721"/><class classType="Class" humanType="Class" icon="ConceptLibrary_files/icon_class_1769227988.png" name="Process Failure" refid="_18_2_62501eb_1458222896662_418656_8659"/><associationclass classType="AssociationClass" humanType="Association Class" icon="ConceptLibrary_files/icon_associationclass_1255445356.png" isRelationship="true" name="Production" refid="_18_4_62501eb_1477071800652_940268_42581"/><class classType="Class" humanType="Class" icon="ConceptLibrary_files/icon_class_1769227988.png" name="Program" refid="_18_1_3ba019e_1444340080308_982279_29498"/><associationclass classType="AssociationClass" humanType="Association Class" icon="ConceptLibrary_files/icon_associationclass_1255445356.png" isRelationship="true" name="Providing" refid="_18_4_62501eb_1477171397028_283079_32659"/><class classType="Class" humanType="Class" icon="ConceptLibrary_files/icon_class_1769227988.png" name="Read Information" refid="_18_2_62501eb_1455753611939_599958_8899"/><class classType="Class" humanType="Class" icon="ConceptLibrary_files/icon_class_1769227988.png" name="Relocation" refid="_18_2_62501eb_1457723562647_789535_8839"/><class classType="Class" humanType="Class" icon="ConceptLibrary_files/icon_class_1769227988.png" name="Removal Event" refid="_18_4_62501eb_1476814143117_636378_15048"/><class classType="Class" humanType="Class" icon="ConceptLibrary_files/icon_class_1769227988.png" name="Remove Information" refid="_18_4_62501eb_1477063453936_152043_39051"/><class classType="Class" humanType="Class" icon="ConceptLibrary_files/icon_class_1769227988.png" name="Resource Actions" refid="_18_2_62501eb_1457041047832_902226_14639"/><class classType="Class" humanType="Class" icon="ConceptLibrary_files/icon_class_1769227988.png" name="Response" refid="_18_4_1_62501eb_1486055869175_387609_14846"/><associationclass classType="AssociationClass" humanType="Association Class" icon="ConceptLibrary_files/icon_associationclass_1255445356.png" isRelationship="true" name="Safeguarding" refid="_18_4_62501eb_1477256081205_776408_36055"/><class classType="Class" humanType="Class" icon="ConceptLibrary_files/icon_class_1769227988.png" name="Scenario" refid="_18_0_2_3ba019e_1423002863201_69234_6174"/><associationclass classType="AssociationClass" humanType="Association Class" icon="ConceptLibrary_files/icon_associationclass_1255445356.png" isRelationship="true" name="Sighting" refid="_18_4_62501eb_1477332694959_512588_22843"/><class classType="Class" humanType="Class" icon="ConceptLibrary_files/icon_class_1769227988.png" name="Stop Process" refid="_18_2_62501eb_1455753326075_448347_8817"/><class classType="Class" humanType="Class" icon="ConceptLibrary_files/icon_class_1769227988.png" name="System Failure" refid="_18_1_3ba019e_1431038205058_908512_6588"/><class classType="Class" humanType="Class" icon="ConceptLibrary_files/icon_class_1769227988.png" name="Threat" refid="_18_0_2_3ba019e_1423093765571_472925_7695"/><class classType="Class" humanType="Class" icon="ConceptLibrary_files/icon_class_1769227988.png" name="Transfer Ability" refid="_17_0_5_1_7b3022e_1398371871274_325203_7226"/><class classType="Class" humanType="Class" icon="ConceptLibrary_files/icon_class_1769227988.png" name="Transfer Information" refid="_17_0_5_1_7b3022e_1400514797410_126109_5584"/><class classType="Class" humanType="Class" icon="ConceptLibrary_files/icon_class_412694050.png" name="Undesirable Event" refid="_18_1_3ba019e_1442441583766_86043_7842"/><class classType="Class" humanType="Class" icon="ConceptLibrary_files/icon_class_1769227988.png" name="Unintentional Threat" refid="_18_2_62501eb_1457818851969_859595_9098"/><associationclass classType="AssociationClass" humanType="Association Class" icon="ConceptLibrary_files/icon_associationclass_1255445356.png" isRelationship="true" name="When" refid="_17_0_5_1_3ba019e_1408481200231_960761_4421"/><associationclass classType="AssociationClass" humanType="Association Class" icon="ConceptLibrary_files/icon_associationclass_1255445356.png" isRelationship="true" name="Witnessing" refid="_18_4_62501eb_1477331776245_62609_21037"/></allSpecificClassifiers><APPLIED_STEREOTYPES humanName="Applied Stereotype" mode="s,e"><stereotype classType="Stereotype" humanType="Stereotype" icon="ConceptLibrary_files/icon_stereotype_643587433.png" name="HyperlinkOwner" refid="_9_0_be00301_1108044563999_784946_1"/></APPLIED_STEREOTYPES><appliedStereotype humanName="Applied Stereotype" mode="s,e"><stereotype classType="Stereotype" humanType="Stereotype" icon="ConceptLibrary_files/icon_stereotype_643587433.png" name="HyperlinkOwner" refid="_9_0_be00301_1108044563999_784946_1"><property classType="Property" humanType="Property" icon="ConceptLibrary_files/icon_property_736527975.png" name="base_Element" refid="_10_0EAPbeta_be00301_1123081772148_910751_285"/><property classType="Property" humanType="Property" icon="ConceptLibrary_files/icon_property_736527975.png" name="base_Element" refid="_10_0EAPbeta_be00301_1123081772098_411862_275"/><property classType="Property" humanName="Element/Symbol" humanType="Property" icon="ConceptLibrary_files/icon_property_736527975.png" name="hyperlinkModel" refid="_622020d_1063089736320_890266_3"><diagram classType="Diagram" humanType="Diagram" icon="ConceptLibrary_files/icon_Class Diagram_505751443.png" name="Identifiable Entity" refid="_17_0_5_1_7b3022e_1396735576265_81331_7754"/><diagram classType="Diagram" humanType="Diagram" icon="ConceptLibrary_files/icon_Class Diagram_505751443.png" name="Occurrences" refid="_18_4_62501eb_1476382395662_619517_38029"/><diagram classType="Diagram" humanType="Diagram" icon="ConceptLibrary_files/icon_Class Diagram_505751443.png" name="Situation Relationships" refid="_18_1_3ba019e_1441912395042_962730_7694"/></property><property classType="Property" humanName="Active Hyperlink" humanType="Property" icon="ConceptLibrary_files/icon_property_736527975.png" name="hyperlinkModelActive" refid="_622020d_1063089736320_73815_4"><diagram classType="Diagram" humanType="Diagram" icon="ConceptLibrary_files/icon_Class Diagram_505751443.png" name="Occurrences" refid="_18_4_62501eb_1476382395662_619517_38029"/></property><property classType="Property" humanName="File/WEB_PAGE" humanType="Property" icon="ConceptLibrary_files/icon_property_736527975.png" name="hyperlinkText" refid="_622020d_1063089736310_884303_1"/><property classType="Property" humanName="Active Hyperlink" humanType="Property" icon="ConceptLibrary_files/icon_property_736527975.png" name="hyperlinkTextActive" refid="_622020d_1063089736310_68488_2"/></stereotype></appliedStereotype><appliedStereotypeInstance classType="InstanceSpecification" humanName="Applied Stereotype Instance" humanType="Instance Specification" icon="ConceptLibrary_files/icon_instancespecification_1746117425.png" name=" : UML Standard Profile::MagicDraw Profile::HyperlinkOwner" refid="_18_0_2_3ba019e_1423442039230_100791_11804"/><documentation humanName="Documentation">An Occurrence is something that happens  (a.k.a. occurs). A dynamic situation (past, present or future) composed of a set of things changing over a period of time. e.g., a rock falling.
Events are not limited in their timeframe. Events can have long or short timeframes, from an instant to infinity and beyond.
An Event that is "performed by" an actor is considered an activity.

[DOLCE] Perdurant

[BFO] Event: perdurant that is related to exactly two states (its pre-state and its post-state).
An event is related to the states before and after it has happened.

[NIEM] ActivityType
</documentation><documentation humanName="Documentation" mode="standard">An Occurrence is something that happens  (a.k.a. occurs). A dynamic situation (past, present or future) composed of a set of things changing over a period of time. e.g., a rock falling.
Events are not limited in their timeframe. Events can have long or short timeframes, from an instant to infinity and beyond.
An Event that is "performed by" an actor is considered an activity.

[DOLCE] Perdurant

[BFO] Event: perdurant that is related to exactly two states (its pre-state and its post-state).
An event is related to the states before and after it has happened.

[NIEM] ActivityType
</documentation><effectiveIRI humanName="Effective IRI"/><generalization humanName="Generalization"><generalization classType="Generalization" humanType="Generalization" icon="ConceptLibrary_files/icon_generalization_212232499.png" isRelationship="true" refid="_17_0_5_1_7b3022e_1398541907448_575776_5175"/></generalization><inheritedMember humanName="Inherited Member"><diagram classType="Diagram" humanType="Diagram" icon="ConceptLibrary_files/icon_Class Diagram_505751443.png" name="Context Detail" refid="_18_1_3ba019e_1430749149449_614203_5109"/><diagram classType="Diagram" humanType="Diagram" icon="ConceptLibrary_files/icon_Class Diagram_505751443.png" name="Proposition Detail" refid="_18_4_62501eb_1476372124532_248366_8882"/><diagram classType="Diagram" humanType="Diagram" icon="ConceptLibrary_files/icon_Class Diagram_505751443.png" name="Thing Detail" refid="_18_4_62501eb_1474827775223_682407_38836"/></inheritedMember><isAbstract humanName="Is Abstract" mode="s,e">false</isAbstract><isActive humanName="Is Active" mode="s,e">false</isActive><isFinalSpecialization humanName="Is Final Specialization" mode="e">false</isFinalSpecialization><isLeaf humanName="Is Leaf" mode="e">false</isLeaf><member humanName="Member"><diagram classType="Diagram" humanType="Diagram" icon="ConceptLibrary_files/icon_Class Diagram_505751443.png" name="Context Detail" refid="_18_1_3ba019e_1430749149449_614203_5109"/><diagram classType="Diagram" humanType="Diagram" icon="ConceptLibrary_files/icon_Class Diagram_505751443.png" name="Proposition Detail" refid="_18_4_62501eb_1476372124532_248366_8882"/><diagram classType="Diagram" humanType="Diagram" icon="ConceptLibrary_files/icon_Class Diagram_505751443.png" name="Thing Detail" refid="_18_4_62501eb_1474827775223_682407_38836"/></member><name humanName="Name" mode="s,e">Occurrence</name><namespace classType="Package" humanName="Namespace" humanType="Package" icon="ConceptLibrary_files/icon_package_467146800.png" name="Occurrences" refid="_18_4_62501eb_1476382387273_987575_38028"/><ownedComment humanName="Owned Comment"><comment classType="Comment" humanType="Comment" icon="ConceptLibrary_files/icon_comment_1609735765.png" refid="_17_0_5_1_7b3022e_1398548277631_212932_7210"/></ownedComment><ownedElement humanName="Owned Element"><generalization classType="Generalization" humanType="Generalization" icon="ConceptLibrary_files/icon_generalization_212232499.png" isRelationship="true" refid="_17_0_5_1_7b3022e_1398541907448_575776_5175"/><comment classType="Comment" humanType="Comment" icon="ConceptLibrary_files/icon_comment_1609735765.png" refid="_17_0_5_1_7b3022e_1398548277631_212932_7210"/><instancespecification classType="InstanceSpecification" humanType="Instance Specification" icon="ConceptLibrary_files/icon_instancespecification_1746117425.png" name=" : UML Standard Profile::MagicDraw Profile::HyperlinkOwner" refid="_18_0_2_3ba019e_1423442039230_100791_11804"/></ownedElement><owner classType="Package" humanName="Owner" humanType="Package" icon="ConceptLibrary_files/icon_package_467146800.png" mode="s,e" name="Occurrences" refid="_18_4_62501eb_1476382387273_987575_38028"/><owningPackage classType="Package" humanName="Owning Package" humanType="Package" icon="ConceptLibrary_files/icon_package_467146800.png" name="Occurrences" refid="_18_4_62501eb_1476382387273_987575_38028"/><package classType="Package" humanName="Package" humanType="Package" icon="ConceptLibrary_files/icon_package_467146800.png" name="Occurrences" refid="_18_4_62501eb_1476382387273_987575_38028"/><qualifiedName humanName="Qualified Name" mode="e">Concept Library::Occurrences::Occurrence</qualifiedName><specificClassifier humanName="Specific Classifier"><class classType="Class" humanType="Class" icon="ConceptLibrary_files/icon_class_1769227988.png" name="Activity" refid="_18_1_3ba019e_1444339455006_136706_29355"/><class classType="Class" humanType="Class" icon="ConceptLibrary_files/icon_class_1769227988.png" name="Actual Occurrence" refid="_18_1_3ba019e_1443311565629_856879_8417"/><class classType="Class" humanType="Class" icon="ConceptLibrary_files/icon_class_1769227988.png" name="Occurrence Pattern" refid="_17_0_5_1_3ba019e_1407877662057_782630_4220"/><associationclass classType="AssociationClass" humanType="Association Class" icon="ConceptLibrary_files/icon_associationclass_1255445356.png" isRelationship="true" name="Performance" refid="_18_4_62501eb_1475006999465_255813_40275"/><class classType="Class" humanType="Class" icon="ConceptLibrary_files/icon_class_1769227988.png" name="Transfer Ability" refid="_17_0_5_1_7b3022e_1398371871274_325203_7226"/><class classType="Class" humanType="Class" icon="ConceptLibrary_files/icon_class_412694050.png" name="Undesirable Event" refid="_18_1_3ba019e_1442441583766_86043_7842"/></specificClassifier><superClass humanName="Super Class"><class classType="Class" humanType="Class" icon="ConceptLibrary_files/icon_class_412694050.png" name="Situation" refid="_18_1_3ba019e_1430349228247_211772_4675"/></superClass><TO_DO humanName="To Do" mode="s,e"/><visibility humanName="Visibility" mode="e">public</visibility><appearsIn><diagram classType="Diagram" humanType="Diagram" icon="ConceptLibrary_files/icon_Generic Table_1568169108.png" name="Concept Library Classes" refid="_18_4_1_62501eb_1495298309386_966735_15952"/><diagram classType="Diagram" humanType="Diagram" icon="ConceptLibrary_files/icon_Class Diagram_505751443.png" name="Foundation" refid="_18_4_1_62501eb_1495296229925_256240_9842"/><diagram classType="Diagram" humanType="Diagram" icon="ConceptLibrary_files/icon_Class Diagram_505751443.png" name="Course of Action Rule" refid="_17_0_5_1_3ba019e_1408480694685_689209_4181"/><diagram classType="Diagram" humanType="Diagram" icon="ConceptLibrary_files/icon_Generic Table_1568169108.png" name="Threat &amp; Risk Classes" refid="_18_0_2_3ba019e_1423943641982_180424_6129"/><diagram classType="Diagram" humanType="Diagram" icon="ConceptLibrary_files/icon_Generic Table_1568169108.png" name="Vocabulary" refid="_18_0_2_3ba019e_1418664073699_926094_6665"/><diagram classType="Diagram" humanType="Diagram" icon="ConceptLibrary_files/icon_Class Diagram_505751443.png" name="Resource Actions" refid="_18_4_62501eb_1477146162806_692144_55519"/><diagram classType="Diagram" humanType="Diagram" icon="ConceptLibrary_files/icon_Class Diagram_505751443.png" name="Situation Relationships" refid="_18_1_3ba019e_1441912395042_962730_7694"/><diagram classType="Diagram" humanType="Diagram" icon="ConceptLibrary_files/icon_Class Diagram_505751443.png" name="Output" refid="_18_4_62501eb_1476389919671_675311_42734"/><diagram classType="Diagram" humanType="Diagram" icon="ConceptLibrary_files/icon_Class Diagram_505751443.png" name="Monitor" refid="_18_4_62501eb_1477431761772_502746_31636"/><diagram classType="Diagram" humanType="Diagram" icon="ConceptLibrary_files/icon_Class Diagram_505751443.png" name="Process" refid="_17_0_5_1_3ba019e_1407960337744_968303_4171"/><diagram classType="Diagram" humanType="Diagram" icon="ConceptLibrary_files/icon_Class Diagram_505751443.png" name="Situation Timeframes" refid="_17_0_5_1_7b3022e_1402580014985_536853_5366"/><diagram classType="Diagram" humanType="Diagram" icon="ConceptLibrary_files/icon_Class Diagram_505751443.png" name="Performance" refid="_18_4_62501eb_1476397468103_618061_56899"/><diagram classType="Diagram" humanType="Diagram" icon="ConceptLibrary_files/icon_Class Diagram_505751443.png" name="Process Decomposition" refid="_18_4_62501eb_1476391385927_632902_44043"/><diagram classType="Diagram" humanType="Diagram" icon="ConceptLibrary_files/icon_Class Diagram_505751443.png" name="Danger" refid="_18_4_62501eb_1477238353112_275858_27373"/><diagram classType="Diagram" humanType="Diagram" icon="ConceptLibrary_files/icon_Class Diagram_505751443.png" name="Countermeasure for Strategy" refid="_18_4_62501eb_1477430537620_757265_30189"/><diagram classType="Diagram" humanType="Diagram" icon="ConceptLibrary_files/icon_Class Diagram_505751443.png" name="Usage" refid="_18_4_62501eb_1476390364566_358297_42995"/><diagram classType="Diagram" humanType="Diagram" icon="ConceptLibrary_files/icon_Class Diagram_505751443.png" name="Capabilities" refid="_18_2_62501eb_1455752919124_612122_8504"/><diagram classType="Diagram" humanType="Diagram" icon="ConceptLibrary_files/icon_Class Diagram_505751443.png" name="Occurrences" refid="_18_4_62501eb_1476382395662_619517_38029"/></appearsIn></class></magicdraw>