<?xml version="1.0" encoding="UTF-8"?><magicdraw><class classType="Class" humanType="Class" icon="ConceptLibrary_files/icon_class_1769227988.png" id="_17_0_5_1_3ba019e_1407439004197_904558_4235"><allGeneralClassifiers humanName="All General Classifiers"><class classType="Class" humanType="Class" icon="ConceptLibrary_files/icon_class_1769227988.png" name="Actual Entity" refid="_18_4_62501eb_1474742369274_834660_32276"/><class classType="Class" humanType="Class" icon="ConceptLibrary_files/icon_class_1769227988.png" name="Actual Situation" refid="_18_4_62501eb_1474913936207_73898_20244"/><class classType="Class" humanType="Class" icon="ConceptLibrary_files/icon_class_412694050.png" name="Context" refid="_17_0_3_7b3022e_1331164829050_871772_2449"/><class classType="Class" humanType="Class" icon="ConceptLibrary_files/icon_class_1769227988.png" name="Entity" refid="_17_0_3_7b3022e_1331156499953_68666_1704"/><class classType="Class" humanType="Class" icon="ConceptLibrary_files/icon_class_1769227988.png" name="Lexical Context" refid="_17_0_4_1_7b3022e_1387036440058_58622_4050"/><class classType="Class" humanType="Class" icon="ConceptLibrary_files/icon_class_1769227988.png" name="Lexical Scope" refid="_18_4_1_62501eb_1502394944731_837726_9021"/><class classType="Class" humanType="Class" icon="ConceptLibrary_files/icon_class_412694050.png" name="Proposition" refid="_18_2_62501eb_1462460603792_169037_6216"/><class classType="Class" humanType="Class" icon="ConceptLibrary_files/icon_class_1769227988.png" name="Scoped Context" refid="_18_5_3_62501eb_1527086128974_510931_15787"/><class classType="Class" humanType="Class" icon="ConceptLibrary_files/icon_class_412694050.png" name="Situation" refid="_18_1_3ba019e_1430349228247_211772_4675"/><class classType="Class" humanType="Class" icon="ConceptLibrary_files/icon_class_1769227988.png" name="Temporal Entity" refid="_18_5_3_62501eb_1526245829678_449841_12740"/><class classType="Class" humanType="Class" icon="ConceptLibrary_files/icon_class_412694050.png" name="Temporal Region" refid="_18_4_62501eb_1475191630164_228537_15293"/><class classType="Class" humanType="Class" icon="ConceptLibrary_files/icon_class_412694050.png" name="Thing" refid="_17_0_3_7b3022e_1331313031781_359355_5487"/></allGeneralClassifiers><APPLIED_STEREOTYPES humanName="Applied Stereotype" mode="s,e"><stereotype classType="Stereotype" humanType="Stereotype" icon="ConceptLibrary_files/icon_stereotype_643587433.png" name="HyperlinkOwner" refid="_9_0_be00301_1108044563999_784946_1"/></APPLIED_STEREOTYPES><appliedStereotype humanName="Applied Stereotype" mode="s,e"><stereotype classType="Stereotype" humanType="Stereotype" icon="ConceptLibrary_files/icon_stereotype_643587433.png" name="HyperlinkOwner" refid="_9_0_be00301_1108044563999_784946_1"><property classType="Property" humanType="Property" icon="ConceptLibrary_files/icon_property_736527975.png" name="base_Element" refid="_10_0EAPbeta_be00301_1123081772148_910751_285"/><property classType="Property" humanType="Property" icon="ConceptLibrary_files/icon_property_736527975.png" name="base_Element" refid="_10_0EAPbeta_be00301_1123081772098_411862_275"/><property classType="Property" humanName="Element/Symbol" humanType="Property" icon="ConceptLibrary_files/icon_property_736527975.png" name="hyperlinkModel" refid="_622020d_1063089736320_890266_3"><diagram classType="Diagram" humanType="Diagram" icon="ConceptLibrary_files/icon_Class Diagram_505751443.png" name="Situation Timeframes" refid="_17_0_5_1_7b3022e_1402580014985_536853_5366"/></property><property classType="Property" humanName="Active Hyperlink" humanType="Property" icon="ConceptLibrary_files/icon_property_736527975.png" name="hyperlinkModelActive" refid="_622020d_1063089736320_73815_4"><diagram classType="Diagram" humanType="Diagram" icon="ConceptLibrary_files/icon_Class Diagram_505751443.png" name="Situation Timeframes" refid="_17_0_5_1_7b3022e_1402580014985_536853_5366"/></property><property classType="Property" humanName="File/WEB_PAGE" humanType="Property" icon="ConceptLibrary_files/icon_property_736527975.png" name="hyperlinkText" refid="_622020d_1063089736310_884303_1"/><property classType="Property" humanName="Active Hyperlink" humanType="Property" icon="ConceptLibrary_files/icon_property_736527975.png" name="hyperlinkTextActive" refid="_622020d_1063089736310_68488_2"/></stereotype></appliedStereotype><appliedStereotypeInstance classType="InstanceSpecification" humanName="Applied Stereotype Instance" humanType="Instance Specification" icon="ConceptLibrary_files/icon_instancespecification_1746117425.png" name=" : UML Standard Profile::MagicDraw Profile::HyperlinkOwner" refid="_18_4_62501eb_1477170922760_349859_30149"/><documentation humanName="Documentation">A situation that is actually occurring at the moment. "the moment" is contextual and interpreted within the context of the model.</documentation><documentation humanName="Documentation" mode="standard">A situation that is actually occurring at the moment. "the moment" is contextual and interpreted within the context of the model.</documentation><effectiveIRI humanName="Effective IRI"/><generalization humanName="Generalization"><generalization classType="Generalization" humanType="Generalization" icon="ConceptLibrary_files/icon_generalization_212232499.png" isRelationship="true" refid="_17_0_5_1_7b3022e_1402580044321_129565_5486"/><generalization classType="Generalization" humanType="Generalization" icon="ConceptLibrary_files/icon_generalization_212232499.png" isRelationship="true" refid="_18_0_2_3ba019e_1423249962372_829067_7256"/></generalization><inheritedMember humanName="Inherited Member"><diagram classType="Diagram" humanType="Diagram" icon="ConceptLibrary_files/icon_Class Diagram_505751443.png" name="Actual Entity Detail" refid="_18_4_62501eb_1476372316267_988918_9242"/><diagram classType="Diagram" humanType="Diagram" icon="ConceptLibrary_files/icon_Class Diagram_505751443.png" name="Actual Situation" refid="_18_4_62501eb_1480460186606_126226_21371"/><diagram classType="Diagram" humanType="Diagram" icon="ConceptLibrary_files/icon_Class Diagram_505751443.png" name="Context Detail" refid="_18_1_3ba019e_1430749149449_614203_5109"/><diagram classType="Diagram" humanType="Diagram" icon="ConceptLibrary_files/icon_Class Diagram_505751443.png" name="Proposition Detail" refid="_18_4_62501eb_1476372124532_248366_8882"/><diagram classType="Diagram" humanType="Diagram" icon="ConceptLibrary_files/icon_Class Diagram_505751443.png" name="Temporal Entity Detail" refid="_18_4_62501eb_1476372396716_459515_9420"/><diagram classType="Diagram" humanType="Diagram" icon="ConceptLibrary_files/icon_Class Diagram_505751443.png" name="Thing Detail" refid="_18_4_62501eb_1474827775223_682407_38836"/></inheritedMember><isAbstract humanName="Is Abstract" mode="s,e">false</isAbstract><isActive humanName="Is Active" mode="s,e">false</isActive><isFinalSpecialization humanName="Is Final Specialization" mode="e">false</isFinalSpecialization><isLeaf humanName="Is Leaf" mode="e">false</isLeaf><member humanName="Member"><diagram classType="Diagram" humanType="Diagram" icon="ConceptLibrary_files/icon_Class Diagram_505751443.png" name="Actual Entity Detail" refid="_18_4_62501eb_1476372316267_988918_9242"/><diagram classType="Diagram" humanType="Diagram" icon="ConceptLibrary_files/icon_Class Diagram_505751443.png" name="Actual Situation" refid="_18_4_62501eb_1480460186606_126226_21371"/><diagram classType="Diagram" humanType="Diagram" icon="ConceptLibrary_files/icon_Class Diagram_505751443.png" name="Context Detail" refid="_18_1_3ba019e_1430749149449_614203_5109"/><diagram classType="Diagram" humanType="Diagram" icon="ConceptLibrary_files/icon_Class Diagram_505751443.png" name="Proposition Detail" refid="_18_4_62501eb_1476372124532_248366_8882"/><diagram classType="Diagram" humanType="Diagram" icon="ConceptLibrary_files/icon_Class Diagram_505751443.png" name="Temporal Entity Detail" refid="_18_4_62501eb_1476372396716_459515_9420"/><diagram classType="Diagram" humanType="Diagram" icon="ConceptLibrary_files/icon_Class Diagram_505751443.png" name="Thing Detail" refid="_18_4_62501eb_1474827775223_682407_38836"/></member><name humanName="Name" mode="s,e">Current Situation</name><namespace classType="Package" humanName="Namespace" humanType="Package" icon="ConceptLibrary_files/icon_package_467146800.png" name="Situations" refid="_18_1_3ba019e_1441912339062_220667_7665"/><ownedComment humanName="Owned Comment"><comment classType="Comment" humanType="Comment" icon="ConceptLibrary_files/icon_comment_1609735765.png" refid="_18_0_2_3ba019e_1423854764046_729887_8367"/></ownedComment><ownedElement humanName="Owned Element"><generalization classType="Generalization" humanType="Generalization" icon="ConceptLibrary_files/icon_generalization_212232499.png" isRelationship="true" refid="_17_0_5_1_7b3022e_1402580044321_129565_5486"/><generalization classType="Generalization" humanType="Generalization" icon="ConceptLibrary_files/icon_generalization_212232499.png" isRelationship="true" refid="_18_0_2_3ba019e_1423249962372_829067_7256"/><comment classType="Comment" humanType="Comment" icon="ConceptLibrary_files/icon_comment_1609735765.png" refid="_18_0_2_3ba019e_1423854764046_729887_8367"/><instancespecification classType="InstanceSpecification" humanType="Instance Specification" icon="ConceptLibrary_files/icon_instancespecification_1746117425.png" name=" : UML Standard Profile::MagicDraw Profile::HyperlinkOwner" refid="_18_4_62501eb_1477170922760_349859_30149"/></ownedElement><owner classType="Package" humanName="Owner" humanType="Package" icon="ConceptLibrary_files/icon_package_467146800.png" mode="s,e" name="Situations" refid="_18_1_3ba019e_1441912339062_220667_7665"/><owningPackage classType="Package" humanName="Owning Package" humanType="Package" icon="ConceptLibrary_files/icon_package_467146800.png" name="Situations" refid="_18_1_3ba019e_1441912339062_220667_7665"/><package classType="Package" humanName="Package" humanType="Package" icon="ConceptLibrary_files/icon_package_467146800.png" name="Situations" refid="_18_1_3ba019e_1441912339062_220667_7665"/><qualifiedName humanName="Qualified Name" mode="e">Concept Library::Situations::Current Situation</qualifiedName><superClass humanName="Super Class"><class classType="Class" humanType="Class" icon="ConceptLibrary_files/icon_class_1769227988.png" name="Actual Situation" refid="_18_4_62501eb_1474913936207_73898_20244"/><class classType="Class" humanType="Class" icon="ConceptLibrary_files/icon_class_412694050.png" name="Situation" refid="_18_1_3ba019e_1430349228247_211772_4675"/></superClass><TO_DO humanName="To Do" mode="s,e"/><visibility humanName="Visibility" mode="e">public</visibility><appearsIn><diagram classType="Diagram" humanType="Diagram" icon="ConceptLibrary_files/icon_Generic Table_1568169108.png" name="Concept Library Classes" refid="_18_4_1_62501eb_1495298309386_966735_15952"/><diagram classType="Diagram" humanType="Diagram" icon="ConceptLibrary_files/icon_Generic Table_1568169108.png" name="Threat &amp; Risk Classes" refid="_18_0_2_3ba019e_1423943641982_180424_6129"/><diagram classType="Diagram" humanType="Diagram" icon="ConceptLibrary_files/icon_Generic Table_1568169108.png" name="Vocabulary" refid="_18_0_2_3ba019e_1418664073699_926094_6665"/><diagram classType="Diagram" humanType="Diagram" icon="ConceptLibrary_files/icon_Class Diagram_505751443.png" name="Situation Timeframes" refid="_17_0_5_1_7b3022e_1402580014985_536853_5366"/></appearsIn></class></magicdraw>