<?xml version="1.0" encoding="UTF-8"?><magicdraw><class classType="Class" humanType="Class" icon="ConceptLibrary_files/icon_class_1769227988.png" id="_17_0_5_1_3ba019e_1407439004181_405165_4208"><allGeneralClassifiers humanName="All General Classifiers"><class classType="Class" humanType="Class" icon="ConceptLibrary_files/icon_class_1769227988.png" name="Actual Entity" refid="_18_4_62501eb_1474742369274_834660_32276"/><class classType="Class" humanType="Class" icon="ConceptLibrary_files/icon_class_1769227988.png" name="Entity" refid="_17_0_3_7b3022e_1331156499953_68666_1704"/><class classType="Class" humanType="Class" icon="ConceptLibrary_files/icon_class_1769227988.png" name="Physical Entity" refid="_18_4_62501eb_1479420860730_305276_15429"/><class classType="Class" humanType="Class" icon="ConceptLibrary_files/icon_class_1769227988.png" name="Spatial Entity" refid="_17_0_5_1_3ba019e_1407439004180_411370_4206"/><class classType="Class" humanType="Class" icon="ConceptLibrary_files/icon_class_412694050.png" name="Thing" refid="_17_0_3_7b3022e_1331313031781_359355_5487"/></allGeneralClassifiers><allSpecificClassifiers humanName="All Specific Classifiers"><class classType="Class" humanType="Class" icon="ConceptLibrary_files/icon_class_1769227988.png" name="Communicating Device" refid="_18_2_62501eb_1461100557857_676656_11157"/><class classType="Class" humanType="Class" icon="ConceptLibrary_files/icon_class_1769227988.png" name="Communications Link" refid="_18_4_62501eb_1477496082131_63815_18623"/><class classType="Class" humanType="Class" icon="ConceptLibrary_files/icon_class_1769227988.png" name="Computer Control System" refid="_18_1_3ba019e_1445899331087_209207_30968"/><class classType="Class" humanType="Class" icon="ConceptLibrary_files/icon_class_1769227988.png" name="Computer System" refid="_18_0_2_3ba019e_1423352071561_629326_8300"/><class classType="Class" humanType="Class" icon="ConceptLibrary_files/icon_class_1769227988.png" name="Conveyance" refid="_18_1_3ba019e_1444343370742_920774_31264"/><class classType="Class" humanType="Class" icon="ConceptLibrary_files/icon_class_1769227988.png" name="Device" refid="_18_1_3ba019e_1443209392011_793716_7455"/><class classType="Class" humanType="Class" icon="ConceptLibrary_files/icon_class_1769227988.png" name="Manufactured Thing" refid="_18_2_62501eb_1461097802648_141651_10089"/><class classType="Class" humanType="Class" icon="ConceptLibrary_files/icon_class_1769227988.png" name="Physical Tool" refid="_18_2_62501eb_1457025796802_68712_10767"/><class classType="Class" humanType="Class" icon="ConceptLibrary_files/icon_class_1769227988.png" name="Physical Weapon" refid="_18_2_62501eb_1457026091507_914753_10889"/><class classType="Class" humanType="Class" icon="ConceptLibrary_files/icon_class_1769227988.png" name="Telecommunication Device" refid="_18_1_3ba019e_1445528924133_28625_29065"/></allSpecificClassifiers><APPLIED_STEREOTYPES humanName="Applied Stereotype" mode="s,e"><stereotype classType="Stereotype" humanType="Stereotype" icon="ConceptLibrary_files/icon_stereotype_643587433.png" name="HyperlinkOwner" refid="_9_0_be00301_1108044563999_784946_1"/></APPLIED_STEREOTYPES><appliedStereotype humanName="Applied Stereotype" mode="s,e"><stereotype classType="Stereotype" humanType="Stereotype" icon="ConceptLibrary_files/icon_stereotype_643587433.png" name="HyperlinkOwner" refid="_9_0_be00301_1108044563999_784946_1"><property classType="Property" humanType="Property" icon="ConceptLibrary_files/icon_property_736527975.png" name="base_Element" refid="_10_0EAPbeta_be00301_1123081772148_910751_285"/><property classType="Property" humanType="Property" icon="ConceptLibrary_files/icon_property_736527975.png" name="base_Element" refid="_10_0EAPbeta_be00301_1123081772098_411862_275"/><property classType="Property" humanName="Element/Symbol" humanType="Property" icon="ConceptLibrary_files/icon_property_736527975.png" name="hyperlinkModel" refid="_622020d_1063089736320_890266_3"><diagram classType="Diagram" humanType="Diagram" icon="ConceptLibrary_files/icon_Class Diagram_505751443.png" name="Physical Entities" refid="_18_1_3ba019e_1445524503849_318387_27454"/></property><property classType="Property" humanName="Active Hyperlink" humanType="Property" icon="ConceptLibrary_files/icon_property_736527975.png" name="hyperlinkModelActive" refid="_622020d_1063089736320_73815_4"><diagram classType="Diagram" humanType="Diagram" icon="ConceptLibrary_files/icon_Class Diagram_505751443.png" name="Physical Entities" refid="_18_1_3ba019e_1445524503849_318387_27454"/></property><property classType="Property" humanName="File/WEB_PAGE" humanType="Property" icon="ConceptLibrary_files/icon_property_736527975.png" name="hyperlinkText" refid="_622020d_1063089736310_884303_1"/><property classType="Property" humanName="Active Hyperlink" humanType="Property" icon="ConceptLibrary_files/icon_property_736527975.png" name="hyperlinkTextActive" refid="_622020d_1063089736310_68488_2"/></stereotype></appliedStereotype><appliedStereotypeInstance classType="InstanceSpecification" humanName="Applied Stereotype Instance" humanType="Instance Specification" icon="ConceptLibrary_files/icon_instancespecification_1746117425.png" name=" : UML Standard Profile::MagicDraw Profile::HyperlinkOwner" refid="_18_1_3ba019e_1445524689385_689603_27924"/><attribute humanName="Attribute"><property classType="Property" humanType="Property" icon="ConceptLibrary_files/icon_property_736527975.png" name="height" refid="_18_1_3ba019e_1445525457517_183443_28347"/><property classType="Property" humanType="Property" icon="ConceptLibrary_files/icon_property_736527975.png" name="length" refid="_18_1_3ba019e_1445525485724_307421_28351"/><property classType="Property" humanType="Property" icon="ConceptLibrary_files/icon_property_736527975.png" name="width" refid="_18_1_3ba019e_1445525501070_502222_28355"/></attribute><documentation humanName="Documentation">An inanimate material object as distinct from a living sentient being.
[NIEM] ItemType
[DOLCE] Non-agentive Physical Object</documentation><documentation humanName="Documentation" mode="standard">An inanimate material object as distinct from a living sentient being.
[NIEM] ItemType
[DOLCE] Non-agentive Physical Object</documentation><effectiveIRI humanName="Effective IRI"/><feature humanName="Feature"><property classType="Property" humanType="Property" icon="ConceptLibrary_files/icon_property_736527975.png" name="height" refid="_18_1_3ba019e_1445525457517_183443_28347"/><property classType="Property" humanType="Property" icon="ConceptLibrary_files/icon_property_736527975.png" name="length" refid="_18_1_3ba019e_1445525485724_307421_28351"/><property classType="Property" humanType="Property" icon="ConceptLibrary_files/icon_property_736527975.png" name="width" refid="_18_1_3ba019e_1445525501070_502222_28355"/></feature><generalization humanName="Generalization"><generalization classType="Generalization" humanType="Generalization" icon="ConceptLibrary_files/icon_generalization_212232499.png" isRelationship="true" refid="_17_0_5_1_3ba019e_1407439006085_358734_4482"/></generalization><inheritedMember humanName="Inherited Member"><diagram classType="Diagram" humanType="Diagram" icon="ConceptLibrary_files/icon_Class Diagram_505751443.png" name="Actual Entity Detail" refid="_18_4_62501eb_1476372316267_988918_9242"/><diagram classType="Diagram" humanType="Diagram" icon="ConceptLibrary_files/icon_Class Diagram_505751443.png" name="Spacial Entity Detail" refid="_18_1_3ba019e_1445980032856_182141_28588"/><diagram classType="Diagram" humanType="Diagram" icon="ConceptLibrary_files/icon_Class Diagram_505751443.png" name="Thing Detail" refid="_18_4_62501eb_1474827775223_682407_38836"/><property classType="Property" humanType="Property" icon="ConceptLibrary_files/icon_property_736527975.png" name="weight" refid="_18_1_3ba019e_1445373018400_659378_29534"/></inheritedMember><isAbstract humanName="Is Abstract" mode="s,e">false</isAbstract><isActive humanName="Is Active" mode="s,e">false</isActive><isFinalSpecialization humanName="Is Final Specialization" mode="e">false</isFinalSpecialization><isLeaf humanName="Is Leaf" mode="e">false</isLeaf><member humanName="Member"><diagram classType="Diagram" humanType="Diagram" icon="ConceptLibrary_files/icon_Class Diagram_505751443.png" name="Actual Entity Detail" refid="_18_4_62501eb_1476372316267_988918_9242"/><property classType="Property" humanType="Property" icon="ConceptLibrary_files/icon_property_736527975.png" name="height" refid="_18_1_3ba019e_1445525457517_183443_28347"/><property classType="Property" humanType="Property" icon="ConceptLibrary_files/icon_property_736527975.png" name="length" refid="_18_1_3ba019e_1445525485724_307421_28351"/><diagram classType="Diagram" humanType="Diagram" icon="ConceptLibrary_files/icon_Class Diagram_505751443.png" name="Spacial Entity Detail" refid="_18_1_3ba019e_1445980032856_182141_28588"/><diagram classType="Diagram" humanType="Diagram" icon="ConceptLibrary_files/icon_Class Diagram_505751443.png" name="Thing Detail" refid="_18_4_62501eb_1474827775223_682407_38836"/><property classType="Property" humanType="Property" icon="ConceptLibrary_files/icon_property_736527975.png" name="weight" refid="_18_1_3ba019e_1445373018400_659378_29534"/><property classType="Property" humanType="Property" icon="ConceptLibrary_files/icon_property_736527975.png" name="width" refid="_18_1_3ba019e_1445525501070_502222_28355"/></member><name humanName="Name" mode="s,e">Item</name><namespace classType="Package" humanName="Namespace" humanType="Package" icon="ConceptLibrary_files/icon_package_467146800.png" name="Physical Entities" refid="_18_1_3ba019e_1445524484632_42644_27453"/><ownedAttribute humanName="Owned Attribute"><property classType="Property" humanType="Property" icon="ConceptLibrary_files/icon_property_736527975.png" name="height" refid="_18_1_3ba019e_1445525457517_183443_28347"/><property classType="Property" humanType="Property" icon="ConceptLibrary_files/icon_property_736527975.png" name="length" refid="_18_1_3ba019e_1445525485724_307421_28351"/><property classType="Property" humanType="Property" icon="ConceptLibrary_files/icon_property_736527975.png" name="width" refid="_18_1_3ba019e_1445525501070_502222_28355"/></ownedAttribute><ownedComment humanName="Owned Comment"><comment classType="Comment" humanType="Comment" icon="ConceptLibrary_files/icon_comment_1609735765.png" refid="_18_0_2_3ba019e_1422633231403_595218_5026"/></ownedComment><ownedElement humanName="Owned Element"><generalization classType="Generalization" humanType="Generalization" icon="ConceptLibrary_files/icon_generalization_212232499.png" isRelationship="true" refid="_17_0_5_1_3ba019e_1407439006085_358734_4482"/><comment classType="Comment" humanType="Comment" icon="ConceptLibrary_files/icon_comment_1609735765.png" refid="_18_0_2_3ba019e_1422633231403_595218_5026"/><instancespecification classType="InstanceSpecification" humanType="Instance Specification" icon="ConceptLibrary_files/icon_instancespecification_1746117425.png" name=" : UML Standard Profile::MagicDraw Profile::HyperlinkOwner" refid="_18_1_3ba019e_1445524689385_689603_27924"/><property classType="Property" humanType="Property" icon="ConceptLibrary_files/icon_property_736527975.png" name="height" refid="_18_1_3ba019e_1445525457517_183443_28347"/><property classType="Property" humanType="Property" icon="ConceptLibrary_files/icon_property_736527975.png" name="length" refid="_18_1_3ba019e_1445525485724_307421_28351"/><property classType="Property" humanType="Property" icon="ConceptLibrary_files/icon_property_736527975.png" name="width" refid="_18_1_3ba019e_1445525501070_502222_28355"/></ownedElement><ownedMember humanName="Owned Member"><property classType="Property" humanType="Property" icon="ConceptLibrary_files/icon_property_736527975.png" name="height" refid="_18_1_3ba019e_1445525457517_183443_28347"/><property classType="Property" humanType="Property" icon="ConceptLibrary_files/icon_property_736527975.png" name="length" refid="_18_1_3ba019e_1445525485724_307421_28351"/><property classType="Property" humanType="Property" icon="ConceptLibrary_files/icon_property_736527975.png" name="width" refid="_18_1_3ba019e_1445525501070_502222_28355"/></ownedMember><owner classType="Package" humanName="Owner" humanType="Package" icon="ConceptLibrary_files/icon_package_467146800.png" mode="s,e" name="Physical Entities" refid="_18_1_3ba019e_1445524484632_42644_27453"/><owningPackage classType="Package" humanName="Owning Package" humanType="Package" icon="ConceptLibrary_files/icon_package_467146800.png" name="Physical Entities" refid="_18_1_3ba019e_1445524484632_42644_27453"/><package classType="Package" humanName="Package" humanType="Package" icon="ConceptLibrary_files/icon_package_467146800.png" name="Physical Entities" refid="_18_1_3ba019e_1445524484632_42644_27453"/><qualifiedName humanName="Qualified Name" mode="e">Concept Library::Physical Entities::Item</qualifiedName><role humanName="Role"><property classType="Property" humanType="Property" icon="ConceptLibrary_files/icon_property_736527975.png" name="height" refid="_18_1_3ba019e_1445525457517_183443_28347"/><property classType="Property" humanType="Property" icon="ConceptLibrary_files/icon_property_736527975.png" name="length" refid="_18_1_3ba019e_1445525485724_307421_28351"/><property classType="Property" humanType="Property" icon="ConceptLibrary_files/icon_property_736527975.png" name="width" refid="_18_1_3ba019e_1445525501070_502222_28355"/></role><specificClassifier humanName="Specific Classifier"><class classType="Class" humanType="Class" icon="ConceptLibrary_files/icon_class_1769227988.png" name="Device" refid="_18_1_3ba019e_1443209392011_793716_7455"/><class classType="Class" humanType="Class" icon="ConceptLibrary_files/icon_class_1769227988.png" name="Manufactured Thing" refid="_18_2_62501eb_1461097802648_141651_10089"/><class classType="Class" humanType="Class" icon="ConceptLibrary_files/icon_class_1769227988.png" name="Physical Tool" refid="_18_2_62501eb_1457025796802_68712_10767"/></specificClassifier><superClass humanName="Super Class"><class classType="Class" humanType="Class" icon="ConceptLibrary_files/icon_class_1769227988.png" name="Physical Entity" refid="_18_4_62501eb_1479420860730_305276_15429"/></superClass><TO_DO humanName="To Do" mode="s,e"/><visibility humanName="Visibility" mode="e">public</visibility><appearsIn><diagram classType="Diagram" humanType="Diagram" icon="ConceptLibrary_files/icon_Class Diagram_505751443.png" name="Spacial Entity Detail" refid="_18_1_3ba019e_1445980032856_182141_28588"/><diagram classType="Diagram" humanType="Diagram" icon="ConceptLibrary_files/icon_Generic Table_1568169108.png" name="Concept Library Classes" refid="_18_4_1_62501eb_1495298309386_966735_15952"/><diagram classType="Diagram" humanType="Diagram" icon="ConceptLibrary_files/icon_Class Diagram_505751443.png" name="Vendors and Producers" refid="_18_2_62501eb_1461097749699_650567_9923"/><diagram classType="Diagram" humanType="Diagram" icon="ConceptLibrary_files/icon_Class Diagram_505751443.png" name="Physical Entities" refid="_18_1_3ba019e_1445524503849_318387_27454"/><diagram classType="Diagram" humanType="Diagram" icon="ConceptLibrary_files/icon_Generic Table_1568169108.png" name="Threat &amp; Risk Classes" refid="_18_0_2_3ba019e_1423943641982_180424_6129"/><diagram classType="Diagram" humanType="Diagram" icon="ConceptLibrary_files/icon_Generic Table_1568169108.png" name="Vocabulary" refid="_18_0_2_3ba019e_1418664073699_926094_6665"/><diagram classType="Diagram" humanType="Diagram" icon="ConceptLibrary_files/icon_Class Diagram_505751443.png" name="Weapons" refid="_18_4_62501eb_1477060865664_479742_37088"/><diagram classType="Diagram" humanType="Diagram" icon="ConceptLibrary_files/icon_Class Diagram_505751443.png" name="Entity Kinds" refid="_17_0_5_1_3ba019e_1407442563738_166618_6892"/></appearsIn></class></magicdraw>