<?xml version="1.0" encoding="UTF-8"?><magicdraw><generalization classType="Generalization" humanType="Generalization" icon="ConceptLibrary_files/icon_generalization_212232499.png" id="_17_0_5_1_7b3022e_1398808764614_384736_5548"><documentation humanName="Documentation"/><general classType="Class" humanName="General" humanType="Class" icon="ConceptLibrary_files/icon_class_412694050.png" mode="s,e" name="Unit Value" refid="_17_0_5_1_7b3022e_1398808729954_908705_5420"/><isSubstitutable humanName="Is Substitutable">true</isSubstitutable><owner classType="Class" humanName="Owner" humanType="Class" icon="ConceptLibrary_files/icon_class_1769227988.png" mode="s,e" name="Count" refid="_17_0_5_1_7b3022e_1398808729938_982899_5400"/><relatedElement humanName="Related Element"><class classType="Class" humanType="Class" icon="ConceptLibrary_files/icon_class_1769227988.png" name="Count" refid="_17_0_5_1_7b3022e_1398808729938_982899_5400"/><class classType="Class" humanType="Class" icon="ConceptLibrary_files/icon_class_412694050.png" name="Unit Value" refid="_17_0_5_1_7b3022e_1398808729954_908705_5420"/></relatedElement><source humanName="Source"><class classType="Class" humanType="Class" icon="ConceptLibrary_files/icon_class_1769227988.png" name="Count" refid="_17_0_5_1_7b3022e_1398808729938_982899_5400"/></source><specific classType="Class" humanName="Specific" humanType="Class" icon="ConceptLibrary_files/icon_class_1769227988.png" mode="s,e" name="Count" refid="_17_0_5_1_7b3022e_1398808729938_982899_5400"/><target humanName="Target"><class classType="Class" humanType="Class" icon="ConceptLibrary_files/icon_class_412694050.png" name="Unit Value" refid="_17_0_5_1_7b3022e_1398808729954_908705_5420"/></target><TO_DO humanName="To Do" mode="s,e"/><appearsIn><diagram classType="Diagram" humanType="Diagram" icon="ConceptLibrary_files/icon_Class Diagram_505751443.png" name="Quantities and units" refid="_17_0_5_1_7b3022e_1396735445040_264138_7682"/></appearsIn></generalization></magicdraw>