<?xml version="1.0" encoding="UTF-8"?><magicdraw><comment classType="Comment" humanType="Comment" icon="ConceptLibrary_files/icon_comment_1609735765.png" id="_17_0_4_1_7b3022e_1387922145474_654926_4948"><annotatedElement humanName="Annotated Element" mode="s,e"><class classType="Class" humanType="Class" icon="ConceptLibrary_files/icon_class_1769227988.png" name="Quantity kind" refid="_17_0_4_1_7b3022e_1387296909426_899377_4696"/></annotatedElement><body humanName="Body" mode="s,e">[JCGM 200:2008]  A Quantity Kind is an aspect common to mutually comparable quantities represented by one or more units. Units with a common quantity kind may be algorithmically converted to any other unit of that quantity kind. e.g. temperature.

Quantity kinds are a supertype of unit types which are then a type of all quantity values, Quantity values are mutually comparable with all other quantity values categorized by the same quantity kind.

[FIBO] QuantityKind: a categorization type for “quantity” that characterizes quantities as being mutually comparable

[DOLCE] Quality Space</body><documentation humanName="Documentation"/><owner classType="Class" humanName="Owner" humanType="Class" icon="ConceptLibrary_files/icon_class_1769227988.png" mode="s,e" name="Quantity kind" refid="_17_0_4_1_7b3022e_1387296909426_899377_4696"/><owningElement classType="Class" humanName="Owning Element" humanType="Class" icon="ConceptLibrary_files/icon_class_1769227988.png" name="Quantity kind" refid="_17_0_4_1_7b3022e_1387296909426_899377_4696"/><TO_DO humanName="To Do" mode="s,e"/></comment></magicdraw>