<?xml version="1.0" encoding="UTF-8"?><magicdraw><constraint classType="Constraint" humanType="Constraint" icon="ConceptLibrary_files/icon_constraint_648358364.png" id="_17_0_5_1_3ba019e_1407439006230_622670_4666"><constrainedElement humanName="Constrained Element" mode="s,e"><class classType="Class" humanType="Class" icon="ConceptLibrary_files/icon_class_1769227988.png" name="Benefit" refid="_17_0_5_1_3ba019e_1407439004200_864206_4242"/></constrainedElement><context classType="Class" humanName="Context" humanType="Class" icon="ConceptLibrary_files/icon_class_1769227988.png" name="Benefit" refid="_17_0_5_1_3ba019e_1407439004200_864206_4242"/><documentation humanName="Documentation">Positive desirability indicates a benefit.</documentation><documentation humanName="Documentation" mode="standard">Positive desirability indicates a benefit.</documentation><name humanName="Name" mode="s,e">beneficial</name><namespace classType="Class" humanName="Namespace" humanType="Class" icon="ConceptLibrary_files/icon_class_1769227988.png" name="Benefit" refid="_17_0_5_1_3ba019e_1407439004200_864206_4242"/><ownedComment humanName="Owned Comment"><comment classType="Comment" humanType="Comment" icon="ConceptLibrary_files/icon_comment_1609735765.png" refid="_18_1_3ba019e_1446047348700_852895_7843"/></ownedComment><ownedElement humanName="Owned Element"><comment classType="Comment" humanType="Comment" icon="ConceptLibrary_files/icon_comment_1609735765.png" refid="_18_1_3ba019e_1446047348700_852895_7843"/><opaqueexpression classType="OpaqueExpression" humanType="Opaque Expression" icon="ConceptLibrary_files/icon_opaqueexpression_2006842965.png" name="desirability&gt;0" refid="_17_0_5_1_3ba019e_1407439006334_548110_4817" text="desirability&gt;0"/></ownedElement><owner classType="Class" humanName="Owner" humanType="Class" icon="ConceptLibrary_files/icon_class_1769227988.png" mode="s,e" name="Benefit" refid="_17_0_5_1_3ba019e_1407439004200_864206_4242"/><qualifiedName humanName="Qualified Name" mode="e">Concept Library::Objectives::Benefit::beneficial</qualifiedName><specification classType="OpaqueExpression" humanName="Specification" humanType="Opaque Expression" icon="ConceptLibrary_files/icon_opaqueexpression_2006842965.png" mode="s,e" name="desirability&gt;0" refid="_17_0_5_1_3ba019e_1407439006334_548110_4817" text="desirability&gt;0"/><TO_DO humanName="To Do" mode="s,e"/><visibility humanName="Visibility">public</visibility></constraint></magicdraw>