<?xml version="1.0" encoding="UTF-8"?><magicdraw><generalization classType="Generalization" humanType="Generalization" icon="ConceptLibrary_files/icon_generalization_212232499.png" id="_17_0_4_1_7b3022e_1388783850739_107727_4459"><documentation humanName="Documentation"/><general classType="Class" humanName="General" humanType="Class" icon="ConceptLibrary_files/icon_class_412694050.png" mode="s,e" name="Type Constraint" refid="_18_2_62501eb_1455135432350_161525_6761"/><isSubstitutable humanName="Is Substitutable">true</isSubstitutable><owner classType="Class" humanName="Owner" humanType="Class" icon="ConceptLibrary_files/icon_class_1769227988.png" mode="s,e" name="Multiplicity Constraint" refid="_17_0_1_2_7b3022e_1332887953334_615648_4989"/><relatedElement humanName="Related Element"><class classType="Class" humanType="Class" icon="ConceptLibrary_files/icon_class_1769227988.png" name="Multiplicity Constraint" refid="_17_0_1_2_7b3022e_1332887953334_615648_4989"/><class classType="Class" humanType="Class" icon="ConceptLibrary_files/icon_class_412694050.png" name="Type Constraint" refid="_18_2_62501eb_1455135432350_161525_6761"/></relatedElement><source humanName="Source"><class classType="Class" humanType="Class" icon="ConceptLibrary_files/icon_class_1769227988.png" name="Multiplicity Constraint" refid="_17_0_1_2_7b3022e_1332887953334_615648_4989"/></source><specific classType="Class" humanName="Specific" humanType="Class" icon="ConceptLibrary_files/icon_class_1769227988.png" mode="s,e" name="Multiplicity Constraint" refid="_17_0_1_2_7b3022e_1332887953334_615648_4989"/><target humanName="Target"><class classType="Class" humanType="Class" icon="ConceptLibrary_files/icon_class_412694050.png" name="Type Constraint" refid="_18_2_62501eb_1455135432350_161525_6761"/></target><TO_DO humanName="To Do" mode="s,e"/><appearsIn><diagram classType="Diagram" humanType="Diagram" icon="ConceptLibrary_files/icon_Class Diagram_505751443.png" name="Rules Summary" refid="_17_0_1_2_7b3022e_1333513948647_226245_3959"/><diagram classType="Diagram" humanType="Diagram" icon="ConceptLibrary_files/icon_Class Diagram_505751443.png" name="Property Constraints" refid="_18_3_62501eb_1465307985999_498834_8097"/><diagram classType="Diagram" humanType="Diagram" icon="ConceptLibrary_files/icon_Class Diagram_505751443.png" name="Type Constraints" refid="_18_3_62501eb_1465307961135_15881_7205"/></appearsIn></generalization></magicdraw>