<?xml version="1.0" encoding="UTF-8"?><magicdraw><comment classType="Comment" humanType="Comment" icon="ConceptLibrary_files/icon_comment_1609735765.png" id="_17_0_1_2_7b3022e_1335384544909_708891_2252"><annotatedElement humanName="Annotated Element" mode="s,e"><diagram classType="Diagram" humanType="Diagram" icon="ConceptLibrary_files/icon_Class Diagram_505751443.png" name="Situations" refid="_17_0_3_7b3022e_1331220227969_859694_3490"/></annotatedElement><body humanName="Body" mode="s,e"/><documentation humanName="Documentation"/><owner classType="Diagram" humanName="Owner" humanType="Diagram" icon="ConceptLibrary_files/icon_Class Diagram_505751443.png" mode="s,e" name="Situations" refid="_17_0_3_7b3022e_1331220227969_859694_3490"/><owningElement classType="Diagram" humanName="Owning Element" humanType="Diagram" icon="ConceptLibrary_files/icon_Class Diagram_505751443.png" name="Situations" refid="_17_0_3_7b3022e_1331220227969_859694_3490"/><TO_DO humanName="To Do" mode="s,e"/></comment></magicdraw>