<?xml version="1.0" encoding="UTF-8"?><magicdraw><instancespecification classType="InstanceSpecification" humanType="Instance Specification" icon="ConceptLibrary_files/icon_instancespecification_1746117425.png" id="_17_0_4_1_7b3022e_1387293838992_728281_3882"><classifier humanName="Classifier" mode="s,e"><stereotype classType="Stereotype" humanType="Stereotype" icon="ConceptLibrary_files/icon_stereotype_643587433.png" name="DiagramInfo" refid="_9_0_be00301_1108044380615_150487_0"/></classifier><documentation humanName="Documentation"/><name humanName="Name" mode="s,e"/><ownedElement humanName="Owned Element"><slot classType="Slot" humanType="Slot" icon="ConceptLibrary_files/icon_slot_1468646544.png" refid="_18_5_3_62501eb_1527181997259_609072_9689"/><slot classType="Slot" humanType="Slot" icon="ConceptLibrary_files/icon_slot_1468646544.png" refid="_18_5_3_62501eb_1527181997260_812542_9691"/><slot classType="Slot" humanType="Slot" icon="ConceptLibrary_files/icon_slot_1468646544.png" refid="_18_5_3_62501eb_1527181997260_13758_9693"/><slot classType="Slot" humanType="Slot" icon="ConceptLibrary_files/icon_slot_1468646544.png" refid="_18_5_3_62501eb_1527181997260_118709_9695"/></ownedElement><owner classType="Diagram" humanName="Owner" humanType="Diagram" icon="ConceptLibrary_files/icon_Class Diagram_505751443.png" mode="s,e" name="Relationships" refid="_17_0_4_1_7b3022e_1387293838966_40989_3870"/><qualifiedName humanName="Qualified Name" mode="e">SMIF Conceptual Model::Relationships::Relationships::</qualifiedName><slot humanName="Slot"><slot classType="Slot" humanType="Slot" icon="ConceptLibrary_files/icon_slot_1468646544.png" refid="_18_5_3_62501eb_1527181997259_609072_9689"/><slot classType="Slot" humanType="Slot" icon="ConceptLibrary_files/icon_slot_1468646544.png" refid="_18_5_3_62501eb_1527181997260_812542_9691"/><slot classType="Slot" humanType="Slot" icon="ConceptLibrary_files/icon_slot_1468646544.png" refid="_18_5_3_62501eb_1527181997260_13758_9693"/><slot classType="Slot" humanType="Slot" icon="ConceptLibrary_files/icon_slot_1468646544.png" refid="_18_5_3_62501eb_1527181997260_118709_9695"/></slot><stereotypedElement classType="Diagram" humanName="Stereotyped Element" humanType="Diagram" icon="ConceptLibrary_files/icon_Class Diagram_505751443.png" name="Relationships" refid="_17_0_4_1_7b3022e_1387293838966_40989_3870"/><TO_DO humanName="To Do" mode="s,e"/><visibility humanName="Visibility">public</visibility></instancespecification></magicdraw>