<?xml version="1.0" encoding="UTF-8"?><magicdraw><generalization classType="Generalization" humanType="Generalization" icon="ConceptLibrary_files/icon_generalization_212232499.png" id="_17_0_5_1_3ba019e_1407439006085_358734_4482"><documentation humanName="Documentation"/><general classType="Class" humanName="General" humanType="Class" icon="ConceptLibrary_files/icon_class_1769227988.png" mode="s,e" name="Physical Entity" refid="_18_4_62501eb_1479420860730_305276_15429"/><isSubstitutable humanName="Is Substitutable">true</isSubstitutable><owner classType="Class" humanName="Owner" humanType="Class" icon="ConceptLibrary_files/icon_class_1769227988.png" mode="s,e" name="Item" refid="_17_0_5_1_3ba019e_1407439004181_405165_4208"/><relatedElement humanName="Related Element"><class classType="Class" humanType="Class" icon="ConceptLibrary_files/icon_class_1769227988.png" name="Item" refid="_17_0_5_1_3ba019e_1407439004181_405165_4208"/><class classType="Class" humanType="Class" icon="ConceptLibrary_files/icon_class_1769227988.png" name="Physical Entity" refid="_18_4_62501eb_1479420860730_305276_15429"/></relatedElement><source humanName="Source"><class classType="Class" humanType="Class" icon="ConceptLibrary_files/icon_class_1769227988.png" name="Item" refid="_17_0_5_1_3ba019e_1407439004181_405165_4208"/></source><specific classType="Class" humanName="Specific" humanType="Class" icon="ConceptLibrary_files/icon_class_1769227988.png" mode="s,e" name="Item" refid="_17_0_5_1_3ba019e_1407439004181_405165_4208"/><target humanName="Target"><class classType="Class" humanType="Class" icon="ConceptLibrary_files/icon_class_1769227988.png" name="Physical Entity" refid="_18_4_62501eb_1479420860730_305276_15429"/></target><TO_DO humanName="To Do" mode="s,e"/><appearsIn><diagram classType="Diagram" humanType="Diagram" icon="ConceptLibrary_files/icon_Class Diagram_505751443.png" name="Spacial Entity Detail" refid="_18_1_3ba019e_1445980032856_182141_28588"/><diagram classType="Diagram" humanType="Diagram" icon="ConceptLibrary_files/icon_Class Diagram_505751443.png" name="Physical Entities" refid="_18_1_3ba019e_1445524503849_318387_27454"/><diagram classType="Diagram" humanType="Diagram" icon="ConceptLibrary_files/icon_Class Diagram_505751443.png" name="Entity Kinds" refid="_17_0_5_1_3ba019e_1407442563738_166618_6892"/></appearsIn></generalization></magicdraw>