<?xml version="1.0" encoding="UTF-8"?><magicdraw><comment classType="Comment" humanType="Comment" icon="ConceptLibrary_files/icon_comment_1609735765.png" id="_17_0_4_1_7b3022e_1388785601004_393453_4709"><annotatedElement humanName="Annotated Element" mode="s,e"><class classType="Class" humanType="Class" icon="ConceptLibrary_files/icon_class_1769227988.png" name="Uniqueness Constraint" refid="_17_0_4_1_7b3022e_1388784145474_875255_4552"/></annotatedElement><body humanName="Body" mode="s,e">A constraint that, within the &lt;constrains&gt; type the rule applies to, the set of instances bound to the set of types in the "has unique" relation must be unique and serves to define the "identity" of each individual. 
Note: Uniqueness may be used to define a "key".
[OWL] HasKey where CE (subject class expression) is &lt;constrains&gt; and &lt;has unique&gt; is Union(ObjectPropertyExpression, DataPropertyExpression)</body><documentation humanName="Documentation"/><owner classType="Class" humanName="Owner" humanType="Class" icon="ConceptLibrary_files/icon_class_1769227988.png" mode="s,e" name="Uniqueness Constraint" refid="_17_0_4_1_7b3022e_1388784145474_875255_4552"/><owningElement classType="Class" humanName="Owning Element" humanType="Class" icon="ConceptLibrary_files/icon_class_1769227988.png" name="Uniqueness Constraint" refid="_17_0_4_1_7b3022e_1388784145474_875255_4552"/><TO_DO humanName="To Do" mode="s,e"/></comment></magicdraw>