<?xml version="1.0" encoding="UTF-8"?><magicdraw><generalization classType="Generalization" humanType="Generalization" icon="ConceptLibrary_files/icon_generalization_212232499.png" id="_17_0_1_2_7b3022e_1333471147528_213436_2642"><documentation humanName="Documentation"/><general classType="Class" humanName="General" humanType="Class" icon="ConceptLibrary_files/icon_class_412694050.png" mode="s,e" name="Expression Node" refid="_17_0_1_2_7b3022e_1333478131876_43931_3354"/><isSubstitutable humanName="Is Substitutable">true</isSubstitutable><owner classType="Class" humanName="Owner" humanType="Class" icon="ConceptLibrary_files/icon_class_1769227988.png" mode="s,e" name="Constant Reference" refid="_17_0_1_2_7b3022e_1333470934122_963736_2560"/><relatedElement humanName="Related Element"><class classType="Class" humanType="Class" icon="ConceptLibrary_files/icon_class_1769227988.png" name="Constant Reference" refid="_17_0_1_2_7b3022e_1333470934122_963736_2560"/><class classType="Class" humanType="Class" icon="ConceptLibrary_files/icon_class_412694050.png" name="Expression Node" refid="_17_0_1_2_7b3022e_1333478131876_43931_3354"/></relatedElement><source humanName="Source"><class classType="Class" humanType="Class" icon="ConceptLibrary_files/icon_class_1769227988.png" name="Constant Reference" refid="_17_0_1_2_7b3022e_1333470934122_963736_2560"/></source><specific classType="Class" humanName="Specific" humanType="Class" icon="ConceptLibrary_files/icon_class_1769227988.png" mode="s,e" name="Constant Reference" refid="_17_0_1_2_7b3022e_1333470934122_963736_2560"/><target humanName="Target"><class classType="Class" humanType="Class" icon="ConceptLibrary_files/icon_class_412694050.png" name="Expression Node" refid="_17_0_1_2_7b3022e_1333478131876_43931_3354"/></target><TO_DO humanName="To Do" mode="s,e"/><appearsIn><diagram classType="Diagram" humanType="Diagram" icon="ConceptLibrary_files/icon_Class Diagram_505751443.png" name="Expressions" refid="_17_0_1_2_7b3022e_1333470540634_416940_2117"/></appearsIn></generalization></magicdraw>