<?xml version="1.0" encoding="UTF-8"?><magicdraw><association classType="Association" humanType="Association" icon="ConceptLibrary_files/icon_association_1781128159.png" id="_17_0_4_1_7b3022e_1387043399732_19807_4959"><documentation humanName="Documentation">Relationship defining internal or external context that are referenced by a lexical scope using a lexical reference.</documentation><documentation humanName="Documentation" mode="standard">Relationship defining internal or external context that are referenced by a lexical scope using a lexical reference.</documentation><endType humanName="End Type"><class classType="Class" humanType="Class" icon="ConceptLibrary_files/icon_class_412694050.png" name="Context" refid="_17_0_3_7b3022e_1331164829050_871772_2449"/><class classType="Class" humanType="Class" icon="ConceptLibrary_files/icon_class_1769227988.png" name="Lexical Reference" refid="_17_0_4_1_7b3022e_1387043339955_784477_4894"/></endType><feature humanName="Feature"><property classType="Property" humanType="Property" icon="ConceptLibrary_files/icon_property_736527975.png" name="referenced by" refid="_17_0_4_1_7b3022e_1387043399732_397965_4961"/><property classType="Property" humanType="Property" icon="ConceptLibrary_files/icon_property_736527975.png" name="References scope" refid="_17_0_4_1_7b3022e_1387043399732_561631_4960"/></feature><isAbstract humanName="Is Abstract">false</isAbstract><isDerived humanName="Is Derived">false</isDerived><isFinalSpecialization humanName="Is Final Specialization">false</isFinalSpecialization><isLeaf humanName="Is Leaf">false</isLeaf><member humanName="Member"><property classType="Property" humanType="Property" icon="ConceptLibrary_files/icon_property_736527975.png" name="referenced by" refid="_17_0_4_1_7b3022e_1387043399732_397965_4961"/><property classType="Property" humanType="Property" icon="ConceptLibrary_files/icon_property_736527975.png" name="References scope" refid="_17_0_4_1_7b3022e_1387043399732_561631_4960"/></member><memberEnd humanName="Member End"><property classType="Property" humanType="Property" icon="ConceptLibrary_files/icon_property_736527975.png" name="referenced by" refid="_17_0_4_1_7b3022e_1387043399732_397965_4961"/><property classType="Property" humanType="Property" icon="ConceptLibrary_files/icon_property_736527975.png" name="References scope" refid="_17_0_4_1_7b3022e_1387043399732_561631_4960"/></memberEnd><name humanName="Name" mode="s,e">Scope of Reference</name><namespace classType="Package" humanName="Namespace" humanType="Package" icon="ConceptLibrary_files/icon_package_467146800.png" name="Lexical Scope" refid="_17_0_4_1_7b3022e_1387036286878_479470_3903"/><navigableOwnedEnd humanName="Navigable Owned End" mode="e"><property classType="Property" humanType="Property" icon="ConceptLibrary_files/icon_property_736527975.png" name="referenced by" refid="_17_0_4_1_7b3022e_1387043399732_397965_4961"/><property classType="Property" humanType="Property" icon="ConceptLibrary_files/icon_property_736527975.png" name="References scope" refid="_17_0_4_1_7b3022e_1387043399732_561631_4960"/></navigableOwnedEnd><ownedComment humanName="Owned Comment"><comment classType="Comment" humanType="Comment" icon="ConceptLibrary_files/icon_comment_1609735765.png" refid="_17_0_4_1_7b3022e_1389197374639_721750_8481"/></ownedComment><ownedElement humanName="Owned Element"><comment classType="Comment" humanType="Comment" icon="ConceptLibrary_files/icon_comment_1609735765.png" refid="_17_0_4_1_7b3022e_1389197374639_721750_8481"/><property classType="Property" humanType="Property" icon="ConceptLibrary_files/icon_property_736527975.png" name="referenced by" refid="_17_0_4_1_7b3022e_1387043399732_397965_4961"/><property classType="Property" humanType="Property" icon="ConceptLibrary_files/icon_property_736527975.png" name="References scope" refid="_17_0_4_1_7b3022e_1387043399732_561631_4960"/></ownedElement><ownedEnd humanName="Owned End"><property classType="Property" humanType="Property" icon="ConceptLibrary_files/icon_property_736527975.png" name="referenced by" refid="_17_0_4_1_7b3022e_1387043399732_397965_4961"/><property classType="Property" humanType="Property" icon="ConceptLibrary_files/icon_property_736527975.png" name="References scope" refid="_17_0_4_1_7b3022e_1387043399732_561631_4960"/></ownedEnd><ownedMember humanName="Owned Member"><property classType="Property" humanType="Property" icon="ConceptLibrary_files/icon_property_736527975.png" name="referenced by" refid="_17_0_4_1_7b3022e_1387043399732_397965_4961"/><property classType="Property" humanType="Property" icon="ConceptLibrary_files/icon_property_736527975.png" name="References scope" refid="_17_0_4_1_7b3022e_1387043399732_561631_4960"/></ownedMember><owner classType="Package" humanName="Owner" humanType="Package" icon="ConceptLibrary_files/icon_package_467146800.png" mode="s,e" name="Lexical Scope" refid="_17_0_4_1_7b3022e_1387036286878_479470_3903"/><owningPackage classType="Package" humanName="Owning Package" humanType="Package" icon="ConceptLibrary_files/icon_package_467146800.png" name="Lexical Scope" refid="_17_0_4_1_7b3022e_1387036286878_479470_3903"/><package classType="Package" humanName="Package" humanType="Package" icon="ConceptLibrary_files/icon_package_467146800.png" name="Lexical Scope" refid="_17_0_4_1_7b3022e_1387036286878_479470_3903"/><qualifiedName humanName="Qualified Name" mode="e">SMIF Conceptual Model::Lexical Scope::Scope of Reference</qualifiedName><relatedElement humanName="Related Element"><class classType="Class" humanType="Class" icon="ConceptLibrary_files/icon_class_412694050.png" name="Context" refid="_17_0_3_7b3022e_1331164829050_871772_2449"/><class classType="Class" humanType="Class" icon="ConceptLibrary_files/icon_class_1769227988.png" name="Lexical Reference" refid="_17_0_4_1_7b3022e_1387043339955_784477_4894"/></relatedElement><TO_DO humanName="To Do"/><visibility humanName="Visibility" mode="s,e">public</visibility><appearsIn><diagram classType="Diagram" humanType="Diagram" icon="ConceptLibrary_files/icon_Class Diagram_505751443.png" name="Lexical Scope" refid="_17_0_4_1_7b3022e_1387036296496_910243_3904"/><diagram classType="Diagram" humanType="Diagram" icon="ConceptLibrary_files/icon_Class Diagram_505751443.png" name="Context Detail" refid="_18_1_3ba019e_1430749149449_614203_5109"/><diagram classType="Diagram" humanType="Diagram" icon="ConceptLibrary_files/icon_Generic Table_1568169108.png" name="SMIF Associations" refid="_18_2_62501eb_1462313084237_705601_5981"/></appearsIn></association></magicdraw>