<?xml version="1.0" encoding="UTF-8"?><magicdraw><diagram classType="Diagram" diagramType="Class Diagram" height="1099" humanType="Diagram" icon="ConceptLibrary_files/icon_Class Diagram_505751443.png" id="_17_0_5_1_3ba019e_1407960337744_968303_4171" src="ConceptLibrary_files/_17_0_5_1_3ba019e_1407960337744_968303_4171.png" width="931"><APPLIED_STEREOTYPES humanName="Applied Stereotype" mode="s,e"><stereotype classType="Stereotype" humanType="Stereotype" icon="ConceptLibrary_files/icon_stereotype_643587433.png" name="DiagramInfo" refid="_9_0_be00301_1108044380615_150487_0"/></APPLIED_STEREOTYPES><appliedStereotype humanName="Applied Stereotype" mode="s,e"><stereotype classType="Stereotype" humanType="Stereotype" icon="ConceptLibrary_files/icon_stereotype_643587433.png" name="DiagramInfo" refid="_9_0_be00301_1108044380615_150487_0"><property classType="Property" humanName="Author" humanType="Property" icon="ConceptLibrary_files/icon_property_736527975.png" name="Author" refid="_be00301_1077726770128_871366_1"><String>Cory</String></property><property classType="Property" humanName="Base_ Diagram" humanType="Property" icon="ConceptLibrary_files/icon_property_736527975.png" name="base_Diagram" refid="_10_0EAPbeta_be00301_1123081772498_901864_356"/><property classType="Property" humanName="Base_ Element" humanType="Property" icon="ConceptLibrary_files/icon_property_736527975.png" name="base_Element" refid="_10_0EAPbeta_be00301_1123081772098_411862_275"/><property classType="Property" humanName="Creation Date" humanType="Property" icon="ConceptLibrary_files/icon_property_736527975.png" name="Creation date" refid="_be00301_1073306188629_537791_2"><String>8/13/14 4:05 PM</String></property><property classType="Property" humanName="Last modified by" humanType="Property" icon="ConceptLibrary_files/icon_property_736527975.png" name="Last modified by" refid="_16_8beta_8ca0285_1257244649124_794756_344"><String>cory-</String></property><property classType="Property" humanName="Modification Date" humanType="Property" icon="ConceptLibrary_files/icon_property_736527975.png" name="Modification date" refid="_be00301_1073394345322_922552_1"><String>12/1/17 3:54 PM</String></property></stereotype></appliedStereotype><appliedStereotypeInstance classType="InstanceSpecification" humanName="Applied Stereotype Instance" humanType="Instance Specification" icon="ConceptLibrary_files/icon_instancespecification_1746117425.png" name=" : UML Standard Profile::MagicDraw Profile::DiagramInfo" refid="_17_0_5_1_3ba019e_1407960337784_811323_4183"/><documentation humanName="Documentation"/><map><area isNotContentShape="false" name="Property enabled by" refid="_18_4_1_62501eb_1487959278733_409222_16770" shape="rect" type="0"><point x="305" y="377"/><point x="316" y="377"/><point x="316" y="388"/><point x="305" y="388"/></area><area isNotContentShape="false" name="Property enables" refid="_18_4_1_62501eb_1487959278732_481148_16769" shape="rect" type="0"><point x="305" y="353"/><point x="316" y="353"/><point x="316" y="364"/><point x="305" y="364"/></area><area isNotContentShape="false" name="Property impacted by" refid="_17_0_5_1_3ba019e_1407451343330_730152_9247" shape="rect" type="0"><point x="595" y="62"/><point x="606" y="62"/><point x="606" y="73"/><point x="595" y="73"/></area><area isNotContentShape="false" name="Property impacts" refid="_17_0_5_1_3ba019e_1407451343330_828277_9246" shape="rect" type="0"><point x="595" y="37"/><point x="606" y="37"/><point x="606" y="48"/><point x="595" y="48"/></area><area isNotContentShape="false" name="Property caused by" refid="_18_0_2_3ba019e_1424731594205_910430_6400" shape="rect" type="0"><point x="305" y="402"/><point x="316" y="402"/><point x="316" y="413"/><point x="305" y="413"/></area><area isNotContentShape="false" name="Property casuses" refid="_18_0_2_3ba019e_1424731594205_483642_6401" shape="rect" type="0"><point x="305" y="426"/><point x="316" y="426"/><point x="316" y="437"/><point x="305" y="437"/></area><area isNotContentShape="false" name="Property initiates" refid="_17_0_5_1_3ba019e_1408481200231_611016_4422" shape="rect" type="0"><point x="172" y="825"/><point x="183" y="825"/><point x="183" y="836"/><point x="172" y="836"/></area><area isNotContentShape="false" name="Property triggered by" refid="_17_0_5_1_3ba019e_1408481200231_133881_4423" shape="rect" type="0"><point x="172" y="786"/><point x="183" y="786"/><point x="183" y="797"/><point x="172" y="797"/></area><area isNotContentShape="false" name="Property" refid="_18_2_62501eb_1455753215620_168964_8774" shape="rect" type="0"><point x="405" y="648"/><point x="416" y="648"/><point x="416" y="659"/><point x="405" y="659"/></area><area isNotContentShape="false" name="Property" refid="_18_2_62501eb_1455753215620_806338_8773" shape="rect" type="0"><point x="405" y="525"/><point x="416" y="525"/><point x="416" y="536"/><point x="405" y="536"/></area><area isNotContentShape="false" name="Property used by" refid="_17_0_5_1_3ba019e_1408662345207_750073_4966" shape="rect" type="0"><point x="298" y="489"/><point x="309" y="489"/><point x="309" y="500"/><point x="298" y="500"/></area><area isNotContentShape="false" name="Property uses" refid="_17_0_5_1_3ba019e_1408662345207_917390_4965" shape="rect" type="0"><point x="207" y="188"/><point x="218" y="188"/><point x="218" y="199"/><point x="207" y="199"/></area><area isNotContentShape="false" name="Property enactement of" refid="_18_1_3ba019e_1431629175379_211403_18053" shape="rect" type="0"><point x="524" y="774"/><point x="535" y="774"/><point x="535" y="785"/><point x="524" y="785"/></area><area isNotContentShape="false" name="Property creates process instance" refid="_18_1_3ba019e_1431629175378_749489_18052" shape="rect" type="0"><point x="524" y="614"/><point x="535" y="614"/><point x="535" y="625"/><point x="524" y="625"/></area><area isNotContentShape="false" name="Property produced by" refid="_18_4_62501eb_1476382630272_487684_38776" shape="rect" type="0"><point x="298" y="513"/><point x="309" y="513"/><point x="309" y="524"/><point x="298" y="524"/></area><area isNotContentShape="false" name="Property produces" refid="_18_4_62501eb_1476382630270_739067_38775" shape="rect" type="0"><point x="368" y="34"/><point x="379" y="34"/><point x="379" y="45"/><point x="368" y="45"/></area><area isNotContentShape="false" name="Property affects" refid="_18_2_62501eb_1455751216317_996456_7979" shape="rect" type="0"><point x="368" y="65"/><point x="379" y="65"/><point x="379" y="76"/><point x="368" y="76"/></area><area isNotContentShape="false" name="Property affected by" refid="_18_2_62501eb_1455751216317_720117_7980" shape="rect" type="0"><point x="342" y="333"/><point x="353" y="333"/><point x="353" y="344"/><point x="342" y="344"/></area><area isNotContentShape="false" name="Property has subprocess" refid="_18_4_62501eb_1476391179447_220871_43968" shape="rect" type="0"><point x="391" y="840"/><point x="402" y="840"/><point x="402" y="851"/><point x="391" y="851"/></area><area isNotContentShape="false" name="Property used by process" refid="_18_4_62501eb_1476391179447_362678_43969" shape="rect" type="0"><point x="306" y="912"/><point x="317" y="912"/><point x="317" y="923"/><point x="306" y="923"/></area><area isNotContentShape="false" name="Property overlaps to" refid="_18_4_62501eb_1475249828570_768733_18781" shape="rect" type="0"><point x="686" y="195"/><point x="697" y="195"/><point x="697" y="206"/><point x="686" y="206"/></area><area isNotContentShape="false" name="Property overlaps from" refid="_18_4_62501eb_1475249828570_608955_18780" shape="rect" type="0"><point x="686" y="170"/><point x="697" y="170"/><point x="697" y="181"/><point x="686" y="181"/></area><area isNotContentShape="false" name="Property finishes at" refid="_17_0_5_1_7b3022e_1396735792618_362377_7937" shape="rect" type="0"><point x="550" y="272"/><point x="561" y="272"/><point x="561" y="283"/><point x="550" y="283"/></area><area isNotContentShape="false" name="Property finish of" refid="_18_4_62501eb_1475250939649_525202_19128" shape="rect" type="0"><point x="550" y="300"/><point x="561" y="300"/><point x="561" y="311"/><point x="550" y="311"/></area><area isNotContentShape="false" name="Property start of" refid="_18_4_62501eb_1475250930665_565682_19080" shape="rect" type="0"><point x="550" y="209"/><point x="561" y="209"/><point x="561" y="220"/><point x="550" y="220"/></area><area isNotContentShape="false" name="Property starts at" refid="_17_0_5_1_7b3022e_1396735777785_259164_7910" shape="rect" type="0"><point x="550" y="237"/><point x="561" y="237"/><point x="561" y="248"/><point x="550" y="248"/></area><area isNotContentShape="false" name="Property is after" refid="_17_0_5_1_7b3022e_1398449037094_200973_4616" shape="rect" type="0"><point x="550" y="146"/><point x="561" y="146"/><point x="561" y="157"/><point x="550" y="157"/></area><area isNotContentShape="false" name="Property is before" refid="_17_0_5_1_7b3022e_1398449037094_388471_4617" shape="rect" type="0"><point x="550" y="181"/><point x="561" y="181"/><point x="561" y="192"/><point x="550" y="192"/></area><area isNotContentShape="false" name="Property uses" refid="_17_0_5_1_3ba019e_1408662345207_917390_4965" shape="rect" type="0"><point x="189" y="178"/><point x="215" y="178"/><point x="215" y="191"/><point x="189" y="191"/></area><area isNotContentShape="false" name="Property is after" refid="_17_0_5_1_7b3022e_1398449037094_200973_4616" shape="rect" type="0"><point x="522" y="136"/><point x="558" y="136"/><point x="558" y="149"/><point x="522" y="149"/></area><area isNotContentShape="false" name="Property affects" refid="_18_2_62501eb_1455751216317_996456_7979" shape="rect" type="0"><point x="336" y="59"/><point x="373" y="59"/><point x="373" y="72"/><point x="336" y="72"/></area><area isNotContentShape="false" name="Property start of" refid="_18_4_62501eb_1475250930665_565682_19080" shape="rect" type="0"><point x="521" y="199"/><point x="558" y="199"/><point x="558" y="212"/><point x="521" y="212"/></area><area isNotContentShape="false" name="Property initiates" refid="_17_0_5_1_3ba019e_1408481200231_611016_4422" shape="rect" type="0"><point x="139" y="816"/><point x="177" y="816"/><point x="177" y="829"/><point x="139" y="829"/></area><area isNotContentShape="false" name="Property impacts" refid="_17_0_5_1_3ba019e_1407451343330_828277_9246" shape="rect" type="0"><point x="598" y="27"/><point x="637" y="27"/><point x="637" y="40"/><point x="598" y="40"/></area><area isNotContentShape="false" name="Property enables" refid="_18_4_1_62501eb_1487959278732_481148_16769" shape="rect" type="0"><point x="273" y="343"/><point x="313" y="343"/><point x="313" y="356"/><point x="273" y="356"/></area><area isNotContentShape="false" name="Property used by" refid="_17_0_5_1_3ba019e_1408662345207_750073_4966" shape="rect" type="0"><point x="265" y="479"/><point x="306" y="479"/><point x="306" y="492"/><point x="265" y="492"/></area><area isNotContentShape="false" name="Property finish of" refid="_18_4_62501eb_1475250939649_525202_19128" shape="rect" type="0"><point x="517" y="290"/><point x="558" y="290"/><point x="558" y="303"/><point x="517" y="303"/></area><area isNotContentShape="false" name="Property starts at" refid="_17_0_5_1_7b3022e_1396735777785_259164_7910" shape="rect" type="0"><point x="516" y="227"/><point x="558" y="227"/><point x="558" y="240"/><point x="516" y="240"/></area><area isNotContentShape="false" name="Property casuses" refid="_18_0_2_3ba019e_1424731594205_483642_6401" shape="rect" type="0"><point x="269" y="416"/><point x="313" y="416"/><point x="313" y="429"/><point x="269" y="429"/></area><area isNotContentShape="false" name="Property is before" refid="_17_0_5_1_7b3022e_1398449037094_388471_4617" shape="rect" type="0"><point x="513" y="171"/><point x="558" y="171"/><point x="558" y="184"/><point x="513" y="184"/></area><area isNotContentShape="false" name="Property produces" refid="_18_4_62501eb_1476382630270_739067_38775" shape="rect" type="0"><point x="328" y="24"/><point x="376" y="24"/><point x="376" y="37"/><point x="328" y="37"/></area><area isNotContentShape="false" name="Property finishes at" refid="_17_0_5_1_7b3022e_1396735792618_362377_7937" shape="rect" type="0"><point x="506" y="262"/><point x="558" y="262"/><point x="558" y="275"/><point x="506" y="275"/></area><area isNotContentShape="false" name="Property caused by" refid="_18_0_2_3ba019e_1424731594205_910430_6400" shape="rect" type="0"><point x="260" y="392"/><point x="313" y="392"/><point x="313" y="405"/><point x="260" y="405"/></area><area isNotContentShape="false" name="Property enabled by" refid="_18_4_1_62501eb_1487959278733_409222_16770" shape="rect" type="0"><point x="258" y="367"/><point x="313" y="367"/><point x="313" y="380"/><point x="258" y="380"/></area><area isNotContentShape="false" name="Property overlaps to" refid="_18_4_62501eb_1475249828570_768733_18781" shape="rect" type="0"><point x="689" y="185"/><point x="745" y="185"/><point x="745" y="198"/><point x="689" y="198"/></area><area isNotContentShape="false" name="Property affected by" refid="_18_2_62501eb_1455751216317_720117_7980" shape="rect" type="0"><point x="287" y="328"/><point x="345" y="328"/><point x="345" y="341"/><point x="287" y="341"/></area><area isNotContentShape="false" name="Property impacted by" refid="_17_0_5_1_3ba019e_1407451343330_730152_9247" shape="rect" type="0"><point x="598" y="52"/><point x="658" y="52"/><point x="658" y="65"/><point x="598" y="65"/></area><area isNotContentShape="false" name="Property triggered by" refid="_17_0_5_1_3ba019e_1408481200231_133881_4423" shape="rect" type="0"><point x="120" y="776"/><point x="180" y="776"/><point x="180" y="789"/><point x="120" y="789"/></area><area isNotContentShape="false" name="Property produced by" refid="_18_4_62501eb_1476382630272_487684_38776" shape="rect" type="0"><point x="243" y="503"/><point x="306" y="503"/><point x="306" y="516"/><point x="243" y="516"/></area><area isNotContentShape="false" name="Property overlaps from" refid="_18_4_62501eb_1475249828570_608955_18780" shape="rect" type="0"><point x="689" y="160"/><point x="758" y="160"/><point x="758" y="173"/><point x="689" y="173"/></area><area isNotContentShape="false" name="Property enactement of" refid="_18_1_3ba019e_1431629175379_211403_18053" shape="rect" type="0"><point x="456" y="769"/><point x="527" y="769"/><point x="527" y="782"/><point x="456" y="782"/></area><area isNotContentShape="false" name="Property has subprocess" refid="_18_4_62501eb_1476391179447_220871_43968" shape="rect" type="0"><point x="313" y="843"/><point x="394" y="843"/><point x="394" y="856"/><point x="313" y="856"/></area><area isNotContentShape="false" name="Property used by process" refid="_18_4_62501eb_1476391179447_362678_43969" shape="rect" type="0"><point x="309" y="902"/><point x="393" y="902"/><point x="393" y="915"/><point x="309" y="915"/></area><area isNotContentShape="false" name="Property creates process instance" refid="_18_1_3ba019e_1431629175378_749489_18052" shape="rect" type="0"><point x="532" y="616"/><point x="658" y="616"/><point x="658" y="629"/><point x="532" y="629"/></area><area isNotContentShape="false" name="Generalization" refid="_18_1_3ba019e_1443295032096_825358_10897" shape="poly" type="0"><point x="741" y="797"/><point x="741" y="811"/><point x="739" y="813"/><point x="739" y="799"/></area><area isNotContentShape="false" name="Generalization" refid="_17_0_5_1_7b3022e_1398541907448_575776_5175" shape="poly" type="0"><point x="327" y="465"/><point x="327" y="482"/><point x="325" y="484"/><point x="325" y="467"/></area><area isNotContentShape="false" name="Generalization" refid="_17_0_5_1_3ba019e_1407877707088_225484_4242" shape="poly" type="0"><point x="607" y="864"/><point x="607" y="881"/><point x="605" y="883"/><point x="605" y="866"/></area><area isNotContentShape="false" name="Generalization" refid="_18_0_2_3ba019e_1423002927888_688409_6227" shape="poly" type="0"><point x="503" y="864"/><point x="503" y="881"/><point x="501" y="883"/><point x="501" y="866"/></area><area isNotContentShape="false" name="Association Class Impact" refid="_18_4_62501eb_1475006705065_426651_38264" shape="poly" type="0"><point x="677" y="53"/><point x="694" y="52"/><point x="692" y="54"/><point x="675" y="55"/></area><area isNotContentShape="false" name="Generalization" refid="_18_1_3ba019e_1443311600157_888687_8465" shape="poly" type="0"><point x="527" y="563"/><point x="527" y="580"/><point x="525" y="582"/><point x="525" y="565"/></area><area isNotContentShape="false" name="Generalization" refid="_18_4_62501eb_1476383944133_863948_39426" shape="poly" type="0"><point x="187" y="379"/><point x="187" y="402"/><point x="185" y="404"/><point x="185" y="381"/></area><area isNotContentShape="false" name="Generalization" refid="_17_0_5_1_3ba019e_1407439006069_775718_4440" shape="poly" type="0"><point x="607" y="465"/><point x="607" y="489"/><point x="605" y="491"/><point x="605" y="467"/></area><area isNotContentShape="false" name="Generalization" refid="_18_4_62501eb_1476380470794_155019_37430" shape="poly" type="0"><point x="397" y="681"/><point x="397" y="706"/><point x="395" y="708"/><point x="395" y="683"/></area><area isNotContentShape="false" name="Association Class Invoke Process" refid="_18_4_62501eb_1476380420686_234834_37328" shape="poly" type="0"><point x="530" y="698"/><point x="504" y="706"/><point x="502" y="708"/><point x="528" y="700"/></area><area isNotContentShape="false" name="Association Class Cause and Effect" refid="_18_4_62501eb_1475006958391_680737_39764" shape="poly" type="0"><point x="253" y="418"/><point x="226" y="418"/><point x="224" y="420"/><point x="251" y="420"/></area><area isNotContentShape="false" name="Generalization" refid="_18_4_62501eb_1475191665174_366678_15317" shape="poly" type="0"><point x="631" y="111"/><point x="631" y="139"/><point x="629" y="141"/><point x="629" y="113"/></area><area isNotContentShape="false" name="Association Class Enablement" refid="_18_4_1_62501eb_1487959278732_729837_16768" shape="poly" type="0"><point x="253" y="369"/><point x="225" y="366"/><point x="223" y="368"/><point x="251" y="371"/></area><area isNotContentShape="false" name="Generalization" refid="_18_2_62501eb_1455753188420_14127_8745" shape="poly" type="0"><point x="351" y="627"/><point x="351" y="657"/><point x="349" y="659"/><point x="349" y="629"/></area><area isNotContentShape="false" name="Association Class Effect" refid="_18_4_62501eb_1476383320621_65004_39057" shape="poly" type="0"><point x="348" y="190"/><point x="319" y="223"/><point x="317" y="225"/><point x="346" y="192"/></area><area isNotContentShape="false" name="Association Class Process Decomposition" refid="_18_4_62501eb_1476391179447_460515_43967" shape="poly" type="0"><point x="391" y="916"/><point x="363" y="951"/><point x="361" y="953"/><point x="389" y="918"/></area><area isNotContentShape="false" name="Association Class When" refid="_17_0_5_1_3ba019e_1408481200231_960761_4421" shape="poly" type="0"><point x="117" y="810"/><point x="88" y="774"/><point x="86" y="776"/><point x="115" y="812"/></area><area isNotContentShape="false" name="Generalization" refid="_18_1_3ba019e_1444339666205_277564_29380" shape="poly" type="0"><point x="740" y="844"/><point x="740" y="881"/><point x="738" y="883"/><point x="738" y="846"/></area><area isNotContentShape="false" name="Generalization" refid="_17_0_5_1_3ba019e_1407879299046_387628_4350" shape="poly" type="0"><point x="320" y="739"/><point x="320" y="783"/><point x="318" y="785"/><point x="318" y="741"/></area><area isNotContentShape="false" name="Generalization" refid="_17_0_5_1_3ba019e_1408567916201_335840_5606" shape="poly" type="0"><point x="509" y="905"/><point x="509" y="951"/><point x="507" y="953"/><point x="507" y="907"/></area><area isNotContentShape="false" name="Generalization" refid="_18_4_62501eb_1477500984680_207518_19854" shape="poly" type="0"><point x="848" y="905"/><point x="848" y="951"/><point x="846" y="953"/><point x="846" y="907"/></area><area isNotContentShape="false" name="Generalization" refid="_18_4_1_62501eb_1494612894733_199627_15042" shape="poly" type="0"><point x="138" y="893"/><point x="138" y="920"/><point x="190" y="920"/><point x="188" y="922"/><point x="136" y="922"/><point x="136" y="895"/></area><area isNotContentShape="false" name="Generalization" refid="_18_0_2_3ba019e_1423005302851_297080_6815" shape="poly" type="0"><point x="256" y="111"/><point x="256" y="167"/><point x="254" y="169"/><point x="254" y="113"/></area><area isNotContentShape="false" name="Generalization" refid="_18_1_3ba019e_1443311582937_491752_8441" shape="poly" type="0"><point x="628" y="522"/><point x="628" y="580"/><point x="626" y="582"/><point x="626" y="524"/></area><area isNotContentShape="false" name="Generalization" refid="_18_4_1_62501eb_1494613154397_117548_15129" shape="poly" type="0"><point x="253" y="839"/><point x="253" y="902"/><point x="251" y="904"/><point x="251" y="841"/></area><area isNotContentShape="false" name="Association Class Enablement" refid="_18_4_1_62501eb_1487959278732_729837_16768" shape="poly" type="0"><point x="316" y="357"/><point x="253" y="357"/><point x="253" y="381"/><point x="316" y="381"/><point x="314" y="383"/><point x="251" y="383"/><point x="251" y="359"/><point x="314" y="359"/></area><area isNotContentShape="false" name="Association Class Cause and Effect" refid="_18_4_62501eb_1475006958391_680737_39764" shape="poly" type="0"><point x="316" y="406"/><point x="253" y="406"/><point x="253" y="430"/><point x="316" y="430"/><point x="314" y="432"/><point x="251" y="432"/><point x="251" y="408"/><point x="314" y="408"/></area><area isNotContentShape="false" name="Association Class When" refid="_17_0_5_1_3ba019e_1408481200231_960761_4421" shape="poly" type="0"><point x="183" y="829"/><point x="117" y="829"/><point x="117" y="790"/><point x="183" y="790"/><point x="181" y="792"/><point x="115" y="792"/><point x="115" y="831"/><point x="181" y="831"/></area><area isNotContentShape="false" name="Generalization" refid="_17_0_5_1_7b3022e_1398820329231_301812_7593" shape="poly" type="0"><point x="865" y="422"/><point x="865" y="489"/><point x="863" y="491"/><point x="863" y="424"/></area><area isNotContentShape="false" name="Association Class Impact" refid="_18_4_62501eb_1475006705065_426651_38264" shape="poly" type="0"><point x="596" y="41"/><point x="677" y="41"/><point x="677" y="66"/><point x="596" y="66"/><point x="594" y="68"/><point x="675" y="68"/><point x="675" y="43"/><point x="594" y="43"/></area><area isNotContentShape="false" name="Generalization" refid="_18_1_3ba019e_1443294136960_893547_10660" shape="poly" type="0"><point x="617" y="797"/><point x="617" y="881"/><point x="615" y="883"/><point x="615" y="799"/></area><area isNotContentShape="false" name="Association Class Process Decomposition" refid="_18_4_62501eb_1476391179447_460515_43967" shape="poly" type="0"><point x="397" y="839"/><point x="397" y="916"/><point x="307" y="916"/><point x="305" y="918"/><point x="395" y="918"/><point x="395" y="841"/></area><area isNotContentShape="false" name="Generalization" refid="_18_4_62501eb_1475192108604_191135_15393" shape="poly" type="0"><point x="561" y="307"/><point x="561" y="398"/><point x="554" y="398"/><point x="552" y="400"/><point x="559" y="400"/><point x="559" y="309"/></area><area isNotContentShape="false" name="Generalization" refid="_18_4_62501eb_1476992014175_615512_30432" shape="poly" type="0"><point x="701" y="598"/><point x="789" y="598"/><point x="789" y="692"/><point x="787" y="694"/><point x="787" y="600"/><point x="699" y="600"/></area><area isNotContentShape="false" name="Association Overlaps in Time" refid="_18_4_62501eb_1478125475800_435278_40210" shape="poly" type="0"><point x="687" y="174"/><point x="792" y="174"/><point x="792" y="199"/><point x="687" y="199"/><point x="685" y="201"/><point x="790" y="201"/><point x="790" y="176"/><point x="685" y="176"/></area><area isNotContentShape="false" name="Association Finish Time" refid="_18_4_62501eb_1478125657533_923715_40768" shape="poly" type="0"><point x="561" y="304"/><point x="449" y="304"/><point x="449" y="276"/><point x="561" y="276"/><point x="559" y="278"/><point x="447" y="278"/><point x="447" y="306"/><point x="559" y="306"/></area><area isNotContentShape="false" name="Association Start Time" refid="_18_4_62501eb_1478125739896_273950_40929" shape="poly" type="0"><point x="561" y="213"/><point x="449" y="213"/><point x="449" y="241"/><point x="561" y="241"/><point x="559" y="243"/><point x="447" y="243"/><point x="447" y="215"/><point x="559" y="215"/></area><area isNotContentShape="false" name="Association Temporal Order" refid="_18_4_62501eb_1478125926108_41549_41145" shape="poly" type="0"><point x="561" y="150"/><point x="442" y="150"/><point x="442" y="185"/><point x="561" y="185"/><point x="559" y="187"/><point x="440" y="187"/><point x="440" y="152"/><point x="559" y="152"/></area><area isNotContentShape="false" name="Association" refid="_18_2_62501eb_1455753215620_104479_8772" shape="poly" type="0"><point x="411" y="524"/><point x="411" y="657"/><point x="409" y="659"/><point x="409" y="526"/></area><area isNotContentShape="false" name="Association Class Usage" refid="_18_4_62501eb_1476380351583_626527_37221" shape="poly" type="0"><point x="85" y="388"/><point x="126" y="235"/><point x="124" y="237"/><point x="83" y="390"/></area><area isNotContentShape="false" name="Generalization" refid="_18_4_62501eb_1476992007942_616682_30429" shape="poly" type="0"><point x="796" y="881"/><point x="796" y="725"/><point x="794" y="727"/><point x="794" y="883"/></area><area isNotContentShape="false" name="Association Class Output" refid="_18_4_62501eb_1476382630270_100592_38774" shape="poly" type="0"><point x="64" y="242"/><point x="105" y="81"/><point x="103" y="83"/><point x="62" y="244"/></area><area isNotContentShape="false" name="Association Class Invoke Process" refid="_18_4_62501eb_1476380420686_234834_37328" shape="poly" type="0"><point x="530" y="613"/><point x="530" y="783"/><point x="528" y="785"/><point x="528" y="615"/></area><area isNotContentShape="false" name="Generalization" refid="_17_0_5_1_3ba019e_1407877575954_540428_4215" shape="poly" type="0"><point x="250" y="563"/><point x="250" y="783"/><point x="248" y="785"/><point x="248" y="565"/></area><area isNotContentShape="false" name="Association Class Effect" refid="_18_4_62501eb_1476383320621_65004_39057" shape="poly" type="0"><point x="379" y="69"/><point x="348" y="69"/><point x="348" y="342"/><point x="346" y="344"/><point x="346" y="71"/><point x="377" y="71"/></area><area isNotContentShape="false" name="Association Class Usage" refid="_18_4_62501eb_1476380351583_626527_37221" shape="poly" type="0"><point x="218" y="192"/><point x="85" y="192"/><point x="85" y="493"/><point x="309" y="493"/><point x="307" y="495"/><point x="83" y="495"/><point x="83" y="194"/><point x="216" y="194"/></area><area isNotContentShape="false" name="Generalization" refid="_18_1_3ba019e_1444339843853_576441_29446" shape="poly" type="0"><point x="834" y="563"/><point x="834" y="881"/><point x="832" y="883"/><point x="832" y="565"/></area><area isNotContentShape="false" name="Generalization" refid="_17_0_5_1_7b3022e_1398810226254_352807_6061" shape="poly" type="0"><point x="596" y="76"/><point x="596" y="398"/><point x="827" y="398"/><point x="825" y="400"/><point x="594" y="400"/><point x="594" y="78"/></area><area isNotContentShape="false" name="Association Class Output" refid="_18_4_62501eb_1476382630270_100592_38774" shape="poly" type="0"><point x="379" y="38"/><point x="64" y="38"/><point x="64" y="517"/><point x="309" y="517"/><point x="307" y="519"/><point x="62" y="519"/><point x="62" y="40"/><point x="377" y="40"/></area><area isNotContentShape="false" name="Class Capability" refid="_18_2_62501eb_1455751068083_692406_7896" shape="rect" type="0"><point x="308" y="595"/><point x="369" y="595"/><point x="369" y="629"/><point x="308" y="629"/></area><area isNotContentShape="false" name="Diagram Scenarios" refid="_18_4_1_62501eb_1487958729045_883467_16155" shape="rect" type="0"><point x="168" y="1029"/><point x="237" y="1029"/><point x="237" y="1075"/><point x="168" y="1075"/></area><area isNotContentShape="false" name="Class Pattern" refid="_17_0_4_1_7b3022e_1388872049081_627218_5350" shape="rect" type="0"><point x="280" y="707"/><point x="356" y="707"/><point x="356" y="741"/><point x="280" y="741"/></area><area isNotContentShape="false" name="Class Resource" refid="_18_0_2_3ba019e_1423005240776_581290_6780" shape="rect" type="0"><point x="217" y="168"/><point x="295" y="168"/><point x="295" y="204"/><point x="217" y="204"/></area><area isNotContentShape="false" name="Class Actor" refid="_17_0_5_1_7b3022e_1398820303774_882324_7571" shape="rect" type="0"><point x="826" y="490"/><point x="904" y="490"/><point x="904" y="515"/><point x="826" y="515"/></area><area isNotContentShape="false" name="Association Class Enablement" refid="_18_4_1_62501eb_1487959278732_729837_16768" shape="rect" type="0"><point x="147" y="347"/><point x="225" y="347"/><point x="225" y="381"/><point x="147" y="381"/></area><area isNotContentShape="false" name="Association Class Impact" refid="_18_4_62501eb_1475006705065_426651_38264" shape="rect" type="0"><point x="693" y="35"/><point x="771" y="35"/><point x="771" y="69"/><point x="693" y="69"/></area><area isNotContentShape="false" name="Association Class When" refid="_17_0_5_1_3ba019e_1408481200231_960761_4421" shape="rect" type="0"><point x="35" y="742"/><point x="113" y="742"/><point x="113" y="776"/><point x="35" y="776"/></area><area isNotContentShape="false" name="Association Class Usage" refid="_18_4_62501eb_1476380351583_626527_37221" shape="rect" type="0"><point x="91" y="203"/><point x="169" y="203"/><point x="169" y="237"/><point x="91" y="237"/></area><area isNotContentShape="false" name="Association Class Output" refid="_18_4_62501eb_1476382630270_100592_38774" shape="rect" type="0"><point x="70" y="49"/><point x="148" y="49"/><point x="148" y="83"/><point x="70" y="83"/></area><area isNotContentShape="false" name="Association Class Effect" refid="_18_4_62501eb_1476383320621_65004_39057" shape="rect" type="0"><point x="266" y="224"/><point x="344" y="224"/><point x="344" y="258"/><point x="266" y="258"/></area><area isNotContentShape="false" name="Class Scenario" refid="_18_0_2_3ba019e_1423002863201_69234_6174" shape="rect" type="0"><point x="462" y="882"/><point x="543" y="882"/><point x="543" y="907"/><point x="462" y="907"/></area><area isNotContentShape="false" name="Class Means" refid="_18_1_3ba019e_1443294108901_751289_10636" shape="rect" type="0"><point x="623" y="735"/><point x="704" y="735"/><point x="704" y="769"/><point x="623" y="769"/></area><area isNotContentShape="false" name="Class Resource" refid="_18_0_2_3ba019e_1423005240776_581290_6780" shape="rect" type="0"><point x="700" y="812"/><point x="781" y="812"/><point x="781" y="846"/><point x="700" y="846"/></area><area isNotContentShape="false" name="Class Actual Entity" refid="_18_4_62501eb_1474742369274_834660_32276" shape="rect" type="0"><point x="826" y="399"/><point x="907" y="399"/><point x="907" y="424"/><point x="826" y="424"/></area><area isNotContentShape="false" name="Class Actual Activity" refid="_18_4_62501eb_1476991984814_197853_30401" shape="rect" type="0"><point x="728" y="693"/><point x="813" y="693"/><point x="813" y="727"/><point x="728" y="727"/></area><area isNotContentShape="false" name="Class Process Action" refid="_18_2_62501eb_1455753176179_967265_8721" shape="rect" type="0"><point x="329" y="658"/><point x="421" y="658"/><point x="421" y="683"/><point x="329" y="683"/></area><area isNotContentShape="false" name="Class Plan" refid="_17_0_5_1_3ba019e_1407876845478_265504_4108" shape="rect" type="0"><point x="567" y="882"/><point x="666" y="882"/><point x="666" y="907"/><point x="567" y="907"/></area><area isNotContentShape="false" name="Class Situation" refid="_18_1_3ba019e_1430349228247_211772_4675" shape="rect" type="0"><point x="315" y="343"/><point x="386" y="343"/><point x="386" y="442"/><point x="315" y="442"/></area><area isNotContentShape="false" name="Class Time Interval" refid="_18_4_62501eb_1475076773372_304573_17982" shape="rect" type="0"><point x="455" y="399"/><point x="554" y="399"/><point x="554" y="428"/><point x="455" y="428"/></area><area isNotContentShape="false" name="Association Class Cause and Effect" refid="_18_4_62501eb_1475006958391_680737_39764" shape="rect" type="0"><point x="126" y="403"/><point x="226" y="403"/><point x="226" y="437"/><point x="126" y="437"/></area><area isNotContentShape="false" name="Class Actual Situation" refid="_18_4_62501eb_1474913936207_73898_20244" shape="rect" type="0"><point x="588" y="490"/><point x="688" y="490"/><point x="688" y="524"/><point x="588" y="524"/></area><area isNotContentShape="false" name="Diagram Capabilities" refid="_18_2_62501eb_1455752919124_612122_8504" shape="rect" type="0"><point x="35" y="973"/><point x="136" y="973"/><point x="136" y="1019"/><point x="35" y="1019"/></area><area isNotContentShape="false" name="Class Composite Process" refid="_18_4_1_62501eb_1494613127542_474978_15100" shape="rect" type="0"><point x="189" y="903"/><point x="307" y="903"/><point x="307" y="937"/><point x="189" y="937"/></area><area isNotContentShape="false" name="Association Class Invoke Process" refid="_18_4_62501eb_1476380420686_234834_37328" shape="rect" type="0"><point x="392" y="707"/><point x="510" y="707"/><point x="510" y="741"/><point x="392" y="741"/></area><area isNotContentShape="false" name="Class Occurrence" refid="_17_0_5_1_7b3022e_1398294216796_903071_6610" shape="rect" type="0"><point x="308" y="483"/><point x="428" y="483"/><point x="428" y="526"/><point x="308" y="526"/></area><area isNotContentShape="false" name="Class Temporal Composite" refid="_18_4_1_62501eb_1494611528958_14053_17476" shape="rect" type="0"><point x="35" y="861"/><point x="160" y="861"/><point x="160" y="895"/><point x="35" y="895"/></area><area isNotContentShape="false" name="Diagram Composite Condition" refid="_18_2_62501eb_1455822506397_873826_10352" shape="rect" type="0"><point x="21" y="1029"/><point x="152" y="1029"/><point x="152" y="1075"/><point x="21" y="1075"/></area><area isNotContentShape="false" name="Association Class Process Decomposition" refid="_18_4_62501eb_1476391179447_460515_43967" shape="rect" type="0"><point x="280" y="952"/><point x="420" y="952"/><point x="420" y="986"/><point x="280" y="986"/></area><area isNotContentShape="false" name="Class Temporal Region" refid="_18_4_62501eb_1475191630164_228537_15293" shape="rect" type="0"><point x="560" y="140"/><point x="687" y="140"/><point x="687" y="309"/><point x="560" y="309"/></area><area isNotContentShape="false" name="Class Activity" refid="_18_1_3ba019e_1444339455006_136706_29355" shape="rect" type="0"><point x="700" y="882"/><point x="893" y="882"/><point x="893" y="907"/><point x="700" y="907"/></area><area isNotContentShape="false" name="Class Entity" refid="_17_0_3_7b3022e_1331156499953_68666_1704" shape="rect" type="0"><point x="378" y="28"/><point x="596" y="28"/><point x="596" y="78"/><point x="378" y="78"/></area><area isNotContentShape="false" name="Class Actual Occurrence" refid="_18_1_3ba019e_1443311565629_856879_8417" shape="rect" type="0"><point x="483" y="581"/><point x="701" y="581"/><point x="701" y="615"/><point x="483" y="615"/></area><area isNotContentShape="false" name="Class Occurrence Pattern" refid="_17_0_5_1_3ba019e_1407877662057_782630_4220" shape="rect" type="0"><point x="182" y="784"/><point x="568" y="784"/><point x="568" y="841"/><point x="182" y="841"/></area><area isNotContentShape="false" name="Class Modus Operandi" refid="_17_0_5_1_3ba019e_1408567899411_519296_5584" shape="rect" type="0"><point x="469" y="952"/><point x="883" y="952"/><point x="883" y="977"/><point x="469" y="977"/></area></map><name humanName="Name" mode="s,e">Process</name><namespace classType="Package" humanName="Namespace" humanType="Package" icon="ConceptLibrary_files/icon_package_467146800.png" name="Processes" refid="_17_0_5_1_3ba019e_1407960318412_69485_4170"/><ownedElement humanName="Owned Element"><instancespecification classType="InstanceSpecification" humanType="Instance Specification" icon="ConceptLibrary_files/icon_instancespecification_1746117425.png" name=" : UML Standard Profile::MagicDraw Profile::DiagramInfo" refid="_17_0_5_1_3ba019e_1407960337784_811323_4183"/></ownedElement><owner classType="Package" humanName="Owner" humanType="Package" icon="ConceptLibrary_files/icon_package_467146800.png" mode="s,e" name="Processes" refid="_17_0_5_1_3ba019e_1407960318412_69485_4170"/><ownerOfDiagram classType="Package" humanName="Owner Of Diagram" humanType="Package" icon="ConceptLibrary_files/icon_package_467146800.png" name="Processes" refid="_17_0_5_1_3ba019e_1407960318412_69485_4170"/><qualifiedName humanName="Qualified Name" mode="e">Concept Library::Processes::Process</qualifiedName><TO_DO humanName="To Do" mode="s,e"/><DIAGRAM_TYPE_DERIVED_PROPERTY humanName="Type">Class Diagram</DIAGRAM_TYPE_DERIVED_PROPERTY><visibility humanName="Visibility">public</visibility></diagram></magicdraw>