<?xml version="1.0" encoding="UTF-8"?><magicdraw><class classType="Class" humanType="Class" icon="ConceptLibrary_files/icon_class_1769227988.png" id="_17_0_5_1_3ba019e_1407439004191_348666_4226"><allGeneralClassifiers humanName="All General Classifiers"><class classType="Class" humanType="Class" icon="ConceptLibrary_files/icon_class_412694050.png" name="Context" refid="_17_0_3_7b3022e_1331164829050_871772_2449"/><class classType="Class" humanType="Class" icon="ConceptLibrary_files/icon_class_1769227988.png" name="Entity" refid="_17_0_3_7b3022e_1331156499953_68666_1704"/><class classType="Class" humanType="Class" icon="ConceptLibrary_files/icon_class_1769227988.png" name="Lexical Context" refid="_17_0_4_1_7b3022e_1387036440058_58622_4050"/><class classType="Class" humanType="Class" icon="ConceptLibrary_files/icon_class_1769227988.png" name="Lexical Scope" refid="_18_4_1_62501eb_1502394944731_837726_9021"/><class classType="Class" humanType="Class" icon="ConceptLibrary_files/icon_class_412694050.png" name="Proposition" refid="_18_2_62501eb_1462460603792_169037_6216"/><class classType="Class" humanType="Class" icon="ConceptLibrary_files/icon_class_1769227988.png" name="Scoped Context" refid="_18_5_3_62501eb_1527086128974_510931_15787"/><class classType="Class" humanType="Class" icon="ConceptLibrary_files/icon_class_412694050.png" name="Situation" refid="_18_1_3ba019e_1430349228247_211772_4675"/><class classType="Class" humanType="Class" icon="ConceptLibrary_files/icon_class_412694050.png" name="Thing" refid="_17_0_3_7b3022e_1331313031781_359355_5487"/></allGeneralClassifiers><allSpecificClassifiers humanName="All Specific Classifiers"><class classType="Class" humanType="Class" icon="ConceptLibrary_files/icon_class_1769227988.png" name="Benefit" refid="_17_0_5_1_3ba019e_1407439004200_864206_4242"/><class classType="Class" humanType="Class" icon="ConceptLibrary_files/icon_class_1769227988.png" name="Communications Impact" refid="_18_2_62501eb_1458223290618_586404_8720"/><class classType="Class" humanType="Class" icon="ConceptLibrary_files/icon_class_1769227988.png" name="Compliance Impact" refid="_18_2_62501eb_1457039796370_79870_14039"/><class classType="Class" humanType="Class" icon="ConceptLibrary_files/icon_class_1769227988.png" name="Control of Information Impact" refid="_18_4_1_62501eb_1486584539603_671252_13768"/><class classType="Class" humanType="Class" icon="ConceptLibrary_files/icon_class_1769227988.png" name="Decision-making Impact" refid="_18_2_62501eb_1457039796368_188328_14037"/><class classType="Class" humanType="Class" icon="ConceptLibrary_files/icon_class_1769227988.png" name="Disinformation Impact" refid="_18_1_3ba019e_1431038305290_669817_6667"/><class classType="Class" humanType="Class" icon="ConceptLibrary_files/icon_class_1769227988.png" name="Electromagnetic Spectrum Impact" refid="_18_1_3ba019e_1431045880267_728865_7391"/><class classType="Class" humanType="Class" icon="ConceptLibrary_files/icon_class_1769227988.png" name="Environmental Impact" refid="_18_1_3ba019e_1431037232522_683808_6148"/><class classType="Class" humanType="Class" icon="ConceptLibrary_files/icon_class_1769227988.png" name="Financial Impact" refid="_18_2_62501eb_1457039718096_814721_14011"/><class classType="Class" humanType="Class" icon="ConceptLibrary_files/icon_class_1769227988.png" name="Goal State" refid="_18_4_1_62501eb_1488473493364_597291_12917"/><class classType="Class" humanType="Class" icon="ConceptLibrary_files/icon_class_1769227988.png" name="Harm" refid="_17_0_5_1_3ba019e_1407439004201_844828_4243"/><associationclass classType="AssociationClass" humanType="Association Class" icon="ConceptLibrary_files/icon_associationclass_1255445356.png" isRelationship="true" name="Harms Resource" refid="_18_4_62501eb_1477185212613_382793_15674"/><associationclass classType="AssociationClass" humanType="Association Class" icon="ConceptLibrary_files/icon_associationclass_1255445356.png" isRelationship="true" name="Harms Victim" refid="_18_4_62501eb_1477185680150_640049_17046"/><class classType="Class" humanType="Class" icon="ConceptLibrary_files/icon_class_1769227988.png" name="Health Impact" refid="_18_1_3ba019e_1431037226905_313759_6125"/><class classType="Class" humanType="Class" icon="ConceptLibrary_files/icon_class_1769227988.png" name="Identity Spoof Impact" refid="_18_1_3ba019e_1431038255898_236631_6641"/><class classType="Class" humanType="Class" icon="ConceptLibrary_files/icon_class_1769227988.png" name="Image Impact" refid="_18_2_62501eb_1457039796371_295808_14040"/><class classType="Class" humanType="Class" icon="ConceptLibrary_files/icon_class_412694050.png" name="Impact Category" refid="_18_2_62501eb_1457035911415_576618_12529"/><class classType="Class" humanType="Class" icon="ConceptLibrary_files/icon_class_1769227988.png" name="Information Availability Impact" refid="_18_1_3ba019e_1431038186122_494348_6562"/><class classType="Class" humanType="Class" icon="ConceptLibrary_files/icon_class_1769227988.png" name="Information Impact" refid="_18_1_3ba019e_1431037483170_382377_6374"/><class classType="Class" humanType="Class" icon="ConceptLibrary_files/icon_class_1769227988.png" name="Infrastructure Impact" refid="_18_1_3ba019e_1431037290330_134115_6194"/><class classType="Class" humanType="Class" icon="ConceptLibrary_files/icon_class_1769227988.png" name="Intellectual Property Impact" refid="_18_2_62501eb_1457039796366_940601_14036"/><class classType="Class" humanType="Class" icon="ConceptLibrary_files/icon_class_1769227988.png" name="Legal Impact" refid="_18_2_62501eb_1457039796373_731601_14042"/><class classType="Class" humanType="Class" icon="ConceptLibrary_files/icon_class_1769227988.png" name="Mission Impact" refid="_18_2_62501eb_1457039947424_499345_14210"/><class classType="Class" humanType="Class" icon="ConceptLibrary_files/icon_class_1769227988.png" name="Non-Technical Impact" refid="_18_2_62501eb_1457039796369_938083_14038"/><class classType="Class" humanType="Class" icon="ConceptLibrary_files/icon_class_1769227988.png" name="Safety Impact" refid="_18_2_62501eb_1457039796372_384219_14041"/><class classType="Class" humanType="Class" icon="ConceptLibrary_files/icon_class_1769227988.png" name="Transport Impact" refid="_18_1_3ba019e_1431037243307_321808_6171"/></allSpecificClassifiers><APPLIED_STEREOTYPES humanName="Applied Stereotype" mode="s,e"><stereotype classType="Stereotype" humanType="Stereotype" icon="ConceptLibrary_files/icon_stereotype_643587433.png" name="HyperlinkOwner" refid="_9_0_be00301_1108044563999_784946_1"/></APPLIED_STEREOTYPES><appliedStereotype humanName="Applied Stereotype" mode="s,e"><stereotype classType="Stereotype" humanType="Stereotype" icon="ConceptLibrary_files/icon_stereotype_643587433.png" name="HyperlinkOwner" refid="_9_0_be00301_1108044563999_784946_1"><property classType="Property" humanType="Property" icon="ConceptLibrary_files/icon_property_736527975.png" name="base_Element" refid="_10_0EAPbeta_be00301_1123081772148_910751_285"/><property classType="Property" humanType="Property" icon="ConceptLibrary_files/icon_property_736527975.png" name="base_Element" refid="_10_0EAPbeta_be00301_1123081772098_411862_275"/><property classType="Property" humanName="Element/Symbol" humanType="Property" icon="ConceptLibrary_files/icon_property_736527975.png" name="hyperlinkModel" refid="_622020d_1063089736320_890266_3"><diagram classType="Diagram" humanType="Diagram" icon="ConceptLibrary_files/icon_Class Diagram_505751443.png" name="Impact Detail" refid="_17_0_5_1_3ba019e_1407439006127_453074_4563"/><diagram classType="Diagram" humanType="Diagram" icon="ConceptLibrary_files/icon_Class Diagram_505751443.png" name="Objectives" refid="_17_0_5_1_3ba019e_1407440322801_298598_5399"/></property><property classType="Property" humanName="Active Hyperlink" humanType="Property" icon="ConceptLibrary_files/icon_property_736527975.png" name="hyperlinkModelActive" refid="_622020d_1063089736320_73815_4"><diagram classType="Diagram" humanType="Diagram" icon="ConceptLibrary_files/icon_Class Diagram_505751443.png" name="Objectives" refid="_17_0_5_1_3ba019e_1407440322801_298598_5399"/></property><property classType="Property" humanName="File/WEB_PAGE" humanType="Property" icon="ConceptLibrary_files/icon_property_736527975.png" name="hyperlinkText" refid="_622020d_1063089736310_884303_1"/><property classType="Property" humanName="Active Hyperlink" humanType="Property" icon="ConceptLibrary_files/icon_property_736527975.png" name="hyperlinkTextActive" refid="_622020d_1063089736310_68488_2"/></stereotype></appliedStereotype><appliedStereotypeInstance classType="InstanceSpecification" humanName="Applied Stereotype Instance" humanType="Instance Specification" icon="ConceptLibrary_files/icon_instancespecification_1746117425.png" name=" : UML Standard Profile::MagicDraw Profile::HyperlinkOwner" refid="_17_0_5_1_3ba019e_1407439006148_794218_4590"/><attribute humanName="Attribute"><property classType="Property" humanType="Property" icon="ConceptLibrary_files/icon_property_736527975.png" name="degree of affect" refid="_17_0_5_1_3ba019e_1407439006145_107660_4585"/><property classType="Property" humanType="Property" icon="ConceptLibrary_files/icon_property_736527975.png" name="desirability" refid="_17_0_5_1_3ba019e_1407439006146_963438_4587"/><property classType="Property" humanType="Property" icon="ConceptLibrary_files/icon_property_736527975.png" name="impact measure" refid="_17_0_5_1_3ba019e_1407439006147_131287_4588"/></attribute><documentation humanName="Documentation">A consequence or impact of the outcome of a situation affecting objectives of a stakeholder.
NOTE 1 An event can lead to a range of consequences.
NOTE 2 A consequence can be certain or uncertain and can have positive or negative effects on objectives.
NOTE 3 Consequences can be expressed qualitatively or quantitatively.
NOTE 4 Initial consequences can escalate through knock-on effects.
[ISO 73-2009]</documentation><documentation humanName="Documentation" mode="standard">A consequence or impact of the outcome of a situation affecting objectives of a stakeholder.
NOTE 1 An event can lead to a range of consequences.
NOTE 2 A consequence can be certain or uncertain and can have positive or negative effects on objectives.
NOTE 3 Consequences can be expressed qualitatively or quantitatively.
NOTE 4 Initial consequences can escalate through knock-on effects.
[ISO 73-2009]</documentation><effectiveIRI humanName="Effective IRI"/><feature humanName="Feature"><property classType="Property" humanType="Property" icon="ConceptLibrary_files/icon_property_736527975.png" name="degree of affect" refid="_17_0_5_1_3ba019e_1407439006145_107660_4585"/><property classType="Property" humanType="Property" icon="ConceptLibrary_files/icon_property_736527975.png" name="desirability" refid="_17_0_5_1_3ba019e_1407439006146_963438_4587"/><property classType="Property" humanType="Property" icon="ConceptLibrary_files/icon_property_736527975.png" name="impact measure" refid="_17_0_5_1_3ba019e_1407439006147_131287_4588"/></feature><generalization humanName="Generalization"><generalization classType="Generalization" humanType="Generalization" icon="ConceptLibrary_files/icon_generalization_212232499.png" isRelationship="true" refid="_17_0_5_1_3ba019e_1407439006017_760303_4324"/></generalization><inheritedMember humanName="Inherited Member"><diagram classType="Diagram" humanType="Diagram" icon="ConceptLibrary_files/icon_Class Diagram_505751443.png" name="Context Detail" refid="_18_1_3ba019e_1430749149449_614203_5109"/><diagram classType="Diagram" humanType="Diagram" icon="ConceptLibrary_files/icon_Class Diagram_505751443.png" name="Proposition Detail" refid="_18_4_62501eb_1476372124532_248366_8882"/><diagram classType="Diagram" humanType="Diagram" icon="ConceptLibrary_files/icon_Class Diagram_505751443.png" name="Thing Detail" refid="_18_4_62501eb_1474827775223_682407_38836"/></inheritedMember><isAbstract humanName="Is Abstract" mode="s,e">false</isAbstract><isActive humanName="Is Active" mode="s,e">false</isActive><isFinalSpecialization humanName="Is Final Specialization" mode="e">false</isFinalSpecialization><isLeaf humanName="Is Leaf" mode="e">false</isLeaf><member humanName="Member"><diagram classType="Diagram" humanType="Diagram" icon="ConceptLibrary_files/icon_Class Diagram_505751443.png" name="Context Detail" refid="_18_1_3ba019e_1430749149449_614203_5109"/><property classType="Property" humanType="Property" icon="ConceptLibrary_files/icon_property_736527975.png" name="degree of affect" refid="_17_0_5_1_3ba019e_1407439006145_107660_4585"/><property classType="Property" humanType="Property" icon="ConceptLibrary_files/icon_property_736527975.png" name="desirability" refid="_17_0_5_1_3ba019e_1407439006146_963438_4587"/><diagram classType="Diagram" humanType="Diagram" icon="ConceptLibrary_files/icon_Class Diagram_505751443.png" name="Impact Detail" refid="_17_0_5_1_3ba019e_1407439006127_453074_4563"/><property classType="Property" humanType="Property" icon="ConceptLibrary_files/icon_property_736527975.png" name="impact measure" refid="_17_0_5_1_3ba019e_1407439006147_131287_4588"/><diagram classType="Diagram" humanType="Diagram" icon="ConceptLibrary_files/icon_Class Diagram_505751443.png" name="Proposition Detail" refid="_18_4_62501eb_1476372124532_248366_8882"/><diagram classType="Diagram" humanType="Diagram" icon="ConceptLibrary_files/icon_Class Diagram_505751443.png" name="Thing Detail" refid="_18_4_62501eb_1474827775223_682407_38836"/></member><name humanName="Name" mode="s,e">Consequence</name><namespace classType="Package" humanName="Namespace" humanType="Package" icon="ConceptLibrary_files/icon_package_467146800.png" name="Objectives" refid="_17_0_5_1_3ba019e_1407439973665_938070_5084"/><ownedAttribute humanName="Owned Attribute"><property classType="Property" humanType="Property" icon="ConceptLibrary_files/icon_property_736527975.png" name="degree of affect" refid="_17_0_5_1_3ba019e_1407439006145_107660_4585"/><property classType="Property" humanType="Property" icon="ConceptLibrary_files/icon_property_736527975.png" name="desirability" refid="_17_0_5_1_3ba019e_1407439006146_963438_4587"/><property classType="Property" humanType="Property" icon="ConceptLibrary_files/icon_property_736527975.png" name="impact measure" refid="_17_0_5_1_3ba019e_1407439006147_131287_4588"/></ownedAttribute><ownedComment humanName="Owned Comment"><comment classType="Comment" humanType="Comment" icon="ConceptLibrary_files/icon_comment_1609735765.png" refid="_17_0_5_1_3ba019e_1407439006145_304265_4584"/></ownedComment><ownedDiagram humanName="Owned Diagram"><diagram classType="Diagram" humanType="Diagram" icon="ConceptLibrary_files/icon_Class Diagram_505751443.png" name="Impact Detail" refid="_17_0_5_1_3ba019e_1407439006127_453074_4563"/></ownedDiagram><ownedElement humanName="Owned Element"><generalization classType="Generalization" humanType="Generalization" icon="ConceptLibrary_files/icon_generalization_212232499.png" isRelationship="true" refid="_17_0_5_1_3ba019e_1407439006017_760303_4324"/><comment classType="Comment" humanType="Comment" icon="ConceptLibrary_files/icon_comment_1609735765.png" refid="_17_0_5_1_3ba019e_1407439006145_304265_4584"/><instancespecification classType="InstanceSpecification" humanType="Instance Specification" icon="ConceptLibrary_files/icon_instancespecification_1746117425.png" name=" : UML Standard Profile::MagicDraw Profile::HyperlinkOwner" refid="_17_0_5_1_3ba019e_1407439006148_794218_4590"/><property classType="Property" humanType="Property" icon="ConceptLibrary_files/icon_property_736527975.png" name="degree of affect" refid="_17_0_5_1_3ba019e_1407439006145_107660_4585"/><property classType="Property" humanType="Property" icon="ConceptLibrary_files/icon_property_736527975.png" name="desirability" refid="_17_0_5_1_3ba019e_1407439006146_963438_4587"/><diagram classType="Diagram" humanType="Diagram" icon="ConceptLibrary_files/icon_Class Diagram_505751443.png" name="Impact Detail" refid="_17_0_5_1_3ba019e_1407439006127_453074_4563"/><property classType="Property" humanType="Property" icon="ConceptLibrary_files/icon_property_736527975.png" name="impact measure" refid="_17_0_5_1_3ba019e_1407439006147_131287_4588"/></ownedElement><ownedMember humanName="Owned Member"><property classType="Property" humanType="Property" icon="ConceptLibrary_files/icon_property_736527975.png" name="degree of affect" refid="_17_0_5_1_3ba019e_1407439006145_107660_4585"/><property classType="Property" humanType="Property" icon="ConceptLibrary_files/icon_property_736527975.png" name="desirability" refid="_17_0_5_1_3ba019e_1407439006146_963438_4587"/><diagram classType="Diagram" humanType="Diagram" icon="ConceptLibrary_files/icon_Class Diagram_505751443.png" name="Impact Detail" refid="_17_0_5_1_3ba019e_1407439006127_453074_4563"/><property classType="Property" humanType="Property" icon="ConceptLibrary_files/icon_property_736527975.png" name="impact measure" refid="_17_0_5_1_3ba019e_1407439006147_131287_4588"/></ownedMember><owner classType="Package" humanName="Owner" humanType="Package" icon="ConceptLibrary_files/icon_package_467146800.png" mode="s,e" name="Objectives" refid="_17_0_5_1_3ba019e_1407439973665_938070_5084"/><owningPackage classType="Package" humanName="Owning Package" humanType="Package" icon="ConceptLibrary_files/icon_package_467146800.png" name="Objectives" refid="_17_0_5_1_3ba019e_1407439973665_938070_5084"/><package classType="Package" humanName="Package" humanType="Package" icon="ConceptLibrary_files/icon_package_467146800.png" name="Objectives" refid="_17_0_5_1_3ba019e_1407439973665_938070_5084"/><qualifiedName humanName="Qualified Name" mode="e">Concept Library::Objectives::Consequence</qualifiedName><role humanName="Role"><property classType="Property" humanType="Property" icon="ConceptLibrary_files/icon_property_736527975.png" name="degree of affect" refid="_17_0_5_1_3ba019e_1407439006145_107660_4585"/><property classType="Property" humanType="Property" icon="ConceptLibrary_files/icon_property_736527975.png" name="desirability" refid="_17_0_5_1_3ba019e_1407439006146_963438_4587"/><property classType="Property" humanType="Property" icon="ConceptLibrary_files/icon_property_736527975.png" name="impact measure" refid="_17_0_5_1_3ba019e_1407439006147_131287_4588"/></role><specificClassifier humanName="Specific Classifier"><class classType="Class" humanType="Class" icon="ConceptLibrary_files/icon_class_1769227988.png" name="Benefit" refid="_17_0_5_1_3ba019e_1407439004200_864206_4242"/><class classType="Class" humanType="Class" icon="ConceptLibrary_files/icon_class_1769227988.png" name="Goal State" refid="_18_4_1_62501eb_1488473493364_597291_12917"/><class classType="Class" humanType="Class" icon="ConceptLibrary_files/icon_class_1769227988.png" name="Harm" refid="_17_0_5_1_3ba019e_1407439004201_844828_4243"/><class classType="Class" humanType="Class" icon="ConceptLibrary_files/icon_class_412694050.png" name="Impact Category" refid="_18_2_62501eb_1457035911415_576618_12529"/></specificClassifier><superClass humanName="Super Class"><class classType="Class" humanType="Class" icon="ConceptLibrary_files/icon_class_412694050.png" name="Situation" refid="_18_1_3ba019e_1430349228247_211772_4675"/></superClass><supplierDependency humanName="Supplier Dependency"><dependency classType="Dependency" humanType="Dependency" icon="ConceptLibrary_files/icon_dependency_866529530.png" isRelationship="true" name="derived from" refid="_17_0_5_1_3ba019e_1408551187081_688879_6663"/></supplierDependency><TO_DO humanName="To Do" mode="s,e"/><visibility humanName="Visibility" mode="e">public</visibility><appearsIn><diagram classType="Diagram" humanType="Diagram" icon="ConceptLibrary_files/icon_Generic Table_1568169108.png" name="Concept Library Classes" refid="_18_4_1_62501eb_1495298309386_966735_15952"/><diagram classType="Diagram" humanType="Diagram" icon="ConceptLibrary_files/icon_Class Diagram_505751443.png" name="Objectives" refid="_18_4_1_62501eb_1496756995888_981263_14625"/><diagram classType="Diagram" humanType="Diagram" icon="ConceptLibrary_files/icon_Class Diagram_505751443.png" name="Consequence of Situation" refid="_18_4_62501eb_1477083301520_85013_48325"/><diagram classType="Diagram" humanType="Diagram" icon="ConceptLibrary_files/icon_Generic Table_1568169108.png" name="Threat &amp; Risk Classes" refid="_18_0_2_3ba019e_1423943641982_180424_6129"/><diagram classType="Diagram" humanType="Diagram" icon="ConceptLibrary_files/icon_Generic Table_1568169108.png" name="Vocabulary" refid="_18_0_2_3ba019e_1418664073699_926094_6665"/><diagram classType="Diagram" humanType="Diagram" icon="ConceptLibrary_files/icon_Class Diagram_505751443.png" name="Harm" refid="_18_4_62501eb_1477187018197_266231_19475"/><diagram classType="Diagram" humanType="Diagram" icon="ConceptLibrary_files/icon_Class Diagram_505751443.png" name="Resource" refid="_18_0_2_3ba019e_1423162980047_31399_9797"/><diagram classType="Diagram" humanType="Diagram" icon="ConceptLibrary_files/icon_Class Diagram_505751443.png" name="Stakeholder Desirability" refid="_18_4_62501eb_1477082945642_857302_47898"/><diagram classType="Diagram" humanType="Diagram" icon="ConceptLibrary_files/icon_Class Diagram_505751443.png" name="Harm Source" refid="_18_4_62501eb_1477188608920_340128_22145"/><diagram classType="Diagram" humanType="Diagram" icon="ConceptLibrary_files/icon_Class Diagram_505751443.png" name="Undesirable Situations" refid="_18_4_62501eb_1477177472775_513597_14552"/><diagram classType="Diagram" humanType="Diagram" icon="ConceptLibrary_files/icon_Class Diagram_505751443.png" name="Campaign Objectives" refid="_18_4_1_62501eb_1495294075027_383124_18536"/><diagram classType="Diagram" humanType="Diagram" icon="ConceptLibrary_files/icon_Class Diagram_505751443.png" name="Objective Detail" refid="_18_0_2_3ba019e_1424880291082_263455_6814"/><diagram classType="Diagram" humanType="Diagram" icon="ConceptLibrary_files/icon_Class Diagram_505751443.png" name="Danger" refid="_18_4_62501eb_1477238353112_275858_27373"/><diagram classType="Diagram" humanType="Diagram" icon="ConceptLibrary_files/icon_Class Diagram_505751443.png" name="Risk Objectives" refid="_18_4_1_62501eb_1495292007647_555699_13646"/><diagram classType="Diagram" humanType="Diagram" icon="ConceptLibrary_files/icon_Class Diagram_505751443.png" name="Impact Detail" refid="_17_0_5_1_3ba019e_1407439006127_453074_4563"/><diagram classType="Diagram" humanType="Diagram" icon="ConceptLibrary_files/icon_Class Diagram_505751443.png" name="Scenarios" refid="_18_4_1_62501eb_1487958729045_883467_16155"/><diagram classType="Diagram" humanType="Diagram" icon="ConceptLibrary_files/icon_Class Diagram_505751443.png" name="Objectives" refid="_17_0_5_1_3ba019e_1407440322801_298598_5399"/><diagram classType="Diagram" humanType="Diagram" icon="ConceptLibrary_files/icon_Class Diagram_505751443.png" name="Impact Categories" refid="_18_2_62501eb_1460991783508_453741_9058"/><diagram classType="Diagram" humanType="Diagram" icon="ConceptLibrary_files/icon_Class Diagram_505751443.png" name="Opportunity Detail" refid="_17_0_5_1_3ba019e_1407439006263_400929_4723"/></appearsIn></class></magicdraw>