<?xml version="1.0" encoding="UTF-8"?><magicdraw><association classType="Association" humanType="Association" icon="ConceptLibrary_files/icon_association_1781128159.png" id="_17_0_3_7b3022e_1331239200935_597164_5029"><allSpecificClassifiers humanName="All Specific Classifiers"><association classType="Association" humanType="Association" icon="ConceptLibrary_files/icon_association_1781128159.png" isRelationship="true" name="Naming" refid="_18_0_2_3ba019e_1423262757349_65885_6627"/><association classType="Association" humanType="Association" icon="ConceptLibrary_files/icon_association_1781128159.png" isRelationship="true" name="Prefered Identification" refid="_18_0_2_3ba019e_1422740298689_29286_6971"/><association classType="Association" humanType="Association" icon="ConceptLibrary_files/icon_association_1781128159.png" isRelationship="true" name="Prefix Text" refid="_18_2_62501eb_1463088530707_699864_6426"/></allSpecificClassifiers><documentation humanName="Documentation">Relationship defining an identifier for an entity.

[IDEAS] namedBy: A couple that asserts that a Name describes a Thing.

[ISO 1087] Designation</documentation><documentation humanName="Documentation" mode="standard">Relationship defining an identifier for an entity.

[IDEAS] namedBy: A couple that asserts that a Name describes a Thing.

[ISO 1087] Designation</documentation><endType humanName="End Type"><class classType="Class" humanType="Class" icon="ConceptLibrary_files/icon_class_1769227988.png" name="Identifier" refid="_18_3_62501eb_1473957033207_359286_6678"/><class classType="Class" humanType="Class" icon="ConceptLibrary_files/icon_class_412694050.png" name="Thing" refid="_17_0_3_7b3022e_1331313031781_359355_5487"/></endType><feature humanName="Feature"><property classType="Property" humanType="Property" icon="ConceptLibrary_files/icon_property_736527975.png" name="identified by" refid="_17_0_3_7b3022e_1331239200936_949827_5031"/><property classType="Property" humanType="Property" icon="ConceptLibrary_files/icon_property_736527975.png" name="identifies" refid="_17_0_3_7b3022e_1331239200935_653654_5030"/></feature><isAbstract humanName="Is Abstract">false</isAbstract><isDerived humanName="Is Derived">false</isDerived><isFinalSpecialization humanName="Is Final Specialization">false</isFinalSpecialization><isLeaf humanName="Is Leaf">false</isLeaf><member humanName="Member"><property classType="Property" humanType="Property" icon="ConceptLibrary_files/icon_property_736527975.png" name="identified by" refid="_17_0_3_7b3022e_1331239200936_949827_5031"/><property classType="Property" humanType="Property" icon="ConceptLibrary_files/icon_property_736527975.png" name="identifies" refid="_17_0_3_7b3022e_1331239200935_653654_5030"/></member><memberEnd humanName="Member End"><property classType="Property" humanType="Property" icon="ConceptLibrary_files/icon_property_736527975.png" name="identified by" refid="_17_0_3_7b3022e_1331239200936_949827_5031"/><property classType="Property" humanType="Property" icon="ConceptLibrary_files/icon_property_736527975.png" name="identifies" refid="_17_0_3_7b3022e_1331239200935_653654_5030"/></memberEnd><name humanName="Name" mode="s,e">Identification</name><namespace classType="Package" humanName="Namespace" humanType="Package" icon="ConceptLibrary_files/icon_package_467146800.png" name="Identifiers" refid="_17_0_3_7b3022e_1331334231414_200086_6495"/><navigableOwnedEnd humanName="Navigable Owned End" mode="e"><property classType="Property" humanType="Property" icon="ConceptLibrary_files/icon_property_736527975.png" name="identified by" refid="_17_0_3_7b3022e_1331239200936_949827_5031"/><property classType="Property" humanType="Property" icon="ConceptLibrary_files/icon_property_736527975.png" name="identifies" refid="_17_0_3_7b3022e_1331239200935_653654_5030"/></navigableOwnedEnd><ownedComment humanName="Owned Comment"><comment classType="Comment" humanType="Comment" icon="ConceptLibrary_files/icon_comment_1609735765.png" refid="_18_4_62501eb_1475679049944_343149_15002"/></ownedComment><ownedElement humanName="Owned Element"><comment classType="Comment" humanType="Comment" icon="ConceptLibrary_files/icon_comment_1609735765.png" refid="_18_4_62501eb_1475679049944_343149_15002"/><property classType="Property" humanType="Property" icon="ConceptLibrary_files/icon_property_736527975.png" name="identified by" refid="_17_0_3_7b3022e_1331239200936_949827_5031"/><property classType="Property" humanType="Property" icon="ConceptLibrary_files/icon_property_736527975.png" name="identifies" refid="_17_0_3_7b3022e_1331239200935_653654_5030"/></ownedElement><ownedEnd humanName="Owned End"><property classType="Property" humanType="Property" icon="ConceptLibrary_files/icon_property_736527975.png" name="identified by" refid="_17_0_3_7b3022e_1331239200936_949827_5031"/><property classType="Property" humanType="Property" icon="ConceptLibrary_files/icon_property_736527975.png" name="identifies" refid="_17_0_3_7b3022e_1331239200935_653654_5030"/></ownedEnd><ownedMember humanName="Owned Member"><property classType="Property" humanType="Property" icon="ConceptLibrary_files/icon_property_736527975.png" name="identified by" refid="_17_0_3_7b3022e_1331239200936_949827_5031"/><property classType="Property" humanType="Property" icon="ConceptLibrary_files/icon_property_736527975.png" name="identifies" refid="_17_0_3_7b3022e_1331239200935_653654_5030"/></ownedMember><owner classType="Package" humanName="Owner" humanType="Package" icon="ConceptLibrary_files/icon_package_467146800.png" mode="s,e" name="Identifiers" refid="_17_0_3_7b3022e_1331334231414_200086_6495"/><owningPackage classType="Package" humanName="Owning Package" humanType="Package" icon="ConceptLibrary_files/icon_package_467146800.png" name="Identifiers" refid="_17_0_3_7b3022e_1331334231414_200086_6495"/><package classType="Package" humanName="Package" humanType="Package" icon="ConceptLibrary_files/icon_package_467146800.png" name="Identifiers" refid="_17_0_3_7b3022e_1331334231414_200086_6495"/><qualifiedName humanName="Qualified Name" mode="e">SMIF Conceptual Model::Identifiers::Identification</qualifiedName><relatedElement humanName="Related Element"><class classType="Class" humanType="Class" icon="ConceptLibrary_files/icon_class_1769227988.png" name="Identifier" refid="_18_3_62501eb_1473957033207_359286_6678"/><class classType="Class" humanType="Class" icon="ConceptLibrary_files/icon_class_412694050.png" name="Thing" refid="_17_0_3_7b3022e_1331313031781_359355_5487"/></relatedElement><specificClassifier humanName="Specific Classifier"><association classType="Association" humanType="Association" icon="ConceptLibrary_files/icon_association_1781128159.png" isRelationship="true" name="Naming" refid="_18_0_2_3ba019e_1423262757349_65885_6627"/><association classType="Association" humanType="Association" icon="ConceptLibrary_files/icon_association_1781128159.png" isRelationship="true" name="Prefered Identification" refid="_18_0_2_3ba019e_1422740298689_29286_6971"/><association classType="Association" humanType="Association" icon="ConceptLibrary_files/icon_association_1781128159.png" isRelationship="true" name="Prefix Text" refid="_18_2_62501eb_1463088530707_699864_6426"/></specificClassifier><TO_DO humanName="To Do"/><visibility humanName="Visibility" mode="s,e">public</visibility><appearsIn><diagram classType="Diagram" humanType="Diagram" icon="ConceptLibrary_files/icon_Class Diagram_505751443.png" name="Identifiable Entity" refid="_17_0_5_1_7b3022e_1396735576265_81331_7754"/><diagram classType="Diagram" humanType="Diagram" icon="ConceptLibrary_files/icon_Generic Table_1568169108.png" name="SMIF Associations" refid="_18_2_62501eb_1462313084237_705601_5981"/><diagram classType="Diagram" humanType="Diagram" icon="ConceptLibrary_files/icon_Class Diagram_505751443.png" name="Identifiers" refid="_17_0_3_7b3022e_1331325699950_500370_6427"/><diagram classType="Diagram" humanType="Diagram" icon="ConceptLibrary_files/icon_Class Diagram_505751443.png" name="Identifier Summary" refid="_18_4_1_62501eb_1498748376533_334524_6581"/></appearsIn></association></magicdraw>