<?xml version="1.0" encoding="UTF-8"?><magicdraw><generalization classType="Generalization" humanType="Generalization" icon="ConceptLibrary_files/icon_generalization_212232499.png" id="_17_0_5_1_3ba019e_1407439006217_662358_4641"><documentation humanName="Documentation"/><general classType="Class" humanName="General" humanType="Class" icon="ConceptLibrary_files/icon_class_1769227988.png" mode="s,e" name="Undesirable Situation" refid="_18_0_2_3ba019e_1423003367305_105313_6272"/><isSubstitutable humanName="Is Substitutable">true</isSubstitutable><owner classType="Class" humanName="Owner" humanType="Class" icon="ConceptLibrary_files/icon_class_412694050.png" mode="s,e" name="Undesirable Event" refid="_18_1_3ba019e_1442441583766_86043_7842"/><relatedElement humanName="Related Element"><class classType="Class" humanType="Class" icon="ConceptLibrary_files/icon_class_412694050.png" name="Undesirable Event" refid="_18_1_3ba019e_1442441583766_86043_7842"/><class classType="Class" humanType="Class" icon="ConceptLibrary_files/icon_class_1769227988.png" name="Undesirable Situation" refid="_18_0_2_3ba019e_1423003367305_105313_6272"/></relatedElement><source humanName="Source"><class classType="Class" humanType="Class" icon="ConceptLibrary_files/icon_class_412694050.png" name="Undesirable Event" refid="_18_1_3ba019e_1442441583766_86043_7842"/></source><specific classType="Class" humanName="Specific" humanType="Class" icon="ConceptLibrary_files/icon_class_412694050.png" mode="s,e" name="Undesirable Event" refid="_18_1_3ba019e_1442441583766_86043_7842"/><target humanName="Target"><class classType="Class" humanType="Class" icon="ConceptLibrary_files/icon_class_1769227988.png" name="Undesirable Situation" refid="_18_0_2_3ba019e_1423003367305_105313_6272"/></target><TO_DO humanName="To Do" mode="s,e"/><appearsIn><diagram classType="Diagram" humanType="Diagram" icon="ConceptLibrary_files/icon_Class Diagram_505751443.png" name="Undesirable Situations" refid="_18_4_62501eb_1477177472775_513597_14552"/><diagram classType="Diagram" humanType="Diagram" icon="ConceptLibrary_files/icon_Class Diagram_505751443.png" name="Incident" refid="_17_0_5_1_3ba019e_1407453289831_314439_12200"/><diagram classType="Diagram" humanType="Diagram" icon="ConceptLibrary_files/icon_Class Diagram_505751443.png" name="Failure" refid="_18_4_1_62501eb_1486763122395_696141_14551"/><diagram classType="Diagram" humanType="Diagram" icon="ConceptLibrary_files/icon_Class Diagram_505751443.png" name="Vulnerability" refid="_17_0_5_1_3ba019e_1407453998003_882633_12546"/><diagram classType="Diagram" humanType="Diagram" icon="ConceptLibrary_files/icon_Class Diagram_505751443.png" name="Danger" refid="_18_4_62501eb_1477238353112_275858_27373"/><diagram classType="Diagram" humanType="Diagram" icon="ConceptLibrary_files/icon_Class Diagram_505751443.png" name="Vulnerability Essentials" refid="_18_4_1_62501eb_1496525384143_289_18433"/></appearsIn></generalization></magicdraw>