<?xml version="1.0" encoding="UTF-8"?><magicdraw><association classType="Association" humanType="Association" icon="ConceptLibrary_files/icon_association_1781128159.png" id="_17_0_5_1_7b3022e_1402589046098_19410_6141"><APPLIED_STEREOTYPES humanName="Applied Stereotype"><stereotype classType="Stereotype" humanType="Stereotype" icon="ConceptLibrary_files/icon_stereotype_643587433.png" name="Restriction" refid="_18_4_62501eb_1475863437366_111799_5462"/></APPLIED_STEREOTYPES><appliedStereotype humanName="Applied Stereotype"><stereotype classType="Stereotype" humanType="Stereotype" icon="ConceptLibrary_files/icon_stereotype_643587433.png" name="Restriction" refid="_18_4_62501eb_1475863437366_111799_5462"><property classType="Property" humanName="Base_ Association" humanType="Property" icon="ConceptLibrary_files/icon_property_736527975.png" name="base_Association" refid="_18_4_62501eb_1475870138821_828724_7872"/><property classType="Property" humanName="Base_ Property" humanType="Property" icon="ConceptLibrary_files/icon_property_736527975.png" name="base_Property" refid="_18_4_62501eb_1475863691139_593281_5553"/></stereotype></appliedStereotype><appliedStereotypeInstance classType="InstanceSpecification" humanName="Applied Stereotype Instance" humanType="Instance Specification" icon="ConceptLibrary_files/icon_instancespecification_1746117425.png" name=" : SIMFProfile::SMIF Concept Modeling Profile::Restriction" refid="_18_4_62501eb_1477347389891_662933_25681"/><documentation humanName="Documentation"/><endType humanName="End Type"><associationclass classType="AssociationClass" humanType="Association Class" icon="ConceptLibrary_files/icon_associationclass_1255445356.png" isRelationship="true" name="Observation" refid="_18_4_62501eb_1477084583387_408082_49728"/><class classType="Class" humanType="Class" icon="ConceptLibrary_files/icon_class_1769227988.png" name="Observer" refid="_18_1_3ba019e_1431035300193_770683_12615"/></endType><feature humanName="Feature"><property classType="Property" humanType="Property" icon="ConceptLibrary_files/icon_property_736527975.png" name=" : Concept Library::Observations::Observation [1..*]" refid="_17_0_5_1_7b3022e_1402589046098_469185_6143"/><property classType="Property" humanType="Property" icon="ConceptLibrary_files/icon_property_736527975.png" name=" : Concept Library::Observations::Observer [1..*]" refid="_17_0_5_1_7b3022e_1402589046098_623942_6142"/></feature><isAbstract humanName="Is Abstract">false</isAbstract><isDerived humanName="Is Derived">false</isDerived><isFinalSpecialization humanName="Is Final Specialization">false</isFinalSpecialization><isLeaf humanName="Is Leaf">false</isLeaf><member humanName="Member"><property classType="Property" humanType="Property" icon="ConceptLibrary_files/icon_property_736527975.png" name=" : Concept Library::Observations::Observation [1..*]" refid="_17_0_5_1_7b3022e_1402589046098_469185_6143"/><property classType="Property" humanType="Property" icon="ConceptLibrary_files/icon_property_736527975.png" name=" : Concept Library::Observations::Observer [1..*]" refid="_17_0_5_1_7b3022e_1402589046098_623942_6142"/></member><memberEnd humanName="Member End"><property classType="Property" humanType="Property" icon="ConceptLibrary_files/icon_property_736527975.png" name=" : Concept Library::Observations::Observation [1..*]" refid="_17_0_5_1_7b3022e_1402589046098_469185_6143"/><property classType="Property" humanType="Property" icon="ConceptLibrary_files/icon_property_736527975.png" name=" : Concept Library::Observations::Observer [1..*]" refid="_17_0_5_1_7b3022e_1402589046098_623942_6142"/></memberEnd><name humanName="Name" mode="s,e"/><namespace classType="Package" humanName="Namespace" humanType="Package" icon="ConceptLibrary_files/icon_package_467146800.png" name="Observations" refid="_17_0_5_1_7b3022e_1400683168336_957971_5522"/><navigableOwnedEnd humanName="Navigable Owned End" mode="e"><property classType="Property" humanType="Property" icon="ConceptLibrary_files/icon_property_736527975.png" name=" : Concept Library::Observations::Observation [1..*]" refid="_17_0_5_1_7b3022e_1402589046098_469185_6143"/><property classType="Property" humanType="Property" icon="ConceptLibrary_files/icon_property_736527975.png" name=" : Concept Library::Observations::Observer [1..*]" refid="_17_0_5_1_7b3022e_1402589046098_623942_6142"/></navigableOwnedEnd><ownedElement humanName="Owned Element"><property classType="Property" humanType="Property" icon="ConceptLibrary_files/icon_property_736527975.png" name=" : Concept Library::Observations::Observation [1..*]" refid="_17_0_5_1_7b3022e_1402589046098_469185_6143"/><property classType="Property" humanType="Property" icon="ConceptLibrary_files/icon_property_736527975.png" name=" : Concept Library::Observations::Observer [1..*]" refid="_17_0_5_1_7b3022e_1402589046098_623942_6142"/><instancespecification classType="InstanceSpecification" humanType="Instance Specification" icon="ConceptLibrary_files/icon_instancespecification_1746117425.png" name=" : SIMFProfile::SMIF Concept Modeling Profile::Restriction" refid="_18_4_62501eb_1477347389891_662933_25681"/></ownedElement><ownedEnd humanName="Owned End"><property classType="Property" humanType="Property" icon="ConceptLibrary_files/icon_property_736527975.png" name=" : Concept Library::Observations::Observation [1..*]" refid="_17_0_5_1_7b3022e_1402589046098_469185_6143"/><property classType="Property" humanType="Property" icon="ConceptLibrary_files/icon_property_736527975.png" name=" : Concept Library::Observations::Observer [1..*]" refid="_17_0_5_1_7b3022e_1402589046098_623942_6142"/></ownedEnd><ownedMember humanName="Owned Member"><property classType="Property" humanType="Property" icon="ConceptLibrary_files/icon_property_736527975.png" name=" : Concept Library::Observations::Observation [1..*]" refid="_17_0_5_1_7b3022e_1402589046098_469185_6143"/><property classType="Property" humanType="Property" icon="ConceptLibrary_files/icon_property_736527975.png" name=" : Concept Library::Observations::Observer [1..*]" refid="_17_0_5_1_7b3022e_1402589046098_623942_6142"/></ownedMember><owner classType="Package" humanName="Owner" humanType="Package" icon="ConceptLibrary_files/icon_package_467146800.png" mode="s,e" name="Observations" refid="_17_0_5_1_7b3022e_1400683168336_957971_5522"/><owningPackage classType="Package" humanName="Owning Package" humanType="Package" icon="ConceptLibrary_files/icon_package_467146800.png" name="Observations" refid="_17_0_5_1_7b3022e_1400683168336_957971_5522"/><package classType="Package" humanName="Package" humanType="Package" icon="ConceptLibrary_files/icon_package_467146800.png" name="Observations" refid="_17_0_5_1_7b3022e_1400683168336_957971_5522"/><qualifiedName humanName="Qualified Name" mode="e">Concept Library::Observations::</qualifiedName><relatedElement humanName="Related Element"><associationclass classType="AssociationClass" humanType="Association Class" icon="ConceptLibrary_files/icon_associationclass_1255445356.png" isRelationship="true" name="Observation" refid="_18_4_62501eb_1477084583387_408082_49728"/><class classType="Class" humanType="Class" icon="ConceptLibrary_files/icon_class_1769227988.png" name="Observer" refid="_18_1_3ba019e_1431035300193_770683_12615"/></relatedElement><TO_DO humanName="To Do"/><visibility humanName="Visibility" mode="s,e">public</visibility><appearsIn><diagram classType="Diagram" humanType="Diagram" icon="ConceptLibrary_files/icon_Class Diagram_505751443.png" name="Observations" refid="_18_4_62501eb_1477334220953_533298_23350"/><diagram classType="Diagram" humanType="Diagram" icon="ConceptLibrary_files/icon_Generic Table_1568169108.png" name="Associations" refid="_18_4_62501eb_1474989114723_17949_11234"/><diagram classType="Diagram" humanType="Diagram" icon="ConceptLibrary_files/icon_Generic Table_1568169108.png" name="Vocabulary" refid="_18_0_2_3ba019e_1418664073699_926094_6665"/><diagram classType="Diagram" humanType="Diagram" icon="ConceptLibrary_files/icon_Class Diagram_505751443.png" name="Measurement" refid="_18_4_62501eb_1477351569893_461139_27171"/><diagram classType="Diagram" humanType="Diagram" icon="ConceptLibrary_files/icon_Class Diagram_505751443.png" name="Sighting" refid="_18_4_62501eb_1477335260912_71601_24323"/></appearsIn></association></magicdraw>