<?xml version="1.0" encoding="UTF-8"?><magicdraw><comment classType="Comment" humanType="Comment" icon="ConceptLibrary_files/icon_comment_1609735765.png" id="_17_0_1_2_7b3022e_1332981120293_308339_2142"><annotatedElement humanName="Annotated Element" mode="s,e"><class classType="Class" humanType="Class" icon="ConceptLibrary_files/icon_class_1769227988.png" name="Definition" refid="_17_0_3_7b3022e_1331563466337_499795_1703"/></annotatedElement><body humanName="Body" mode="s,e">An informal or natural language definition of a something and potentially a reference to external definitions.
A Definition may be in the context of a natural language to scope the language it is expressed in.

[ISO 1087] definition: representation of a concept (3.2.1) by a descriptive statement which serves to differentiate it from related concepts

[FUML] Comment (where body corresponds with "text definition").</body><documentation humanName="Documentation"/><owner classType="Class" humanName="Owner" humanType="Class" icon="ConceptLibrary_files/icon_class_1769227988.png" mode="s,e" name="Definition" refid="_17_0_3_7b3022e_1331563466337_499795_1703"/><owningElement classType="Class" humanName="Owning Element" humanType="Class" icon="ConceptLibrary_files/icon_class_1769227988.png" name="Definition" refid="_17_0_3_7b3022e_1331563466337_499795_1703"/><TO_DO humanName="To Do" mode="s,e"/></comment></magicdraw>