<?xml version="1.0" encoding="UTF-8"?><magicdraw><comment classType="Comment" humanType="Comment" icon="ConceptLibrary_files/icon_comment_1609735765.png" id="_17_0_3_7b3022e_1331398887863_535635_8139"><annotatedElement humanName="Annotated Element" mode="s,e"><class classType="Class" humanType="Class" icon="ConceptLibrary_files/icon_class_412694050.png" name="Type" refid="_17_0_3_7b3022e_1331156699146_272050_1846"/></annotatedElement><body humanName="Body" mode="s,e">A &lt;Type&gt; is a categorization of any thing based on specific criteria. The specific criteria may or may not be formalized in a model.
A &lt;Type&gt; &lt;categorizes&gt; a set of &lt;Thing&gt;s which comprises the "extent" of the type.
A &lt;Type&gt; is a &lt;Context&gt; where the things it &lt;categorizes&gt; are &lt;in the context&gt; of the &lt;Type&gt;.

[ISO 1087] general concept: concept (3.2.1) which corresponds to two or more objects (3.1.1) which form a group by reason of common properties
[FIBO] Classifier: a standardized classification or delineation for something, per some scheme for such delineation, within a specified context
[FUML] Type
[CL] Type:: logical framework in which expressions in the logic are classified into syntactic or lexical categories (types) and restricted to apply only to arguments of a fixed type
[Guarino1994] Discriminating Predicate
[OWL] Union(rdfs:Class, rdfs:Datatype)

Similar to:
[IDEAS] Type: A set (or class) of Things. (Note that SMIF defines the extent of a type a a set, the type is the intent of that set which forms a predicate for which all members of the set is true)</body><documentation humanName="Documentation"/><owner classType="Class" humanName="Owner" humanType="Class" icon="ConceptLibrary_files/icon_class_412694050.png" mode="s,e" name="Type" refid="_17_0_3_7b3022e_1331156699146_272050_1846"/><owningElement classType="Class" humanName="Owning Element" humanType="Class" icon="ConceptLibrary_files/icon_class_412694050.png" name="Type" refid="_17_0_3_7b3022e_1331156699146_272050_1846"/><TO_DO humanName="To Do" mode="s,e"/></comment></magicdraw>