<?xml version="1.0" encoding="UTF-8"?><magicdraw><association classType="Association" humanType="Association" icon="ConceptLibrary_files/icon_association_1781128159.png" id="_17_0_5_1_3ba019e_1407439004223_477850_4257"><documentation humanName="Documentation"/><endType humanName="End Type"><class classType="Class" humanType="Class" icon="ConceptLibrary_files/icon_class_1769227988.png" name="Benefit" refid="_17_0_5_1_3ba019e_1407439004200_864206_4242"/><class classType="Class" humanType="Class" icon="ConceptLibrary_files/icon_class_1769227988.png" name="Opportunity" refid="_17_0_5_1_3ba019e_1407439004222_946325_4256"/></endType><feature humanName="Feature"><property classType="Property" humanType="Property" icon="ConceptLibrary_files/icon_property_736527975.png" name=" : Concept Library::Objectives::Benefit [1..*]" refid="_17_0_5_1_3ba019e_1407439006277_804805_4745"/><property classType="Property" humanType="Property" icon="ConceptLibrary_files/icon_property_736527975.png" name=" : Concept Library::Objectives::Opportunity [*]" refid="_17_0_5_1_3ba019e_1407439006231_217208_4668"/></feature><isAbstract humanName="Is Abstract">false</isAbstract><isDerived humanName="Is Derived">false</isDerived><isFinalSpecialization humanName="Is Final Specialization">false</isFinalSpecialization><isLeaf humanName="Is Leaf">false</isLeaf><member humanName="Member"><property classType="Property" humanType="Property" icon="ConceptLibrary_files/icon_property_736527975.png" name=" : Concept Library::Objectives::Benefit [1..*]" refid="_17_0_5_1_3ba019e_1407439006277_804805_4745"/><property classType="Property" humanType="Property" icon="ConceptLibrary_files/icon_property_736527975.png" name=" : Concept Library::Objectives::Opportunity [*]" refid="_17_0_5_1_3ba019e_1407439006231_217208_4668"/></member><memberEnd humanName="Member End"><property classType="Property" humanType="Property" icon="ConceptLibrary_files/icon_property_736527975.png" name=" : Concept Library::Objectives::Benefit [1..*]" refid="_17_0_5_1_3ba019e_1407439006277_804805_4745"/><property classType="Property" humanType="Property" icon="ConceptLibrary_files/icon_property_736527975.png" name=" : Concept Library::Objectives::Opportunity [*]" refid="_17_0_5_1_3ba019e_1407439006231_217208_4668"/></memberEnd><name humanName="Name" mode="s,e"/><namespace classType="Package" humanName="Namespace" humanType="Package" icon="ConceptLibrary_files/icon_package_467146800.png" name="Objectives" refid="_17_0_5_1_3ba019e_1407439973665_938070_5084"/><navigableOwnedEnd humanName="Navigable Owned End" mode="e"><property classType="Property" humanType="Property" icon="ConceptLibrary_files/icon_property_736527975.png" name=" : Concept Library::Objectives::Benefit [1..*]" refid="_17_0_5_1_3ba019e_1407439006277_804805_4745"/><property classType="Property" humanType="Property" icon="ConceptLibrary_files/icon_property_736527975.png" name=" : Concept Library::Objectives::Opportunity [*]" refid="_17_0_5_1_3ba019e_1407439006231_217208_4668"/></navigableOwnedEnd><ownedElement humanName="Owned Element"><property classType="Property" humanType="Property" icon="ConceptLibrary_files/icon_property_736527975.png" name=" : Concept Library::Objectives::Benefit [1..*]" refid="_17_0_5_1_3ba019e_1407439006277_804805_4745"/><property classType="Property" humanType="Property" icon="ConceptLibrary_files/icon_property_736527975.png" name=" : Concept Library::Objectives::Opportunity [*]" refid="_17_0_5_1_3ba019e_1407439006231_217208_4668"/></ownedElement><ownedEnd humanName="Owned End"><property classType="Property" humanType="Property" icon="ConceptLibrary_files/icon_property_736527975.png" name=" : Concept Library::Objectives::Benefit [1..*]" refid="_17_0_5_1_3ba019e_1407439006277_804805_4745"/><property classType="Property" humanType="Property" icon="ConceptLibrary_files/icon_property_736527975.png" name=" : Concept Library::Objectives::Opportunity [*]" refid="_17_0_5_1_3ba019e_1407439006231_217208_4668"/></ownedEnd><ownedMember humanName="Owned Member"><property classType="Property" humanType="Property" icon="ConceptLibrary_files/icon_property_736527975.png" name=" : Concept Library::Objectives::Benefit [1..*]" refid="_17_0_5_1_3ba019e_1407439006277_804805_4745"/><property classType="Property" humanType="Property" icon="ConceptLibrary_files/icon_property_736527975.png" name=" : Concept Library::Objectives::Opportunity [*]" refid="_17_0_5_1_3ba019e_1407439006231_217208_4668"/></ownedMember><owner classType="Package" humanName="Owner" humanType="Package" icon="ConceptLibrary_files/icon_package_467146800.png" mode="s,e" name="Objectives" refid="_17_0_5_1_3ba019e_1407439973665_938070_5084"/><owningPackage classType="Package" humanName="Owning Package" humanType="Package" icon="ConceptLibrary_files/icon_package_467146800.png" name="Objectives" refid="_17_0_5_1_3ba019e_1407439973665_938070_5084"/><package classType="Package" humanName="Package" humanType="Package" icon="ConceptLibrary_files/icon_package_467146800.png" name="Objectives" refid="_17_0_5_1_3ba019e_1407439973665_938070_5084"/><qualifiedName humanName="Qualified Name" mode="e">Concept Library::Objectives::</qualifiedName><relatedElement humanName="Related Element"><class classType="Class" humanType="Class" icon="ConceptLibrary_files/icon_class_1769227988.png" name="Benefit" refid="_17_0_5_1_3ba019e_1407439004200_864206_4242"/><class classType="Class" humanType="Class" icon="ConceptLibrary_files/icon_class_1769227988.png" name="Opportunity" refid="_17_0_5_1_3ba019e_1407439004222_946325_4256"/></relatedElement><TO_DO humanName="To Do"/><visibility humanName="Visibility" mode="s,e">public</visibility><appearsIn><diagram classType="Diagram" humanType="Diagram" icon="ConceptLibrary_files/icon_Generic Table_1568169108.png" name="Associations" refid="_18_4_62501eb_1474989114723_17949_11234"/><diagram classType="Diagram" humanType="Diagram" icon="ConceptLibrary_files/icon_Generic Table_1568169108.png" name="Vocabulary" refid="_18_0_2_3ba019e_1418664073699_926094_6665"/><diagram classType="Diagram" humanType="Diagram" icon="ConceptLibrary_files/icon_Class Diagram_505751443.png" name="Risk Objectives" refid="_18_4_1_62501eb_1495292007647_555699_13646"/><diagram classType="Diagram" humanType="Diagram" icon="ConceptLibrary_files/icon_Class Diagram_505751443.png" name="Opportunity Detail" refid="_17_0_5_1_3ba019e_1407439006263_400929_4723"/></appearsIn></association></magicdraw>