<?xml version="1.0" encoding="UTF-8"?><magicdraw><dependency classType="Dependency" humanType="Dependency" icon="ConceptLibrary_files/icon_dependency_866529530.png" id="_17_0_3_7b3022e_1331422481684_994668_2185"><client humanName="Client" mode="s,e"><package classType="Package" humanType="Package" icon="ConceptLibrary_files/icon_package_467146800.png" name="Types" refid="_17_0_3_7b3022e_1331156461403_893550_1660"/></client><documentation humanName="Documentation"/><name humanName="Name" mode="s,e"/><namespace classType="Package" humanName="Namespace" humanType="Package" icon="ConceptLibrary_files/icon_package_467146800.png" name="Types" refid="_17_0_3_7b3022e_1331156461403_893550_1660"/><owner classType="Package" humanName="Owner" humanType="Package" icon="ConceptLibrary_files/icon_package_467146800.png" mode="s,e" name="Types" refid="_17_0_3_7b3022e_1331156461403_893550_1660"/><owningPackage classType="Package" humanName="Owning Package" humanType="Package" icon="ConceptLibrary_files/icon_package_467146800.png" name="Types" refid="_17_0_3_7b3022e_1331156461403_893550_1660"/><qualifiedName humanName="Qualified Name" mode="e">SMIF Conceptual Model::Types::</qualifiedName><relatedElement humanName="Related Element"><package classType="Package" humanType="Package" icon="ConceptLibrary_files/icon_package_467146800.png" name="Identifiers" refid="_17_0_3_7b3022e_1331334231414_200086_6495"/><package classType="Package" humanType="Package" icon="ConceptLibrary_files/icon_package_467146800.png" name="Types" refid="_17_0_3_7b3022e_1331156461403_893550_1660"/></relatedElement><source humanName="Source"><package classType="Package" humanType="Package" icon="ConceptLibrary_files/icon_package_467146800.png" name="Types" refid="_17_0_3_7b3022e_1331156461403_893550_1660"/></source><supplier humanName="Supplier" mode="s,e"><package classType="Package" humanType="Package" icon="ConceptLibrary_files/icon_package_467146800.png" name="Identifiers" refid="_17_0_3_7b3022e_1331334231414_200086_6495"/></supplier><target humanName="Target"><package classType="Package" humanType="Package" icon="ConceptLibrary_files/icon_package_467146800.png" name="Identifiers" refid="_17_0_3_7b3022e_1331334231414_200086_6495"/></target><TO_DO humanName="To Do" mode="s,e"/><visibility humanName="Visibility">public</visibility></dependency></magicdraw>