<?xml version="1.0" encoding="UTF-8"?><magicdraw><property classType="Property" humanType="Property" icon="ConceptLibrary_files/icon_property_736527975.png" id="_17_0_4_1_7b3022e_1388783972714_674110_4485"><aggregation humanName="Aggregation" mode="s,e">none</aggregation><association classType="Association" humanName="Association" humanType="Association" icon="ConceptLibrary_files/icon_association_1781128159.png" isRelationship="true" name="Multiplicity Target" refid="_17_0_4_1_7b3022e_1388783972714_237627_4484"/><documentation humanName="Documentation">The type or property that is the subject of a multiplicity constraint.</documentation><documentation humanName="Documentation" mode="standard">The type or property that is the subject of a multiplicity constraint.</documentation><effectiveIRI humanName="Effective IRI">https://www.omg.org/spec/SMIF/Constraints#multiplicityOf</effectiveIRI><featuringClassifier classType="Association" humanName="Featuring Classifier" humanType="Association" icon="ConceptLibrary_files/icon_association_1781128159.png" isRelationship="true" name="Multiplicity Target" refid="_17_0_4_1_7b3022e_1388783972714_237627_4484"/><isComposite humanName="Is Composite">false</isComposite><isDerived humanName="Is Derived" mode="s,e">false</isDerived><isDerivedUnion humanName="Is Derived Union" mode="e">false</isDerivedUnion><isID humanName="Is ID" mode="e">true</isID><isLeaf humanName="Is Leaf">false</isLeaf><isOrdered humanName="Is Ordered" mode="e">false</isOrdered><isReadOnly humanName="Is Read Only" mode="s,e">false</isReadOnly><isStatic humanName="Is Static" mode="s,e">false</isStatic><isUnique humanName="Is Unique" mode="e">true</isUnique><lower humanName="Lower">1</lower><lowerValue classType="LiteralInteger" humanName="Lower Value" humanType="Literal Integer" icon="ConceptLibrary_files/icon_literalinteger_1147158688.png" name="1" refid="_17_0_4_1_7b3022e_1388784052419_543236_4539" text="1"/><multiplicity humanName="Multiplicity" mode="s,e">1</multiplicity><multiplicity humanName="Multiplicity" mode="s,e">1</multiplicity><name humanName="Name" mode="s,e">multiplicity of</name><namespace classType="Association" humanName="Namespace" humanType="Association" icon="ConceptLibrary_files/icon_association_1781128159.png" isRelationship="true" name="Multiplicity Target" refid="_17_0_4_1_7b3022e_1388783972714_237627_4484"/><navigable humanName="Navigable" mode="e">true</navigable><opposite classType="Property" humanName="Opposite" humanType="Property" icon="ConceptLibrary_files/icon_property_736527975.png" name="has multiplicity" refid="_17_0_4_1_7b3022e_1388783972715_769287_4486"/><ownedBy classType="Association" humanName="Owned By" humanType="Association" icon="ConceptLibrary_files/icon_association_1781128159.png" isRelationship="true" mode="s,e" name="Multiplicity Target" refid="_17_0_4_1_7b3022e_1388783972714_237627_4484"/><ownedComment humanName="Owned Comment"><comment classType="Comment" humanType="Comment" icon="ConceptLibrary_files/icon_comment_1609735765.png" refid="_18_1_3ba019e_1447095596853_127859_5268"/></ownedComment><ownedElement humanName="Owned Element"><comment classType="Comment" humanType="Comment" icon="ConceptLibrary_files/icon_comment_1609735765.png" refid="_18_1_3ba019e_1447095596853_127859_5268"/><literalinteger classType="LiteralInteger" humanType="Literal Integer" icon="ConceptLibrary_files/icon_literalinteger_1147158688.png" name="1" refid="_17_0_4_1_7b3022e_1388784052419_543236_4539" text="1"/><literalunlimitednatural classType="LiteralUnlimitedNatural" humanType="Literal Unlimited Natural" icon="ConceptLibrary_files/icon_literalunlimitednatural_1122090209.png" name="1" refid="_17_0_4_1_7b3022e_1388784052420_748641_4540" text="1"/></ownedElement><owner classType="Association" humanName="Owner" humanType="Association" icon="ConceptLibrary_files/icon_association_1781128159.png" isRelationship="true" name="Multiplicity Target" refid="_17_0_4_1_7b3022e_1388783972714_237627_4484"/><owningAssociation classType="Association" humanName="Owning Association" humanType="Association" icon="ConceptLibrary_files/icon_association_1781128159.png" isRelationship="true" name="Multiplicity Target" refid="_17_0_4_1_7b3022e_1388783972714_237627_4484"/><qualifiedName humanName="Qualified Name" mode="e">SMIF Conceptual Model::Constraints::Multiplicity Target::multiplicity of</qualifiedName><redefinedElement humanName="Redefined Element"><property classType="Property" humanType="Property" icon="ConceptLibrary_files/icon_property_736527975.png" name="constrains" refid="_17_0_4_1_7b3022e_1388781916827_791391_4343"/></redefinedElement><redefinedProperty humanName="Redefined Property" mode="e"><property classType="Property" humanType="Property" icon="ConceptLibrary_files/icon_property_736527975.png" name="constrains" refid="_17_0_4_1_7b3022e_1388781916827_791391_4343"/></redefinedProperty><redefinitionContext humanName="Redefinition Context"><association classType="Association" humanType="Association" icon="ConceptLibrary_files/icon_association_1781128159.png" isRelationship="true" name="Multiplicity Target" refid="_17_0_4_1_7b3022e_1388783972714_237627_4484"/></redefinitionContext><TO_DO humanName="To Do" mode="s,e"/><type classType="Class" humanName="Type" humanType="Class" icon="ConceptLibrary_files/icon_class_412694050.png" mode="s,e" name="Type" refid="_17_0_3_7b3022e_1331156699146_272050_1846"/><TYPE_MODIFIER humanName="Type Modifier" mode="e"/><upper humanName="Upper">1</upper><upperValue classType="LiteralUnlimitedNatural" humanName="Upper Value" humanType="Literal Unlimited Natural" icon="ConceptLibrary_files/icon_literalunlimitednatural_1122090209.png" name="1" refid="_17_0_4_1_7b3022e_1388784052420_748641_4540" text="1"/><visibility humanName="Visibility" mode="s,e">public</visibility><appearsIn><diagram classType="Diagram" humanType="Diagram" icon="ConceptLibrary_files/icon_Generic Table_1568169108.png" name="SMIF Properties" refid="_18_2_62501eb_1462314120667_944518_6368"/></appearsIn></property></magicdraw>