<?xml version="1.0" encoding="UTF-8"?><magicdraw><package classType="Package" humanType="Package" icon="ConceptLibrary_files/icon_package_467146800.png" id="_17_0_4_1_7b3022e_1387036286878_479470_3903"><APPLIED_STEREOTYPES humanName="Applied Stereotype" mode="s,e"><stereotype classType="Stereotype" humanType="Stereotype" icon="ConceptLibrary_files/icon_stereotype_643587433.png" name="Concept Model" refid="_18_0_2_8bf027c_1418002266669_632692_4244"/><stereotype classType="Stereotype" humanType="Stereotype" icon="ConceptLibrary_files/icon_stereotype_643587433.png" name="HyperlinkOwner" refid="_9_0_be00301_1108044563999_784946_1"/></APPLIED_STEREOTYPES><appliedStereotype humanName="Applied Stereotype" mode="s,e"><stereotype classType="Stereotype" humanType="Stereotype" icon="ConceptLibrary_files/icon_stereotype_643587433.png" name="Concept Model" refid="_18_0_2_8bf027c_1418002266669_632692_4244"><property classType="Property" humanName="Base_ Named Element" humanType="Property" icon="ConceptLibrary_files/icon_property_736527975.png" name="base_NamedElement" refid="_18_2_62501eb_1462643008348_875858_4614"/><property classType="Property" humanName="Base_ Package" humanType="Property" icon="ConceptLibrary_files/icon_property_736527975.png" name="base_Package" refid="_18_0_2_8bf027c_1418002284961_482974_4246"/><property classType="Property" humanName="Base_ Package" humanType="Property" icon="ConceptLibrary_files/icon_property_736527975.png" name="base_Package" refid="_18_0_2_8bf027c_1422543695789_626614_4314"/><property classType="Property" humanName="Id" humanType="Property" icon="ConceptLibrary_files/icon_property_736527975.png" name="id" refid="_18_0_2_8bf027c_1422542645920_899661_4258"/><property classType="Property" humanName="Prefix" humanType="Property" icon="ConceptLibrary_files/icon_property_736527975.png" name="prefix" refid="_18_0_1_8bf027c_1410291663142_556199_4654"><String>LEX</String></property></stereotype><stereotype classType="Stereotype" humanType="Stereotype" icon="ConceptLibrary_files/icon_stereotype_643587433.png" name="HyperlinkOwner" refid="_9_0_be00301_1108044563999_784946_1"><property classType="Property" humanType="Property" icon="ConceptLibrary_files/icon_property_736527975.png" name="base_Element" refid="_10_0EAPbeta_be00301_1123081772148_910751_285"/><property classType="Property" humanType="Property" icon="ConceptLibrary_files/icon_property_736527975.png" name="base_Element" refid="_10_0EAPbeta_be00301_1123081772098_411862_275"/><property classType="Property" humanName="Element/Symbol" humanType="Property" icon="ConceptLibrary_files/icon_property_736527975.png" name="hyperlinkModel" refid="_622020d_1063089736320_890266_3"><diagram classType="Diagram" humanType="Diagram" icon="ConceptLibrary_files/icon_Class Diagram_505751443.png" name="Lexical Scope" refid="_17_0_4_1_7b3022e_1387036296496_910243_3904"/></property><property classType="Property" humanName="Active Hyperlink" humanType="Property" icon="ConceptLibrary_files/icon_property_736527975.png" name="hyperlinkModelActive" refid="_622020d_1063089736320_73815_4"><diagram classType="Diagram" humanType="Diagram" icon="ConceptLibrary_files/icon_Class Diagram_505751443.png" name="Lexical Scope" refid="_17_0_4_1_7b3022e_1387036296496_910243_3904"/></property><property classType="Property" humanName="File/WEB_PAGE" humanType="Property" icon="ConceptLibrary_files/icon_property_736527975.png" name="hyperlinkText" refid="_622020d_1063089736310_884303_1"/><property classType="Property" humanName="Active Hyperlink" humanType="Property" icon="ConceptLibrary_files/icon_property_736527975.png" name="hyperlinkTextActive" refid="_622020d_1063089736310_68488_2"/></stereotype></appliedStereotype><appliedStereotypeInstance classType="InstanceSpecification" humanName="Applied Stereotype Instance" humanType="Instance Specification" icon="ConceptLibrary_files/icon_instancespecification_1746117425.png" name=" : UML Standard Profile::MagicDraw Profile::HyperlinkOwner, SIMFProfile::SMIF Concept Modeling Profile::Concept Model" refid="_18_2_62501eb_1462317183493_758008_7712"/><documentation humanName="Documentation">Lexical scope defines the structure of models and the ownership of model elements.</documentation><documentation humanName="Documentation" mode="standard">Lexical scope defines the structure of models and the ownership of model elements.</documentation><effectiveIRI humanName="Effective IRI">https://www.omg.org/spec/SMIF/LexicalScope</effectiveIRI><member humanName="Member"><class classType="Class" humanType="Class" icon="ConceptLibrary_files/icon_class_1769227988.png" name="Conceptual Package" refid="_18_2_62501eb_1463087065076_370696_6186"/><association classType="Association" humanType="Association" icon="ConceptLibrary_files/icon_association_286860903.png" isRelationship="true" name="Definition" refid="_17_0_4_1_7b3022e_1387036570411_217552_4085"/><class classType="Class" humanType="Class" icon="ConceptLibrary_files/icon_class_1769227988.png" name="Include" refid="_17_0_4_1_7b3022e_1389197532067_566283_8486"/><class classType="Class" humanType="Class" icon="ConceptLibrary_files/icon_class_1769227988.png" name="Information Repository" refid="_18_4_1_62501eb_1503242060030_772575_6879"/><class classType="Class" humanType="Class" icon="ConceptLibrary_files/icon_class_1769227988.png" name="Lexical Context" refid="_17_0_4_1_7b3022e_1387036440058_58622_4050"/><class classType="Class" humanType="Class" icon="ConceptLibrary_files/icon_class_1769227988.png" name="Lexical Reference" refid="_17_0_4_1_7b3022e_1387043339955_784477_4894"/><class classType="Class" humanType="Class" icon="ConceptLibrary_files/icon_class_1769227988.png" name="Lexical Scope" refid="_18_4_1_62501eb_1502394944731_837726_9021"/><diagram classType="Diagram" humanType="Diagram" icon="ConceptLibrary_files/icon_Class Diagram_505751443.png" name="Lexical Scope" refid="_17_0_4_1_7b3022e_1387036296496_910243_3904"/><class classType="Class" humanType="Class" icon="ConceptLibrary_files/icon_class_1769227988.png" name="Logical Package" refid="_18_2_62501eb_1463087119468_924389_6216"/><class classType="Class" humanType="Class" icon="ConceptLibrary_files/icon_class_1769227988.png" name="Model" refid="_17_0_4_1_7b3022e_1387036392099_437470_4007"/><class classType="Class" humanType="Class" icon="ConceptLibrary_files/icon_class_1769227988.png" name="Package" refid="_18_0_2_3ba019e_1422823517742_603183_6093"/><class classType="Class" humanType="Class" icon="ConceptLibrary_files/icon_class_1769227988.png" name="Physical Package" refid="_18_2_62501eb_1463087134636_886504_6239"/><class classType="Class" humanType="Class" icon="ConceptLibrary_files/icon_class_1769227988.png" name="Prefix" refid="_18_2_62501eb_1463088782969_932810_6473"/><association classType="Association" humanType="Association" icon="ConceptLibrary_files/icon_association_1781128159.png" isRelationship="true" name="Prefix Text" refid="_18_2_62501eb_1463088530707_699864_6426"/><association classType="Association" humanType="Association" icon="ConceptLibrary_files/icon_association_286860903.png" isRelationship="true" name="Repository Conteining Model" refid="_18_4_1_62501eb_1503242241081_3665_6929"/><association classType="Association" humanType="Association" icon="ConceptLibrary_files/icon_association_1781128159.png" isRelationship="true" name="Scope of Reference" refid="_17_0_4_1_7b3022e_1387043399732_19807_4959"/><association classType="Association" humanType="Association" icon="ConceptLibrary_files/icon_association_286860903.png" isRelationship="true" name="Scope Reference" refid="_17_0_4_1_7b3022e_1387043686259_568363_5011"/><association classType="Association" humanType="Association" icon="ConceptLibrary_files/icon_association_286860903.png" isRelationship="true" name="Statement" refid="_18_2_62501eb_1462976051931_701389_7153"/></member><name humanName="Name" mode="s,e">Lexical Scope</name><namespace classType="Package" humanName="Namespace" humanType="Package" icon="ConceptLibrary_files/icon_package_467146800.png" name="SMIF Conceptual Model" refid="_17_0_3_7b3022e_1331219208551_170143_3480"/><nestingPackage classType="Package" humanName="Nesting Package" humanType="Package" icon="ConceptLibrary_files/icon_package_467146800.png" name="SMIF Conceptual Model" refid="_17_0_3_7b3022e_1331219208551_170143_3480"/><ownedComment humanName="Owned Comment"><comment classType="Comment" humanType="Comment" icon="ConceptLibrary_files/icon_comment_1609735765.png" refid="_18_1_3ba019e_1430758876588_967979_6868"/></ownedComment><ownedDiagram humanName="Owned Diagram"><diagram classType="Diagram" humanType="Diagram" icon="ConceptLibrary_files/icon_Class Diagram_505751443.png" name="Lexical Scope" refid="_17_0_4_1_7b3022e_1387036296496_910243_3904"/></ownedDiagram><ownedElement humanName="Owned Element"><comment classType="Comment" humanType="Comment" icon="ConceptLibrary_files/icon_comment_1609735765.png" refid="_18_1_3ba019e_1430758876588_967979_6868"/><instancespecification classType="InstanceSpecification" humanType="Instance Specification" icon="ConceptLibrary_files/icon_instancespecification_1746117425.png" name=" : UML Standard Profile::MagicDraw Profile::HyperlinkOwner, SIMFProfile::SMIF Concept Modeling Profile::Concept Model" refid="_18_2_62501eb_1462317183493_758008_7712"/><class classType="Class" humanType="Class" icon="ConceptLibrary_files/icon_class_1769227988.png" name="Conceptual Package" refid="_18_2_62501eb_1463087065076_370696_6186"/><association classType="Association" humanType="Association" icon="ConceptLibrary_files/icon_association_286860903.png" isRelationship="true" name="Definition" refid="_17_0_4_1_7b3022e_1387036570411_217552_4085"/><class classType="Class" humanType="Class" icon="ConceptLibrary_files/icon_class_1769227988.png" name="Include" refid="_17_0_4_1_7b3022e_1389197532067_566283_8486"/><class classType="Class" humanType="Class" icon="ConceptLibrary_files/icon_class_1769227988.png" name="Information Repository" refid="_18_4_1_62501eb_1503242060030_772575_6879"/><class classType="Class" humanType="Class" icon="ConceptLibrary_files/icon_class_1769227988.png" name="Lexical Context" refid="_17_0_4_1_7b3022e_1387036440058_58622_4050"/><class classType="Class" humanType="Class" icon="ConceptLibrary_files/icon_class_1769227988.png" name="Lexical Reference" refid="_17_0_4_1_7b3022e_1387043339955_784477_4894"/><class classType="Class" humanType="Class" icon="ConceptLibrary_files/icon_class_1769227988.png" name="Lexical Scope" refid="_18_4_1_62501eb_1502394944731_837726_9021"/><diagram classType="Diagram" humanType="Diagram" icon="ConceptLibrary_files/icon_Class Diagram_505751443.png" name="Lexical Scope" refid="_17_0_4_1_7b3022e_1387036296496_910243_3904"/><class classType="Class" humanType="Class" icon="ConceptLibrary_files/icon_class_1769227988.png" name="Logical Package" refid="_18_2_62501eb_1463087119468_924389_6216"/><class classType="Class" humanType="Class" icon="ConceptLibrary_files/icon_class_1769227988.png" name="Model" refid="_17_0_4_1_7b3022e_1387036392099_437470_4007"/><class classType="Class" humanType="Class" icon="ConceptLibrary_files/icon_class_1769227988.png" name="Package" refid="_18_0_2_3ba019e_1422823517742_603183_6093"/><class classType="Class" humanType="Class" icon="ConceptLibrary_files/icon_class_1769227988.png" name="Physical Package" refid="_18_2_62501eb_1463087134636_886504_6239"/><class classType="Class" humanType="Class" icon="ConceptLibrary_files/icon_class_1769227988.png" name="Prefix" refid="_18_2_62501eb_1463088782969_932810_6473"/><association classType="Association" humanType="Association" icon="ConceptLibrary_files/icon_association_1781128159.png" isRelationship="true" name="Prefix Text" refid="_18_2_62501eb_1463088530707_699864_6426"/><association classType="Association" humanType="Association" icon="ConceptLibrary_files/icon_association_286860903.png" isRelationship="true" name="Repository Conteining Model" refid="_18_4_1_62501eb_1503242241081_3665_6929"/><association classType="Association" humanType="Association" icon="ConceptLibrary_files/icon_association_1781128159.png" isRelationship="true" name="Scope of Reference" refid="_17_0_4_1_7b3022e_1387043399732_19807_4959"/><association classType="Association" humanType="Association" icon="ConceptLibrary_files/icon_association_286860903.png" isRelationship="true" name="Scope Reference" refid="_17_0_4_1_7b3022e_1387043686259_568363_5011"/><association classType="Association" humanType="Association" icon="ConceptLibrary_files/icon_association_286860903.png" isRelationship="true" name="Statement" refid="_18_2_62501eb_1462976051931_701389_7153"/></ownedElement><ownedMember humanName="Owned Member"><class classType="Class" humanType="Class" icon="ConceptLibrary_files/icon_class_1769227988.png" name="Conceptual Package" refid="_18_2_62501eb_1463087065076_370696_6186"/><association classType="Association" humanType="Association" icon="ConceptLibrary_files/icon_association_286860903.png" isRelationship="true" name="Definition" refid="_17_0_4_1_7b3022e_1387036570411_217552_4085"/><class classType="Class" humanType="Class" icon="ConceptLibrary_files/icon_class_1769227988.png" name="Include" refid="_17_0_4_1_7b3022e_1389197532067_566283_8486"/><class classType="Class" humanType="Class" icon="ConceptLibrary_files/icon_class_1769227988.png" name="Information Repository" refid="_18_4_1_62501eb_1503242060030_772575_6879"/><class classType="Class" humanType="Class" icon="ConceptLibrary_files/icon_class_1769227988.png" name="Lexical Context" refid="_17_0_4_1_7b3022e_1387036440058_58622_4050"/><class classType="Class" humanType="Class" icon="ConceptLibrary_files/icon_class_1769227988.png" name="Lexical Reference" refid="_17_0_4_1_7b3022e_1387043339955_784477_4894"/><class classType="Class" humanType="Class" icon="ConceptLibrary_files/icon_class_1769227988.png" name="Lexical Scope" refid="_18_4_1_62501eb_1502394944731_837726_9021"/><diagram classType="Diagram" humanType="Diagram" icon="ConceptLibrary_files/icon_Class Diagram_505751443.png" name="Lexical Scope" refid="_17_0_4_1_7b3022e_1387036296496_910243_3904"/><class classType="Class" humanType="Class" icon="ConceptLibrary_files/icon_class_1769227988.png" name="Logical Package" refid="_18_2_62501eb_1463087119468_924389_6216"/><class classType="Class" humanType="Class" icon="ConceptLibrary_files/icon_class_1769227988.png" name="Model" refid="_17_0_4_1_7b3022e_1387036392099_437470_4007"/><class classType="Class" humanType="Class" icon="ConceptLibrary_files/icon_class_1769227988.png" name="Package" refid="_18_0_2_3ba019e_1422823517742_603183_6093"/><class classType="Class" humanType="Class" icon="ConceptLibrary_files/icon_class_1769227988.png" name="Physical Package" refid="_18_2_62501eb_1463087134636_886504_6239"/><class classType="Class" humanType="Class" icon="ConceptLibrary_files/icon_class_1769227988.png" name="Prefix" refid="_18_2_62501eb_1463088782969_932810_6473"/><association classType="Association" humanType="Association" icon="ConceptLibrary_files/icon_association_1781128159.png" isRelationship="true" name="Prefix Text" refid="_18_2_62501eb_1463088530707_699864_6426"/><association classType="Association" humanType="Association" icon="ConceptLibrary_files/icon_association_286860903.png" isRelationship="true" name="Repository Conteining Model" refid="_18_4_1_62501eb_1503242241081_3665_6929"/><association classType="Association" humanType="Association" icon="ConceptLibrary_files/icon_association_1781128159.png" isRelationship="true" name="Scope of Reference" refid="_17_0_4_1_7b3022e_1387043399732_19807_4959"/><association classType="Association" humanType="Association" icon="ConceptLibrary_files/icon_association_286860903.png" isRelationship="true" name="Scope Reference" refid="_17_0_4_1_7b3022e_1387043686259_568363_5011"/><association classType="Association" humanType="Association" icon="ConceptLibrary_files/icon_association_286860903.png" isRelationship="true" name="Statement" refid="_18_2_62501eb_1462976051931_701389_7153"/></ownedMember><ownedType humanName="Owned Type"><class classType="Class" humanType="Class" icon="ConceptLibrary_files/icon_class_1769227988.png" name="Conceptual Package" refid="_18_2_62501eb_1463087065076_370696_6186"/><association classType="Association" humanType="Association" icon="ConceptLibrary_files/icon_association_286860903.png" isRelationship="true" name="Definition" refid="_17_0_4_1_7b3022e_1387036570411_217552_4085"/><class classType="Class" humanType="Class" icon="ConceptLibrary_files/icon_class_1769227988.png" name="Include" refid="_17_0_4_1_7b3022e_1389197532067_566283_8486"/><class classType="Class" humanType="Class" icon="ConceptLibrary_files/icon_class_1769227988.png" name="Information Repository" refid="_18_4_1_62501eb_1503242060030_772575_6879"/><class classType="Class" humanType="Class" icon="ConceptLibrary_files/icon_class_1769227988.png" name="Lexical Context" refid="_17_0_4_1_7b3022e_1387036440058_58622_4050"/><class classType="Class" humanType="Class" icon="ConceptLibrary_files/icon_class_1769227988.png" name="Lexical Reference" refid="_17_0_4_1_7b3022e_1387043339955_784477_4894"/><class classType="Class" humanType="Class" icon="ConceptLibrary_files/icon_class_1769227988.png" name="Lexical Scope" refid="_18_4_1_62501eb_1502394944731_837726_9021"/><class classType="Class" humanType="Class" icon="ConceptLibrary_files/icon_class_1769227988.png" name="Logical Package" refid="_18_2_62501eb_1463087119468_924389_6216"/><class classType="Class" humanType="Class" icon="ConceptLibrary_files/icon_class_1769227988.png" name="Model" refid="_17_0_4_1_7b3022e_1387036392099_437470_4007"/><class classType="Class" humanType="Class" icon="ConceptLibrary_files/icon_class_1769227988.png" name="Package" refid="_18_0_2_3ba019e_1422823517742_603183_6093"/><class classType="Class" humanType="Class" icon="ConceptLibrary_files/icon_class_1769227988.png" name="Physical Package" refid="_18_2_62501eb_1463087134636_886504_6239"/><class classType="Class" humanType="Class" icon="ConceptLibrary_files/icon_class_1769227988.png" name="Prefix" refid="_18_2_62501eb_1463088782969_932810_6473"/><association classType="Association" humanType="Association" icon="ConceptLibrary_files/icon_association_1781128159.png" isRelationship="true" name="Prefix Text" refid="_18_2_62501eb_1463088530707_699864_6426"/><association classType="Association" humanType="Association" icon="ConceptLibrary_files/icon_association_286860903.png" isRelationship="true" name="Repository Conteining Model" refid="_18_4_1_62501eb_1503242241081_3665_6929"/><association classType="Association" humanType="Association" icon="ConceptLibrary_files/icon_association_1781128159.png" isRelationship="true" name="Scope of Reference" refid="_17_0_4_1_7b3022e_1387043399732_19807_4959"/><association classType="Association" humanType="Association" icon="ConceptLibrary_files/icon_association_286860903.png" isRelationship="true" name="Scope Reference" refid="_17_0_4_1_7b3022e_1387043686259_568363_5011"/><association classType="Association" humanType="Association" icon="ConceptLibrary_files/icon_association_286860903.png" isRelationship="true" name="Statement" refid="_18_2_62501eb_1462976051931_701389_7153"/></ownedType><owner classType="Package" humanName="Owner" humanType="Package" icon="ConceptLibrary_files/icon_package_467146800.png" mode="s,e" name="SMIF Conceptual Model" refid="_17_0_3_7b3022e_1331219208551_170143_3480"/><owningPackage classType="Package" humanName="Owning Package" humanType="Package" icon="ConceptLibrary_files/icon_package_467146800.png" name="SMIF Conceptual Model" refid="_17_0_3_7b3022e_1331219208551_170143_3480"/><packagedElement humanName="Packaged Element"><class classType="Class" humanType="Class" icon="ConceptLibrary_files/icon_class_1769227988.png" name="Conceptual Package" refid="_18_2_62501eb_1463087065076_370696_6186"/><association classType="Association" humanType="Association" icon="ConceptLibrary_files/icon_association_286860903.png" isRelationship="true" name="Definition" refid="_17_0_4_1_7b3022e_1387036570411_217552_4085"/><class classType="Class" humanType="Class" icon="ConceptLibrary_files/icon_class_1769227988.png" name="Include" refid="_17_0_4_1_7b3022e_1389197532067_566283_8486"/><class classType="Class" humanType="Class" icon="ConceptLibrary_files/icon_class_1769227988.png" name="Information Repository" refid="_18_4_1_62501eb_1503242060030_772575_6879"/><class classType="Class" humanType="Class" icon="ConceptLibrary_files/icon_class_1769227988.png" name="Lexical Context" refid="_17_0_4_1_7b3022e_1387036440058_58622_4050"/><class classType="Class" humanType="Class" icon="ConceptLibrary_files/icon_class_1769227988.png" name="Lexical Reference" refid="_17_0_4_1_7b3022e_1387043339955_784477_4894"/><class classType="Class" humanType="Class" icon="ConceptLibrary_files/icon_class_1769227988.png" name="Lexical Scope" refid="_18_4_1_62501eb_1502394944731_837726_9021"/><class classType="Class" humanType="Class" icon="ConceptLibrary_files/icon_class_1769227988.png" name="Logical Package" refid="_18_2_62501eb_1463087119468_924389_6216"/><class classType="Class" humanType="Class" icon="ConceptLibrary_files/icon_class_1769227988.png" name="Model" refid="_17_0_4_1_7b3022e_1387036392099_437470_4007"/><class classType="Class" humanType="Class" icon="ConceptLibrary_files/icon_class_1769227988.png" name="Package" refid="_18_0_2_3ba019e_1422823517742_603183_6093"/><class classType="Class" humanType="Class" icon="ConceptLibrary_files/icon_class_1769227988.png" name="Physical Package" refid="_18_2_62501eb_1463087134636_886504_6239"/><class classType="Class" humanType="Class" icon="ConceptLibrary_files/icon_class_1769227988.png" name="Prefix" refid="_18_2_62501eb_1463088782969_932810_6473"/><association classType="Association" humanType="Association" icon="ConceptLibrary_files/icon_association_1781128159.png" isRelationship="true" name="Prefix Text" refid="_18_2_62501eb_1463088530707_699864_6426"/><association classType="Association" humanType="Association" icon="ConceptLibrary_files/icon_association_286860903.png" isRelationship="true" name="Repository Conteining Model" refid="_18_4_1_62501eb_1503242241081_3665_6929"/><association classType="Association" humanType="Association" icon="ConceptLibrary_files/icon_association_1781128159.png" isRelationship="true" name="Scope of Reference" refid="_17_0_4_1_7b3022e_1387043399732_19807_4959"/><association classType="Association" humanType="Association" icon="ConceptLibrary_files/icon_association_286860903.png" isRelationship="true" name="Scope Reference" refid="_17_0_4_1_7b3022e_1387043686259_568363_5011"/><association classType="Association" humanType="Association" icon="ConceptLibrary_files/icon_association_286860903.png" isRelationship="true" name="Statement" refid="_18_2_62501eb_1462976051931_701389_7153"/></packagedElement><qualifiedName humanName="Qualified Name" mode="e">SMIF Conceptual Model::Lexical Scope</qualifiedName><TO_DO humanName="To Do" mode="s,e"/><URI humanName="URI" mode="s,e">https://www.omg.org/spec/SMIF/LexicalScope</URI><visibility humanName="Visibility">public</visibility><appearsIn><diagram classType="Diagram" humanType="Diagram" icon="ConceptLibrary_files/icon_Class Diagram_505751443.png" name="SMIF Packages" refid="_18_2_62501eb_1462316939078_570290_6886"/><diagram classType="Diagram" humanType="Diagram" icon="ConceptLibrary_files/icon_Generic Table_1568169108.png" name="SMIF Package List" refid="_18_4_62501eb_1479740870647_661771_7006"/><diagram classType="Diagram" humanType="Diagram" icon="ConceptLibrary_files/icon_Generic Table_1568169108.png" name="SMIF Conceptual Model" refid="_18_4_1_62501eb_1502123898504_373205_9219"/></appearsIn></package></magicdraw>