<?xml version="1.0" encoding="UTF-8"?><magicdraw><package classType="Package" humanType="Package" icon="ConceptLibrary_files/icon_package_467146800.png" id="_17_0_5_1_3ba019e_1407960318412_69485_4170"><APPLIED_STEREOTYPES humanName="Applied Stereotype" mode="s,e"><stereotype classType="Stereotype" humanType="Stereotype" icon="ConceptLibrary_files/icon_stereotype_643587433.png" name="HyperlinkOwner" refid="_9_0_be00301_1108044563999_784946_1"/></APPLIED_STEREOTYPES><appliedStereotype humanName="Applied Stereotype" mode="s,e"><stereotype classType="Stereotype" humanType="Stereotype" icon="ConceptLibrary_files/icon_stereotype_643587433.png" name="HyperlinkOwner" refid="_9_0_be00301_1108044563999_784946_1"><property classType="Property" humanType="Property" icon="ConceptLibrary_files/icon_property_736527975.png" name="base_Element" refid="_10_0EAPbeta_be00301_1123081772148_910751_285"/><property classType="Property" humanType="Property" icon="ConceptLibrary_files/icon_property_736527975.png" name="base_Element" refid="_10_0EAPbeta_be00301_1123081772098_411862_275"/><property classType="Property" humanName="Element/Symbol" humanType="Property" icon="ConceptLibrary_files/icon_property_736527975.png" name="hyperlinkModel" refid="_622020d_1063089736320_890266_3"><diagram classType="Diagram" humanType="Diagram" icon="ConceptLibrary_files/icon_Class Diagram_505751443.png" name="Process" refid="_17_0_5_1_3ba019e_1407960337744_968303_4171"/></property><property classType="Property" humanName="Active Hyperlink" humanType="Property" icon="ConceptLibrary_files/icon_property_736527975.png" name="hyperlinkModelActive" refid="_622020d_1063089736320_73815_4"><diagram classType="Diagram" humanType="Diagram" icon="ConceptLibrary_files/icon_Class Diagram_505751443.png" name="Process" refid="_17_0_5_1_3ba019e_1407960337744_968303_4171"/></property><property classType="Property" humanName="File/WEB_PAGE" humanType="Property" icon="ConceptLibrary_files/icon_property_736527975.png" name="hyperlinkText" refid="_622020d_1063089736310_884303_1"/><property classType="Property" humanName="Active Hyperlink" humanType="Property" icon="ConceptLibrary_files/icon_property_736527975.png" name="hyperlinkTextActive" refid="_622020d_1063089736310_68488_2"/></stereotype></appliedStereotype><appliedStereotypeInstance classType="InstanceSpecification" humanName="Applied Stereotype Instance" humanType="Instance Specification" icon="ConceptLibrary_files/icon_instancespecification_1746117425.png" name=" : UML Standard Profile::MagicDraw Profile::HyperlinkOwner" refid="_18_2_62501eb_1457117656057_462125_15271"/><documentation humanName="Documentation">A package representing concepts about processes. Processes are templates for (descriptions of) a related sets of Events (activities, events, etc.). Processes may be natural, organizational or carried out by an actor. Processes carried out by an actor are plans.
Processes may require resources - noting that resource can be a role of any entity.
Processes are essentially patterns of Events.
Scenarios are typically less formal processes and describe how a series of Events may play out.</documentation><documentation humanName="Documentation" mode="standard">A package representing concepts about processes. Processes are templates for (descriptions of) a related sets of Events (activities, events, etc.). Processes may be natural, organizational or carried out by an actor. Processes carried out by an actor are plans.
Processes may require resources - noting that resource can be a role of any entity.
Processes are essentially patterns of Events.
Scenarios are typically less formal processes and describe how a series of Events may play out.</documentation><member humanName="Member"><association classType="Association" humanType="Association" icon="ConceptLibrary_files/icon_association_1781128159.png" isRelationship="true" name="Association[Concept Library::Processes::Process Action - Concept Library::Occurrences::Occurrence]" refid="_18_2_62501eb_1455753215620_104479_8772"/><association classType="Association" humanType="Association" icon="ConceptLibrary_files/icon_association_1949602902.png" isRelationship="true" name="Association[Concept Library::Processes::When &lt;- Concept Library::Processes::Invoke Process]" refid="_18_4_62501eb_1476976068596_18127_22953"/><package classType="Package" humanType="Package" icon="ConceptLibrary_files/icon_package_467146800.png" name="Capabilities" refid="_18_2_62501eb_1455752903421_284116_8503"/><package classType="Package" humanType="Package" icon="ConceptLibrary_files/icon_package_467146800.png" name="Composite Conditions" refid="_18_2_62501eb_1455822496876_913423_10351"/><class classType="Class" humanType="Class" icon="ConceptLibrary_files/icon_class_1769227988.png" name="Composite Process" refid="_18_4_1_62501eb_1494613127542_474978_15100"/><associationclass classType="AssociationClass" humanType="Association Class" icon="ConceptLibrary_files/icon_associationclass_1255445356.png" isRelationship="true" name="Invoke Process" refid="_18_4_62501eb_1476380420686_234834_37328"/><class classType="Class" humanType="Class" icon="ConceptLibrary_files/icon_class_1769227988.png" name="Modus Operandi" refid="_17_0_5_1_3ba019e_1408567899411_519296_5584"/><class classType="Class" humanType="Class" icon="ConceptLibrary_files/icon_class_1769227988.png" name="Occurrence Pattern" refid="_17_0_5_1_3ba019e_1407877662057_782630_4220"/><class classType="Class" humanType="Class" icon="ConceptLibrary_files/icon_class_1769227988.png" name="Plan" refid="_17_0_5_1_3ba019e_1407876845478_265504_4108"/><diagram classType="Diagram" humanType="Diagram" icon="ConceptLibrary_files/icon_Class Diagram_505751443.png" name="Process" refid="_17_0_5_1_3ba019e_1407960337744_968303_4171"/><class classType="Class" humanType="Class" icon="ConceptLibrary_files/icon_class_1769227988.png" name="Process Action" refid="_18_2_62501eb_1455753176179_967265_8721"/><associationclass classType="AssociationClass" humanType="Association Class" icon="ConceptLibrary_files/icon_associationclass_1255445356.png" isRelationship="true" name="Process Decomposition" refid="_18_4_62501eb_1476391179447_460515_43967"/><package classType="Package" humanType="Package" icon="ConceptLibrary_files/icon_package_467146800.png" name="Scenarios" refid="_18_4_1_62501eb_1487958714069_56435_16154"/><associationclass classType="AssociationClass" humanType="Association Class" icon="ConceptLibrary_files/icon_associationclass_1255445356.png" isRelationship="true" name="When" refid="_17_0_5_1_3ba019e_1408481200231_960761_4421"/></member><name humanName="Name" mode="s,e">Processes</name><namespace classType="Package" humanName="Namespace" humanType="Package" icon="ConceptLibrary_files/icon_package_467146800.png" name="Concept Library" refid="_18_0_2_3ba019e_1423595478116_73981_6901"/><nestedPackage humanName="Nested Package"><package classType="Package" humanType="Package" icon="ConceptLibrary_files/icon_package_467146800.png" name="Capabilities" refid="_18_2_62501eb_1455752903421_284116_8503"/><package classType="Package" humanType="Package" icon="ConceptLibrary_files/icon_package_467146800.png" name="Composite Conditions" refid="_18_2_62501eb_1455822496876_913423_10351"/><package classType="Package" humanType="Package" icon="ConceptLibrary_files/icon_package_467146800.png" name="Scenarios" refid="_18_4_1_62501eb_1487958714069_56435_16154"/></nestedPackage><nestingPackage classType="Package" humanName="Nesting Package" humanType="Package" icon="ConceptLibrary_files/icon_package_467146800.png" name="Concept Library" refid="_18_0_2_3ba019e_1423595478116_73981_6901"/><ownedComment humanName="Owned Comment"><comment classType="Comment" humanType="Comment" icon="ConceptLibrary_files/icon_comment_1609735765.png" refid="_18_0_2_3ba019e_1423860019153_709126_9079"/></ownedComment><ownedDiagram humanName="Owned Diagram"><diagram classType="Diagram" humanType="Diagram" icon="ConceptLibrary_files/icon_Class Diagram_505751443.png" name="Process" refid="_17_0_5_1_3ba019e_1407960337744_968303_4171"/></ownedDiagram><ownedElement humanName="Owned Element"><comment classType="Comment" humanType="Comment" icon="ConceptLibrary_files/icon_comment_1609735765.png" refid="_18_0_2_3ba019e_1423860019153_709126_9079"/><instancespecification classType="InstanceSpecification" humanType="Instance Specification" icon="ConceptLibrary_files/icon_instancespecification_1746117425.png" name=" : UML Standard Profile::MagicDraw Profile::HyperlinkOwner" refid="_18_2_62501eb_1457117656057_462125_15271"/><association classType="Association" humanType="Association" icon="ConceptLibrary_files/icon_association_1781128159.png" isRelationship="true" name="Association[Concept Library::Processes::Process Action - Concept Library::Occurrences::Occurrence]" refid="_18_2_62501eb_1455753215620_104479_8772"/><association classType="Association" humanType="Association" icon="ConceptLibrary_files/icon_association_1949602902.png" isRelationship="true" name="Association[Concept Library::Processes::When &lt;- Concept Library::Processes::Invoke Process]" refid="_18_4_62501eb_1476976068596_18127_22953"/><package classType="Package" humanType="Package" icon="ConceptLibrary_files/icon_package_467146800.png" name="Capabilities" refid="_18_2_62501eb_1455752903421_284116_8503"/><package classType="Package" humanType="Package" icon="ConceptLibrary_files/icon_package_467146800.png" name="Composite Conditions" refid="_18_2_62501eb_1455822496876_913423_10351"/><class classType="Class" humanType="Class" icon="ConceptLibrary_files/icon_class_1769227988.png" name="Composite Process" refid="_18_4_1_62501eb_1494613127542_474978_15100"/><associationclass classType="AssociationClass" humanType="Association Class" icon="ConceptLibrary_files/icon_associationclass_1255445356.png" isRelationship="true" name="Invoke Process" refid="_18_4_62501eb_1476380420686_234834_37328"/><class classType="Class" humanType="Class" icon="ConceptLibrary_files/icon_class_1769227988.png" name="Modus Operandi" refid="_17_0_5_1_3ba019e_1408567899411_519296_5584"/><class classType="Class" humanType="Class" icon="ConceptLibrary_files/icon_class_1769227988.png" name="Occurrence Pattern" refid="_17_0_5_1_3ba019e_1407877662057_782630_4220"/><class classType="Class" humanType="Class" icon="ConceptLibrary_files/icon_class_1769227988.png" name="Plan" refid="_17_0_5_1_3ba019e_1407876845478_265504_4108"/><diagram classType="Diagram" humanType="Diagram" icon="ConceptLibrary_files/icon_Class Diagram_505751443.png" name="Process" refid="_17_0_5_1_3ba019e_1407960337744_968303_4171"/><class classType="Class" humanType="Class" icon="ConceptLibrary_files/icon_class_1769227988.png" name="Process Action" refid="_18_2_62501eb_1455753176179_967265_8721"/><associationclass classType="AssociationClass" humanType="Association Class" icon="ConceptLibrary_files/icon_associationclass_1255445356.png" isRelationship="true" name="Process Decomposition" refid="_18_4_62501eb_1476391179447_460515_43967"/><package classType="Package" humanType="Package" icon="ConceptLibrary_files/icon_package_467146800.png" name="Scenarios" refid="_18_4_1_62501eb_1487958714069_56435_16154"/><associationclass classType="AssociationClass" humanType="Association Class" icon="ConceptLibrary_files/icon_associationclass_1255445356.png" isRelationship="true" name="When" refid="_17_0_5_1_3ba019e_1408481200231_960761_4421"/></ownedElement><ownedMember humanName="Owned Member"><association classType="Association" humanType="Association" icon="ConceptLibrary_files/icon_association_1781128159.png" isRelationship="true" name="Association[Concept Library::Processes::Process Action - Concept Library::Occurrences::Occurrence]" refid="_18_2_62501eb_1455753215620_104479_8772"/><association classType="Association" humanType="Association" icon="ConceptLibrary_files/icon_association_1949602902.png" isRelationship="true" name="Association[Concept Library::Processes::When &lt;- Concept Library::Processes::Invoke Process]" refid="_18_4_62501eb_1476976068596_18127_22953"/><package classType="Package" humanType="Package" icon="ConceptLibrary_files/icon_package_467146800.png" name="Capabilities" refid="_18_2_62501eb_1455752903421_284116_8503"/><package classType="Package" humanType="Package" icon="ConceptLibrary_files/icon_package_467146800.png" name="Composite Conditions" refid="_18_2_62501eb_1455822496876_913423_10351"/><class classType="Class" humanType="Class" icon="ConceptLibrary_files/icon_class_1769227988.png" name="Composite Process" refid="_18_4_1_62501eb_1494613127542_474978_15100"/><associationclass classType="AssociationClass" humanType="Association Class" icon="ConceptLibrary_files/icon_associationclass_1255445356.png" isRelationship="true" name="Invoke Process" refid="_18_4_62501eb_1476380420686_234834_37328"/><class classType="Class" humanType="Class" icon="ConceptLibrary_files/icon_class_1769227988.png" name="Modus Operandi" refid="_17_0_5_1_3ba019e_1408567899411_519296_5584"/><class classType="Class" humanType="Class" icon="ConceptLibrary_files/icon_class_1769227988.png" name="Occurrence Pattern" refid="_17_0_5_1_3ba019e_1407877662057_782630_4220"/><class classType="Class" humanType="Class" icon="ConceptLibrary_files/icon_class_1769227988.png" name="Plan" refid="_17_0_5_1_3ba019e_1407876845478_265504_4108"/><diagram classType="Diagram" humanType="Diagram" icon="ConceptLibrary_files/icon_Class Diagram_505751443.png" name="Process" refid="_17_0_5_1_3ba019e_1407960337744_968303_4171"/><class classType="Class" humanType="Class" icon="ConceptLibrary_files/icon_class_1769227988.png" name="Process Action" refid="_18_2_62501eb_1455753176179_967265_8721"/><associationclass classType="AssociationClass" humanType="Association Class" icon="ConceptLibrary_files/icon_associationclass_1255445356.png" isRelationship="true" name="Process Decomposition" refid="_18_4_62501eb_1476391179447_460515_43967"/><package classType="Package" humanType="Package" icon="ConceptLibrary_files/icon_package_467146800.png" name="Scenarios" refid="_18_4_1_62501eb_1487958714069_56435_16154"/><associationclass classType="AssociationClass" humanType="Association Class" icon="ConceptLibrary_files/icon_associationclass_1255445356.png" isRelationship="true" name="When" refid="_17_0_5_1_3ba019e_1408481200231_960761_4421"/></ownedMember><ownedType humanName="Owned Type"><association classType="Association" humanType="Association" icon="ConceptLibrary_files/icon_association_1781128159.png" isRelationship="true" name="Association[Concept Library::Processes::Process Action - Concept Library::Occurrences::Occurrence]" refid="_18_2_62501eb_1455753215620_104479_8772"/><association classType="Association" humanType="Association" icon="ConceptLibrary_files/icon_association_1949602902.png" isRelationship="true" name="Association[Concept Library::Processes::When &lt;- Concept Library::Processes::Invoke Process]" refid="_18_4_62501eb_1476976068596_18127_22953"/><class classType="Class" humanType="Class" icon="ConceptLibrary_files/icon_class_1769227988.png" name="Composite Process" refid="_18_4_1_62501eb_1494613127542_474978_15100"/><associationclass classType="AssociationClass" humanType="Association Class" icon="ConceptLibrary_files/icon_associationclass_1255445356.png" isRelationship="true" name="Invoke Process" refid="_18_4_62501eb_1476380420686_234834_37328"/><class classType="Class" humanType="Class" icon="ConceptLibrary_files/icon_class_1769227988.png" name="Modus Operandi" refid="_17_0_5_1_3ba019e_1408567899411_519296_5584"/><class classType="Class" humanType="Class" icon="ConceptLibrary_files/icon_class_1769227988.png" name="Occurrence Pattern" refid="_17_0_5_1_3ba019e_1407877662057_782630_4220"/><class classType="Class" humanType="Class" icon="ConceptLibrary_files/icon_class_1769227988.png" name="Plan" refid="_17_0_5_1_3ba019e_1407876845478_265504_4108"/><class classType="Class" humanType="Class" icon="ConceptLibrary_files/icon_class_1769227988.png" name="Process Action" refid="_18_2_62501eb_1455753176179_967265_8721"/><associationclass classType="AssociationClass" humanType="Association Class" icon="ConceptLibrary_files/icon_associationclass_1255445356.png" isRelationship="true" name="Process Decomposition" refid="_18_4_62501eb_1476391179447_460515_43967"/><associationclass classType="AssociationClass" humanType="Association Class" icon="ConceptLibrary_files/icon_associationclass_1255445356.png" isRelationship="true" name="When" refid="_17_0_5_1_3ba019e_1408481200231_960761_4421"/></ownedType><owner classType="Package" humanName="Owner" humanType="Package" icon="ConceptLibrary_files/icon_package_467146800.png" mode="s,e" name="Concept Library" refid="_18_0_2_3ba019e_1423595478116_73981_6901"/><owningPackage classType="Package" humanName="Owning Package" humanType="Package" icon="ConceptLibrary_files/icon_package_467146800.png" name="Concept Library" refid="_18_0_2_3ba019e_1423595478116_73981_6901"/><packagedElement humanName="Packaged Element"><association classType="Association" humanType="Association" icon="ConceptLibrary_files/icon_association_1781128159.png" isRelationship="true" name="Association[Concept Library::Processes::Process Action - Concept Library::Occurrences::Occurrence]" refid="_18_2_62501eb_1455753215620_104479_8772"/><association classType="Association" humanType="Association" icon="ConceptLibrary_files/icon_association_1949602902.png" isRelationship="true" name="Association[Concept Library::Processes::When &lt;- Concept Library::Processes::Invoke Process]" refid="_18_4_62501eb_1476976068596_18127_22953"/><package classType="Package" humanType="Package" icon="ConceptLibrary_files/icon_package_467146800.png" name="Capabilities" refid="_18_2_62501eb_1455752903421_284116_8503"/><package classType="Package" humanType="Package" icon="ConceptLibrary_files/icon_package_467146800.png" name="Composite Conditions" refid="_18_2_62501eb_1455822496876_913423_10351"/><class classType="Class" humanType="Class" icon="ConceptLibrary_files/icon_class_1769227988.png" name="Composite Process" refid="_18_4_1_62501eb_1494613127542_474978_15100"/><associationclass classType="AssociationClass" humanType="Association Class" icon="ConceptLibrary_files/icon_associationclass_1255445356.png" isRelationship="true" name="Invoke Process" refid="_18_4_62501eb_1476380420686_234834_37328"/><class classType="Class" humanType="Class" icon="ConceptLibrary_files/icon_class_1769227988.png" name="Modus Operandi" refid="_17_0_5_1_3ba019e_1408567899411_519296_5584"/><class classType="Class" humanType="Class" icon="ConceptLibrary_files/icon_class_1769227988.png" name="Occurrence Pattern" refid="_17_0_5_1_3ba019e_1407877662057_782630_4220"/><class classType="Class" humanType="Class" icon="ConceptLibrary_files/icon_class_1769227988.png" name="Plan" refid="_17_0_5_1_3ba019e_1407876845478_265504_4108"/><class classType="Class" humanType="Class" icon="ConceptLibrary_files/icon_class_1769227988.png" name="Process Action" refid="_18_2_62501eb_1455753176179_967265_8721"/><associationclass classType="AssociationClass" humanType="Association Class" icon="ConceptLibrary_files/icon_associationclass_1255445356.png" isRelationship="true" name="Process Decomposition" refid="_18_4_62501eb_1476391179447_460515_43967"/><package classType="Package" humanType="Package" icon="ConceptLibrary_files/icon_package_467146800.png" name="Scenarios" refid="_18_4_1_62501eb_1487958714069_56435_16154"/><associationclass classType="AssociationClass" humanType="Association Class" icon="ConceptLibrary_files/icon_associationclass_1255445356.png" isRelationship="true" name="When" refid="_17_0_5_1_3ba019e_1408481200231_960761_4421"/></packagedElement><qualifiedName humanName="Qualified Name" mode="e">Concept Library::Processes</qualifiedName><TO_DO humanName="To Do" mode="s,e"/><URI humanName="URI" mode="s,e"/><visibility humanName="Visibility">public</visibility><appearsIn><diagram classType="Diagram" humanType="Diagram" icon="ConceptLibrary_files/icon_Generic Table_1568169108.png" name="Vocabulary" refid="_18_0_2_3ba019e_1418664073699_926094_6665"/><diagram classType="Diagram" humanType="Diagram" icon="ConceptLibrary_files/icon_Class Diagram_505751443.png" name="Federated Concept Library" refid="_18_1_3ba019e_1447081818519_218292_8718"/></appearsIn></package></magicdraw>