<?xml version="1.0" encoding="UTF-8"?><magicdraw><package classType="Package" humanType="Package" icon="ConceptLibrary_files/icon_package_467146800.png" id="_17_0_4_1_7b3022e_1387383047342_70557_4161"><APPLIED_STEREOTYPES humanName="Applied Stereotype" mode="s,e"><stereotype classType="Stereotype" humanType="Stereotype" icon="ConceptLibrary_files/icon_stereotype_643587433.png" name="Concept Model" refid="_18_0_2_8bf027c_1418002266669_632692_4244"/><stereotype classType="Stereotype" humanType="Stereotype" icon="ConceptLibrary_files/icon_stereotype_643587433.png" name="HyperlinkOwner" refid="_9_0_be00301_1108044563999_784946_1"/></APPLIED_STEREOTYPES><appliedStereotype humanName="Applied Stereotype" mode="s,e"><stereotype classType="Stereotype" humanType="Stereotype" icon="ConceptLibrary_files/icon_stereotype_643587433.png" name="Concept Model" refid="_18_0_2_8bf027c_1418002266669_632692_4244"><property classType="Property" humanName="Base_ Named Element" humanType="Property" icon="ConceptLibrary_files/icon_property_736527975.png" name="base_NamedElement" refid="_18_2_62501eb_1462643008348_875858_4614"/><property classType="Property" humanName="Base_ Package" humanType="Property" icon="ConceptLibrary_files/icon_property_736527975.png" name="base_Package" refid="_18_0_2_8bf027c_1418002284961_482974_4246"/><property classType="Property" humanName="Base_ Package" humanType="Property" icon="ConceptLibrary_files/icon_property_736527975.png" name="base_Package" refid="_18_0_2_8bf027c_1422543695789_626614_4314"/><property classType="Property" humanName="Id" humanType="Property" icon="ConceptLibrary_files/icon_property_736527975.png" name="id" refid="_18_0_2_8bf027c_1422542645920_899661_4258"/><property classType="Property" humanName="Prefix" humanType="Property" icon="ConceptLibrary_files/icon_property_736527975.png" name="prefix" refid="_18_0_1_8bf027c_1410291663142_556199_4654"><String>CONST</String></property></stereotype><stereotype classType="Stereotype" humanType="Stereotype" icon="ConceptLibrary_files/icon_stereotype_643587433.png" name="HyperlinkOwner" refid="_9_0_be00301_1108044563999_784946_1"><property classType="Property" humanType="Property" icon="ConceptLibrary_files/icon_property_736527975.png" name="base_Element" refid="_10_0EAPbeta_be00301_1123081772148_910751_285"/><property classType="Property" humanType="Property" icon="ConceptLibrary_files/icon_property_736527975.png" name="base_Element" refid="_10_0EAPbeta_be00301_1123081772098_411862_275"/><property classType="Property" humanName="Element/Symbol" humanType="Property" icon="ConceptLibrary_files/icon_property_736527975.png" name="hyperlinkModel" refid="_622020d_1063089736320_890266_3"><diagram classType="Diagram" humanType="Diagram" icon="ConceptLibrary_files/icon_Class Diagram_505751443.png" name="General Rules" refid="_18_3_62501eb_1465307914033_465428_6313"/><diagram classType="Diagram" humanType="Diagram" icon="ConceptLibrary_files/icon_Class Diagram_505751443.png" name="Rules Summary" refid="_17_0_1_2_7b3022e_1333513948647_226245_3959"/></property><property classType="Property" humanName="Active Hyperlink" humanType="Property" icon="ConceptLibrary_files/icon_property_736527975.png" name="hyperlinkModelActive" refid="_622020d_1063089736320_73815_4"><diagram classType="Diagram" humanType="Diagram" icon="ConceptLibrary_files/icon_Class Diagram_505751443.png" name="General Rules" refid="_18_3_62501eb_1465307914033_465428_6313"/></property><property classType="Property" humanName="File/WEB_PAGE" humanType="Property" icon="ConceptLibrary_files/icon_property_736527975.png" name="hyperlinkText" refid="_622020d_1063089736310_884303_1"/><property classType="Property" humanName="Active Hyperlink" humanType="Property" icon="ConceptLibrary_files/icon_property_736527975.png" name="hyperlinkTextActive" refid="_622020d_1063089736310_68488_2"/></stereotype></appliedStereotype><appliedStereotypeInstance classType="InstanceSpecification" humanName="Applied Stereotype Instance" humanType="Instance Specification" icon="ConceptLibrary_files/icon_instancespecification_1746117425.png" name=" : UML Standard Profile::MagicDraw Profile::HyperlinkOwner, SIMFProfile::SMIF Concept Modeling Profile::Concept Model" refid="_18_2_62501eb_1462304172010_634749_5778"/><documentation humanName="Documentation">Rules define constraints or behaviors that are asserted in specified context.</documentation><documentation humanName="Documentation" mode="standard">Rules define constraints or behaviors that are asserted in specified context.</documentation><effectiveIRI humanName="Effective IRI">https://www.omg.org/spec/SMIF/Constraints</effectiveIRI><member humanName="Member"><association classType="Association" humanType="Association" icon="ConceptLibrary_files/icon_association_685939889.png" isRelationship="true" name="Association[SMIF Conceptual Model::Constraints::Property Constraint - constrains:SMIF Conceptual Model::Properties::Property Type]" refid="_18_2_62501eb_1460747176861_695149_9136"/><association classType="Association" humanType="Association" icon="ConceptLibrary_files/icon_association_1781128159.png" isRelationship="true" name="Association[SMIF Conceptual Model::Constraints::Type Constraint - constrains:SMIF Conceptual Model::Types::Type]" refid="_18_2_62501eb_1455135499973_970956_6811"/><class classType="Class" humanType="Class" icon="ConceptLibrary_files/icon_class_412694050.png" name="Conditional" refid="_18_4_62501eb_1480347992660_724359_8725"/><class classType="Class" humanType="Class" icon="ConceptLibrary_files/icon_class_1769227988.png" name="Conditional Rule" refid="_17_0_4_1_7b3022e_1388784601466_759247_4628"/><class classType="Class" humanType="Class" icon="ConceptLibrary_files/icon_class_412694050.png" name="Constraint" refid="_18_4_1_62501eb_1508789102966_584819_7401"/><association classType="Association" humanType="Association" icon="ConceptLibrary_files/icon_association_1781128159.png" isRelationship="true" name="Constraint Covers" refid="_18_2_62501eb_1462383623748_210931_6476"/><class classType="Class" humanType="Class" icon="ConceptLibrary_files/icon_class_1769227988.png" name="Covering Constraint" refid="_18_2_62501eb_1462383491354_871624_6444"/><class classType="Class" humanType="Class" icon="ConceptLibrary_files/icon_class_1769227988.png" name="Disjoint" refid="_18_2_62501eb_1459955161170_128568_5607"/><generalizationset classType="GeneralizationSet" humanType="Generalization Set" icon="ConceptLibrary_files/icon_generalizationset_346004727.png" name="Disjoint property constraints" refid="_18_2_62501eb_1462288230427_902709_6392"/><class classType="Class" humanType="Class" icon="ConceptLibrary_files/icon_class_1769227988.png" name="Enumerated" refid="_18_2_62501eb_1459963691094_991366_6185"/><class classType="Class" humanType="Class" icon="ConceptLibrary_files/icon_class_1769227988.png" name="Equivalent" refid="_18_2_62501eb_1457006801849_457253_4832"/><diagram classType="Diagram" humanType="Diagram" icon="ConceptLibrary_files/icon_Class Diagram_505751443.png" name="General Rules" refid="_18_3_62501eb_1465307914033_465428_6313"/><class classType="Class" humanType="Class" icon="ConceptLibrary_files/icon_class_1769227988.png" name="Multiplicity Constraint" refid="_17_0_1_2_7b3022e_1332887953334_615648_4989"/><association classType="Association" humanType="Association" icon="ConceptLibrary_files/icon_association_1781128159.png" isRelationship="true" name="Multiplicity Target" refid="_17_0_4_1_7b3022e_1388783972714_237627_4484"/><class classType="Class" humanType="Class" icon="ConceptLibrary_files/icon_class_412694050.png" name="Property Constraint" refid="_18_2_62501eb_1460747129931_997880_9089"/><diagram classType="Diagram" humanType="Diagram" icon="ConceptLibrary_files/icon_Class Diagram_505751443.png" name="Property Constraints" refid="_18_3_62501eb_1465307985999_498834_8097"/><class classType="Class" humanType="Class" icon="ConceptLibrary_files/icon_class_1769227988.png" name="Property Transitivity Constraint" refid="_18_2_62501eb_1460747242379_518230_9186"/><association classType="Association" humanType="Association" icon="ConceptLibrary_files/icon_association_1781128159.png" isRelationship="true" name="Proposition Subsumption" refid="_18_2_62501eb_1463585121138_127922_6269"/><association classType="Association" humanType="Association" icon="ConceptLibrary_files/icon_association_1781128159.png" isRelationship="true" name="Rule Constrains" refid="_17_0_4_1_7b3022e_1388781916827_237400_4342"/><diagram classType="Diagram" humanType="Diagram" icon="ConceptLibrary_files/icon_Class Diagram_505751443.png" name="Rules in Context" refid="_18_3_62501eb_1466676240649_265747_6416"/><diagram classType="Diagram" humanType="Diagram" icon="ConceptLibrary_files/icon_Class Diagram_505751443.png" name="Rules Summary" refid="_17_0_1_2_7b3022e_1333513948647_226245_3959"/><class classType="Class" humanType="Class" icon="ConceptLibrary_files/icon_class_412694050.png" name="Type Constraint" refid="_18_2_62501eb_1455135432350_161525_6761"/><diagram classType="Diagram" humanType="Diagram" icon="ConceptLibrary_files/icon_Class Diagram_505751443.png" name="Type Constraints" refid="_18_3_62501eb_1465307961135_15881_7205"/><association classType="Association" humanType="Association" icon="ConceptLibrary_files/icon_association_1781128159.png" isRelationship="true" name="Unique Set" refid="_18_2_62501eb_1455135554745_543103_6838"/><class classType="Class" humanType="Class" icon="ConceptLibrary_files/icon_class_1769227988.png" name="Uniqueness Constraint" refid="_17_0_4_1_7b3022e_1388784145474_875255_4552"/></member><name humanName="Name" mode="s,e">Constraints</name><namespace classType="Package" humanName="Namespace" humanType="Package" icon="ConceptLibrary_files/icon_package_467146800.png" name="SMIF Conceptual Model" refid="_17_0_3_7b3022e_1331219208551_170143_3480"/><nestingPackage classType="Package" humanName="Nesting Package" humanType="Package" icon="ConceptLibrary_files/icon_package_467146800.png" name="SMIF Conceptual Model" refid="_17_0_3_7b3022e_1331219208551_170143_3480"/><ownedComment humanName="Owned Comment"><comment classType="Comment" humanType="Comment" icon="ConceptLibrary_files/icon_comment_1609735765.png" refid="_18_1_3ba019e_1430759177109_55941_6874"/></ownedComment><ownedDiagram humanName="Owned Diagram"><diagram classType="Diagram" humanType="Diagram" icon="ConceptLibrary_files/icon_Class Diagram_505751443.png" name="General Rules" refid="_18_3_62501eb_1465307914033_465428_6313"/><diagram classType="Diagram" humanType="Diagram" icon="ConceptLibrary_files/icon_Class Diagram_505751443.png" name="Property Constraints" refid="_18_3_62501eb_1465307985999_498834_8097"/><diagram classType="Diagram" humanType="Diagram" icon="ConceptLibrary_files/icon_Class Diagram_505751443.png" name="Rules in Context" refid="_18_3_62501eb_1466676240649_265747_6416"/><diagram classType="Diagram" humanType="Diagram" icon="ConceptLibrary_files/icon_Class Diagram_505751443.png" name="Rules Summary" refid="_17_0_1_2_7b3022e_1333513948647_226245_3959"/><diagram classType="Diagram" humanType="Diagram" icon="ConceptLibrary_files/icon_Class Diagram_505751443.png" name="Type Constraints" refid="_18_3_62501eb_1465307961135_15881_7205"/></ownedDiagram><ownedElement humanName="Owned Element"><comment classType="Comment" humanType="Comment" icon="ConceptLibrary_files/icon_comment_1609735765.png" refid="_18_1_3ba019e_1430759177109_55941_6874"/><instancespecification classType="InstanceSpecification" humanType="Instance Specification" icon="ConceptLibrary_files/icon_instancespecification_1746117425.png" name=" : UML Standard Profile::MagicDraw Profile::HyperlinkOwner, SIMFProfile::SMIF Concept Modeling Profile::Concept Model" refid="_18_2_62501eb_1462304172010_634749_5778"/><association classType="Association" humanType="Association" icon="ConceptLibrary_files/icon_association_685939889.png" isRelationship="true" name="Association[SMIF Conceptual Model::Constraints::Property Constraint - constrains:SMIF Conceptual Model::Properties::Property Type]" refid="_18_2_62501eb_1460747176861_695149_9136"/><association classType="Association" humanType="Association" icon="ConceptLibrary_files/icon_association_1781128159.png" isRelationship="true" name="Association[SMIF Conceptual Model::Constraints::Type Constraint - constrains:SMIF Conceptual Model::Types::Type]" refid="_18_2_62501eb_1455135499973_970956_6811"/><class classType="Class" humanType="Class" icon="ConceptLibrary_files/icon_class_412694050.png" name="Conditional" refid="_18_4_62501eb_1480347992660_724359_8725"/><class classType="Class" humanType="Class" icon="ConceptLibrary_files/icon_class_1769227988.png" name="Conditional Rule" refid="_17_0_4_1_7b3022e_1388784601466_759247_4628"/><class classType="Class" humanType="Class" icon="ConceptLibrary_files/icon_class_412694050.png" name="Constraint" refid="_18_4_1_62501eb_1508789102966_584819_7401"/><association classType="Association" humanType="Association" icon="ConceptLibrary_files/icon_association_1781128159.png" isRelationship="true" name="Constraint Covers" refid="_18_2_62501eb_1462383623748_210931_6476"/><class classType="Class" humanType="Class" icon="ConceptLibrary_files/icon_class_1769227988.png" name="Covering Constraint" refid="_18_2_62501eb_1462383491354_871624_6444"/><class classType="Class" humanType="Class" icon="ConceptLibrary_files/icon_class_1769227988.png" name="Disjoint" refid="_18_2_62501eb_1459955161170_128568_5607"/><generalizationset classType="GeneralizationSet" humanType="Generalization Set" icon="ConceptLibrary_files/icon_generalizationset_346004727.png" name="Disjoint property constraints" refid="_18_2_62501eb_1462288230427_902709_6392"/><class classType="Class" humanType="Class" icon="ConceptLibrary_files/icon_class_1769227988.png" name="Enumerated" refid="_18_2_62501eb_1459963691094_991366_6185"/><class classType="Class" humanType="Class" icon="ConceptLibrary_files/icon_class_1769227988.png" name="Equivalent" refid="_18_2_62501eb_1457006801849_457253_4832"/><diagram classType="Diagram" humanType="Diagram" icon="ConceptLibrary_files/icon_Class Diagram_505751443.png" name="General Rules" refid="_18_3_62501eb_1465307914033_465428_6313"/><class classType="Class" humanType="Class" icon="ConceptLibrary_files/icon_class_1769227988.png" name="Multiplicity Constraint" refid="_17_0_1_2_7b3022e_1332887953334_615648_4989"/><association classType="Association" humanType="Association" icon="ConceptLibrary_files/icon_association_1781128159.png" isRelationship="true" name="Multiplicity Target" refid="_17_0_4_1_7b3022e_1388783972714_237627_4484"/><class classType="Class" humanType="Class" icon="ConceptLibrary_files/icon_class_412694050.png" name="Property Constraint" refid="_18_2_62501eb_1460747129931_997880_9089"/><diagram classType="Diagram" humanType="Diagram" icon="ConceptLibrary_files/icon_Class Diagram_505751443.png" name="Property Constraints" refid="_18_3_62501eb_1465307985999_498834_8097"/><class classType="Class" humanType="Class" icon="ConceptLibrary_files/icon_class_1769227988.png" name="Property Transitivity Constraint" refid="_18_2_62501eb_1460747242379_518230_9186"/><association classType="Association" humanType="Association" icon="ConceptLibrary_files/icon_association_1781128159.png" isRelationship="true" name="Proposition Subsumption" refid="_18_2_62501eb_1463585121138_127922_6269"/><association classType="Association" humanType="Association" icon="ConceptLibrary_files/icon_association_1781128159.png" isRelationship="true" name="Rule Constrains" refid="_17_0_4_1_7b3022e_1388781916827_237400_4342"/><diagram classType="Diagram" humanType="Diagram" icon="ConceptLibrary_files/icon_Class Diagram_505751443.png" name="Rules in Context" refid="_18_3_62501eb_1466676240649_265747_6416"/><diagram classType="Diagram" humanType="Diagram" icon="ConceptLibrary_files/icon_Class Diagram_505751443.png" name="Rules Summary" refid="_17_0_1_2_7b3022e_1333513948647_226245_3959"/><class classType="Class" humanType="Class" icon="ConceptLibrary_files/icon_class_412694050.png" name="Type Constraint" refid="_18_2_62501eb_1455135432350_161525_6761"/><diagram classType="Diagram" humanType="Diagram" icon="ConceptLibrary_files/icon_Class Diagram_505751443.png" name="Type Constraints" refid="_18_3_62501eb_1465307961135_15881_7205"/><association classType="Association" humanType="Association" icon="ConceptLibrary_files/icon_association_1781128159.png" isRelationship="true" name="Unique Set" refid="_18_2_62501eb_1455135554745_543103_6838"/><class classType="Class" humanType="Class" icon="ConceptLibrary_files/icon_class_1769227988.png" name="Uniqueness Constraint" refid="_17_0_4_1_7b3022e_1388784145474_875255_4552"/></ownedElement><ownedMember humanName="Owned Member"><association classType="Association" humanType="Association" icon="ConceptLibrary_files/icon_association_685939889.png" isRelationship="true" name="Association[SMIF Conceptual Model::Constraints::Property Constraint - constrains:SMIF Conceptual Model::Properties::Property Type]" refid="_18_2_62501eb_1460747176861_695149_9136"/><association classType="Association" humanType="Association" icon="ConceptLibrary_files/icon_association_1781128159.png" isRelationship="true" name="Association[SMIF Conceptual Model::Constraints::Type Constraint - constrains:SMIF Conceptual Model::Types::Type]" refid="_18_2_62501eb_1455135499973_970956_6811"/><class classType="Class" humanType="Class" icon="ConceptLibrary_files/icon_class_412694050.png" name="Conditional" refid="_18_4_62501eb_1480347992660_724359_8725"/><class classType="Class" humanType="Class" icon="ConceptLibrary_files/icon_class_1769227988.png" name="Conditional Rule" refid="_17_0_4_1_7b3022e_1388784601466_759247_4628"/><class classType="Class" humanType="Class" icon="ConceptLibrary_files/icon_class_412694050.png" name="Constraint" refid="_18_4_1_62501eb_1508789102966_584819_7401"/><association classType="Association" humanType="Association" icon="ConceptLibrary_files/icon_association_1781128159.png" isRelationship="true" name="Constraint Covers" refid="_18_2_62501eb_1462383623748_210931_6476"/><class classType="Class" humanType="Class" icon="ConceptLibrary_files/icon_class_1769227988.png" name="Covering Constraint" refid="_18_2_62501eb_1462383491354_871624_6444"/><class classType="Class" humanType="Class" icon="ConceptLibrary_files/icon_class_1769227988.png" name="Disjoint" refid="_18_2_62501eb_1459955161170_128568_5607"/><generalizationset classType="GeneralizationSet" humanType="Generalization Set" icon="ConceptLibrary_files/icon_generalizationset_346004727.png" name="Disjoint property constraints" refid="_18_2_62501eb_1462288230427_902709_6392"/><class classType="Class" humanType="Class" icon="ConceptLibrary_files/icon_class_1769227988.png" name="Enumerated" refid="_18_2_62501eb_1459963691094_991366_6185"/><class classType="Class" humanType="Class" icon="ConceptLibrary_files/icon_class_1769227988.png" name="Equivalent" refid="_18_2_62501eb_1457006801849_457253_4832"/><diagram classType="Diagram" humanType="Diagram" icon="ConceptLibrary_files/icon_Class Diagram_505751443.png" name="General Rules" refid="_18_3_62501eb_1465307914033_465428_6313"/><class classType="Class" humanType="Class" icon="ConceptLibrary_files/icon_class_1769227988.png" name="Multiplicity Constraint" refid="_17_0_1_2_7b3022e_1332887953334_615648_4989"/><association classType="Association" humanType="Association" icon="ConceptLibrary_files/icon_association_1781128159.png" isRelationship="true" name="Multiplicity Target" refid="_17_0_4_1_7b3022e_1388783972714_237627_4484"/><class classType="Class" humanType="Class" icon="ConceptLibrary_files/icon_class_412694050.png" name="Property Constraint" refid="_18_2_62501eb_1460747129931_997880_9089"/><diagram classType="Diagram" humanType="Diagram" icon="ConceptLibrary_files/icon_Class Diagram_505751443.png" name="Property Constraints" refid="_18_3_62501eb_1465307985999_498834_8097"/><class classType="Class" humanType="Class" icon="ConceptLibrary_files/icon_class_1769227988.png" name="Property Transitivity Constraint" refid="_18_2_62501eb_1460747242379_518230_9186"/><association classType="Association" humanType="Association" icon="ConceptLibrary_files/icon_association_1781128159.png" isRelationship="true" name="Proposition Subsumption" refid="_18_2_62501eb_1463585121138_127922_6269"/><association classType="Association" humanType="Association" icon="ConceptLibrary_files/icon_association_1781128159.png" isRelationship="true" name="Rule Constrains" refid="_17_0_4_1_7b3022e_1388781916827_237400_4342"/><diagram classType="Diagram" humanType="Diagram" icon="ConceptLibrary_files/icon_Class Diagram_505751443.png" name="Rules in Context" refid="_18_3_62501eb_1466676240649_265747_6416"/><diagram classType="Diagram" humanType="Diagram" icon="ConceptLibrary_files/icon_Class Diagram_505751443.png" name="Rules Summary" refid="_17_0_1_2_7b3022e_1333513948647_226245_3959"/><class classType="Class" humanType="Class" icon="ConceptLibrary_files/icon_class_412694050.png" name="Type Constraint" refid="_18_2_62501eb_1455135432350_161525_6761"/><diagram classType="Diagram" humanType="Diagram" icon="ConceptLibrary_files/icon_Class Diagram_505751443.png" name="Type Constraints" refid="_18_3_62501eb_1465307961135_15881_7205"/><association classType="Association" humanType="Association" icon="ConceptLibrary_files/icon_association_1781128159.png" isRelationship="true" name="Unique Set" refid="_18_2_62501eb_1455135554745_543103_6838"/><class classType="Class" humanType="Class" icon="ConceptLibrary_files/icon_class_1769227988.png" name="Uniqueness Constraint" refid="_17_0_4_1_7b3022e_1388784145474_875255_4552"/></ownedMember><ownedType humanName="Owned Type"><association classType="Association" humanType="Association" icon="ConceptLibrary_files/icon_association_685939889.png" isRelationship="true" name="Association[SMIF Conceptual Model::Constraints::Property Constraint - constrains:SMIF Conceptual Model::Properties::Property Type]" refid="_18_2_62501eb_1460747176861_695149_9136"/><association classType="Association" humanType="Association" icon="ConceptLibrary_files/icon_association_1781128159.png" isRelationship="true" name="Association[SMIF Conceptual Model::Constraints::Type Constraint - constrains:SMIF Conceptual Model::Types::Type]" refid="_18_2_62501eb_1455135499973_970956_6811"/><class classType="Class" humanType="Class" icon="ConceptLibrary_files/icon_class_412694050.png" name="Conditional" refid="_18_4_62501eb_1480347992660_724359_8725"/><class classType="Class" humanType="Class" icon="ConceptLibrary_files/icon_class_1769227988.png" name="Conditional Rule" refid="_17_0_4_1_7b3022e_1388784601466_759247_4628"/><class classType="Class" humanType="Class" icon="ConceptLibrary_files/icon_class_412694050.png" name="Constraint" refid="_18_4_1_62501eb_1508789102966_584819_7401"/><association classType="Association" humanType="Association" icon="ConceptLibrary_files/icon_association_1781128159.png" isRelationship="true" name="Constraint Covers" refid="_18_2_62501eb_1462383623748_210931_6476"/><class classType="Class" humanType="Class" icon="ConceptLibrary_files/icon_class_1769227988.png" name="Covering Constraint" refid="_18_2_62501eb_1462383491354_871624_6444"/><class classType="Class" humanType="Class" icon="ConceptLibrary_files/icon_class_1769227988.png" name="Disjoint" refid="_18_2_62501eb_1459955161170_128568_5607"/><class classType="Class" humanType="Class" icon="ConceptLibrary_files/icon_class_1769227988.png" name="Enumerated" refid="_18_2_62501eb_1459963691094_991366_6185"/><class classType="Class" humanType="Class" icon="ConceptLibrary_files/icon_class_1769227988.png" name="Equivalent" refid="_18_2_62501eb_1457006801849_457253_4832"/><class classType="Class" humanType="Class" icon="ConceptLibrary_files/icon_class_1769227988.png" name="Multiplicity Constraint" refid="_17_0_1_2_7b3022e_1332887953334_615648_4989"/><association classType="Association" humanType="Association" icon="ConceptLibrary_files/icon_association_1781128159.png" isRelationship="true" name="Multiplicity Target" refid="_17_0_4_1_7b3022e_1388783972714_237627_4484"/><class classType="Class" humanType="Class" icon="ConceptLibrary_files/icon_class_412694050.png" name="Property Constraint" refid="_18_2_62501eb_1460747129931_997880_9089"/><class classType="Class" humanType="Class" icon="ConceptLibrary_files/icon_class_1769227988.png" name="Property Transitivity Constraint" refid="_18_2_62501eb_1460747242379_518230_9186"/><association classType="Association" humanType="Association" icon="ConceptLibrary_files/icon_association_1781128159.png" isRelationship="true" name="Proposition Subsumption" refid="_18_2_62501eb_1463585121138_127922_6269"/><association classType="Association" humanType="Association" icon="ConceptLibrary_files/icon_association_1781128159.png" isRelationship="true" name="Rule Constrains" refid="_17_0_4_1_7b3022e_1388781916827_237400_4342"/><class classType="Class" humanType="Class" icon="ConceptLibrary_files/icon_class_412694050.png" name="Type Constraint" refid="_18_2_62501eb_1455135432350_161525_6761"/><association classType="Association" humanType="Association" icon="ConceptLibrary_files/icon_association_1781128159.png" isRelationship="true" name="Unique Set" refid="_18_2_62501eb_1455135554745_543103_6838"/><class classType="Class" humanType="Class" icon="ConceptLibrary_files/icon_class_1769227988.png" name="Uniqueness Constraint" refid="_17_0_4_1_7b3022e_1388784145474_875255_4552"/></ownedType><owner classType="Package" humanName="Owner" humanType="Package" icon="ConceptLibrary_files/icon_package_467146800.png" mode="s,e" name="SMIF Conceptual Model" refid="_17_0_3_7b3022e_1331219208551_170143_3480"/><owningPackage classType="Package" humanName="Owning Package" humanType="Package" icon="ConceptLibrary_files/icon_package_467146800.png" name="SMIF Conceptual Model" refid="_17_0_3_7b3022e_1331219208551_170143_3480"/><packagedElement humanName="Packaged Element"><association classType="Association" humanType="Association" icon="ConceptLibrary_files/icon_association_685939889.png" isRelationship="true" name="Association[SMIF Conceptual Model::Constraints::Property Constraint - constrains:SMIF Conceptual Model::Properties::Property Type]" refid="_18_2_62501eb_1460747176861_695149_9136"/><association classType="Association" humanType="Association" icon="ConceptLibrary_files/icon_association_1781128159.png" isRelationship="true" name="Association[SMIF Conceptual Model::Constraints::Type Constraint - constrains:SMIF Conceptual Model::Types::Type]" refid="_18_2_62501eb_1455135499973_970956_6811"/><class classType="Class" humanType="Class" icon="ConceptLibrary_files/icon_class_412694050.png" name="Conditional" refid="_18_4_62501eb_1480347992660_724359_8725"/><class classType="Class" humanType="Class" icon="ConceptLibrary_files/icon_class_1769227988.png" name="Conditional Rule" refid="_17_0_4_1_7b3022e_1388784601466_759247_4628"/><class classType="Class" humanType="Class" icon="ConceptLibrary_files/icon_class_412694050.png" name="Constraint" refid="_18_4_1_62501eb_1508789102966_584819_7401"/><association classType="Association" humanType="Association" icon="ConceptLibrary_files/icon_association_1781128159.png" isRelationship="true" name="Constraint Covers" refid="_18_2_62501eb_1462383623748_210931_6476"/><class classType="Class" humanType="Class" icon="ConceptLibrary_files/icon_class_1769227988.png" name="Covering Constraint" refid="_18_2_62501eb_1462383491354_871624_6444"/><class classType="Class" humanType="Class" icon="ConceptLibrary_files/icon_class_1769227988.png" name="Disjoint" refid="_18_2_62501eb_1459955161170_128568_5607"/><generalizationset classType="GeneralizationSet" humanType="Generalization Set" icon="ConceptLibrary_files/icon_generalizationset_346004727.png" name="Disjoint property constraints" refid="_18_2_62501eb_1462288230427_902709_6392"/><class classType="Class" humanType="Class" icon="ConceptLibrary_files/icon_class_1769227988.png" name="Enumerated" refid="_18_2_62501eb_1459963691094_991366_6185"/><class classType="Class" humanType="Class" icon="ConceptLibrary_files/icon_class_1769227988.png" name="Equivalent" refid="_18_2_62501eb_1457006801849_457253_4832"/><class classType="Class" humanType="Class" icon="ConceptLibrary_files/icon_class_1769227988.png" name="Multiplicity Constraint" refid="_17_0_1_2_7b3022e_1332887953334_615648_4989"/><association classType="Association" humanType="Association" icon="ConceptLibrary_files/icon_association_1781128159.png" isRelationship="true" name="Multiplicity Target" refid="_17_0_4_1_7b3022e_1388783972714_237627_4484"/><class classType="Class" humanType="Class" icon="ConceptLibrary_files/icon_class_412694050.png" name="Property Constraint" refid="_18_2_62501eb_1460747129931_997880_9089"/><class classType="Class" humanType="Class" icon="ConceptLibrary_files/icon_class_1769227988.png" name="Property Transitivity Constraint" refid="_18_2_62501eb_1460747242379_518230_9186"/><association classType="Association" humanType="Association" icon="ConceptLibrary_files/icon_association_1781128159.png" isRelationship="true" name="Proposition Subsumption" refid="_18_2_62501eb_1463585121138_127922_6269"/><association classType="Association" humanType="Association" icon="ConceptLibrary_files/icon_association_1781128159.png" isRelationship="true" name="Rule Constrains" refid="_17_0_4_1_7b3022e_1388781916827_237400_4342"/><class classType="Class" humanType="Class" icon="ConceptLibrary_files/icon_class_412694050.png" name="Type Constraint" refid="_18_2_62501eb_1455135432350_161525_6761"/><association classType="Association" humanType="Association" icon="ConceptLibrary_files/icon_association_1781128159.png" isRelationship="true" name="Unique Set" refid="_18_2_62501eb_1455135554745_543103_6838"/><class classType="Class" humanType="Class" icon="ConceptLibrary_files/icon_class_1769227988.png" name="Uniqueness Constraint" refid="_17_0_4_1_7b3022e_1388784145474_875255_4552"/></packagedElement><qualifiedName humanName="Qualified Name" mode="e">SMIF Conceptual Model::Constraints</qualifiedName><TO_DO humanName="To Do" mode="s,e"/><URI humanName="URI" mode="s,e">https://www.omg.org/spec/SMIF/Constraints</URI><visibility humanName="Visibility">public</visibility><appearsIn><diagram classType="Diagram" humanType="Diagram" icon="ConceptLibrary_files/icon_Class Diagram_505751443.png" name="SMIF Packages" refid="_18_2_62501eb_1462316939078_570290_6886"/><diagram classType="Diagram" humanType="Diagram" icon="ConceptLibrary_files/icon_Generic Table_1568169108.png" name="SMIF Package List" refid="_18_4_62501eb_1479740870647_661771_7006"/><diagram classType="Diagram" humanType="Diagram" icon="ConceptLibrary_files/icon_Generic Table_1568169108.png" name="SMIF Conceptual Model" refid="_18_4_1_62501eb_1502123898504_373205_9219"/></appearsIn></package></magicdraw>