<?xml version="1.0" encoding="UTF-8"?><magicdraw><association classType="Association" humanType="Association" icon="ConceptLibrary_files/icon_association_1781128159.png" id="_17_0_3_7b3022e_1331182663023_774150_3109"><allGeneralClassifiers humanName="All General Classifiers"><association classType="Association" humanType="Association" icon="ConceptLibrary_files/icon_association_1781128159.png" isRelationship="true" name="Extent of Context" refid="_17_0_3_7b3022e_1331166276197_185171_2678"/></allGeneralClassifiers><allSpecificClassifiers humanName="All Specific Classifiers"><association classType="Association" humanType="Association" icon="ConceptLibrary_files/icon_association_685939889.png" isRelationship="true" name="Association[Concept Library::Situations::Situation Type - Concept Library::Situations::Situation]" refid="_18_1_3ba019e_1430349364975_584032_4823"/><association classType="Association" humanType="Association" icon="ConceptLibrary_files/icon_association_685939889.png" isRelationship="true" name="Association[SMIF Conceptual Model::Values::Unit Type - SMIF Conceptual Model::Values::Unit Value]" refid="_17_0_4_1_7b3022e_1387298180920_534909_4883"/><association classType="Association" humanType="Association" icon="ConceptLibrary_files/icon_association_1949602902.png" isRelationship="true" name="Bound Property" refid="_18_2_62501eb_1460132128583_901201_9002"/><association classType="Association" humanType="Association" icon="ConceptLibrary_files/icon_association_1781128159.png" isRelationship="true" name="Facet Of Entity" refid="_18_5_3_62501eb_1526753140027_899665_13938"/><association classType="Association" humanType="Association" icon="ConceptLibrary_files/icon_association_1781128159.png" isRelationship="true" name="Function Called" refid="_17_0_1_2_7b3022e_1333471207371_814515_2672"/><associationclass classType="AssociationClass" humanType="Association Class" icon="ConceptLibrary_files/icon_associationclass_1255445356.png" isRelationship="true" name="Sighting Matches Indicator" refid="_18_4_62501eb_1477256768628_463340_38463"/></allSpecificClassifiers><documentation humanName="Documentation">The relation between a type and the things that type categorizes, the instances which defines the extent of the type, a set.

[IDEAS] typeInstance: A couple that asserts that a Thing is a member of a Type.

[Guizzardi] (Extension functions): Let W be a non-empty set of
possible worlds and let w ∈ W be a specific world. The extension function extw(G) maps a universal G to the set of its instances in world w. The extension function ext(G) provides a mapping to the set of instances of the
universal G that exist in all possible worlds, such that ext(G) = U w∈W w ext (G)

[OWL] ClassAssertion</documentation><documentation humanName="Documentation" mode="standard">The relation between a type and the things that type categorizes, the instances which defines the extent of the type, a set.

[IDEAS] typeInstance: A couple that asserts that a Thing is a member of a Type.

[Guizzardi] (Extension functions): Let W be a non-empty set of
possible worlds and let w ∈ W be a specific world. The extension function extw(G) maps a universal G to the set of its instances in world w. The extension function ext(G) provides a mapping to the set of instances of the
universal G that exist in all possible worlds, such that ext(G) = U w∈W w ext (G)

[OWL] ClassAssertion</documentation><endType humanName="End Type"><class classType="Class" humanType="Class" icon="ConceptLibrary_files/icon_class_412694050.png" name="Thing" refid="_17_0_3_7b3022e_1331313031781_359355_5487"/><class classType="Class" humanType="Class" icon="ConceptLibrary_files/icon_class_412694050.png" name="Type" refid="_17_0_3_7b3022e_1331156699146_272050_1846"/></endType><feature humanName="Feature"><property classType="Property" humanType="Property" icon="ConceptLibrary_files/icon_property_736527975.png" name="categorizes" refid="_17_0_3_7b3022e_1331182663023_529271_3110"/><property classType="Property" humanType="Property" icon="ConceptLibrary_files/icon_property_736527975.png" name="has type" refid="_17_0_3_7b3022e_1331182663024_883830_3111"/></feature><general humanName="General"><association classType="Association" humanType="Association" icon="ConceptLibrary_files/icon_association_1781128159.png" isRelationship="true" name="Extent of Context" refid="_17_0_3_7b3022e_1331166276197_185171_2678"/></general><generalization humanName="Generalization"><generalization classType="Generalization" humanType="Generalization" icon="ConceptLibrary_files/icon_generalization_212232499.png" isRelationship="true" refid="_17_0_3_7b3022e_1331213883872_999009_3463"/></generalization><inheritedMember humanName="Inherited Member"><property classType="Property" humanType="Property" icon="ConceptLibrary_files/icon_property_736527975.png" name="contextualizes" refid="_17_0_3_7b3022e_1331166276197_310644_2679"/><property classType="Property" humanType="Property" icon="ConceptLibrary_files/icon_property_736527975.png" name="in context of" refid="_17_0_3_7b3022e_1331166276198_876163_2680"/></inheritedMember><isAbstract humanName="Is Abstract">false</isAbstract><isDerived humanName="Is Derived">false</isDerived><isFinalSpecialization humanName="Is Final Specialization">false</isFinalSpecialization><isLeaf humanName="Is Leaf">false</isLeaf><member humanName="Member"><property classType="Property" humanType="Property" icon="ConceptLibrary_files/icon_property_736527975.png" name="categorizes" refid="_17_0_3_7b3022e_1331182663023_529271_3110"/><property classType="Property" humanType="Property" icon="ConceptLibrary_files/icon_property_736527975.png" name="contextualizes" refid="_17_0_3_7b3022e_1331166276197_310644_2679"/><property classType="Property" humanType="Property" icon="ConceptLibrary_files/icon_property_736527975.png" name="has type" refid="_17_0_3_7b3022e_1331182663024_883830_3111"/><property classType="Property" humanType="Property" icon="ConceptLibrary_files/icon_property_736527975.png" name="in context of" refid="_17_0_3_7b3022e_1331166276198_876163_2680"/></member><memberEnd humanName="Member End"><property classType="Property" humanType="Property" icon="ConceptLibrary_files/icon_property_736527975.png" name="categorizes" refid="_17_0_3_7b3022e_1331182663023_529271_3110"/><property classType="Property" humanType="Property" icon="ConceptLibrary_files/icon_property_736527975.png" name="has type" refid="_17_0_3_7b3022e_1331182663024_883830_3111"/></memberEnd><name humanName="Name" mode="s,e">Extent of Type</name><namespace classType="Package" humanName="Namespace" humanType="Package" icon="ConceptLibrary_files/icon_package_467146800.png" name="Types" refid="_17_0_3_7b3022e_1331156461403_893550_1660"/><navigableOwnedEnd humanName="Navigable Owned End" mode="e"><property classType="Property" humanType="Property" icon="ConceptLibrary_files/icon_property_736527975.png" name="categorizes" refid="_17_0_3_7b3022e_1331182663023_529271_3110"/><property classType="Property" humanType="Property" icon="ConceptLibrary_files/icon_property_736527975.png" name="has type" refid="_17_0_3_7b3022e_1331182663024_883830_3111"/></navigableOwnedEnd><ownedComment humanName="Owned Comment"><comment classType="Comment" humanType="Comment" icon="ConceptLibrary_files/icon_comment_1609735765.png" refid="_17_0_3_7b3022e_1331417495427_254845_4773"/></ownedComment><ownedElement humanName="Owned Element"><generalization classType="Generalization" humanType="Generalization" icon="ConceptLibrary_files/icon_generalization_212232499.png" isRelationship="true" refid="_17_0_3_7b3022e_1331213883872_999009_3463"/><comment classType="Comment" humanType="Comment" icon="ConceptLibrary_files/icon_comment_1609735765.png" refid="_17_0_3_7b3022e_1331417495427_254845_4773"/><property classType="Property" humanType="Property" icon="ConceptLibrary_files/icon_property_736527975.png" name="categorizes" refid="_17_0_3_7b3022e_1331182663023_529271_3110"/><property classType="Property" humanType="Property" icon="ConceptLibrary_files/icon_property_736527975.png" name="has type" refid="_17_0_3_7b3022e_1331182663024_883830_3111"/></ownedElement><ownedEnd humanName="Owned End"><property classType="Property" humanType="Property" icon="ConceptLibrary_files/icon_property_736527975.png" name="categorizes" refid="_17_0_3_7b3022e_1331182663023_529271_3110"/><property classType="Property" humanType="Property" icon="ConceptLibrary_files/icon_property_736527975.png" name="has type" refid="_17_0_3_7b3022e_1331182663024_883830_3111"/></ownedEnd><ownedMember humanName="Owned Member"><property classType="Property" humanType="Property" icon="ConceptLibrary_files/icon_property_736527975.png" name="categorizes" refid="_17_0_3_7b3022e_1331182663023_529271_3110"/><property classType="Property" humanType="Property" icon="ConceptLibrary_files/icon_property_736527975.png" name="has type" refid="_17_0_3_7b3022e_1331182663024_883830_3111"/></ownedMember><owner classType="Package" humanName="Owner" humanType="Package" icon="ConceptLibrary_files/icon_package_467146800.png" mode="s,e" name="Types" refid="_17_0_3_7b3022e_1331156461403_893550_1660"/><owningPackage classType="Package" humanName="Owning Package" humanType="Package" icon="ConceptLibrary_files/icon_package_467146800.png" name="Types" refid="_17_0_3_7b3022e_1331156461403_893550_1660"/><package classType="Package" humanName="Package" humanType="Package" icon="ConceptLibrary_files/icon_package_467146800.png" name="Types" refid="_17_0_3_7b3022e_1331156461403_893550_1660"/><qualifiedName humanName="Qualified Name" mode="e">SMIF Conceptual Model::Types::Extent of Type</qualifiedName><relatedElement humanName="Related Element"><class classType="Class" humanType="Class" icon="ConceptLibrary_files/icon_class_412694050.png" name="Thing" refid="_17_0_3_7b3022e_1331313031781_359355_5487"/><class classType="Class" humanType="Class" icon="ConceptLibrary_files/icon_class_412694050.png" name="Type" refid="_17_0_3_7b3022e_1331156699146_272050_1846"/></relatedElement><specificClassifier humanName="Specific Classifier"><association classType="Association" humanType="Association" icon="ConceptLibrary_files/icon_association_685939889.png" isRelationship="true" name="Association[Concept Library::Situations::Situation Type - Concept Library::Situations::Situation]" refid="_18_1_3ba019e_1430349364975_584032_4823"/><association classType="Association" humanType="Association" icon="ConceptLibrary_files/icon_association_685939889.png" isRelationship="true" name="Association[SMIF Conceptual Model::Values::Unit Type - SMIF Conceptual Model::Values::Unit Value]" refid="_17_0_4_1_7b3022e_1387298180920_534909_4883"/><association classType="Association" humanType="Association" icon="ConceptLibrary_files/icon_association_1949602902.png" isRelationship="true" name="Bound Property" refid="_18_2_62501eb_1460132128583_901201_9002"/><association classType="Association" humanType="Association" icon="ConceptLibrary_files/icon_association_1781128159.png" isRelationship="true" name="Facet Of Entity" refid="_18_5_3_62501eb_1526753140027_899665_13938"/><association classType="Association" humanType="Association" icon="ConceptLibrary_files/icon_association_1781128159.png" isRelationship="true" name="Function Called" refid="_17_0_1_2_7b3022e_1333471207371_814515_2672"/><associationclass classType="AssociationClass" humanType="Association Class" icon="ConceptLibrary_files/icon_associationclass_1255445356.png" isRelationship="true" name="Sighting Matches Indicator" refid="_18_4_62501eb_1477256768628_463340_38463"/></specificClassifier><TO_DO humanName="To Do"/><visibility humanName="Visibility" mode="s,e">public</visibility><appearsIn><diagram classType="Diagram" humanType="Diagram" icon="ConceptLibrary_files/icon_Class Diagram_505751443.png" name="Foundation" refid="_18_4_1_62501eb_1495296229925_256240_9842"/><diagram classType="Diagram" humanType="Diagram" icon="ConceptLibrary_files/icon_Class Diagram_505751443.png" name="Types" refid="_17_0_3_7b3022e_1331156482756_874223_1661"/><diagram classType="Diagram" humanType="Diagram" icon="ConceptLibrary_files/icon_Class Diagram_505751443.png" name="Types as Context" refid="_18_5_3_62501eb_1516750982904_48257_8472"/><diagram classType="Diagram" humanType="Diagram" icon="ConceptLibrary_files/icon_Class Diagram_505751443.png" name="Identifiable Entity" refid="_17_0_5_1_7b3022e_1396735576265_81331_7754"/><diagram classType="Diagram" humanType="Diagram" icon="ConceptLibrary_files/icon_Class Diagram_505751443.png" name="Situations" refid="_17_0_3_7b3022e_1331220227969_859694_3490"/><diagram classType="Diagram" humanType="Diagram" icon="ConceptLibrary_files/icon_Class Diagram_505751443.png" name="Rules in Context" refid="_18_3_62501eb_1466676240649_265747_6416"/><diagram classType="Diagram" humanType="Diagram" icon="ConceptLibrary_files/icon_Class Diagram_505751443.png" name="Properties" refid="_18_5_2_62501eb_1513115637985_541658_7377"/><diagram classType="Diagram" humanType="Diagram" icon="ConceptLibrary_files/icon_Class Diagram_505751443.png" name="Associations" refid="_18_4_62501eb_1475615471835_9755_16113"/><diagram classType="Diagram" humanType="Diagram" icon="ConceptLibrary_files/icon_Class Diagram_505751443.png" name="Property Foundation" refid="_18_5_3_62501eb_1525891093225_758167_7143"/><diagram classType="Diagram" humanType="Diagram" icon="ConceptLibrary_files/icon_Generic Table_1568169108.png" name="SMIF Associations" refid="_18_2_62501eb_1462313084237_705601_5981"/><diagram classType="Diagram" humanType="Diagram" icon="ConceptLibrary_files/icon_Class Diagram_505751443.png" name="Sighting Matches Indicator" refid="_18_4_62501eb_1477349913918_733476_25857"/><diagram classType="Diagram" humanType="Diagram" icon="ConceptLibrary_files/icon_Class Diagram_505751443.png" name="Thing Detail" refid="_18_4_62501eb_1474827775223_682407_38836"/><diagram classType="Diagram" humanType="Diagram" icon="ConceptLibrary_files/icon_Class Diagram_505751443.png" name="Top Level" refid="_18_0_2_3ba019e_1422734538801_90289_5920"/><diagram classType="Diagram" humanType="Diagram" icon="ConceptLibrary_files/icon_Class Diagram_505751443.png" name="Type-instance" refid="_18_2_62501eb_1456523190585_426788_4625"/><diagram classType="Diagram" humanType="Diagram" icon="ConceptLibrary_files/icon_Class Diagram_505751443.png" name="Characteristics" refid="_18_4_62501eb_1478273408721_871209_8927"/><diagram classType="Diagram" humanType="Diagram" icon="ConceptLibrary_files/icon_Class Diagram_505751443.png" name="Facets" refid="_18_4_62501eb_1476295530336_940590_6866"/></appearsIn></association></magicdraw>