<?xml version="1.0" encoding="UTF-8"?><magicdraw><comment classType="Comment" humanType="Comment" icon="ConceptLibrary_files/icon_comment_1609735765.png" id="_17_0_1_2_7b3022e_1333633142668_387755_2009"><annotatedElement humanName="Annotated Element" mode="s,e"><class classType="Class" humanType="Class" icon="ConceptLibrary_files/icon_class_412694050.png" name="Expression Node" refid="_17_0_1_2_7b3022e_1333478131876_43931_3354"/></annotatedElement><body humanName="Body" mode="s,e">An abstract class representing the computation of a value which is then bound to the context from which it is called. Each expression node has a type of the most general type it can return.

An expression node may reference other elements. Where the other elements are also expression nodes they will be considered part of the referencing expression and evaluated in the context of that expression.

The set of related expression nodes forms a "tree" for evaluation.

All references to an expression node other than as a "Constant Reference" shall return the result of evaluating the expression node. 
An evaluation may be used in place of anything that requires the &lt;resulting type&gt; of the evaluation.

[FIBO] Expression
[UML] Expression</body><documentation humanName="Documentation"/><owner classType="Class" humanName="Owner" humanType="Class" icon="ConceptLibrary_files/icon_class_412694050.png" mode="s,e" name="Expression Node" refid="_17_0_1_2_7b3022e_1333478131876_43931_3354"/><owningElement classType="Class" humanName="Owning Element" humanType="Class" icon="ConceptLibrary_files/icon_class_412694050.png" name="Expression Node" refid="_17_0_1_2_7b3022e_1333478131876_43931_3354"/><TO_DO humanName="To Do" mode="s,e"/></comment></magicdraw>