<?xml version="1.0" encoding="UTF-8"?><magicdraw><class classType="Class" humanType="Class" icon="ConceptLibrary_files/icon_class_1769227988.png" id="_17_0_3_7b3022e_1331563466337_499795_1703"><allGeneralClassifiers humanName="All General Classifiers"><class classType="Class" humanType="Class" icon="ConceptLibrary_files/icon_class_412694050.png" name="Abstract Property Owner" refid="_18_4_1_62501eb_1502464289200_586839_10312"/><class classType="Class" humanType="Class" icon="ConceptLibrary_files/icon_class_1769227988.png" name="Lexical Scope" refid="_18_4_1_62501eb_1502394944731_837726_9021"/><class classType="Class" humanType="Class" icon="ConceptLibrary_files/icon_class_1769227988.png" name="Metadata" refid="_18_4_62501eb_1474741123796_178028_21907"/><class classType="Class" humanType="Class" icon="ConceptLibrary_files/icon_class_1769227988.png" name="Structured Value" refid="_18_4_62501eb_1474479108342_464835_9670"/><class classType="Class" humanType="Class" icon="ConceptLibrary_files/icon_class_412694050.png" name="Thing" refid="_17_0_3_7b3022e_1331313031781_359355_5487"/><class classType="Class" humanType="Class" icon="ConceptLibrary_files/icon_class_1769227988.png" name="Value" refid="_18_0_2_3ba019e_1422748137770_297876_7675"/></allGeneralClassifiers><APPLIED_STEREOTYPES humanName="Applied Stereotype" mode="s,e"><stereotype classType="Stereotype" humanType="Stereotype" icon="ConceptLibrary_files/icon_stereotype_643587433.png" name="HyperlinkOwner" refid="_9_0_be00301_1108044563999_784946_1"/><stereotype classType="Stereotype" humanType="Stereotype" icon="ConceptLibrary_files/icon_stereotype_643587433.png" name="Value" refid="_18_1_3ba019e_1430917928596_64302_5962"/></APPLIED_STEREOTYPES><appliedStereotype humanName="Applied Stereotype" mode="s,e"><stereotype classType="Stereotype" humanType="Stereotype" icon="ConceptLibrary_files/icon_stereotype_643587433.png" name="HyperlinkOwner" refid="_9_0_be00301_1108044563999_784946_1"><property classType="Property" humanType="Property" icon="ConceptLibrary_files/icon_property_736527975.png" name="base_Element" refid="_10_0EAPbeta_be00301_1123081772148_910751_285"/><property classType="Property" humanType="Property" icon="ConceptLibrary_files/icon_property_736527975.png" name="base_Element" refid="_10_0EAPbeta_be00301_1123081772098_411862_275"/><property classType="Property" humanName="Element/Symbol" humanType="Property" icon="ConceptLibrary_files/icon_property_736527975.png" name="hyperlinkModel" refid="_622020d_1063089736320_890266_3"><diagram classType="Diagram" humanType="Diagram" icon="ConceptLibrary_files/icon_Class Diagram_505751443.png" name="Metadata" refid="_18_4_62501eb_1474740547234_234154_13879"/></property><property classType="Property" humanName="Active Hyperlink" humanType="Property" icon="ConceptLibrary_files/icon_property_736527975.png" name="hyperlinkModelActive" refid="_622020d_1063089736320_73815_4"><diagram classType="Diagram" humanType="Diagram" icon="ConceptLibrary_files/icon_Class Diagram_505751443.png" name="Metadata" refid="_18_4_62501eb_1474740547234_234154_13879"/></property><property classType="Property" humanName="File/WEB_PAGE" humanType="Property" icon="ConceptLibrary_files/icon_property_736527975.png" name="hyperlinkText" refid="_622020d_1063089736310_884303_1"/><property classType="Property" humanName="Active Hyperlink" humanType="Property" icon="ConceptLibrary_files/icon_property_736527975.png" name="hyperlinkTextActive" refid="_622020d_1063089736310_68488_2"/></stereotype><stereotype classType="Stereotype" humanType="Stereotype" icon="ConceptLibrary_files/icon_stereotype_643587433.png" name="Value" refid="_18_1_3ba019e_1430917928596_64302_5962"><property classType="Property" humanName="Base_ Classifier" humanType="Property" icon="ConceptLibrary_files/icon_property_736527975.png" name="base_Classifier" refid="_18_1_3ba019e_1430917952517_487535_5989"/></stereotype></appliedStereotype><appliedStereotypeInstance classType="InstanceSpecification" humanName="Applied Stereotype Instance" humanType="Instance Specification" icon="ConceptLibrary_files/icon_instancespecification_1746117425.png" name=" : UML Standard Profile::MagicDraw Profile::HyperlinkOwner, SIMFProfile::SMIF Concept Modeling Profile::Value" refid="_18_4_62501eb_1476372634726_948354_9943"/><attribute humanName="Attribute"><property classType="Property" humanType="Property" icon="ConceptLibrary_files/icon_property_736527975.png" name="external reference" refid="_18_2_62501eb_1458504802583_29313_4700"/><property classType="Property" humanType="Property" icon="ConceptLibrary_files/icon_property_736527975.png" name="external term" refid="_18_2_62501eb_1458504925087_438141_4704"/><property classType="Property" humanType="Property" icon="ConceptLibrary_files/icon_property_736527975.png" name="summary description" refid="_18_4_62501eb_1474820567308_680370_36713"/><property classType="Property" humanType="Property" icon="ConceptLibrary_files/icon_property_736527975.png" name="text definition" refid="_17_0_3_7b3022e_1331563522771_940785_1726"/></attribute><documentation humanName="Documentation">An informal or natural language definition of a something and potentially a reference to external definitions.
A Definition may be in the context of a natural language to scope the language it is expressed in.

[ISO 1087] definition: representation of a concept (3.2.1) by a descriptive statement which serves to differentiate it from related concepts

[FUML] Comment (where body corresponds with "text definition").</documentation><documentation humanName="Documentation" mode="standard">An informal or natural language definition of a something and potentially a reference to external definitions.
A Definition may be in the context of a natural language to scope the language it is expressed in.

[ISO 1087] definition: representation of a concept (3.2.1) by a descriptive statement which serves to differentiate it from related concepts

[FUML] Comment (where body corresponds with "text definition").</documentation><effectiveIRI humanName="Effective IRI">https://www.omg.org/spec/SMIF/Metadata#Definition</effectiveIRI><feature humanName="Feature"><property classType="Property" humanType="Property" icon="ConceptLibrary_files/icon_property_736527975.png" name="external reference" refid="_18_2_62501eb_1458504802583_29313_4700"/><property classType="Property" humanType="Property" icon="ConceptLibrary_files/icon_property_736527975.png" name="external term" refid="_18_2_62501eb_1458504925087_438141_4704"/><property classType="Property" humanType="Property" icon="ConceptLibrary_files/icon_property_736527975.png" name="summary description" refid="_18_4_62501eb_1474820567308_680370_36713"/><property classType="Property" humanType="Property" icon="ConceptLibrary_files/icon_property_736527975.png" name="text definition" refid="_17_0_3_7b3022e_1331563522771_940785_1726"/></feature><generalization humanName="Generalization"><generalization classType="Generalization" humanType="Generalization" icon="ConceptLibrary_files/icon_generalization_212232499.png" isRelationship="true" refid="_18_0_2_3ba019e_1422803215894_594326_5333"/></generalization><inheritedMember humanName="Inherited Member"><diagram classType="Diagram" humanType="Diagram" icon="ConceptLibrary_files/icon_Class Diagram_505751443.png" name="Thing Detail" refid="_18_4_62501eb_1474827775223_682407_38836"/></inheritedMember><isAbstract humanName="Is Abstract" mode="s,e">false</isAbstract><isActive humanName="Is Active" mode="s,e">false</isActive><isFinalSpecialization humanName="Is Final Specialization" mode="e">false</isFinalSpecialization><isLeaf humanName="Is Leaf" mode="e">false</isLeaf><member humanName="Member"><property classType="Property" humanType="Property" icon="ConceptLibrary_files/icon_property_736527975.png" name="external reference" refid="_18_2_62501eb_1458504802583_29313_4700"/><property classType="Property" humanType="Property" icon="ConceptLibrary_files/icon_property_736527975.png" name="external term" refid="_18_2_62501eb_1458504925087_438141_4704"/><property classType="Property" humanType="Property" icon="ConceptLibrary_files/icon_property_736527975.png" name="summary description" refid="_18_4_62501eb_1474820567308_680370_36713"/><property classType="Property" humanType="Property" icon="ConceptLibrary_files/icon_property_736527975.png" name="text definition" refid="_17_0_3_7b3022e_1331563522771_940785_1726"/><diagram classType="Diagram" humanType="Diagram" icon="ConceptLibrary_files/icon_Class Diagram_505751443.png" name="Thing Detail" refid="_18_4_62501eb_1474827775223_682407_38836"/></member><name humanName="Name" mode="s,e">Definition</name><namespace classType="Package" humanName="Namespace" humanType="Package" icon="ConceptLibrary_files/icon_package_467146800.png" name="Metadata" refid="_18_4_62501eb_1474740530010_507070_13878"/><ownedAttribute humanName="Owned Attribute"><property classType="Property" humanType="Property" icon="ConceptLibrary_files/icon_property_736527975.png" name="external reference" refid="_18_2_62501eb_1458504802583_29313_4700"/><property classType="Property" humanType="Property" icon="ConceptLibrary_files/icon_property_736527975.png" name="external term" refid="_18_2_62501eb_1458504925087_438141_4704"/><property classType="Property" humanType="Property" icon="ConceptLibrary_files/icon_property_736527975.png" name="summary description" refid="_18_4_62501eb_1474820567308_680370_36713"/><property classType="Property" humanType="Property" icon="ConceptLibrary_files/icon_property_736527975.png" name="text definition" refid="_17_0_3_7b3022e_1331563522771_940785_1726"/></ownedAttribute><ownedComment humanName="Owned Comment"><comment classType="Comment" humanType="Comment" icon="ConceptLibrary_files/icon_comment_1609735765.png" refid="_17_0_1_2_7b3022e_1332981120293_308339_2142"/></ownedComment><ownedElement humanName="Owned Element"><generalization classType="Generalization" humanType="Generalization" icon="ConceptLibrary_files/icon_generalization_212232499.png" isRelationship="true" refid="_18_0_2_3ba019e_1422803215894_594326_5333"/><comment classType="Comment" humanType="Comment" icon="ConceptLibrary_files/icon_comment_1609735765.png" refid="_17_0_1_2_7b3022e_1332981120293_308339_2142"/><instancespecification classType="InstanceSpecification" humanType="Instance Specification" icon="ConceptLibrary_files/icon_instancespecification_1746117425.png" name=" : UML Standard Profile::MagicDraw Profile::HyperlinkOwner, SIMFProfile::SMIF Concept Modeling Profile::Value" refid="_18_4_62501eb_1476372634726_948354_9943"/><property classType="Property" humanType="Property" icon="ConceptLibrary_files/icon_property_736527975.png" name="external reference" refid="_18_2_62501eb_1458504802583_29313_4700"/><property classType="Property" humanType="Property" icon="ConceptLibrary_files/icon_property_736527975.png" name="external term" refid="_18_2_62501eb_1458504925087_438141_4704"/><property classType="Property" humanType="Property" icon="ConceptLibrary_files/icon_property_736527975.png" name="summary description" refid="_18_4_62501eb_1474820567308_680370_36713"/><property classType="Property" humanType="Property" icon="ConceptLibrary_files/icon_property_736527975.png" name="text definition" refid="_17_0_3_7b3022e_1331563522771_940785_1726"/></ownedElement><ownedMember humanName="Owned Member"><property classType="Property" humanType="Property" icon="ConceptLibrary_files/icon_property_736527975.png" name="external reference" refid="_18_2_62501eb_1458504802583_29313_4700"/><property classType="Property" humanType="Property" icon="ConceptLibrary_files/icon_property_736527975.png" name="external term" refid="_18_2_62501eb_1458504925087_438141_4704"/><property classType="Property" humanType="Property" icon="ConceptLibrary_files/icon_property_736527975.png" name="summary description" refid="_18_4_62501eb_1474820567308_680370_36713"/><property classType="Property" humanType="Property" icon="ConceptLibrary_files/icon_property_736527975.png" name="text definition" refid="_17_0_3_7b3022e_1331563522771_940785_1726"/></ownedMember><owner classType="Package" humanName="Owner" humanType="Package" icon="ConceptLibrary_files/icon_package_467146800.png" mode="s,e" name="Metadata" refid="_18_4_62501eb_1474740530010_507070_13878"/><owningPackage classType="Package" humanName="Owning Package" humanType="Package" icon="ConceptLibrary_files/icon_package_467146800.png" name="Metadata" refid="_18_4_62501eb_1474740530010_507070_13878"/><package classType="Package" humanName="Package" humanType="Package" icon="ConceptLibrary_files/icon_package_467146800.png" name="Metadata" refid="_18_4_62501eb_1474740530010_507070_13878"/><qualifiedName humanName="Qualified Name" mode="e">SMIF Conceptual Model::Metadata::Definition</qualifiedName><role humanName="Role"><property classType="Property" humanType="Property" icon="ConceptLibrary_files/icon_property_736527975.png" name="external reference" refid="_18_2_62501eb_1458504802583_29313_4700"/><property classType="Property" humanType="Property" icon="ConceptLibrary_files/icon_property_736527975.png" name="external term" refid="_18_2_62501eb_1458504925087_438141_4704"/><property classType="Property" humanType="Property" icon="ConceptLibrary_files/icon_property_736527975.png" name="summary description" refid="_18_4_62501eb_1474820567308_680370_36713"/><property classType="Property" humanType="Property" icon="ConceptLibrary_files/icon_property_736527975.png" name="text definition" refid="_17_0_3_7b3022e_1331563522771_940785_1726"/></role><superClass humanName="Super Class"><class classType="Class" humanType="Class" icon="ConceptLibrary_files/icon_class_1769227988.png" name="Metadata" refid="_18_4_62501eb_1474741123796_178028_21907"/></superClass><TO_DO humanName="To Do" mode="s,e"/><visibility humanName="Visibility" mode="e">public</visibility><appearsIn><diagram classType="Diagram" humanType="Diagram" icon="ConceptLibrary_files/icon_Generic Table_1568169108.png" name="Concept Library Classes" refid="_18_4_1_62501eb_1495298309386_966735_15952"/><diagram classType="Diagram" humanType="Diagram" icon="ConceptLibrary_files/icon_Class Diagram_505751443.png" name="Metadata" refid="_18_4_62501eb_1474740547234_234154_13879"/><diagram classType="Diagram" humanType="Diagram" icon="ConceptLibrary_files/icon_Generic Table_1568169108.png" name="SMIF Classes" refid="_18_0_2_3ba019e_1422752494092_767389_8106"/><diagram classType="Diagram" humanType="Diagram" icon="ConceptLibrary_files/icon_Class Diagram_505751443.png" name="Metadata" refid="_18_4_62501eb_1477062534541_489774_37832"/></appearsIn></class></magicdraw>