<?xml version="1.0" encoding="UTF-8"?><magicdraw><generalization classType="Generalization" humanType="Generalization" icon="ConceptLibrary_files/icon_generalization_212232499.png" id="_17_0_4_1_7b3022e_1389138802567_269252_7893"><documentation humanName="Documentation"/><general classType="Class" humanName="General" humanType="Class" icon="ConceptLibrary_files/icon_class_1769227988.png" mode="s,e" name="Lexical Context" refid="_17_0_4_1_7b3022e_1387036440058_58622_4050"/><isSubstitutable humanName="Is Substitutable">true</isSubstitutable><owner classType="Class" humanName="Owner" humanType="Class" icon="ConceptLibrary_files/icon_class_412694050.png" mode="s,e" name="Type" refid="_17_0_3_7b3022e_1331156699146_272050_1846"/><relatedElement humanName="Related Element"><class classType="Class" humanType="Class" icon="ConceptLibrary_files/icon_class_1769227988.png" name="Lexical Context" refid="_17_0_4_1_7b3022e_1387036440058_58622_4050"/><class classType="Class" humanType="Class" icon="ConceptLibrary_files/icon_class_412694050.png" name="Type" refid="_17_0_3_7b3022e_1331156699146_272050_1846"/></relatedElement><source humanName="Source"><class classType="Class" humanType="Class" icon="ConceptLibrary_files/icon_class_412694050.png" name="Type" refid="_17_0_3_7b3022e_1331156699146_272050_1846"/></source><specific classType="Class" humanName="Specific" humanType="Class" icon="ConceptLibrary_files/icon_class_412694050.png" mode="s,e" name="Type" refid="_17_0_3_7b3022e_1331156699146_272050_1846"/><target humanName="Target"><class classType="Class" humanType="Class" icon="ConceptLibrary_files/icon_class_1769227988.png" name="Lexical Context" refid="_17_0_4_1_7b3022e_1387036440058_58622_4050"/></target><TO_DO humanName="To Do" mode="s,e"/><appearsIn><diagram classType="Diagram" humanType="Diagram" icon="ConceptLibrary_files/icon_Class Diagram_505751443.png" name="Lexical Scope" refid="_17_0_4_1_7b3022e_1387036296496_910243_3904"/></appearsIn></generalization></magicdraw>