<?xml version="1.0" encoding="UTF-8"?><magicdraw><association classType="Association" humanType="Association" icon="ConceptLibrary_files/icon_association_1781128159.png" id="_18_0_2_3ba019e_1422740298689_29286_6971"><allGeneralClassifiers humanName="All General Classifiers"><association classType="Association" humanType="Association" icon="ConceptLibrary_files/icon_association_1781128159.png" isRelationship="true" name="Identification" refid="_17_0_3_7b3022e_1331239200935_597164_5029"/></allGeneralClassifiers><documentation humanName="Documentation">Relationship defining the preferred identifier for an entity.

[ISO 1087] preferred term: term (3.4.3) rated according to the scale of the term acceptability rating (3.4.14) as the primary term for a given concept (3.2.1)</documentation><documentation humanName="Documentation" mode="standard">Relationship defining the preferred identifier for an entity.

[ISO 1087] preferred term: term (3.4.3) rated according to the scale of the term acceptability rating (3.4.14) as the primary term for a given concept (3.2.1)</documentation><endType humanName="End Type"><class classType="Class" humanType="Class" icon="ConceptLibrary_files/icon_class_1769227988.png" name="Identifier" refid="_18_3_62501eb_1473957033207_359286_6678"/><class classType="Class" humanType="Class" icon="ConceptLibrary_files/icon_class_412694050.png" name="Thing" refid="_17_0_3_7b3022e_1331313031781_359355_5487"/></endType><feature humanName="Feature"><property classType="Property" humanType="Property" icon="ConceptLibrary_files/icon_property_736527975.png" name="has preferred" refid="_18_0_2_3ba019e_1422740298689_715472_6972"/><property classType="Property" humanType="Property" icon="ConceptLibrary_files/icon_property_736527975.png" name="preferred for" refid="_18_0_2_3ba019e_1422740298690_891570_6973"/></feature><general humanName="General"><association classType="Association" humanType="Association" icon="ConceptLibrary_files/icon_association_1781128159.png" isRelationship="true" name="Identification" refid="_17_0_3_7b3022e_1331239200935_597164_5029"/></general><generalization humanName="Generalization"><generalization classType="Generalization" humanType="Generalization" icon="ConceptLibrary_files/icon_generalization_212232499.png" isRelationship="true" refid="_18_4_62501eb_1475685863199_227676_16847"/></generalization><inheritedMember humanName="Inherited Member"><property classType="Property" humanType="Property" icon="ConceptLibrary_files/icon_property_736527975.png" name="identified by" refid="_17_0_3_7b3022e_1331239200936_949827_5031"/><property classType="Property" humanType="Property" icon="ConceptLibrary_files/icon_property_736527975.png" name="identifies" refid="_17_0_3_7b3022e_1331239200935_653654_5030"/></inheritedMember><isAbstract humanName="Is Abstract">false</isAbstract><isDerived humanName="Is Derived">false</isDerived><isFinalSpecialization humanName="Is Final Specialization">false</isFinalSpecialization><isLeaf humanName="Is Leaf">false</isLeaf><member humanName="Member"><property classType="Property" humanType="Property" icon="ConceptLibrary_files/icon_property_736527975.png" name="has preferred" refid="_18_0_2_3ba019e_1422740298689_715472_6972"/><property classType="Property" humanType="Property" icon="ConceptLibrary_files/icon_property_736527975.png" name="identified by" refid="_17_0_3_7b3022e_1331239200936_949827_5031"/><property classType="Property" humanType="Property" icon="ConceptLibrary_files/icon_property_736527975.png" name="identifies" refid="_17_0_3_7b3022e_1331239200935_653654_5030"/><property classType="Property" humanType="Property" icon="ConceptLibrary_files/icon_property_736527975.png" name="preferred for" refid="_18_0_2_3ba019e_1422740298690_891570_6973"/></member><memberEnd humanName="Member End"><property classType="Property" humanType="Property" icon="ConceptLibrary_files/icon_property_736527975.png" name="has preferred" refid="_18_0_2_3ba019e_1422740298689_715472_6972"/><property classType="Property" humanType="Property" icon="ConceptLibrary_files/icon_property_736527975.png" name="preferred for" refid="_18_0_2_3ba019e_1422740298690_891570_6973"/></memberEnd><name humanName="Name" mode="s,e">Prefered Identification</name><namespace classType="Package" humanName="Namespace" humanType="Package" icon="ConceptLibrary_files/icon_package_467146800.png" name="Identifiers" refid="_17_0_3_7b3022e_1331334231414_200086_6495"/><navigableOwnedEnd humanName="Navigable Owned End" mode="e"><property classType="Property" humanType="Property" icon="ConceptLibrary_files/icon_property_736527975.png" name="has preferred" refid="_18_0_2_3ba019e_1422740298689_715472_6972"/><property classType="Property" humanType="Property" icon="ConceptLibrary_files/icon_property_736527975.png" name="preferred for" refid="_18_0_2_3ba019e_1422740298690_891570_6973"/></navigableOwnedEnd><ownedComment humanName="Owned Comment"><comment classType="Comment" humanType="Comment" icon="ConceptLibrary_files/icon_comment_1609735765.png" refid="_18_4_62501eb_1475679028443_281018_15001"/></ownedComment><ownedElement humanName="Owned Element"><generalization classType="Generalization" humanType="Generalization" icon="ConceptLibrary_files/icon_generalization_212232499.png" isRelationship="true" refid="_18_4_62501eb_1475685863199_227676_16847"/><comment classType="Comment" humanType="Comment" icon="ConceptLibrary_files/icon_comment_1609735765.png" refid="_18_4_62501eb_1475679028443_281018_15001"/><property classType="Property" humanType="Property" icon="ConceptLibrary_files/icon_property_736527975.png" name="has preferred" refid="_18_0_2_3ba019e_1422740298689_715472_6972"/><property classType="Property" humanType="Property" icon="ConceptLibrary_files/icon_property_736527975.png" name="preferred for" refid="_18_0_2_3ba019e_1422740298690_891570_6973"/></ownedElement><ownedEnd humanName="Owned End"><property classType="Property" humanType="Property" icon="ConceptLibrary_files/icon_property_736527975.png" name="has preferred" refid="_18_0_2_3ba019e_1422740298689_715472_6972"/><property classType="Property" humanType="Property" icon="ConceptLibrary_files/icon_property_736527975.png" name="preferred for" refid="_18_0_2_3ba019e_1422740298690_891570_6973"/></ownedEnd><ownedMember humanName="Owned Member"><property classType="Property" humanType="Property" icon="ConceptLibrary_files/icon_property_736527975.png" name="has preferred" refid="_18_0_2_3ba019e_1422740298689_715472_6972"/><property classType="Property" humanType="Property" icon="ConceptLibrary_files/icon_property_736527975.png" name="preferred for" refid="_18_0_2_3ba019e_1422740298690_891570_6973"/></ownedMember><owner classType="Package" humanName="Owner" humanType="Package" icon="ConceptLibrary_files/icon_package_467146800.png" mode="s,e" name="Identifiers" refid="_17_0_3_7b3022e_1331334231414_200086_6495"/><owningPackage classType="Package" humanName="Owning Package" humanType="Package" icon="ConceptLibrary_files/icon_package_467146800.png" name="Identifiers" refid="_17_0_3_7b3022e_1331334231414_200086_6495"/><package classType="Package" humanName="Package" humanType="Package" icon="ConceptLibrary_files/icon_package_467146800.png" name="Identifiers" refid="_17_0_3_7b3022e_1331334231414_200086_6495"/><qualifiedName humanName="Qualified Name" mode="e">SMIF Conceptual Model::Identifiers::Prefered Identification</qualifiedName><relatedElement humanName="Related Element"><class classType="Class" humanType="Class" icon="ConceptLibrary_files/icon_class_1769227988.png" name="Identifier" refid="_18_3_62501eb_1473957033207_359286_6678"/><class classType="Class" humanType="Class" icon="ConceptLibrary_files/icon_class_412694050.png" name="Thing" refid="_17_0_3_7b3022e_1331313031781_359355_5487"/></relatedElement><TO_DO humanName="To Do"/><visibility humanName="Visibility" mode="s,e">public</visibility><appearsIn><diagram classType="Diagram" humanType="Diagram" icon="ConceptLibrary_files/icon_Generic Table_1568169108.png" name="SMIF Associations" refid="_18_2_62501eb_1462313084237_705601_5981"/><diagram classType="Diagram" humanType="Diagram" icon="ConceptLibrary_files/icon_Class Diagram_505751443.png" name="Identifiers" refid="_17_0_3_7b3022e_1331325699950_500370_6427"/></appearsIn></association></magicdraw>