<?xml version="1.0" encoding="UTF-8"?><magicdraw><comment classType="Comment" humanType="Comment" icon="ConceptLibrary_files/icon_comment_1609735765.png" id="_18_0_2_3ba019e_1422126853146_498724_7555"><annotatedElement humanName="Annotated Element" mode="s,e"><class classType="Class" humanType="Class" icon="ConceptLibrary_files/icon_class_1769227988.png" name="Information Object" refid="_17_0_5_1_7b3022e_1398293735973_309772_6480"/></annotatedElement><body humanName="Body" mode="s,e">A representation of information, data, facts, assertions or statements about something.
As information may be copied while retaining its identity, the same information copied onto new physical media may be considered the same object. Where the individual representation of information is of concern another object should be used to represent the individual physical thing than holds the information.
As information is a resource it may depend on other resources.
[FIBO] Document
[NIEM] DocumentType</body><documentation humanName="Documentation"/><owner classType="Class" humanName="Owner" humanType="Class" icon="ConceptLibrary_files/icon_class_1769227988.png" mode="s,e" name="Information Object" refid="_17_0_5_1_7b3022e_1398293735973_309772_6480"/><owningElement classType="Class" humanName="Owning Element" humanType="Class" icon="ConceptLibrary_files/icon_class_1769227988.png" name="Information Object" refid="_17_0_5_1_7b3022e_1398293735973_309772_6480"/><TO_DO humanName="To Do" mode="s,e"/></comment></magicdraw>