<?xml version="1.0" encoding="UTF-8"?><magicdraw><diagram classType="Diagram" diagramType="Class Diagram" height="681" humanType="Diagram" icon="ConceptLibrary_files/icon_Class Diagram_505751443.png" id="_18_0_2_3ba019e_1422734538801_90289_5920" src="ConceptLibrary_files/_18_0_2_3ba019e_1422734538801_90289_5920.png" width="648"><APPLIED_STEREOTYPES humanName="Applied Stereotype" mode="s,e"><stereotype classType="Stereotype" humanType="Stereotype" icon="ConceptLibrary_files/icon_stereotype_643587433.png" name="DiagramInfo" refid="_9_0_be00301_1108044380615_150487_0"/></APPLIED_STEREOTYPES><appliedStereotype humanName="Applied Stereotype" mode="s,e"><stereotype classType="Stereotype" humanType="Stereotype" icon="ConceptLibrary_files/icon_stereotype_643587433.png" name="DiagramInfo" refid="_9_0_be00301_1108044380615_150487_0"><property classType="Property" humanName="Author" humanType="Property" icon="ConceptLibrary_files/icon_property_736527975.png" name="Author" refid="_be00301_1077726770128_871366_1"><String>Cory</String></property><property classType="Property" humanName="Base_ Diagram" humanType="Property" icon="ConceptLibrary_files/icon_property_736527975.png" name="base_Diagram" refid="_10_0EAPbeta_be00301_1123081772498_901864_356"/><property classType="Property" humanName="Base_ Element" humanType="Property" icon="ConceptLibrary_files/icon_property_736527975.png" name="base_Element" refid="_10_0EAPbeta_be00301_1123081772098_411862_275"/><property classType="Property" humanName="Creation Date" humanType="Property" icon="ConceptLibrary_files/icon_property_736527975.png" name="Creation date" refid="_be00301_1073306188629_537791_2"><String>1/31/15 3:02 PM</String></property><property classType="Property" humanName="Last modified by" humanType="Property" icon="ConceptLibrary_files/icon_property_736527975.png" name="Last modified by" refid="_16_8beta_8ca0285_1257244649124_794756_344"><String>cory-</String></property><property classType="Property" humanName="Modification Date" humanType="Property" icon="ConceptLibrary_files/icon_property_736527975.png" name="Modification date" refid="_be00301_1073394345322_922552_1"><String>5/23/18 12:30 PM</String></property></stereotype></appliedStereotype><appliedStereotypeInstance classType="InstanceSpecification" humanName="Applied Stereotype Instance" humanType="Instance Specification" icon="ConceptLibrary_files/icon_instancespecification_1746117425.png" name=" : UML Standard Profile::MagicDraw Profile::DiagramInfo" refid="_18_0_2_3ba019e_1422734538805_971240_5931"/><documentation humanName="Documentation">Diagram showing summary of top level classes and significant subtypes.</documentation><documentation humanName="Documentation" mode="standard">Diagram showing summary of top level classes and significant subtypes.</documentation><map><area isNotContentShape="false" name="Property has type" refid="_17_0_3_7b3022e_1331182663024_883830_3111" shape="rect" type="0"><point x="469" y="583"/><point x="480" y="583"/><point x="480" y="594"/><point x="469" y="594"/></area><area isNotContentShape="false" name="Property categorizes" refid="_17_0_3_7b3022e_1331182663023_529271_3110" shape="rect" type="0"><point x="322" y="27"/><point x="333" y="27"/><point x="333" y="38"/><point x="322" y="38"/></area><area isNotContentShape="false" name="Property asserts" refid="_18_1_3ba019e_1430749398732_327565_5553" shape="rect" type="0"><point x="261" y="241"/><point x="272" y="241"/><point x="272" y="252"/><point x="261" y="252"/></area><area isNotContentShape="false" name="Property holds within" refid="_18_1_3ba019e_1430749398733_626292_5554" shape="rect" type="0"><point x="354" y="342"/><point x="365" y="342"/><point x="365" y="353"/><point x="354" y="353"/></area><area isNotContentShape="false" name="Property negates" refid="_18_4_62501eb_1478031089963_640948_14939" shape="rect" type="0"><point x="326" y="241"/><point x="337" y="241"/><point x="337" y="252"/><point x="326" y="252"/></area><area isNotContentShape="false" name="Property negated within" refid="_18_4_62501eb_1478031089963_358407_14940" shape="rect" type="0"><point x="354" y="317"/><point x="365" y="317"/><point x="365" y="328"/><point x="354" y="328"/></area><area isNotContentShape="false" name="Property" refid="_18_3_62501eb_1473878056340_310203_6486" shape="rect" type="0"><point x="126" y="135"/><point x="137" y="135"/><point x="137" y="146"/><point x="126" y="146"/></area><area isNotContentShape="false" name="Property" refid="_18_3_62501eb_1473878056340_666080_6487" shape="rect" type="0"><point x="368" y="636"/><point x="379" y="636"/><point x="379" y="647"/><point x="368" y="647"/></area><area isNotContentShape="false" name="Property" refid="_18_5_3_62501eb_1526597068842_66090_12263" shape="rect" type="0"><point x="354" y="391"/><point x="365" y="391"/><point x="365" y="402"/><point x="354" y="402"/></area><area isNotContentShape="false" name="Property" refid="_18_5_3_62501eb_1526597068842_402069_12264" shape="rect" type="0"><point x="224" y="391"/><point x="235" y="391"/><point x="235" y="402"/><point x="224" y="402"/></area><area isNotContentShape="false" name="Property" refid="_18_5_3_62501eb_1526597127116_490936_12294" shape="rect" type="0"><point x="354" y="461"/><point x="365" y="461"/><point x="365" y="472"/><point x="354" y="472"/></area><area isNotContentShape="false" name="Property" refid="_18_5_3_62501eb_1526597127116_331183_12295" shape="rect" type="0"><point x="224" y="461"/><point x="235" y="461"/><point x="235" y="472"/><point x="224" y="472"/></area><area isNotContentShape="false" name="Property in context of" refid="_17_0_3_7b3022e_1331166276198_876163_2680" shape="rect" type="0"><point x="465" y="531"/><point x="476" y="531"/><point x="476" y="542"/><point x="465" y="542"/></area><area isNotContentShape="false" name="Property contextualizes" refid="_17_0_3_7b3022e_1331166276197_310644_2679" shape="rect" type="0"><point x="322" y="65"/><point x="333" y="65"/><point x="333" y="76"/><point x="322" y="76"/></area><area isNotContentShape="false" name="Property asserts" refid="_18_1_3ba019e_1430749398732_327565_5553" shape="rect" type="0"><point x="219" y="244"/><point x="264" y="244"/><point x="264" y="257"/><point x="219" y="257"/></area><area isNotContentShape="false" name="Property negates" refid="_18_4_62501eb_1478031089963_640948_14939" shape="rect" type="0"><point x="331" y="245"/><point x="378" y="245"/><point x="378" y="258"/><point x="331" y="258"/></area><area isNotContentShape="false" name="Property has type" refid="_17_0_3_7b3022e_1331182663024_883830_3111" shape="rect" type="0"><point x="472" y="573"/><point x="522" y="573"/><point x="522" y="586"/><point x="472" y="586"/></area><area isNotContentShape="false" name="Property in context of" refid="_17_0_3_7b3022e_1331166276198_876163_2680" shape="rect" type="0"><point x="469" y="539"/><point x="531" y="539"/><point x="531" y="552"/><point x="469" y="552"/></area><area isNotContentShape="false" name="Property categorizes" refid="_17_0_3_7b3022e_1331182663023_529271_3110" shape="rect" type="0"><point x="325" y="17"/><point x="390" y="17"/><point x="390" y="30"/><point x="325" y="30"/></area><area isNotContentShape="false" name="Property holds within" refid="_18_1_3ba019e_1430749398733_626292_5554" shape="rect" type="0"><point x="296" y="332"/><point x="362" y="332"/><point x="362" y="345"/><point x="296" y="345"/></area><area isNotContentShape="false" name="Property contextualizes" refid="_17_0_3_7b3022e_1331166276197_310644_2679" shape="rect" type="0"><point x="325" y="55"/><point x="397" y="55"/><point x="397" y="68"/><point x="325" y="68"/></area><area isNotContentShape="false" name="Property negated within" refid="_18_4_62501eb_1478031089963_358407_14940" shape="rect" type="0"><point x="329" y="290"/><point x="406" y="290"/><point x="406" y="315"/><point x="329" y="315"/></area><area isNotContentShape="false" name="Generalization" refid="_17_0_3_7b3022e_1331313107086_814681_5529" shape="poly" type="0"><point x="207" y="101"/><point x="207" y="125"/><point x="205" y="127"/><point x="205" y="103"/></area><area isNotContentShape="false" name="Generalization" refid="_18_2_3ba019e_1449495831767_763275_4720" shape="poly" type="0"><point x="333" y="101"/><point x="333" y="125"/><point x="331" y="127"/><point x="331" y="103"/></area><area isNotContentShape="false" name="Generalization" refid="_18_5_3_62501eb_1527086150913_849161_15818" shape="poly" type="0"><point x="421" y="548"/><point x="421" y="573"/><point x="419" y="575"/><point x="419" y="550"/></area><area isNotContentShape="false" name="Generalization" refid="_18_2_62501eb_1462461776205_622961_6282" shape="poly" type="0"><point x="316" y="185"/><point x="316" y="216"/><point x="314" y="218"/><point x="314" y="187"/></area><area isNotContentShape="false" name="Generalization" refid="_17_0_5_1_7b3022e_1398810226254_352807_6061" shape="poly" type="0"><point x="97" y="185"/><point x="97" y="216"/><point x="95" y="218"/><point x="95" y="187"/></area><area isNotContentShape="false" name="Generalization" refid="_18_3_62501eb_1473877958947_332821_6480" shape="poly" type="0"><point x="421" y="597"/><point x="421" y="629"/><point x="419" y="631"/><point x="419" y="599"/></area><area isNotContentShape="false" name="Generalization" refid="_18_5_3_62501eb_1527086142428_190736_15815" shape="poly" type="0"><point x="421" y="489"/><point x="421" y="524"/><point x="419" y="526"/><point x="419" y="491"/></area><area isNotContentShape="false" name="Generalization" refid="_18_4_1_62501eb_1494606878948_212458_8400" shape="poly" type="0"><point x="418" y="240"/><point x="418" y="314"/><point x="416" y="316"/><point x="416" y="242"/></area><area isNotContentShape="false" name="Association Negation" refid="_18_4_62501eb_1478031089963_839243_14938" shape="poly" type="0"><point x="332" y="240"/><point x="332" y="321"/><point x="365" y="321"/><point x="363" y="323"/><point x="330" y="323"/><point x="330" y="242"/></area><area isNotContentShape="false" name="Generalization" refid="_17_0_3_7b3022e_1331213883872_999009_3463" shape="poly" type="0"><point x="530" y="230"/><point x="624" y="235"/><point x="622" y="237"/><point x="528" y="232"/></area><area isNotContentShape="false" name="Association Assertion" refid="_18_1_3ba019e_1430749398732_339012_5552" shape="poly" type="0"><point x="267" y="240"/><point x="267" y="346"/><point x="365" y="346"/><point x="363" y="348"/><point x="265" y="348"/><point x="265" y="242"/></area><area isNotContentShape="false" name="Generalization" refid="_18_5_3_62501eb_1526597045869_433203_12257" shape="poly" type="0"><point x="183" y="240"/><point x="183" y="370"/><point x="181" y="372"/><point x="181" y="242"/></area><area isNotContentShape="false" name="Association" refid="_18_5_3_62501eb_1526597068842_485784_12262" shape="poly" type="0"><point x="365" y="395"/><point x="225" y="395"/><point x="223" y="397"/><point x="363" y="397"/></area><area isNotContentShape="false" name="Association" refid="_18_5_3_62501eb_1526597127116_694260_12293" shape="poly" type="0"><point x="365" y="465"/><point x="225" y="465"/><point x="223" y="467"/><point x="363" y="467"/></area><area isNotContentShape="false" name="Association Extent of Context" refid="_17_0_3_7b3022e_1331166276197_185171_2678" shape="poly" type="0"><point x="323" y="69"/><point x="530" y="69"/><point x="530" y="535"/><point x="466" y="535"/><point x="464" y="537"/><point x="528" y="537"/><point x="528" y="71"/><point x="321" y="71"/></area><area isNotContentShape="false" name="Association" refid="_18_3_62501eb_1473878056340_12332_6485" shape="poly" type="0"><point x="137" y="139"/><point x="33" y="139"/><point x="33" y="640"/><point x="379" y="640"/><point x="377" y="642"/><point x="31" y="642"/><point x="31" y="141"/><point x="135" y="141"/></area><area isNotContentShape="false" name="Association Extent of Type" refid="_17_0_3_7b3022e_1331182663023_774150_3109" shape="poly" type="0"><point x="323" y="31"/><point x="624" y="31"/><point x="624" y="587"/><point x="470" y="587"/><point x="468" y="589"/><point x="622" y="589"/><point x="622" y="33"/><point x="321" y="33"/></area><area isNotContentShape="false" name="Class Actual Entity" refid="_18_4_62501eb_1474742369274_834660_32276" shape="rect" type="0"><point x="56" y="217"/><point x="137" y="217"/><point x="137" y="242"/><point x="56" y="242"/></area><area isNotContentShape="false" name="Class Entity Type" refid="_18_3_62501eb_1473877923428_756982_6439" shape="rect" type="0"><point x="378" y="630"/><point x="459" y="630"/><point x="459" y="655"/><point x="378" y="655"/></area><area isNotContentShape="false" name="Class Scoped Context" refid="_18_5_3_62501eb_1527086128974_510931_15787" shape="rect" type="0"><point x="371" y="525"/><point x="466" y="525"/><point x="466" y="550"/><point x="371" y="550"/></area><area isNotContentShape="false" name="Class Type" refid="_17_0_3_7b3022e_1331156699146_272050_1846" shape="rect" type="0"><point x="371" y="574"/><point x="470" y="574"/><point x="470" y="599"/><point x="371" y="599"/></area><area isNotContentShape="false" name="Class Value" refid="_18_0_2_3ba019e_1422748137770_297876_7675" shape="rect" type="0"><point x="283" y="126"/><point x="382" y="126"/><point x="382" y="151"/><point x="283" y="151"/></area><area isNotContentShape="false" name="Class Fact" refid="_18_5_3_62501eb_1526597031648_63279_12226" shape="rect" type="0"><point x="147" y="371"/><point x="225" y="371"/><point x="225" y="484"/><point x="147" y="484"/></area><area isNotContentShape="false" name="Class Thing" refid="_17_0_3_7b3022e_1331313031781_359355_5487" shape="rect" type="0"><point x="206" y="28"/><point x="323" y="28"/><point x="323" y="78"/><point x="206" y="78"/></area><area isNotContentShape="false" name="Class Entity" refid="_17_0_3_7b3022e_1331156499953_68666_1704" shape="rect" type="0"><point x="136" y="126"/><point x="257" y="126"/><point x="257" y="151"/><point x="136" y="151"/></area><area isNotContentShape="false" name="Class Context" refid="_17_0_3_7b3022e_1331164829050_871772_2449" shape="rect" type="0"><point x="364" y="315"/><point x="475" y="315"/><point x="475" y="491"/><point x="364" y="491"/></area><area isNotContentShape="false" name="Class Proposition" refid="_18_2_62501eb_1462460603792_169037_6216" shape="rect" type="0"><point x="154" y="217"/><point x="456" y="217"/><point x="456" y="242"/><point x="154" y="242"/></area></map><name humanName="Name" mode="s,e">Top Level</name><namespace classType="Package" humanName="Namespace" humanType="Package" icon="ConceptLibrary_files/icon_package_467146800.png" name="Top level" refid="_18_0_2_3ba019e_1422802856945_879963_5193"/><ownedComment humanName="Owned Comment"><comment classType="Comment" humanType="Comment" icon="ConceptLibrary_files/icon_comment_1609735765.png" refid="_18_4_62501eb_1475686938402_390679_17280"/></ownedComment><ownedElement humanName="Owned Element"><comment classType="Comment" humanType="Comment" icon="ConceptLibrary_files/icon_comment_1609735765.png" refid="_18_4_62501eb_1475686938402_390679_17280"/><instancespecification classType="InstanceSpecification" humanType="Instance Specification" icon="ConceptLibrary_files/icon_instancespecification_1746117425.png" name=" : UML Standard Profile::MagicDraw Profile::DiagramInfo" refid="_18_0_2_3ba019e_1422734538805_971240_5931"/></ownedElement><owner classType="Package" humanName="Owner" humanType="Package" icon="ConceptLibrary_files/icon_package_467146800.png" mode="s,e" name="Top level" refid="_18_0_2_3ba019e_1422802856945_879963_5193"/><ownerOfDiagram classType="Package" humanName="Owner Of Diagram" humanType="Package" icon="ConceptLibrary_files/icon_package_467146800.png" name="Top level" refid="_18_0_2_3ba019e_1422802856945_879963_5193"/><qualifiedName humanName="Qualified Name" mode="e">SMIF Conceptual Model::Top level::Top Level</qualifiedName><TO_DO humanName="To Do" mode="s,e"/><DIAGRAM_TYPE_DERIVED_PROPERTY humanName="Type">Class Diagram</DIAGRAM_TYPE_DERIVED_PROPERTY><visibility humanName="Visibility">public</visibility></diagram></magicdraw>