<?xml version="1.0" encoding="UTF-8"?><magicdraw><property classType="Property" humanType="Property" icon="ConceptLibrary_files/icon_property_736527975.png" id="_18_0_2_3ba019e_1423002956887_688857_6233"><aggregation humanName="Aggregation" mode="s,e">none</aggregation><association classType="Association" humanName="Association" humanType="Association" icon="ConceptLibrary_files/icon_association_1781128159.png" isRelationship="true" name="Association[Concept Library::Situations::Situation - Concept Library::Processes::Scenarios::Scenario]" refid="_18_0_2_3ba019e_1423002956887_468323_6232"/><documentation humanName="Documentation">A scenario that typifies an undesirable situation.</documentation><documentation humanName="Documentation" mode="standard">A scenario that typifies an undesirable situation.</documentation><effectiveIRI humanName="Effective IRI">https://www.omg.org/spec/SMIF/Types#hasType</effectiveIRI><featuringClassifier classType="Association" humanName="Featuring Classifier" humanType="Association" icon="ConceptLibrary_files/icon_association_1781128159.png" isRelationship="true" name="Association[Concept Library::Situations::Situation - Concept Library::Processes::Scenarios::Scenario]" refid="_18_0_2_3ba019e_1423002956887_468323_6232"/><isComposite humanName="Is Composite">false</isComposite><isDerived humanName="Is Derived" mode="s,e">false</isDerived><isDerivedUnion humanName="Is Derived Union" mode="e">false</isDerivedUnion><isID humanName="Is ID" mode="e">false</isID><isLeaf humanName="Is Leaf">false</isLeaf><isOrdered humanName="Is Ordered" mode="e">false</isOrdered><isReadOnly humanName="Is Read Only" mode="s,e">false</isReadOnly><isStatic humanName="Is Static" mode="s,e">false</isStatic><isUnique humanName="Is Unique" mode="e">true</isUnique><lower humanName="Lower">0</lower><lowerValue classType="LiteralUnlimitedNatural" humanName="Lower Value" humanType="Literal Unlimited Natural" icon="ConceptLibrary_files/icon_literalunlimitednatural_1122090209.png" name="0" refid="_18_4_62501eb_1477186795417_865542_19463" text="0"/><multiplicity humanName="Multiplicity" mode="s,e">*</multiplicity><multiplicity humanName="Multiplicity" mode="s,e">*</multiplicity><name humanName="Name" mode="s,e"/><namespace classType="Association" humanName="Namespace" humanType="Association" icon="ConceptLibrary_files/icon_association_1781128159.png" isRelationship="true" name="Association[Concept Library::Situations::Situation - Concept Library::Processes::Scenarios::Scenario]" refid="_18_0_2_3ba019e_1423002956887_468323_6232"/><navigable humanName="Navigable" mode="e">true</navigable><opposite classType="Property" humanName="Opposite" humanType="Property" icon="ConceptLibrary_files/icon_property_736527975.png" name=" : Concept Library::Situations::Situation [*]" refid="_18_0_2_3ba019e_1423002956887_227133_6234"/><ownedBy classType="Association" humanName="Owned By" humanType="Association" icon="ConceptLibrary_files/icon_association_1781128159.png" isRelationship="true" mode="s,e" name="Association[Concept Library::Situations::Situation - Concept Library::Processes::Scenarios::Scenario]" refid="_18_0_2_3ba019e_1423002956887_468323_6232"/><ownedComment humanName="Owned Comment"><comment classType="Comment" humanType="Comment" icon="ConceptLibrary_files/icon_comment_1609735765.png" refid="_18_0_2_3ba019e_1423854880789_998938_8368"/></ownedComment><ownedElement humanName="Owned Element"><comment classType="Comment" humanType="Comment" icon="ConceptLibrary_files/icon_comment_1609735765.png" refid="_18_0_2_3ba019e_1423854880789_998938_8368"/><literalunlimitednatural classType="LiteralUnlimitedNatural" humanType="Literal Unlimited Natural" icon="ConceptLibrary_files/icon_literalunlimitednatural_1122090209.png" name="*" refid="_18_2_62501eb_1461020015215_8965_14466" text="*"/><literalunlimitednatural classType="LiteralUnlimitedNatural" humanType="Literal Unlimited Natural" icon="ConceptLibrary_files/icon_literalunlimitednatural_1122090209.png" name="0" refid="_18_4_62501eb_1477186795417_865542_19463" text="0"/></ownedElement><owner classType="Association" humanName="Owner" humanType="Association" icon="ConceptLibrary_files/icon_association_1781128159.png" isRelationship="true" name="Association[Concept Library::Situations::Situation - Concept Library::Processes::Scenarios::Scenario]" refid="_18_0_2_3ba019e_1423002956887_468323_6232"/><owningAssociation classType="Association" humanName="Owning Association" humanType="Association" icon="ConceptLibrary_files/icon_association_1781128159.png" isRelationship="true" name="Association[Concept Library::Situations::Situation - Concept Library::Processes::Scenarios::Scenario]" refid="_18_0_2_3ba019e_1423002956887_468323_6232"/><qualifiedName humanName="Qualified Name" mode="e">Threat-risk-conceptual-model::Threat and Risk Specific Concepts::Undesirable Situations::::</qualifiedName><redefinitionContext humanName="Redefinition Context"><association classType="Association" humanType="Association" icon="ConceptLibrary_files/icon_association_1781128159.png" isRelationship="true" name="Association[Concept Library::Situations::Situation - Concept Library::Processes::Scenarios::Scenario]" refid="_18_0_2_3ba019e_1423002956887_468323_6232"/></redefinitionContext><subsettedProperty humanName="Subsetted Property" mode="e"><property classType="Property" humanType="Property" icon="ConceptLibrary_files/icon_property_736527975.png" name="has type" refid="_17_0_3_7b3022e_1331182663024_883830_3111"/></subsettedProperty><TO_DO humanName="To Do" mode="s,e"/><type classType="Class" humanName="Type" humanType="Class" icon="ConceptLibrary_files/icon_class_1769227988.png" mode="s,e" name="Scenario" refid="_18_0_2_3ba019e_1423002863201_69234_6174"/><TYPE_MODIFIER humanName="Type Modifier" mode="e"/><upper humanName="Upper">-1</upper><upperValue classType="LiteralUnlimitedNatural" humanName="Upper Value" humanType="Literal Unlimited Natural" icon="ConceptLibrary_files/icon_literalunlimitednatural_1122090209.png" name="*" refid="_18_2_62501eb_1461020015215_8965_14466" text="*"/><visibility humanName="Visibility" mode="s,e">public</visibility><appearsIn><diagram classType="Diagram" humanType="Diagram" icon="ConceptLibrary_files/icon_Generic Table_1568169108.png" name="Vocabulary" refid="_18_0_2_3ba019e_1418664073699_926094_6665"/></appearsIn></property></magicdraw>