<?xml version="1.0" encoding="UTF-8"?><magicdraw><generalization classType="Generalization" humanType="Generalization" icon="ConceptLibrary_files/icon_generalization_212232499.png" id="_18_0_2_3ba019e_1422803215894_594326_5333"><documentation humanName="Documentation"/><general classType="Class" humanName="General" humanType="Class" icon="ConceptLibrary_files/icon_class_1769227988.png" mode="s,e" name="Metadata" refid="_18_4_62501eb_1474741123796_178028_21907"/><isSubstitutable humanName="Is Substitutable">true</isSubstitutable><owner classType="Class" humanName="Owner" humanType="Class" icon="ConceptLibrary_files/icon_class_1769227988.png" mode="s,e" name="Definition" refid="_17_0_3_7b3022e_1331563466337_499795_1703"/><relatedElement humanName="Related Element"><class classType="Class" humanType="Class" icon="ConceptLibrary_files/icon_class_1769227988.png" name="Definition" refid="_17_0_3_7b3022e_1331563466337_499795_1703"/><class classType="Class" humanType="Class" icon="ConceptLibrary_files/icon_class_1769227988.png" name="Metadata" refid="_18_4_62501eb_1474741123796_178028_21907"/></relatedElement><source humanName="Source"><class classType="Class" humanType="Class" icon="ConceptLibrary_files/icon_class_1769227988.png" name="Definition" refid="_17_0_3_7b3022e_1331563466337_499795_1703"/></source><specific classType="Class" humanName="Specific" humanType="Class" icon="ConceptLibrary_files/icon_class_1769227988.png" mode="s,e" name="Definition" refid="_17_0_3_7b3022e_1331563466337_499795_1703"/><target humanName="Target"><class classType="Class" humanType="Class" icon="ConceptLibrary_files/icon_class_1769227988.png" name="Metadata" refid="_18_4_62501eb_1474741123796_178028_21907"/></target><TO_DO humanName="To Do" mode="s,e"/><appearsIn><diagram classType="Diagram" humanType="Diagram" icon="ConceptLibrary_files/icon_Class Diagram_505751443.png" name="Metadata" refid="_18_4_62501eb_1474740547234_234154_13879"/><diagram classType="Diagram" humanType="Diagram" icon="ConceptLibrary_files/icon_Class Diagram_505751443.png" name="Metadata" refid="_18_4_62501eb_1477062534541_489774_37832"/></appearsIn></generalization></magicdraw>