<?xml version="1.0" encoding="UTF-8"?><magicdraw><generalization classType="Generalization" humanType="Generalization" icon="ConceptLibrary_files/icon_generalization_212232499.png" id="_18_0_2_3ba019e_1422746034825_438932_7534"><documentation humanName="Documentation"/><general classType="Class" humanName="General" humanType="Class" icon="ConceptLibrary_files/icon_class_412694050.png" mode="s,e" name="Type" refid="_17_0_3_7b3022e_1331156699146_272050_1846"/><isSubstitutable humanName="Is Substitutable">true</isSubstitutable><owner classType="Class" humanName="Owner" humanType="Class" icon="ConceptLibrary_files/icon_class_1769227988.png" mode="s,e" name="Facet Type" refid="_18_0_2_3ba019e_1422746005897_267910_7507"/><relatedElement humanName="Related Element"><class classType="Class" humanType="Class" icon="ConceptLibrary_files/icon_class_1769227988.png" name="Facet Type" refid="_18_0_2_3ba019e_1422746005897_267910_7507"/><class classType="Class" humanType="Class" icon="ConceptLibrary_files/icon_class_412694050.png" name="Type" refid="_17_0_3_7b3022e_1331156699146_272050_1846"/></relatedElement><source humanName="Source"><class classType="Class" humanType="Class" icon="ConceptLibrary_files/icon_class_1769227988.png" name="Facet Type" refid="_18_0_2_3ba019e_1422746005897_267910_7507"/></source><specific classType="Class" humanName="Specific" humanType="Class" icon="ConceptLibrary_files/icon_class_1769227988.png" mode="s,e" name="Facet Type" refid="_18_0_2_3ba019e_1422746005897_267910_7507"/><target humanName="Target"><class classType="Class" humanType="Class" icon="ConceptLibrary_files/icon_class_412694050.png" name="Type" refid="_17_0_3_7b3022e_1331156699146_272050_1846"/></target><TO_DO humanName="To Do" mode="s,e"/><appearsIn><diagram classType="Diagram" humanType="Diagram" icon="ConceptLibrary_files/icon_Class Diagram_505751443.png" name="Foundation" refid="_18_4_1_62501eb_1495296229925_256240_9842"/><diagram classType="Diagram" humanType="Diagram" icon="ConceptLibrary_files/icon_Class Diagram_505751443.png" name="Types" refid="_17_0_3_7b3022e_1331156482756_874223_1661"/><diagram classType="Diagram" humanType="Diagram" icon="ConceptLibrary_files/icon_Class Diagram_505751443.png" name="Type Constraints" refid="_18_3_62501eb_1465307961135_15881_7205"/><diagram classType="Diagram" humanType="Diagram" icon="ConceptLibrary_files/icon_Class Diagram_505751443.png" name="Facets" refid="_18_4_62501eb_1476295530336_940590_6866"/></appearsIn></generalization></magicdraw>