<?xml version="1.0" encoding="UTF-8"?><magicdraw><class classType="Class" humanType="Class" icon="ConceptLibrary_files/icon_class_1769227988.png" id="_18_0_2_3ba019e_1422823517742_603183_6093"><allGeneralClassifiers humanName="All General Classifiers"><class classType="Class" humanType="Class" icon="ConceptLibrary_files/icon_class_412694050.png" name="Context" refid="_17_0_3_7b3022e_1331164829050_871772_2449"/><class classType="Class" humanType="Class" icon="ConceptLibrary_files/icon_class_1769227988.png" name="Entity" refid="_17_0_3_7b3022e_1331156499953_68666_1704"/><class classType="Class" humanType="Class" icon="ConceptLibrary_files/icon_class_1769227988.png" name="Lexical Context" refid="_17_0_4_1_7b3022e_1387036440058_58622_4050"/><class classType="Class" humanType="Class" icon="ConceptLibrary_files/icon_class_1769227988.png" name="Lexical Scope" refid="_18_4_1_62501eb_1502394944731_837726_9021"/><class classType="Class" humanType="Class" icon="ConceptLibrary_files/icon_class_412694050.png" name="Proposition" refid="_18_2_62501eb_1462460603792_169037_6216"/><class classType="Class" humanType="Class" icon="ConceptLibrary_files/icon_class_1769227988.png" name="Scoped Context" refid="_18_5_3_62501eb_1527086128974_510931_15787"/><class classType="Class" humanType="Class" icon="ConceptLibrary_files/icon_class_412694050.png" name="Thing" refid="_17_0_3_7b3022e_1331313031781_359355_5487"/></allGeneralClassifiers><allSpecificClassifiers humanName="All Specific Classifiers"><class classType="Class" humanType="Class" icon="ConceptLibrary_files/icon_class_1769227988.png" name="Conceptual Package" refid="_18_2_62501eb_1463087065076_370696_6186"/><class classType="Class" humanType="Class" icon="ConceptLibrary_files/icon_class_1769227988.png" name="Logical Package" refid="_18_2_62501eb_1463087119468_924389_6216"/><class classType="Class" humanType="Class" icon="ConceptLibrary_files/icon_class_1769227988.png" name="Model" refid="_17_0_4_1_7b3022e_1387036392099_437470_4007"/><class classType="Class" humanType="Class" icon="ConceptLibrary_files/icon_class_1769227988.png" name="Physical Package" refid="_18_2_62501eb_1463087134636_886504_6239"/></allSpecificClassifiers><documentation humanName="Documentation">A model element that provides a definitional scope for other model elements. A package may be represented as a "graph".

[ISO 1087] concept system: system of concepts set of concepts (3.2.1) structured according to the
relations among them

[FUML] Package. FUML ownedMember corresponds with SMIF &lt;defines&gt;. FUML "nestedPackage" corresponds with "defines" where the element defined is a package.

[CL] Module: A module consists of a name, an optional set of names called the exclusion set, and a text called the body text.</documentation><documentation humanName="Documentation" mode="standard">A model element that provides a definitional scope for other model elements. A package may be represented as a "graph".

[ISO 1087] concept system: system of concepts set of concepts (3.2.1) structured according to the
relations among them

[FUML] Package. FUML ownedMember corresponds with SMIF &lt;defines&gt;. FUML "nestedPackage" corresponds with "defines" where the element defined is a package.

[CL] Module: A module consists of a name, an optional set of names called the exclusion set, and a text called the body text.</documentation><effectiveIRI humanName="Effective IRI">https://www.omg.org/spec/SMIF/LexicalScope#Package</effectiveIRI><generalization humanName="Generalization"><generalization classType="Generalization" humanType="Generalization" icon="ConceptLibrary_files/icon_generalization_212232499.png" isRelationship="true" refid="_18_0_2_3ba019e_1422823524077_724170_6116"/></generalization><inheritedMember humanName="Inherited Member"><diagram classType="Diagram" humanType="Diagram" icon="ConceptLibrary_files/icon_Class Diagram_505751443.png" name="Context Detail" refid="_18_1_3ba019e_1430749149449_614203_5109"/><diagram classType="Diagram" humanType="Diagram" icon="ConceptLibrary_files/icon_Class Diagram_505751443.png" name="Proposition Detail" refid="_18_4_62501eb_1476372124532_248366_8882"/><diagram classType="Diagram" humanType="Diagram" icon="ConceptLibrary_files/icon_Class Diagram_505751443.png" name="Thing Detail" refid="_18_4_62501eb_1474827775223_682407_38836"/></inheritedMember><isAbstract humanName="Is Abstract" mode="s,e">false</isAbstract><isActive humanName="Is Active" mode="s,e">false</isActive><isFinalSpecialization humanName="Is Final Specialization" mode="e">false</isFinalSpecialization><isLeaf humanName="Is Leaf" mode="e">false</isLeaf><member humanName="Member"><diagram classType="Diagram" humanType="Diagram" icon="ConceptLibrary_files/icon_Class Diagram_505751443.png" name="Context Detail" refid="_18_1_3ba019e_1430749149449_614203_5109"/><diagram classType="Diagram" humanType="Diagram" icon="ConceptLibrary_files/icon_Class Diagram_505751443.png" name="Proposition Detail" refid="_18_4_62501eb_1476372124532_248366_8882"/><diagram classType="Diagram" humanType="Diagram" icon="ConceptLibrary_files/icon_Class Diagram_505751443.png" name="Thing Detail" refid="_18_4_62501eb_1474827775223_682407_38836"/></member><name humanName="Name" mode="s,e">Package</name><namespace classType="Package" humanName="Namespace" humanType="Package" icon="ConceptLibrary_files/icon_package_467146800.png" name="Lexical Scope" refid="_17_0_4_1_7b3022e_1387036286878_479470_3903"/><ownedComment humanName="Owned Comment"><comment classType="Comment" humanType="Comment" icon="ConceptLibrary_files/icon_comment_1609735765.png" refid="_18_1_3ba019e_1430759751051_272421_7174"/></ownedComment><ownedElement humanName="Owned Element"><generalization classType="Generalization" humanType="Generalization" icon="ConceptLibrary_files/icon_generalization_212232499.png" isRelationship="true" refid="_18_0_2_3ba019e_1422823524077_724170_6116"/><comment classType="Comment" humanType="Comment" icon="ConceptLibrary_files/icon_comment_1609735765.png" refid="_18_1_3ba019e_1430759751051_272421_7174"/></ownedElement><owner classType="Package" humanName="Owner" humanType="Package" icon="ConceptLibrary_files/icon_package_467146800.png" mode="s,e" name="Lexical Scope" refid="_17_0_4_1_7b3022e_1387036286878_479470_3903"/><owningPackage classType="Package" humanName="Owning Package" humanType="Package" icon="ConceptLibrary_files/icon_package_467146800.png" name="Lexical Scope" refid="_17_0_4_1_7b3022e_1387036286878_479470_3903"/><package classType="Package" humanName="Package" humanType="Package" icon="ConceptLibrary_files/icon_package_467146800.png" name="Lexical Scope" refid="_17_0_4_1_7b3022e_1387036286878_479470_3903"/><qualifiedName humanName="Qualified Name" mode="e">SMIF Conceptual Model::Lexical Scope::Package</qualifiedName><specificClassifier humanName="Specific Classifier"><class classType="Class" humanType="Class" icon="ConceptLibrary_files/icon_class_1769227988.png" name="Conceptual Package" refid="_18_2_62501eb_1463087065076_370696_6186"/><class classType="Class" humanType="Class" icon="ConceptLibrary_files/icon_class_1769227988.png" name="Logical Package" refid="_18_2_62501eb_1463087119468_924389_6216"/><class classType="Class" humanType="Class" icon="ConceptLibrary_files/icon_class_1769227988.png" name="Model" refid="_17_0_4_1_7b3022e_1387036392099_437470_4007"/><class classType="Class" humanType="Class" icon="ConceptLibrary_files/icon_class_1769227988.png" name="Physical Package" refid="_18_2_62501eb_1463087134636_886504_6239"/></specificClassifier><superClass humanName="Super Class"><class classType="Class" humanType="Class" icon="ConceptLibrary_files/icon_class_1769227988.png" name="Lexical Context" refid="_17_0_4_1_7b3022e_1387036440058_58622_4050"/></superClass><TO_DO humanName="To Do" mode="s,e"/><visibility humanName="Visibility" mode="e">public</visibility><appearsIn><diagram classType="Diagram" humanType="Diagram" icon="ConceptLibrary_files/icon_Generic Table_1568169108.png" name="Concept Library Classes" refid="_18_4_1_62501eb_1495298309386_966735_15952"/><diagram classType="Diagram" humanType="Diagram" icon="ConceptLibrary_files/icon_Class Diagram_505751443.png" name="Lexical Scope" refid="_17_0_4_1_7b3022e_1387036296496_910243_3904"/><diagram classType="Diagram" humanType="Diagram" icon="ConceptLibrary_files/icon_Generic Table_1568169108.png" name="SMIF Classes" refid="_18_0_2_3ba019e_1422752494092_767389_8106"/></appearsIn></class></magicdraw>