<?xml version="1.0" encoding="UTF-8"?><magicdraw><comment classType="Comment" humanType="Comment" icon="ConceptLibrary_files/icon_comment_1609735765.png" id="_18_0_2_3ba019e_1422753007285_204022_8754"><annotatedElement humanName="Annotated Element" mode="s,e"><primitivetype classType="PrimitiveType" humanType="Primitive Type" icon="ConceptLibrary_files/icon_primitivetype_289711450.png" name="String Value" refid="_18_4_62501eb_1474842076416_400128_21396"/></annotatedElement><body humanName="Body" mode="s,e">Text is a &lt;Value&gt; represented using symbols which have a meaning to stakeholders but otherwise have no formal semantic implication. Properties involving values may have a semantic implication.

[FIBO] Text
[NIEM] TextType
[OWL] xsd:string</body><documentation humanName="Documentation"/><owner classType="PrimitiveType" humanName="Owner" humanType="Primitive Type" icon="ConceptLibrary_files/icon_primitivetype_289711450.png" mode="s,e" name="String Value" refid="_18_4_62501eb_1474842076416_400128_21396"/><owningElement classType="PrimitiveType" humanName="Owning Element" humanType="Primitive Type" icon="ConceptLibrary_files/icon_primitivetype_289711450.png" name="String Value" refid="_18_4_62501eb_1474842076416_400128_21396"/><TO_DO humanName="To Do" mode="s,e"/></comment></magicdraw>