<?xml version="1.0" encoding="UTF-8"?><magicdraw><association classType="Association" humanType="Association" icon="ConceptLibrary_files/icon_association_1781128159.png" id="_18_0_2_3ba019e_1423002956887_468323_6232"><documentation humanName="Documentation"/><endType humanName="End Type"><class classType="Class" humanType="Class" icon="ConceptLibrary_files/icon_class_1769227988.png" name="Scenario" refid="_18_0_2_3ba019e_1423002863201_69234_6174"/><class classType="Class" humanType="Class" icon="ConceptLibrary_files/icon_class_412694050.png" name="Situation" refid="_18_1_3ba019e_1430349228247_211772_4675"/></endType><feature humanName="Feature"><property classType="Property" humanType="Property" icon="ConceptLibrary_files/icon_property_736527975.png" name=" : Concept Library::Processes::Scenarios::Scenario [*]" refid="_18_0_2_3ba019e_1423002956887_688857_6233"/><property classType="Property" humanType="Property" icon="ConceptLibrary_files/icon_property_736527975.png" name=" : Concept Library::Situations::Situation [*]" refid="_18_0_2_3ba019e_1423002956887_227133_6234"/></feature><isAbstract humanName="Is Abstract">false</isAbstract><isDerived humanName="Is Derived">false</isDerived><isFinalSpecialization humanName="Is Final Specialization">false</isFinalSpecialization><isLeaf humanName="Is Leaf">false</isLeaf><member humanName="Member"><property classType="Property" humanType="Property" icon="ConceptLibrary_files/icon_property_736527975.png" name=" : Concept Library::Processes::Scenarios::Scenario [*]" refid="_18_0_2_3ba019e_1423002956887_688857_6233"/><property classType="Property" humanType="Property" icon="ConceptLibrary_files/icon_property_736527975.png" name=" : Concept Library::Situations::Situation [*]" refid="_18_0_2_3ba019e_1423002956887_227133_6234"/></member><memberEnd humanName="Member End"><property classType="Property" humanType="Property" icon="ConceptLibrary_files/icon_property_736527975.png" name=" : Concept Library::Processes::Scenarios::Scenario [*]" refid="_18_0_2_3ba019e_1423002956887_688857_6233"/><property classType="Property" humanType="Property" icon="ConceptLibrary_files/icon_property_736527975.png" name=" : Concept Library::Situations::Situation [*]" refid="_18_0_2_3ba019e_1423002956887_227133_6234"/></memberEnd><name humanName="Name" mode="s,e"/><namespace classType="Package" humanName="Namespace" humanType="Package" icon="ConceptLibrary_files/icon_package_467146800.png" name="Undesirable Situations" refid="_18_0_2_3ba019e_1423174100879_251173_13098"/><navigableOwnedEnd humanName="Navigable Owned End" mode="e"><property classType="Property" humanType="Property" icon="ConceptLibrary_files/icon_property_736527975.png" name=" : Concept Library::Processes::Scenarios::Scenario [*]" refid="_18_0_2_3ba019e_1423002956887_688857_6233"/><property classType="Property" humanType="Property" icon="ConceptLibrary_files/icon_property_736527975.png" name=" : Concept Library::Situations::Situation [*]" refid="_18_0_2_3ba019e_1423002956887_227133_6234"/></navigableOwnedEnd><ownedElement humanName="Owned Element"><property classType="Property" humanType="Property" icon="ConceptLibrary_files/icon_property_736527975.png" name=" : Concept Library::Processes::Scenarios::Scenario [*]" refid="_18_0_2_3ba019e_1423002956887_688857_6233"/><property classType="Property" humanType="Property" icon="ConceptLibrary_files/icon_property_736527975.png" name=" : Concept Library::Situations::Situation [*]" refid="_18_0_2_3ba019e_1423002956887_227133_6234"/></ownedElement><ownedEnd humanName="Owned End"><property classType="Property" humanType="Property" icon="ConceptLibrary_files/icon_property_736527975.png" name=" : Concept Library::Processes::Scenarios::Scenario [*]" refid="_18_0_2_3ba019e_1423002956887_688857_6233"/><property classType="Property" humanType="Property" icon="ConceptLibrary_files/icon_property_736527975.png" name=" : Concept Library::Situations::Situation [*]" refid="_18_0_2_3ba019e_1423002956887_227133_6234"/></ownedEnd><ownedMember humanName="Owned Member"><property classType="Property" humanType="Property" icon="ConceptLibrary_files/icon_property_736527975.png" name=" : Concept Library::Processes::Scenarios::Scenario [*]" refid="_18_0_2_3ba019e_1423002956887_688857_6233"/><property classType="Property" humanType="Property" icon="ConceptLibrary_files/icon_property_736527975.png" name=" : Concept Library::Situations::Situation [*]" refid="_18_0_2_3ba019e_1423002956887_227133_6234"/></ownedMember><owner classType="Package" humanName="Owner" humanType="Package" icon="ConceptLibrary_files/icon_package_467146800.png" mode="s,e" name="Undesirable Situations" refid="_18_0_2_3ba019e_1423174100879_251173_13098"/><owningPackage classType="Package" humanName="Owning Package" humanType="Package" icon="ConceptLibrary_files/icon_package_467146800.png" name="Undesirable Situations" refid="_18_0_2_3ba019e_1423174100879_251173_13098"/><package classType="Package" humanName="Package" humanType="Package" icon="ConceptLibrary_files/icon_package_467146800.png" name="Undesirable Situations" refid="_18_0_2_3ba019e_1423174100879_251173_13098"/><qualifiedName humanName="Qualified Name" mode="e">Threat-risk-conceptual-model::Threat and Risk Specific Concepts::Undesirable Situations::</qualifiedName><relatedElement humanName="Related Element"><class classType="Class" humanType="Class" icon="ConceptLibrary_files/icon_class_1769227988.png" name="Scenario" refid="_18_0_2_3ba019e_1423002863201_69234_6174"/><class classType="Class" humanType="Class" icon="ConceptLibrary_files/icon_class_412694050.png" name="Situation" refid="_18_1_3ba019e_1430349228247_211772_4675"/></relatedElement><TO_DO humanName="To Do"/><visibility humanName="Visibility" mode="s,e">public</visibility><appearsIn><diagram classType="Diagram" humanType="Diagram" icon="ConceptLibrary_files/icon_Generic Table_1568169108.png" name="Associations" refid="_18_4_62501eb_1474989114723_17949_11234"/><diagram classType="Diagram" humanType="Diagram" icon="ConceptLibrary_files/icon_Generic Table_1568169108.png" name="Vocabulary" refid="_18_0_2_3ba019e_1418664073699_926094_6665"/><diagram classType="Diagram" humanType="Diagram" icon="ConceptLibrary_files/icon_Class Diagram_505751443.png" name="Undesirable Situations" refid="_18_4_62501eb_1477177472775_513597_14552"/></appearsIn></association></magicdraw>