<?xml version="1.0" encoding="UTF-8"?><magicdraw><comment classType="Comment" humanType="Comment" icon="ConceptLibrary_files/icon_comment_1609735765.png" id="_18_0_2_3ba019e_1422746377017_73758_7546"><annotatedElement humanName="Annotated Element" mode="s,e"><class classType="Class" humanType="Class" icon="ConceptLibrary_files/icon_class_1769227988.png" name="Facet Type" refid="_18_0_2_3ba019e_1422746005897_267910_7507"/></annotatedElement><body humanName="Body" mode="s,e">A facet is a "mix in" type that defines an aspect of something but does not define the identity or "fundamental" (A.K.A. "Rigid") type of that thing, but some potentially transient role, phase or other way to classify it. Something must have at least one type that is not a facet to define that things identity.
Facets do not define independent identity of the referent but technology implementations may create independent objects to represent a facet.
An instance of a facet must also have a type that is not a facet to provide the identity of the instance.
The type(s) a facet may categorize may be constrained by a Facet Generalization Constraint. E.g. Policeman is a role of a person.

[Guarino1994] Non-Substantial sortal
[Guizzard] Non-Rigid Universal: A universal G is non-rigid iff for a w ∈ W There is an x such that x ∈ extw(G), and there is a w&#146;∈ W such that x ∉extw&#146;(G)

[SOWA1999] Prehension (Relative</body><documentation humanName="Documentation"/><owner classType="Class" humanName="Owner" humanType="Class" icon="ConceptLibrary_files/icon_class_1769227988.png" mode="s,e" name="Facet Type" refid="_18_0_2_3ba019e_1422746005897_267910_7507"/><owningElement classType="Class" humanName="Owning Element" humanType="Class" icon="ConceptLibrary_files/icon_class_1769227988.png" name="Facet Type" refid="_18_0_2_3ba019e_1422746005897_267910_7507"/><TO_DO humanName="To Do" mode="s,e"/></comment></magicdraw>