<?xml version="1.0" encoding="UTF-8"?><magicdraw><comment classType="Comment" humanType="Comment" icon="ConceptLibrary_files/icon_comment_1609735765.png" id="_18_0_2_3ba019e_1422126774283_365374_7544"><annotatedElement humanName="Annotated Element" mode="s,e"><class classType="Class" humanType="Class" icon="ConceptLibrary_files/icon_class_1769227988.png" name="Objective" refid="_17_0_5_1_3ba019e_1407439004199_611439_4241"/></annotatedElement><body humanName="Body" mode="s,e">An aim or goal that a stakeholder intends to attain or accomplish; purpose; goal; target.
[BMM] End: something that is to be accomplished.
[BMM] Objective: An Objective is a statement of an attainable, time-targeted, and measurable target that the enterprise seeks to meet in order to achieve its Goals.
[FIBO] Objective</body><documentation humanName="Documentation"/><owner classType="Class" humanName="Owner" humanType="Class" icon="ConceptLibrary_files/icon_class_1769227988.png" mode="s,e" name="Objective" refid="_17_0_5_1_3ba019e_1407439004199_611439_4241"/><owningElement classType="Class" humanName="Owning Element" humanType="Class" icon="ConceptLibrary_files/icon_class_1769227988.png" name="Objective" refid="_17_0_5_1_3ba019e_1407439004199_611439_4241"/><TO_DO humanName="To Do" mode="s,e"/></comment></magicdraw>