<?xml version="1.0" encoding="UTF-8"?><magicdraw><class classType="Class" humanType="Class" icon="ConceptLibrary_files/icon_class_412694050.png" id="_18_0_2_3ba019e_1422740871441_895063_7013"><allGeneralClassifiers humanName="All General Classifiers"><class classType="Class" humanType="Class" icon="ConceptLibrary_files/icon_class_412694050.png" name="Abstract Property Owner" refid="_18_4_1_62501eb_1502464289200_586839_10312"/><class classType="Class" humanType="Class" icon="ConceptLibrary_files/icon_class_1769227988.png" name="Identifier" refid="_18_3_62501eb_1473957033207_359286_6678"/><class classType="Class" humanType="Class" icon="ConceptLibrary_files/icon_class_1769227988.png" name="Lexical Scope" refid="_18_4_1_62501eb_1502394944731_837726_9021"/><class classType="Class" humanType="Class" icon="ConceptLibrary_files/icon_class_1769227988.png" name="Structured Value" refid="_18_4_62501eb_1474479108342_464835_9670"/><class classType="Class" humanType="Class" icon="ConceptLibrary_files/icon_class_412694050.png" name="Thing" refid="_17_0_3_7b3022e_1331313031781_359355_5487"/><class classType="Class" humanType="Class" icon="ConceptLibrary_files/icon_class_1769227988.png" name="Value" refid="_18_0_2_3ba019e_1422748137770_297876_7675"/></allGeneralClassifiers><allSpecificClassifiers humanName="All Specific Classifiers"><class classType="Class" humanType="Class" icon="ConceptLibrary_files/icon_class_1769227988.png" name="Access Identifier" refid="_18_1_3ba019e_1445379115924_538758_31530"/><class classType="Class" humanType="Class" icon="ConceptLibrary_files/icon_class_1769227988.png" name="Contact Means" refid="_18_0_2_3ba019e_1423504731300_363973_6325"/><class classType="Class" humanType="Class" icon="ConceptLibrary_files/icon_class_1769227988.png" name="Coordinate" refid="_18_4_62501eb_1475189080876_138865_14222"/><class classType="Class" humanType="Class" icon="ConceptLibrary_files/icon_class_1769227988.png" name="Date and Time" refid="_18_4_62501eb_1476302221078_868726_11690"/><class classType="Class" humanType="Class" icon="ConceptLibrary_files/icon_class_1769227988.png" name="Date Coordinate" refid="_18_4_62501eb_1476302157887_805158_11658"/><class classType="Class" humanType="Class" icon="ConceptLibrary_files/icon_class_1769227988.png" name="Date Time Coordinate (ISO 8601)" refid="_18_4_62501eb_1475959527421_127815_28918"/><class classType="Class" humanType="Class" icon="ConceptLibrary_files/icon_class_1769227988.png" name="Electronic Contact" refid="_18_0_2_3ba019e_1423504771908_681674_6374"/><class classType="Class" humanType="Class" icon="ConceptLibrary_files/icon_class_1769227988.png" name="Email Address" refid="_18_1_3ba019e_1444666743426_287272_28362"/><class classType="Class" humanType="Class" icon="ConceptLibrary_files/icon_class_1769227988.png" name="Financial Identifier" refid="_18_1_3ba019e_1445381144252_780490_31978"/><class classType="Class" humanType="Class" icon="ConceptLibrary_files/icon_class_1769227988.png" name="Internet Contact" refid="_18_0_2_3ba019e_1423504815270_458577_6418"/><class classType="Class" humanType="Class" icon="ConceptLibrary_files/icon_class_1769227988.png" name="IRI Identifier" refid="_18_0_2_3ba019e_1422741098513_270258_7050"/><class classType="Class" humanType="Class" icon="ConceptLibrary_files/icon_class_1769227988.png" name="License Identifier" refid="_18_1_3ba019e_1445378996044_25100_31494"/><class classType="Class" humanType="Class" icon="ConceptLibrary_files/icon_class_1769227988.png" name="Local Identifier" refid="_18_1_3ba019e_1445953677179_188590_34109"/><class classType="Class" humanType="Class" icon="ConceptLibrary_files/icon_class_1769227988.png" name="Location ID" refid="_18_1_3ba019e_1444676165635_152746_29597"/><class classType="Class" humanType="Class" icon="ConceptLibrary_files/icon_class_412694050.png" name="Location Identifier" refid="_18_0_2_3ba019e_1423259594438_761654_6157"/><class classType="Class" humanType="Class" icon="ConceptLibrary_files/icon_class_1769227988.png" name="Managed Actor Identifier" refid="_18_1_3ba019e_1445378555683_218354_31314"/><class classType="Class" humanType="Class" icon="ConceptLibrary_files/icon_class_1769227988.png" name="Managed Item Identifier" refid="_18_1_3ba019e_1445524793462_813444_28126"/><class classType="Class" humanType="Class" icon="ConceptLibrary_files/icon_class_1769227988.png" name="Managed Person Identifier" refid="_18_1_3ba019e_1445378852596_586756_31366"/><class classType="Class" humanType="Class" icon="ConceptLibrary_files/icon_class_1769227988.png" name="Managed Social Agent Identifier" refid="_18_1_3ba019e_1445953410467_314795_34059"/><class classType="Class" humanType="Class" icon="ConceptLibrary_files/icon_class_1769227988.png" name="Network Identifier" refid="_18_4_62501eb_1476476712476_337360_69878"/><class classType="Class" humanType="Class" icon="ConceptLibrary_files/icon_class_1769227988.png" name="Passport Identifier" refid="_18_1_3ba019e_1445378986491_158664_31471"/><class classType="Class" humanType="Class" icon="ConceptLibrary_files/icon_class_1769227988.png" name="Point On Earth" refid="_18_0_2_3ba019e_1423761090008_716587_5905"/><class classType="Class" humanType="Class" icon="ConceptLibrary_files/icon_class_1769227988.png" name="Postal Address" refid="_18_0_2_3ba019e_1423259833693_720406_6252"/><class classType="Class" humanType="Class" icon="ConceptLibrary_files/icon_class_1769227988.png" name="Postal Address Structured" refid="_18_1_3ba019e_1444750306985_197639_26935"/><class classType="Class" humanType="Class" icon="ConceptLibrary_files/icon_class_1769227988.png" name="Postal Address Text" refid="_18_1_3ba019e_1444750457057_83421_26969"/><class classType="Class" humanType="Class" icon="ConceptLibrary_files/icon_class_1769227988.png" name="Prefix" refid="_18_2_62501eb_1463088782969_932810_6473"/><class classType="Class" humanType="Class" icon="ConceptLibrary_files/icon_class_1769227988.png" name="Private Network Contact" refid="_18_1_3ba019e_1444755259369_65233_27798"/><class classType="Class" humanType="Class" icon="ConceptLibrary_files/icon_class_1769227988.png" name="Radio Contact" refid="_18_1_3ba019e_1444754735890_728081_27722"/><class classType="Class" humanType="Class" icon="ConceptLibrary_files/icon_class_1769227988.png" name="Regional Identifier" refid="_18_1_3ba019e_1445378966964_366795_31448"/><class classType="Class" humanType="Class" icon="ConceptLibrary_files/icon_class_1769227988.png" name="Relative Coordinate" refid="_18_1_3ba019e_1431358296296_975340_6140"/><class classType="Class" humanType="Class" icon="ConceptLibrary_files/icon_class_1769227988.png" name="Serial Number" refid="_18_4_62501eb_1477150751150_133579_62367"/><class classType="Class" humanType="Class" icon="ConceptLibrary_files/icon_class_1769227988.png" name="Social Network Contact" refid="_18_1_3ba019e_1444752665425_608684_27240"/><class classType="Class" humanType="Class" icon="ConceptLibrary_files/icon_class_1769227988.png" name="Social Security Number" refid="_18_1_3ba019e_1445378953387_298969_31425"/><class classType="Class" humanType="Class" icon="ConceptLibrary_files/icon_class_1769227988.png" name="Spacial Coordinate" refid="_18_0_2_3ba019e_1423259844565_942266_6274"/><class classType="Class" humanType="Class" icon="ConceptLibrary_files/icon_class_1769227988.png" name="Tax Authority Identifier" refid="_18_1_3ba019e_1445953736738_19283_34133"/><class classType="Class" humanType="Class" icon="ConceptLibrary_files/icon_class_1769227988.png" name="Technical Identifier" refid="_18_1_3ba019e_1444837219949_281482_7357"/><class classType="Class" humanType="Class" icon="ConceptLibrary_files/icon_class_1769227988.png" name="Telephone Number" refid="_18_1_3ba019e_1444666537890_154174_28286"/><class classType="Class" humanType="Class" icon="ConceptLibrary_files/icon_class_1769227988.png" name="Telephone Number Structured" refid="_18_1_3ba019e_1444668511826_192955_28677"/><class classType="Class" humanType="Class" icon="ConceptLibrary_files/icon_class_1769227988.png" name="Telephone Number Text" refid="_18_1_3ba019e_1444668501586_915312_28654"/><class classType="Class" humanType="Class" icon="ConceptLibrary_files/icon_class_1769227988.png" name="Term" refid="_17_0_3_7b3022e_1331239070063_157887_4961"/><class classType="Class" humanType="Class" icon="ConceptLibrary_files/icon_class_1769227988.png" name="Time Coordinate" refid="_17_0_5_1_7b3022e_1398808729838_576574_5225"/><class classType="Class" humanType="Class" icon="ConceptLibrary_files/icon_class_1769227988.png" name="Time Coordinate" refid="_18_4_62501eb_1476394883164_863943_53567"/><class classType="Class" humanType="Class" icon="ConceptLibrary_files/icon_class_1769227988.png" name="Unique Text Identifier" refid="_18_2_62501eb_1460145109270_32560_15064"/><class classType="Class" humanType="Class" icon="ConceptLibrary_files/icon_class_1769227988.png" name="Website Contact" refid="_18_1_3ba019e_1444931692303_488182_27360"/><class classType="Class" humanType="Class" icon="ConceptLibrary_files/icon_class_1769227988.png" name="World Geodetic System" refid="_18_0_2_3ba019e_1423761106122_241607_5927"/><class classType="Class" humanType="Class" icon="ConceptLibrary_files/icon_class_1769227988.png" name="XSD Date" refid="_18_4_62501eb_1479671537884_356723_12909"/><class classType="Class" humanType="Class" icon="ConceptLibrary_files/icon_class_1769227988.png" name="XSD Date Time" refid="_18_4_62501eb_1479671414532_14127_12790"/><class classType="Class" humanType="Class" icon="ConceptLibrary_files/icon_class_1769227988.png" name="XSD Time" refid="_18_4_62501eb_1479671509107_968281_12871"/></allSpecificClassifiers><APPLIED_STEREOTYPES humanName="Applied Stereotype" mode="s,e"><stereotype classType="Stereotype" humanType="Stereotype" icon="ConceptLibrary_files/icon_stereotype_643587433.png" name="Value" refid="_18_1_3ba019e_1430917928596_64302_5962"/></APPLIED_STEREOTYPES><appliedStereotype humanName="Applied Stereotype" mode="s,e"><stereotype classType="Stereotype" humanType="Stereotype" icon="ConceptLibrary_files/icon_stereotype_643587433.png" name="Value" refid="_18_1_3ba019e_1430917928596_64302_5962"><property classType="Property" humanName="Base_ Classifier" humanType="Property" icon="ConceptLibrary_files/icon_property_736527975.png" name="base_Classifier" refid="_18_1_3ba019e_1430917952517_487535_5989"/></stereotype></appliedStereotype><appliedStereotypeInstance classType="InstanceSpecification" humanName="Applied Stereotype Instance" humanType="Instance Specification" icon="ConceptLibrary_files/icon_instancespecification_1746117425.png" name=" : SIMFProfile::SMIF Concept Modeling Profile::Value" refid="_18_4_62501eb_1474912436608_187566_18253"/><documentation humanName="Documentation">A unique identifier is an entity used to uniquely identify something. The identified thing is referenced by what the identifier &lt;identifies&gt;.
Identifiers are defined and &lt;unique within&gt; a lexical scope as its namespace.
Multiple identifiers may use the same word or text value (or other forms of values) in differing &lt;unique within&gt; namespaces such that the same word may have different meanings in different context.
An entity may have any number of identifiers.</documentation><documentation humanName="Documentation" mode="standard">A unique identifier is an entity used to uniquely identify something. The identified thing is referenced by what the identifier &lt;identifies&gt;.
Identifiers are defined and &lt;unique within&gt; a lexical scope as its namespace.
Multiple identifiers may use the same word or text value (or other forms of values) in differing &lt;unique within&gt; namespaces such that the same word may have different meanings in different context.
An entity may have any number of identifiers.</documentation><effectiveIRI humanName="Effective IRI">https://www.omg.org/spec/SMIF/Identifiers#UniqueIdentifier</effectiveIRI><generalization humanName="Generalization"><generalization classType="Generalization" humanType="Generalization" icon="ConceptLibrary_files/icon_generalization_212232499.png" isRelationship="true" refid="_18_3_62501eb_1473957045795_314393_6702"/></generalization><inheritedMember humanName="Inherited Member"><diagram classType="Diagram" humanType="Diagram" icon="ConceptLibrary_files/icon_Class Diagram_505751443.png" name="Thing Detail" refid="_18_4_62501eb_1474827775223_682407_38836"/></inheritedMember><isAbstract humanName="Is Abstract" mode="s,e">true</isAbstract><isActive humanName="Is Active" mode="s,e">false</isActive><isFinalSpecialization humanName="Is Final Specialization" mode="e">false</isFinalSpecialization><isLeaf humanName="Is Leaf" mode="e">false</isLeaf><member humanName="Member"><diagram classType="Diagram" humanType="Diagram" icon="ConceptLibrary_files/icon_Class Diagram_505751443.png" name="Thing Detail" refid="_18_4_62501eb_1474827775223_682407_38836"/></member><name humanName="Name" mode="s,e">Unique Identifier</name><namespace classType="Package" humanName="Namespace" humanType="Package" icon="ConceptLibrary_files/icon_package_467146800.png" name="Identifiers" refid="_17_0_3_7b3022e_1331334231414_200086_6495"/><ownedComment humanName="Owned Comment"><comment classType="Comment" humanType="Comment" icon="ConceptLibrary_files/icon_comment_1609735765.png" refid="_18_0_2_3ba019e_1422742696800_96294_7152"/></ownedComment><ownedElement humanName="Owned Element"><generalization classType="Generalization" humanType="Generalization" icon="ConceptLibrary_files/icon_generalization_212232499.png" isRelationship="true" refid="_18_3_62501eb_1473957045795_314393_6702"/><comment classType="Comment" humanType="Comment" icon="ConceptLibrary_files/icon_comment_1609735765.png" refid="_18_0_2_3ba019e_1422742696800_96294_7152"/><instancespecification classType="InstanceSpecification" humanType="Instance Specification" icon="ConceptLibrary_files/icon_instancespecification_1746117425.png" name=" : SIMFProfile::SMIF Concept Modeling Profile::Value" refid="_18_4_62501eb_1474912436608_187566_18253"/></ownedElement><owner classType="Package" humanName="Owner" humanType="Package" icon="ConceptLibrary_files/icon_package_467146800.png" mode="s,e" name="Identifiers" refid="_17_0_3_7b3022e_1331334231414_200086_6495"/><owningPackage classType="Package" humanName="Owning Package" humanType="Package" icon="ConceptLibrary_files/icon_package_467146800.png" name="Identifiers" refid="_17_0_3_7b3022e_1331334231414_200086_6495"/><package classType="Package" humanName="Package" humanType="Package" icon="ConceptLibrary_files/icon_package_467146800.png" name="Identifiers" refid="_17_0_3_7b3022e_1331334231414_200086_6495"/><qualifiedName humanName="Qualified Name" mode="e">SMIF Conceptual Model::Identifiers::Unique Identifier</qualifiedName><specificClassifier humanName="Specific Classifier"><class classType="Class" humanType="Class" icon="ConceptLibrary_files/icon_class_1769227988.png" name="Contact Means" refid="_18_0_2_3ba019e_1423504731300_363973_6325"/><class classType="Class" humanType="Class" icon="ConceptLibrary_files/icon_class_1769227988.png" name="Coordinate" refid="_18_4_62501eb_1475189080876_138865_14222"/><class classType="Class" humanType="Class" icon="ConceptLibrary_files/icon_class_412694050.png" name="Location Identifier" refid="_18_0_2_3ba019e_1423259594438_761654_6157"/><class classType="Class" humanType="Class" icon="ConceptLibrary_files/icon_class_1769227988.png" name="Managed Actor Identifier" refid="_18_1_3ba019e_1445378555683_218354_31314"/><class classType="Class" humanType="Class" icon="ConceptLibrary_files/icon_class_1769227988.png" name="Managed Item Identifier" refid="_18_1_3ba019e_1445524793462_813444_28126"/><class classType="Class" humanType="Class" icon="ConceptLibrary_files/icon_class_1769227988.png" name="Unique Text Identifier" refid="_18_2_62501eb_1460145109270_32560_15064"/></specificClassifier><superClass humanName="Super Class"><class classType="Class" humanType="Class" icon="ConceptLibrary_files/icon_class_1769227988.png" name="Identifier" refid="_18_3_62501eb_1473957033207_359286_6678"/></superClass><TO_DO humanName="To Do" mode="s,e"/><visibility humanName="Visibility" mode="e">public</visibility><appearsIn><diagram classType="Diagram" humanType="Diagram" icon="ConceptLibrary_files/icon_Generic Table_1568169108.png" name="Concept Library Classes" refid="_18_4_1_62501eb_1495298309386_966735_15952"/><diagram classType="Diagram" humanType="Diagram" icon="ConceptLibrary_files/icon_Class Diagram_505751443.png" name="Social Agent Identifiers" refid="_18_1_3ba019e_1445963907740_44910_36627"/><diagram classType="Diagram" humanType="Diagram" icon="ConceptLibrary_files/icon_Class Diagram_505751443.png" name="Time" refid="_18_4_62501eb_1475077585400_663290_18057"/><diagram classType="Diagram" humanType="Diagram" icon="ConceptLibrary_files/icon_Class Diagram_505751443.png" name="Identifiers" refid="_18_0_2_3ba019e_1423259300047_576440_5597"/><diagram classType="Diagram" humanType="Diagram" icon="ConceptLibrary_files/icon_Class Diagram_505751443.png" name="Identifiers" refid="_17_0_3_7b3022e_1331325699950_500370_6427"/><diagram classType="Diagram" humanType="Diagram" icon="ConceptLibrary_files/icon_Class Diagram_505751443.png" name="Contact Information" refid="_18_0_2_3ba019e_1423504637093_524721_5896"/><diagram classType="Diagram" humanType="Diagram" icon="ConceptLibrary_files/icon_Generic Table_1568169108.png" name="SMIF Classes" refid="_18_0_2_3ba019e_1422752494092_767389_8106"/><diagram classType="Diagram" humanType="Diagram" icon="ConceptLibrary_files/icon_Class Diagram_505751443.png" name="Identifier Summary" refid="_18_4_1_62501eb_1498748376533_334524_6581"/></appearsIn></class></magicdraw>