<?xml version="1.0" encoding="UTF-8"?><magicdraw><comment classType="Comment" humanType="Comment" icon="ConceptLibrary_files/icon_comment_1609735765.png" id="_18_0_2_3ba019e_1422742718269_236356_7153"><annotatedElement humanName="Annotated Element" mode="s,e"><class classType="Class" humanType="Class" icon="ConceptLibrary_files/icon_class_1769227988.png" name="IRI Identifier" refid="_18_0_2_3ba019e_1422741098513_270258_7050"/></annotatedElement><body humanName="Body" mode="s,e">A IRI/URI Identifier for an entity, as defined in [RFC3987].

[FIBO] anyURI
</body><documentation humanName="Documentation"/><owner classType="Class" humanName="Owner" humanType="Class" icon="ConceptLibrary_files/icon_class_1769227988.png" mode="s,e" name="IRI Identifier" refid="_18_0_2_3ba019e_1422741098513_270258_7050"/><owningElement classType="Class" humanName="Owning Element" humanType="Class" icon="ConceptLibrary_files/icon_class_1769227988.png" name="IRI Identifier" refid="_18_0_2_3ba019e_1422741098513_270258_7050"/><TO_DO humanName="To Do" mode="s,e"/></comment></magicdraw>