<?xml version="1.0" encoding="UTF-8"?><magicdraw><comment classType="Comment" humanType="Comment" icon="ConceptLibrary_files/icon_comment_1609735765.png" id="_18_0_2_3ba019e_1422752888344_580485_8750"><annotatedElement humanName="Annotated Element" mode="s,e"><class classType="Class" humanType="Class" icon="ConceptLibrary_files/icon_class_1769227988.png" name="Value" refid="_18_0_2_3ba019e_1422748137770_297876_7675"/></annotatedElement><body humanName="Body" mode="s,e">A Value is an atomic. immutable piece of information without a specific lifetime or identity independent of the value. Values include numbers, strings and other atomic "primitive" data. Values also include structured values, which are immutable.

In UML values may be defined by the name of an instance specification with a value type.

[IDEAS] Representation: A SignType where all the individual Signs are intended to signify the same Thing.

[ISO11404] The identification of members of a datatype family, subtypes of a datatype, and the resulting datatypes of datatype generators may require the syntactic designation of specific values of a datatype.

[OWL] data values</body><documentation humanName="Documentation"/><owner classType="Class" humanName="Owner" humanType="Class" icon="ConceptLibrary_files/icon_class_1769227988.png" mode="s,e" name="Value" refid="_18_0_2_3ba019e_1422748137770_297876_7675"/><owningElement classType="Class" humanName="Owning Element" humanType="Class" icon="ConceptLibrary_files/icon_class_1769227988.png" name="Value" refid="_18_0_2_3ba019e_1422748137770_297876_7675"/><TO_DO humanName="To Do" mode="s,e"/></comment></magicdraw>