<?xml version="1.0" encoding="UTF-8"?><magicdraw><comment classType="Comment" humanType="Comment" icon="ConceptLibrary_files/icon_comment_1609735765.png" id="_18_0_2_3ba019e_1422131982708_395011_8633"><annotatedElement humanName="Annotated Element" mode="s,e"><class classType="Class" humanType="Class" icon="ConceptLibrary_files/icon_class_1769227988.png" name="Person" refid="_17_0_5_1_3ba019e_1407439004179_501334_4205"/></annotatedElement><body humanName="Body" mode="s,e">An individual human being.
[FIBO] Person
[NIEM] PersonType
[DOLCE] (Subtype of) Agentive Physical Object</body><documentation humanName="Documentation"/><owner classType="Class" humanName="Owner" humanType="Class" icon="ConceptLibrary_files/icon_class_1769227988.png" mode="s,e" name="Person" refid="_17_0_5_1_3ba019e_1407439004179_501334_4205"/><owningElement classType="Class" humanName="Owning Element" humanType="Class" icon="ConceptLibrary_files/icon_class_1769227988.png" name="Person" refid="_17_0_5_1_3ba019e_1407439004179_501334_4205"/><TO_DO humanName="To Do" mode="s,e"/></comment></magicdraw>