<?xml version="1.0" encoding="UTF-8"?><magicdraw><class classType="Class" humanType="Class" icon="ConceptLibrary_files/icon_class_1769227988.png" id="_18_0_2_3ba019e_1422748137770_297876_7675"><allGeneralClassifiers humanName="All General Classifiers"><class classType="Class" humanType="Class" icon="ConceptLibrary_files/icon_class_412694050.png" name="Thing" refid="_17_0_3_7b3022e_1331313031781_359355_5487"/></allGeneralClassifiers><allRealizingElements humanName="All Realizing Elements"><datatype classType="DataType" humanType="Data Type" icon="ConceptLibrary_files/icon_datatype_842422776.png" name="Data Value" refid="_18_2_62501eb_1463848512948_128226_8321"/></allRealizingElements><allSpecificClassifiers humanName="All Specific Classifiers"><class classType="Class" humanType="Class" icon="ConceptLibrary_files/icon_class_1769227988.png" name="Absorbed Dose (Radiation)" refid="_18_1_3ba019e_1431030430458_711825_11811"/><class classType="Class" humanType="Class" icon="ConceptLibrary_files/icon_class_1769227988.png" name="Acceleration" refid="_18_1_3ba019e_1430921310324_727860_7393"/><class classType="Class" humanType="Class" icon="ConceptLibrary_files/icon_class_1769227988.png" name="Access Identifier" refid="_18_1_3ba019e_1445379115924_538758_31530"/><class classType="Class" humanType="Class" icon="ConceptLibrary_files/icon_class_1769227988.png" name="Acre" refid="_18_1_3ba019e_1431357090512_414389_6065"/><class classType="Class" humanType="Class" icon="ConceptLibrary_files/icon_class_1769227988.png" name="Amount of Substance" refid="_18_1_3ba019e_1430921253019_624362_7301"/><class classType="Class" humanType="Class" icon="ConceptLibrary_files/icon_class_1769227988.png" name="Ampere" refid="_18_1_3ba019e_1431020558961_461995_9866"/><class classType="Class" humanType="Class" icon="ConceptLibrary_files/icon_class_1769227988.png" name="Angle" refid="_18_1_3ba019e_1431358438424_205530_6196"/><class classType="Class" humanType="Class" icon="ConceptLibrary_files/icon_class_1769227988.png" name="Area" refid="_18_1_3ba019e_1430921299843_500139_7347"/><class classType="Class" humanType="Class" icon="ConceptLibrary_files/icon_class_1769227988.png" name="Becquerel (Bq)" refid="_18_1_3ba019e_1431030300401_889212_11770"/><class classType="Class" humanType="Class" icon="ConceptLibrary_files/icon_class_1769227988.png" name="Candela" refid="_18_1_3ba019e_1431020594480_244748_9935"/><class classType="Class" humanType="Class" icon="ConceptLibrary_files/icon_class_1769227988.png" name="Celsius" refid="_18_1_3ba019e_1431022967065_978616_10568"/><class classType="Class" humanType="Class" icon="ConceptLibrary_files/icon_class_1769227988.png" name="Color" refid="_18_1_3ba019e_1430933733892_698402_9132"/><class classType="Class" humanType="Class" icon="ConceptLibrary_files/icon_class_412694050.png" name="Communications Security Level" refid="_18_1_3ba019e_1444754996162_318164_27760"/><class classType="Class" humanType="Class" icon="ConceptLibrary_files/icon_class_1769227988.png" name="Compound Duration Value" refid="_18_4_62501eb_1475266690275_5798_21768"/><class classType="Class" humanType="Class" icon="ConceptLibrary_files/icon_class_1769227988.png" name="Concentration" refid="_18_1_3ba019e_1431028669594_711541_11337"/><class classType="Class" humanType="Class" icon="ConceptLibrary_files/icon_class_1769227988.png" name="Concentration (amount of substance)" refid="_18_1_3ba019e_1430921373251_640725_7531"/><class classType="Class" humanType="Class" icon="ConceptLibrary_files/icon_class_1769227988.png" name="Concentration (Mass)" refid="_18_1_3ba019e_1431028876833_832170_11390"/><class classType="Class" humanType="Class" icon="ConceptLibrary_files/icon_class_1769227988.png" name="Concentration (Volume)" refid="_18_1_3ba019e_1431028863241_578674_11367"/><class classType="Class" humanType="Class" icon="ConceptLibrary_files/icon_class_1769227988.png" name="Concentration Percent" refid="_18_1_3ba019e_1431029424417_314460_11518"/><class classType="Class" humanType="Class" icon="ConceptLibrary_files/icon_class_1769227988.png" name="Confidence" refid="_18_1_3ba019e_1446819813676_160274_8015"/><class classType="Class" humanType="Class" icon="ConceptLibrary_files/icon_class_1769227988.png" name="Confidence Metric" refid="_18_0_2_3ba019e_1423172402207_124957_12825"/><class classType="Class" humanType="Class" icon="ConceptLibrary_files/icon_class_1769227988.png" name="Contact Means" refid="_18_0_2_3ba019e_1423504731300_363973_6325"/><class classType="Class" humanType="Class" icon="ConceptLibrary_files/icon_class_1769227988.png" name="Coordinate" refid="_18_4_62501eb_1475189080876_138865_14222"/><class classType="Class" humanType="Class" icon="ConceptLibrary_files/icon_class_1769227988.png" name="Coulomb/kilogram (C/kg)." refid="_18_1_3ba019e_1431030229617_754114_11732"/><class classType="Class" humanType="Class" icon="ConceptLibrary_files/icon_class_1769227988.png" name="Count" refid="_17_0_5_1_7b3022e_1398808729938_982899_5400"/><class classType="Class" humanType="Class" icon="ConceptLibrary_files/icon_class_1769227988.png" name="Country ID" refid="_18_1_3ba019e_1444678651978_548474_29904"/><class classType="Class" humanType="Class" icon="ConceptLibrary_files/icon_class_1769227988.png" name="Cubic Feet" refid="_18_1_3ba019e_1431025740401_504439_10883"/><class classType="Class" humanType="Class" icon="ConceptLibrary_files/icon_class_1769227988.png" name="Cubic Inch" refid="_18_1_3ba019e_1431025731409_971805_10860"/><class classType="Class" humanType="Class" icon="ConceptLibrary_files/icon_class_1769227988.png" name="Cubic Meter" refid="_18_1_3ba019e_1431023625466_3505_10684"/><class classType="Class" humanType="Class" icon="ConceptLibrary_files/icon_class_1769227988.png" name="Cup (US)" refid="_18_1_3ba019e_1431033189786_913774_12458"/><class classType="Class" humanType="Class" icon="ConceptLibrary_files/icon_class_1769227988.png" name="Curie (Ci)" refid="_18_1_3ba019e_1431030131354_841409_11658"/><class classType="Class" humanType="Class" icon="ConceptLibrary_files/icon_class_1769227988.png" name="Currency" refid="_18_1_3ba019e_1431019326505_998315_9684"/><class classType="Class" humanType="Class" icon="ConceptLibrary_files/icon_class_1769227988.png" name="Currency Benefit Metric" refid="_18_0_2_3ba019e_1424893909996_145092_8594"/><class classType="Class" humanType="Class" icon="ConceptLibrary_files/icon_class_1769227988.png" name="CVE Identifier" refid="_18_1_3ba019e_1446996375917_366293_7390"/><class classType="Class" humanType="Class" icon="ConceptLibrary_files/icon_class_1769227988.png" name="CVSS Score" refid="_18_1_3ba019e_1446996386849_715907_7413"/><class classType="Class" humanType="Class" icon="ConceptLibrary_files/icon_class_1769227988.png" name="Date and Time" refid="_18_4_62501eb_1476302221078_868726_11690"/><class classType="Class" humanType="Class" icon="ConceptLibrary_files/icon_class_1769227988.png" name="Date Coordinate" refid="_18_4_62501eb_1476302157887_805158_11658"/><class classType="Class" humanType="Class" icon="ConceptLibrary_files/icon_class_1769227988.png" name="Date Time Coordinate (ISO 8601)" refid="_18_4_62501eb_1475959527421_127815_28918"/><class classType="Class" humanType="Class" icon="ConceptLibrary_files/icon_class_1769227988.png" name="Day" refid="_18_1_3ba019e_1431034309346_719627_12542"/><class classType="Class" humanType="Class" icon="ConceptLibrary_files/icon_class_1769227988.png" name="Definition" refid="_17_0_3_7b3022e_1331563466337_499795_1703"/><class classType="Class" humanType="Class" icon="ConceptLibrary_files/icon_class_1769227988.png" name="Degrees" refid="_18_1_3ba019e_1431358454840_530341_6220"/><class classType="Class" humanType="Class" icon="ConceptLibrary_files/icon_class_1769227988.png" name="Dose Equivalent (Radiation)" refid="_18_1_3ba019e_1430921657123_98549_7968"/><class classType="Class" humanType="Class" icon="ConceptLibrary_files/icon_class_1769227988.png" name="Duration" refid="_18_1_3ba019e_1430921227947_984438_7232"/><class classType="Class" humanType="Class" icon="ConceptLibrary_files/icon_class_1769227988.png" name="Electric Current" refid="_18_1_3ba019e_1430921233427_884951_7255"/><class classType="Class" humanType="Class" icon="ConceptLibrary_files/icon_class_1769227988.png" name="Electric Potential" refid="_18_1_3ba019e_1430921525460_568992_7761"/><class classType="Class" humanType="Class" icon="ConceptLibrary_files/icon_class_1769227988.png" name="Electronic Contact" refid="_18_0_2_3ba019e_1423504771908_681674_6374"/><class classType="Class" humanType="Class" icon="ConceptLibrary_files/icon_class_1769227988.png" name="Email Address" refid="_18_1_3ba019e_1444666743426_287272_28362"/><class classType="Class" humanType="Class" icon="ConceptLibrary_files/icon_class_1769227988.png" name="Energy" refid="_18_1_3ba019e_1430921491180_755150_7715"/><class classType="Class" humanType="Class" icon="ConceptLibrary_files/icon_class_1769227988.png" name="Fahrenheit" refid="_18_1_3ba019e_1431022858793_351537_10539"/><class classType="Class" humanType="Class" icon="ConceptLibrary_files/icon_class_1769227988.png" name="Financial Identifier" refid="_18_1_3ba019e_1445381144252_780490_31978"/><class classType="Class" humanType="Class" icon="ConceptLibrary_files/icon_class_1769227988.png" name="Fluid Ounce (US)" refid="_18_1_3ba019e_1431033135786_343439_12412"/><class classType="Class" humanType="Class" icon="ConceptLibrary_files/icon_class_1769227988.png" name="Foot" refid="_18_1_3ba019e_1431022577113_727442_10377"/><class classType="Class" humanType="Class" icon="ConceptLibrary_files/icon_class_1769227988.png" name="Force" refid="_18_1_3ba019e_1430921444163_58773_7600"/><class classType="Class" humanType="Class" icon="ConceptLibrary_files/icon_class_1769227988.png" name="Frequency" refid="_18_1_3ba019e_1430921461459_75533_7646"/><class classType="Class" humanType="Class" icon="ConceptLibrary_files/icon_class_1769227988.png" name="Gallon (Imperial)" refid="_18_1_3ba019e_1431031365401_296295_12003"/><class classType="Class" humanType="Class" icon="ConceptLibrary_files/icon_class_1769227988.png" name="Gallon (US)" refid="_18_1_3ba019e_1431031316410_228357_11972"/><class classType="Class" humanType="Class" icon="ConceptLibrary_files/icon_class_1769227988.png" name="Geopolitical ID" refid="_18_1_3ba019e_1444680910002_371858_30230"/><class classType="Class" humanType="Class" icon="ConceptLibrary_files/icon_class_1769227988.png" name="Gram" refid="_18_1_3ba019e_1431021840441_194748_10092"/><class classType="Class" humanType="Class" icon="ConceptLibrary_files/icon_class_1769227988.png" name="Gray (Gy)" refid="_18_1_3ba019e_1431030508498_177393_11860"/><class classType="Class" humanType="Class" icon="ConceptLibrary_files/icon_class_1769227988.png" name="Harm-Benefit Metric" refid="_18_0_2_3ba019e_1424893865987_445778_8567"/><class classType="Class" humanType="Class" icon="ConceptLibrary_files/icon_class_1769227988.png" name="Hertz" refid="_18_1_3ba019e_1431026207057_796488_10961"/><class classType="Class" humanType="Class" icon="ConceptLibrary_files/icon_class_1769227988.png" name="Horsepower" refid="_18_1_3ba019e_1431027694249_616811_11204"/><class classType="Class" humanType="Class" icon="ConceptLibrary_files/icon_class_1769227988.png" name="Hour" refid="_18_1_3ba019e_1431022446681_320053_10260"/><class classType="Class" humanType="Class" icon="ConceptLibrary_files/icon_class_1769227988.png" name="Identifier" refid="_18_3_62501eb_1473957033207_359286_6678"/><class classType="Class" humanType="Class" icon="ConceptLibrary_files/icon_class_1769227988.png" name="Inch" refid="_18_1_3ba019e_1431022566801_890983_10354"/><class classType="Class" humanType="Class" icon="ConceptLibrary_files/icon_class_1769227988.png" name="Internet Contact" refid="_18_0_2_3ba019e_1423504815270_458577_6418"/><class classType="Class" humanType="Class" icon="ConceptLibrary_files/icon_class_1769227988.png" name="IRI Identifier" refid="_18_0_2_3ba019e_1422741098513_270258_7050"/><class classType="Class" humanType="Class" icon="ConceptLibrary_files/icon_class_1769227988.png" name="Joule" refid="_18_1_3ba019e_1431026944065_383373_11079"/><class classType="Class" humanType="Class" icon="ConceptLibrary_files/icon_class_1769227988.png" name="Kelvin" refid="_18_1_3ba019e_1431020582969_571756_9912"/><class classType="Class" humanType="Class" icon="ConceptLibrary_files/icon_class_1769227988.png" name="Kg per cubic meter" refid="_18_1_3ba019e_1431028360409_713187_11272"/><class classType="Class" humanType="Class" icon="ConceptLibrary_files/icon_class_1769227988.png" name="Kilogram" refid="_18_1_3ba019e_1430922125667_924430_8804"/><class classType="Class" humanType="Class" icon="ConceptLibrary_files/icon_class_1769227988.png" name="Kilogram per cubic meter" refid="_18_1_3ba019e_1431029174841_672486_11456"/><class classType="Class" humanType="Class" icon="ConceptLibrary_files/icon_class_1769227988.png" name="Kilometer" refid="_18_1_3ba019e_1431020882593_265005_10000"/><class classType="Class" humanType="Class" icon="ConceptLibrary_files/icon_class_1769227988.png" name="Kilometer per Hour" refid="_18_1_3ba019e_1431025630825_945027_10787"/><class classType="Class" humanType="Class" icon="ConceptLibrary_files/icon_class_1769227988.png" name="Kilowatt hour" refid="_18_1_3ba019e_1431027107362_780605_11106"/><class classType="Class" humanType="Class" icon="ConceptLibrary_files/icon_class_1769227988.png" name="Length" refid="_18_1_3ba019e_1430921215851_886_7186"/><class classType="Class" humanType="Class" icon="ConceptLibrary_files/icon_class_1769227988.png" name="License Identifier" refid="_18_1_3ba019e_1445378996044_25100_31494"/><class classType="Class" humanType="Class" icon="ConceptLibrary_files/icon_class_1769227988.png" name="Liquid Volume" refid="_18_1_3ba019e_1431356296240_613233_6004"/><class classType="Class" humanType="Class" icon="ConceptLibrary_files/icon_class_1769227988.png" name="Local Identifier" refid="_18_1_3ba019e_1445953677179_188590_34109"/><class classType="Class" humanType="Class" icon="ConceptLibrary_files/icon_class_1769227988.png" name="Location ID" refid="_18_1_3ba019e_1444676165635_152746_29597"/><class classType="Class" humanType="Class" icon="ConceptLibrary_files/icon_class_412694050.png" name="Location Identifier" refid="_18_0_2_3ba019e_1423259594438_761654_6157"/><class classType="Class" humanType="Class" icon="ConceptLibrary_files/icon_class_1769227988.png" name="Luminosity" refid="_18_1_3ba019e_1430921260419_722918_7324"/><class classType="Class" humanType="Class" icon="ConceptLibrary_files/icon_class_1769227988.png" name="Managed Actor Identifier" refid="_18_1_3ba019e_1445378555683_218354_31314"/><class classType="Class" humanType="Class" icon="ConceptLibrary_files/icon_class_1769227988.png" name="Managed Item Identifier" refid="_18_1_3ba019e_1445524793462_813444_28126"/><class classType="Class" humanType="Class" icon="ConceptLibrary_files/icon_class_1769227988.png" name="Managed Person Identifier" refid="_18_1_3ba019e_1445378852596_586756_31366"/><class classType="Class" humanType="Class" icon="ConceptLibrary_files/icon_class_1769227988.png" name="Managed Social Agent Identifier" refid="_18_1_3ba019e_1445953410467_314795_34059"/><class classType="Class" humanType="Class" icon="ConceptLibrary_files/icon_class_1769227988.png" name="Mass" refid="_18_1_3ba019e_1430921223011_949063_7209"/><class classType="Class" humanType="Class" icon="ConceptLibrary_files/icon_class_1769227988.png" name="Mass Density" refid="_18_1_3ba019e_1430921333164_982488_7439"/><class classType="Class" humanType="Class" icon="ConceptLibrary_files/icon_class_1769227988.png" name="Metadata" refid="_18_4_62501eb_1474741123796_178028_21907"/><class classType="Class" humanType="Class" icon="ConceptLibrary_files/icon_class_1769227988.png" name="Meter" refid="_18_1_3ba019e_1430934468925_777866_9157"/><class classType="Class" humanType="Class" icon="ConceptLibrary_files/icon_class_1769227988.png" name="Meter per second squared" refid="_18_1_3ba019e_1431023641257_447594_10710"/><class classType="Class" humanType="Class" icon="ConceptLibrary_files/icon_class_1769227988.png" name="Metric" refid="_17_0_5_1_3ba019e_1407440505391_715735_5650"/><class classType="Class" humanType="Class" icon="ConceptLibrary_files/icon_class_1769227988.png" name="Mile" refid="_18_1_3ba019e_1431022587433_710958_10423"/><class classType="Class" humanType="Class" icon="ConceptLibrary_files/icon_class_1769227988.png" name="Miles per Hour" refid="_18_1_3ba019e_1431025670585_367164_10810"/><class classType="Class" humanType="Class" icon="ConceptLibrary_files/icon_class_1769227988.png" name="Millimeter" refid="_18_1_3ba019e_1431020900553_569359_10023"/><class classType="Class" humanType="Class" icon="ConceptLibrary_files/icon_class_1769227988.png" name="Millisecond" refid="_18_1_3ba019e_1431022481025_905381_10308"/><class classType="Class" humanType="Class" icon="ConceptLibrary_files/icon_class_1769227988.png" name="Minute" refid="_18_1_3ba019e_1431025429706_27129_10742"/><class classType="Class" humanType="Class" icon="ConceptLibrary_files/icon_class_1769227988.png" name="Mole" refid="_18_1_3ba019e_1431020570385_599438_9889"/><class classType="Class" humanType="Class" icon="ConceptLibrary_files/icon_class_1769227988.png" name="Mole Per Cubic Meter" refid="_18_1_3ba019e_1431028538762_383458_11305"/><class classType="Class" humanType="Class" icon="ConceptLibrary_files/icon_class_1769227988.png" name="Month" refid="_18_4_62501eb_1475264675195_77021_21586"/><class classType="Class" humanType="Class" icon="ConceptLibrary_files/icon_class_1769227988.png" name="Name" refid="_18_0_2_3ba019e_1423262542868_352404_6525"/><class classType="Class" humanType="Class" icon="ConceptLibrary_files/icon_class_1769227988.png" name="Network Identifier" refid="_18_4_62501eb_1476476712476_337360_69878"/><class classType="Class" humanType="Class" icon="ConceptLibrary_files/icon_class_1769227988.png" name="Newton" refid="_18_1_3ba019e_1431026084297_235111_10931"/><class classType="Class" humanType="Class" icon="ConceptLibrary_files/icon_class_1769227988.png" name="OSVDB Identifier" refid="_18_1_3ba019e_1446996636309_566873_7472"/><class classType="Class" humanType="Class" icon="ConceptLibrary_files/icon_class_1769227988.png" name="Ounce-Mass  (US)" refid="_18_1_3ba019e_1431021961992_45796_10164"/><class classType="Class" humanType="Class" icon="ConceptLibrary_files/icon_class_1769227988.png" name="Pascal" refid="_18_1_3ba019e_1431026673569_773178_11017"/><class classType="Class" humanType="Class" icon="ConceptLibrary_files/icon_class_1769227988.png" name="Passport Identifier" refid="_18_1_3ba019e_1445378986491_158664_31471"/><class classType="Class" humanType="Class" icon="ConceptLibrary_files/icon_class_1769227988.png" name="Person Name" refid="_18_0_2_3ba019e_1423863383654_854747_10155"/><class classType="Class" humanType="Class" icon="ConceptLibrary_files/icon_class_1769227988.png" name="Person Structured Name" refid="_18_0_2_3ba019e_1423863798956_328340_10406"/><class classType="Class" humanType="Class" icon="ConceptLibrary_files/icon_class_1769227988.png" name="Physical Quantity" refid="_18_1_3ba019e_1430921132618_389131_7139"/><class classType="Class" humanType="Class" icon="ConceptLibrary_files/icon_class_1769227988.png" name="Pint (US)" refid="_18_1_3ba019e_1431033131161_557142_12389"/><class classType="Class" humanType="Class" icon="ConceptLibrary_files/icon_class_1769227988.png" name="Point On Earth" refid="_18_0_2_3ba019e_1423761090008_716587_5905"/><class classType="Class" humanType="Class" icon="ConceptLibrary_files/icon_class_1769227988.png" name="Postal Address" refid="_18_0_2_3ba019e_1423259833693_720406_6252"/><class classType="Class" humanType="Class" icon="ConceptLibrary_files/icon_class_1769227988.png" name="Postal Address Structured" refid="_18_1_3ba019e_1444750306985_197639_26935"/><class classType="Class" humanType="Class" icon="ConceptLibrary_files/icon_class_1769227988.png" name="Postal Address Text" refid="_18_1_3ba019e_1444750457057_83421_26969"/><class classType="Class" humanType="Class" icon="ConceptLibrary_files/icon_class_1769227988.png" name="Postal Code" refid="_18_1_3ba019e_1444680678642_96565_30203"/><class classType="Class" humanType="Class" icon="ConceptLibrary_files/icon_class_1769227988.png" name="Pound-Force" refid="_18_1_3ba019e_1431355753162_225126_5962"/><class classType="Class" humanType="Class" icon="ConceptLibrary_files/icon_class_1769227988.png" name="Pound-Mass (Imperial)" refid="_18_1_3ba019e_1431021952065_307825_10141"/><class classType="Class" humanType="Class" icon="ConceptLibrary_files/icon_class_1769227988.png" name="Pound-Mass (US lb)" refid="_18_1_3ba019e_1431021944282_914948_10118"/><class classType="Class" humanType="Class" icon="ConceptLibrary_files/icon_class_1769227988.png" name="Power" refid="_18_1_3ba019e_1430921506315_42042_7738"/><class classType="Class" humanType="Class" icon="ConceptLibrary_files/icon_class_1769227988.png" name="Prefix" refid="_18_2_62501eb_1463088782969_932810_6473"/><class classType="Class" humanType="Class" icon="ConceptLibrary_files/icon_class_1769227988.png" name="Pressure" refid="_18_1_3ba019e_1430921449435_132139_7623"/><class classType="Class" humanType="Class" icon="ConceptLibrary_files/icon_class_1769227988.png" name="Private Network Contact" refid="_18_1_3ba019e_1444755259369_65233_27798"/><class classType="Class" humanType="Class" icon="ConceptLibrary_files/icon_class_1769227988.png" name="Probability Metric" refid="_17_0_5_1_7b3022e_1398808729920_445056_5379"/><class classType="Class" humanType="Class" icon="ConceptLibrary_files/icon_class_1769227988.png" name="PSI" refid="_18_1_3ba019e_1431026684930_273123_11043"/><class classType="Class" humanType="Class" icon="ConceptLibrary_files/icon_class_1769227988.png" name="Quart (US)" refid="_18_1_3ba019e_1431033124514_155807_12366"/><class classType="Class" humanType="Class" icon="ConceptLibrary_files/icon_class_1769227988.png" name="Radians" refid="_18_1_3ba019e_1431358468624_949126_6243"/><class classType="Class" humanType="Class" icon="ConceptLibrary_files/icon_class_1769227988.png" name="Radiation Absorbed Dose (rad)" refid="_18_1_3ba019e_1431030489737_849433_11834"/><class classType="Class" humanType="Class" icon="ConceptLibrary_files/icon_class_1769227988.png" name="Radiation Exposure" refid="_18_1_3ba019e_1431030193881_475253_11686"/><class classType="Class" humanType="Class" icon="ConceptLibrary_files/icon_class_1769227988.png" name="Radio Contact" refid="_18_1_3ba019e_1444754735890_728081_27722"/><class classType="Class" humanType="Class" icon="ConceptLibrary_files/icon_class_1769227988.png" name="Radioactivity" refid="_18_1_3ba019e_1431030120995_70043_11635"/><class classType="Class" humanType="Class" icon="ConceptLibrary_files/icon_class_1769227988.png" name="Regional Identifier" refid="_18_1_3ba019e_1445378966964_366795_31448"/><class classType="Class" humanType="Class" icon="ConceptLibrary_files/icon_class_1769227988.png" name="Relative Coordinate" refid="_18_1_3ba019e_1431358296296_975340_6140"/><class classType="Class" humanType="Class" icon="ConceptLibrary_files/icon_class_1769227988.png" name="Roentgen (R)" refid="_18_1_3ba019e_1431030204258_633072_11709"/><class classType="Class" humanType="Class" icon="ConceptLibrary_files/icon_class_1769227988.png" name="Roentgen Equivalent Man (REM)" refid="_18_1_3ba019e_1431029932409_643564_11570"/><class classType="Class" humanType="Class" icon="ConceptLibrary_files/icon_class_412694050.png" name="Scalar Duration Value" refid="_18_4_62501eb_1475266575539_846251_21741"/><class classType="Class" humanType="Class" icon="ConceptLibrary_files/icon_class_412694050.png" name="Scalar Quantity" refid="_18_4_62501eb_1478197947232_917614_21763"/><class classType="Class" humanType="Class" icon="ConceptLibrary_files/icon_class_1769227988.png" name="Second" refid="_18_1_3ba019e_1430934683316_579173_9199"/><class classType="Class" humanType="Class" icon="ConceptLibrary_files/icon_class_1769227988.png" name="Serial Number" refid="_18_4_62501eb_1477150751150_133579_62367"/><class classType="Class" humanType="Class" icon="ConceptLibrary_files/icon_class_1769227988.png" name="Sievert (Sv)," refid="_18_1_3ba019e_1431029953274_716023_11593"/><class classType="Class" humanType="Class" icon="ConceptLibrary_files/icon_class_1769227988.png" name="Social Network Contact" refid="_18_1_3ba019e_1444752665425_608684_27240"/><class classType="Class" humanType="Class" icon="ConceptLibrary_files/icon_class_1769227988.png" name="Social Security Number" refid="_18_1_3ba019e_1445378953387_298969_31425"/><class classType="Class" humanType="Class" icon="ConceptLibrary_files/icon_class_1769227988.png" name="Spacial Coordinate" refid="_18_0_2_3ba019e_1423259844565_942266_6274"/><class classType="Class" humanType="Class" icon="ConceptLibrary_files/icon_class_1769227988.png" name="Speech Act" refid="_18_4_62501eb_1474741123791_56035_21891"/><class classType="Class" humanType="Class" icon="ConceptLibrary_files/icon_class_1769227988.png" name="Speed" refid="_18_1_3ba019e_1431019806517_112377_9786"/><class classType="Class" humanType="Class" icon="ConceptLibrary_files/icon_class_1769227988.png" name="Square Feet" refid="_18_1_3ba019e_1431030692699_580748_11914"/><class classType="Class" humanType="Class" icon="ConceptLibrary_files/icon_class_1769227988.png" name="Square Meter" refid="_18_1_3ba019e_1431023601665_648389_10658"/><class classType="Class" humanType="Class" icon="ConceptLibrary_files/icon_class_1769227988.png" name="Structured Value" refid="_18_4_62501eb_1474479108342_464835_9670"/><class classType="Class" humanType="Class" icon="ConceptLibrary_files/icon_class_1769227988.png" name="Tax Authority Identifier" refid="_18_1_3ba019e_1445953736738_19283_34133"/><class classType="Class" humanType="Class" icon="ConceptLibrary_files/icon_class_1769227988.png" name="Technical Identifier" refid="_18_1_3ba019e_1444837219949_281482_7357"/><class classType="Class" humanType="Class" icon="ConceptLibrary_files/icon_class_1769227988.png" name="Telephone Area Code" refid="_18_1_3ba019e_1444678708650_542610_29930"/><class classType="Class" humanType="Class" icon="ConceptLibrary_files/icon_class_1769227988.png" name="Telephone Country Code" refid="_18_1_3ba019e_1444689666090_557953_30963"/><class classType="Class" humanType="Class" icon="ConceptLibrary_files/icon_class_1769227988.png" name="Telephone Number" refid="_18_1_3ba019e_1444666537890_154174_28286"/><class classType="Class" humanType="Class" icon="ConceptLibrary_files/icon_class_1769227988.png" name="Telephone Number Structured" refid="_18_1_3ba019e_1444668511826_192955_28677"/><class classType="Class" humanType="Class" icon="ConceptLibrary_files/icon_class_1769227988.png" name="Telephone Number Text" refid="_18_1_3ba019e_1444668501586_915312_28654"/><class classType="Class" humanType="Class" icon="ConceptLibrary_files/icon_class_1769227988.png" name="Temperature" refid="_18_1_3ba019e_1430921240692_639948_7278"/><class classType="Class" humanType="Class" icon="ConceptLibrary_files/icon_class_1769227988.png" name="Term" refid="_17_0_3_7b3022e_1331239070063_157887_4961"/><class classType="Class" humanType="Class" icon="ConceptLibrary_files/icon_class_1769227988.png" name="Text Identifier" refid="_18_1_3ba019e_1444677912858_905143_29809"/><class classType="Class" humanType="Class" icon="ConceptLibrary_files/icon_class_1769227988.png" name="Threat Likelihood" refid="_18_2_62501eb_1457709098801_826044_8026"/><class classType="Class" humanType="Class" icon="ConceptLibrary_files/icon_class_1769227988.png" name="Time Coordinate" refid="_18_4_62501eb_1476394883164_863943_53567"/><class classType="Class" humanType="Class" icon="ConceptLibrary_files/icon_class_1769227988.png" name="Time Coordinate" refid="_17_0_5_1_7b3022e_1398808729838_576574_5225"/><class classType="Class" humanType="Class" icon="ConceptLibrary_files/icon_class_412694050.png" name="Unique Identifier" refid="_18_0_2_3ba019e_1422740871441_895063_7013"/><class classType="Class" humanType="Class" icon="ConceptLibrary_files/icon_class_1769227988.png" name="Unique Text Identifier" refid="_18_2_62501eb_1460145109270_32560_15064"/><class classType="Class" humanType="Class" icon="ConceptLibrary_files/icon_class_412694050.png" name="Unit Value" refid="_17_0_5_1_7b3022e_1398808729954_908705_5420"/><class classType="Class" humanType="Class" icon="ConceptLibrary_files/icon_class_1769227988.png" name="Volt" refid="_18_1_3ba019e_1431027351346_955245_11143"/><class classType="Class" humanType="Class" icon="ConceptLibrary_files/icon_class_1769227988.png" name="Volume" refid="_18_1_3ba019e_1430921303172_82365_7370"/><class classType="Class" humanType="Class" icon="ConceptLibrary_files/icon_class_1769227988.png" name="Vulnerability Identifier" refid="_18_2_62501eb_1457030317338_284671_12066"/><class classType="Class" humanType="Class" icon="ConceptLibrary_files/icon_class_1769227988.png" name="Vulnerability Metric" refid="_18_2_62501eb_1461002676691_500926_10758"/><class classType="Class" humanType="Class" icon="ConceptLibrary_files/icon_class_1769227988.png" name="Watt" refid="_18_1_3ba019e_1431027675234_103764_11178"/><class classType="Class" humanType="Class" icon="ConceptLibrary_files/icon_class_1769227988.png" name="Website Contact" refid="_18_1_3ba019e_1444931692303_488182_27360"/><class classType="Class" humanType="Class" icon="ConceptLibrary_files/icon_class_1769227988.png" name="World Geodetic System" refid="_18_0_2_3ba019e_1423761106122_241607_5927"/><class classType="Class" humanType="Class" icon="ConceptLibrary_files/icon_class_1769227988.png" name="XSD Date" refid="_18_4_62501eb_1479671537884_356723_12909"/><class classType="Class" humanType="Class" icon="ConceptLibrary_files/icon_class_1769227988.png" name="XSD Date Time" refid="_18_4_62501eb_1479671414532_14127_12790"/><class classType="Class" humanType="Class" icon="ConceptLibrary_files/icon_class_1769227988.png" name="XSD Time" refid="_18_4_62501eb_1479671509107_968281_12871"/><class classType="Class" humanType="Class" icon="ConceptLibrary_files/icon_class_1769227988.png" name="Yard" refid="_18_1_3ba019e_1431022582833_336958_10400"/><class classType="Class" humanType="Class" icon="ConceptLibrary_files/icon_class_1769227988.png" name="Year" refid="_18_1_3ba019e_1431022463473_218919_10284"/></allSpecificClassifiers><APPLIED_STEREOTYPES humanName="Applied Stereotype" mode="s,e"><stereotype classType="Stereotype" humanType="Stereotype" icon="ConceptLibrary_files/icon_stereotype_643587433.png" name="HyperlinkOwner" refid="_9_0_be00301_1108044563999_784946_1"/></APPLIED_STEREOTYPES><appliedStereotype humanName="Applied Stereotype" mode="s,e"><stereotype classType="Stereotype" humanType="Stereotype" icon="ConceptLibrary_files/icon_stereotype_643587433.png" name="HyperlinkOwner" refid="_9_0_be00301_1108044563999_784946_1"><property classType="Property" humanType="Property" icon="ConceptLibrary_files/icon_property_736527975.png" name="base_Element" refid="_10_0EAPbeta_be00301_1123081772148_910751_285"/><property classType="Property" humanType="Property" icon="ConceptLibrary_files/icon_property_736527975.png" name="base_Element" refid="_10_0EAPbeta_be00301_1123081772098_411862_275"/><property classType="Property" humanName="Element/Symbol" humanType="Property" icon="ConceptLibrary_files/icon_property_736527975.png" name="hyperlinkModel" refid="_622020d_1063089736320_890266_3"><diagram classType="Diagram" humanType="Diagram" icon="ConceptLibrary_files/icon_Class Diagram_505751443.png" name="Values" refid="_17_0_3_7b3022e_1331181493475_379852_2791"/></property><property classType="Property" humanName="Active Hyperlink" humanType="Property" icon="ConceptLibrary_files/icon_property_736527975.png" name="hyperlinkModelActive" refid="_622020d_1063089736320_73815_4"><diagram classType="Diagram" humanType="Diagram" icon="ConceptLibrary_files/icon_Class Diagram_505751443.png" name="Values" refid="_17_0_3_7b3022e_1331181493475_379852_2791"/></property><property classType="Property" humanName="File/WEB_PAGE" humanType="Property" icon="ConceptLibrary_files/icon_property_736527975.png" name="hyperlinkText" refid="_622020d_1063089736310_884303_1"/><property classType="Property" humanName="Active Hyperlink" humanType="Property" icon="ConceptLibrary_files/icon_property_736527975.png" name="hyperlinkTextActive" refid="_622020d_1063089736310_68488_2"/></stereotype></appliedStereotype><appliedStereotypeInstance classType="InstanceSpecification" humanName="Applied Stereotype Instance" humanType="Instance Specification" icon="ConceptLibrary_files/icon_instancespecification_1746117425.png" name=" : UML Standard Profile::MagicDraw Profile::HyperlinkOwner" refid="_18_4_62501eb_1474912436609_158113_18254"/><clientDependency humanName="Client Dependency"><dependency classType="Dependency" humanType="Dependency" icon="ConceptLibrary_files/icon_dependency_866529530.png" isRelationship="true" name="Dependency[SMIF Conceptual Model::Values::Value -&gt; SMIF Conceptual Model::Top level::Entity]" refid="_18_4_62501eb_1474823457676_471974_38128"/></clientDependency><documentation humanName="Documentation">A Value is an atomic. immutable piece of information without a specific lifetime or identity independent of the value. Values include numbers, strings and other atomic "primitive" data. Values also include structured values, which are immutable.

In UML values may be defined by the name of an instance specification with a value type.

[IDEAS] Representation: A SignType where all the individual Signs are intended to signify the same Thing.

[ISO11404] The identification of members of a datatype family, subtypes of a datatype, and the resulting datatypes of datatype generators may require the syntactic designation of specific values of a datatype.

[OWL] data values</documentation><documentation humanName="Documentation" mode="standard">A Value is an atomic. immutable piece of information without a specific lifetime or identity independent of the value. Values include numbers, strings and other atomic "primitive" data. Values also include structured values, which are immutable.

In UML values may be defined by the name of an instance specification with a value type.

[IDEAS] Representation: A SignType where all the individual Signs are intended to signify the same Thing.

[ISO11404] The identification of members of a datatype family, subtypes of a datatype, and the resulting datatypes of datatype generators may require the syntactic designation of specific values of a datatype.

[OWL] data values</documentation><effectiveIRI humanName="Effective IRI">https://www.omg.org/spec/SMIF/Values#Value</effectiveIRI><generalization humanName="Generalization"><generalization classType="Generalization" humanType="Generalization" icon="ConceptLibrary_files/icon_generalization_212232499.png" isRelationship="true" refid="_18_2_3ba019e_1449495831767_763275_4720"/></generalization><inheritedMember humanName="Inherited Member"><diagram classType="Diagram" humanType="Diagram" icon="ConceptLibrary_files/icon_Class Diagram_505751443.png" name="Thing Detail" refid="_18_4_62501eb_1474827775223_682407_38836"/></inheritedMember><isAbstract humanName="Is Abstract" mode="s,e">false</isAbstract><isActive humanName="Is Active" mode="s,e">false</isActive><isFinalSpecialization humanName="Is Final Specialization" mode="e">false</isFinalSpecialization><isLeaf humanName="Is Leaf" mode="e">false</isLeaf><member humanName="Member"><diagram classType="Diagram" humanType="Diagram" icon="ConceptLibrary_files/icon_Class Diagram_505751443.png" name="Thing Detail" refid="_18_4_62501eb_1474827775223_682407_38836"/></member><name humanName="Name" mode="s,e">Value</name><namespace classType="Package" humanName="Namespace" humanType="Package" icon="ConceptLibrary_files/icon_package_467146800.png" name="Values" refid="_17_0_3_7b3022e_1331220249743_973130_3512"/><ownedComment humanName="Owned Comment"><comment classType="Comment" humanType="Comment" icon="ConceptLibrary_files/icon_comment_1609735765.png" refid="_18_0_2_3ba019e_1422752888344_580485_8750"/></ownedComment><ownedElement humanName="Owned Element"><generalization classType="Generalization" humanType="Generalization" icon="ConceptLibrary_files/icon_generalization_212232499.png" isRelationship="true" refid="_18_2_3ba019e_1449495831767_763275_4720"/><comment classType="Comment" humanType="Comment" icon="ConceptLibrary_files/icon_comment_1609735765.png" refid="_18_0_2_3ba019e_1422752888344_580485_8750"/><instancespecification classType="InstanceSpecification" humanType="Instance Specification" icon="ConceptLibrary_files/icon_instancespecification_1746117425.png" name=" : UML Standard Profile::MagicDraw Profile::HyperlinkOwner" refid="_18_4_62501eb_1474912436609_158113_18254"/></ownedElement><owner classType="Package" humanName="Owner" humanType="Package" icon="ConceptLibrary_files/icon_package_467146800.png" mode="s,e" name="Values" refid="_17_0_3_7b3022e_1331220249743_973130_3512"/><owningPackage classType="Package" humanName="Owning Package" humanType="Package" icon="ConceptLibrary_files/icon_package_467146800.png" name="Values" refid="_17_0_3_7b3022e_1331220249743_973130_3512"/><package classType="Package" humanName="Package" humanType="Package" icon="ConceptLibrary_files/icon_package_467146800.png" name="Values" refid="_17_0_3_7b3022e_1331220249743_973130_3512"/><qualifiedName humanName="Qualified Name" mode="e">SMIF Conceptual Model::Values::Value</qualifiedName><realizingElement humanName="Realizing Element"><datatype classType="DataType" humanType="Data Type" icon="ConceptLibrary_files/icon_datatype_842422776.png" name="Data Value" refid="_18_2_62501eb_1463848512948_128226_8321"/></realizingElement><specificClassifier humanName="Specific Classifier"><class classType="Class" humanType="Class" icon="ConceptLibrary_files/icon_class_1769227988.png" name="Structured Value" refid="_18_4_62501eb_1474479108342_464835_9670"/></specificClassifier><superClass humanName="Super Class"><class classType="Class" humanType="Class" icon="ConceptLibrary_files/icon_class_412694050.png" name="Thing" refid="_17_0_3_7b3022e_1331313031781_359355_5487"/></superClass><supplierDependency humanName="Supplier Dependency"><dependency classType="Dependency" humanType="Dependency" icon="ConceptLibrary_files/icon_dependency_866529530.png" isRelationship="true" name="Dependency[SMIF Conceptual Model::Values::Data Value -&gt; SMIF Conceptual Model::Values::Value]" refid="_18_2_62501eb_1463848575316_491965_8344"/><realization classType="Realization" humanType="Realization" icon="ConceptLibrary_files/icon_realization_1186657657.png" isRelationship="true" name="Realization[SMIF Conceptual Model::Values::Data Value -&gt; SMIF Conceptual Model::Values::Value]" refid="_18_4_62501eb_1474841832907_824522_21007"/></supplierDependency><TO_DO humanName="To Do" mode="s,e"/><visibility humanName="Visibility" mode="e">public</visibility><appearsIn><diagram classType="Diagram" humanType="Diagram" icon="ConceptLibrary_files/icon_Generic Table_1568169108.png" name="Concept Library Classes" refid="_18_4_1_62501eb_1495298309386_966735_15952"/><diagram classType="Diagram" humanType="Diagram" icon="ConceptLibrary_files/icon_Class Diagram_505751443.png" name="Foundation" refid="_18_4_1_62501eb_1495296229925_256240_9842"/><diagram classType="Diagram" humanType="Diagram" icon="ConceptLibrary_files/icon_Class Diagram_505751443.png" name="Identifiable Entity" refid="_17_0_5_1_7b3022e_1396735576265_81331_7754"/><diagram classType="Diagram" humanType="Diagram" icon="ConceptLibrary_files/icon_Class Diagram_505751443.png" name="Values" refid="_17_0_3_7b3022e_1331181493475_379852_2791"/><diagram classType="Diagram" humanType="Diagram" icon="ConceptLibrary_files/icon_Class Diagram_505751443.png" name="Identifiers" refid="_18_0_2_3ba019e_1423259300047_576440_5597"/><diagram classType="Diagram" humanType="Diagram" icon="ConceptLibrary_files/icon_Class Diagram_505751443.png" name="Quantities and units" refid="_17_0_5_1_7b3022e_1396735445040_264138_7682"/><diagram classType="Diagram" humanType="Diagram" icon="ConceptLibrary_files/icon_Class Diagram_505751443.png" name="Values Only" refid="_18_4_1_62501eb_1508263551387_52304_7448"/><diagram classType="Diagram" humanType="Diagram" icon="ConceptLibrary_files/icon_Class Diagram_505751443.png" name="Thing Detail" refid="_18_4_62501eb_1474827775223_682407_38836"/><diagram classType="Diagram" humanType="Diagram" icon="ConceptLibrary_files/icon_Class Diagram_505751443.png" name="Top Level" refid="_18_0_2_3ba019e_1422734538801_90289_5920"/><diagram classType="Diagram" humanType="Diagram" icon="ConceptLibrary_files/icon_Generic Table_1568169108.png" name="SMIF Classes" refid="_18_0_2_3ba019e_1422752494092_767389_8106"/><diagram classType="Diagram" humanType="Diagram" icon="ConceptLibrary_files/icon_Class Diagram_505751443.png" name="Identifier Summary" refid="_18_4_1_62501eb_1498748376533_334524_6581"/></appearsIn></class></magicdraw>