<?xml version="1.0" encoding="UTF-8"?><magicdraw><literalunlimitednatural classType="LiteralUnlimitedNatural" humanType="Literal Unlimited Natural" icon="ConceptLibrary_files/icon_literalunlimitednatural_1122090209.png" id="_18_0_2_3ba019e_1422740337119_137898_7001"><documentation humanName="Documentation"/><name humanName="Name"/><owner classType="Property" humanName="Owner" humanType="Property" icon="ConceptLibrary_files/icon_property_736527975.png" mode="e" name="has preferred" refid="_18_0_2_3ba019e_1422740298689_715472_6972"/><owningUpper classType="Property" humanName="Owning Upper" humanType="Property" icon="ConceptLibrary_files/icon_property_736527975.png" name="has preferred" refid="_18_0_2_3ba019e_1422740298689_715472_6972"/><qualifiedName humanName="Qualified Name">SMIF Conceptual Model::Identifiers::Prefered Identification::has preferred::</qualifiedName><text humanName="Text" mode="standard">1</text><TO_DO humanName="To Do"/><TYPE_MODIFIER humanName="Type Modifier"/><value humanName="Value" mode="s,e">1</value><visibility humanName="Visibility">public</visibility></literalunlimitednatural></magicdraw>