<?xml version="1.0" encoding="UTF-8"?><magicdraw><class classType="Class" humanType="Class" icon="ConceptLibrary_files/icon_class_1769227988.png" id="_18_0_2_3ba019e_1422746005897_267910_7507"><allGeneralClassifiers humanName="All General Classifiers"><class classType="Class" humanType="Class" icon="ConceptLibrary_files/icon_class_412694050.png" name="Context" refid="_17_0_3_7b3022e_1331164829050_871772_2449"/><class classType="Class" humanType="Class" icon="ConceptLibrary_files/icon_class_1769227988.png" name="Entity" refid="_17_0_3_7b3022e_1331156499953_68666_1704"/><class classType="Class" humanType="Class" icon="ConceptLibrary_files/icon_class_1769227988.png" name="Lexical Context" refid="_17_0_4_1_7b3022e_1387036440058_58622_4050"/><class classType="Class" humanType="Class" icon="ConceptLibrary_files/icon_class_1769227988.png" name="Lexical Scope" refid="_18_4_1_62501eb_1502394944731_837726_9021"/><class classType="Class" humanType="Class" icon="ConceptLibrary_files/icon_class_412694050.png" name="Proposition" refid="_18_2_62501eb_1462460603792_169037_6216"/><class classType="Class" humanType="Class" icon="ConceptLibrary_files/icon_class_1769227988.png" name="Scoped Context" refid="_18_5_3_62501eb_1527086128974_510931_15787"/><class classType="Class" humanType="Class" icon="ConceptLibrary_files/icon_class_412694050.png" name="Thing" refid="_17_0_3_7b3022e_1331313031781_359355_5487"/><class classType="Class" humanType="Class" icon="ConceptLibrary_files/icon_class_412694050.png" name="Type" refid="_17_0_3_7b3022e_1331156699146_272050_1846"/></allGeneralClassifiers><allSpecificClassifiers humanName="All Specific Classifiers"><class classType="Class" humanType="Class" icon="ConceptLibrary_files/icon_class_1769227988.png" name="Category Type" refid="_18_4_62501eb_1480627135838_502421_7359"/><class classType="Class" humanType="Class" icon="ConceptLibrary_files/icon_class_1769227988.png" name="Phase Type" refid="_17_0_4_1_7b3022e_1389479262852_199293_3996"/><class classType="Class" humanType="Class" icon="ConceptLibrary_files/icon_class_1769227988.png" name="Role Type" refid="_17_0_4_1_7b3022e_1389191958859_78146_8140"/></allSpecificClassifiers><APPLIED_STEREOTYPES humanName="Applied Stereotype" mode="s,e"><stereotype classType="Stereotype" humanType="Stereotype" icon="ConceptLibrary_files/icon_stereotype_643587433.png" name="HyperlinkOwner" refid="_9_0_be00301_1108044563999_784946_1"/></APPLIED_STEREOTYPES><appliedStereotype humanName="Applied Stereotype" mode="s,e"><stereotype classType="Stereotype" humanType="Stereotype" icon="ConceptLibrary_files/icon_stereotype_643587433.png" name="HyperlinkOwner" refid="_9_0_be00301_1108044563999_784946_1"><property classType="Property" humanType="Property" icon="ConceptLibrary_files/icon_property_736527975.png" name="base_Element" refid="_10_0EAPbeta_be00301_1123081772148_910751_285"/><property classType="Property" humanType="Property" icon="ConceptLibrary_files/icon_property_736527975.png" name="base_Element" refid="_10_0EAPbeta_be00301_1123081772098_411862_275"/><property classType="Property" humanName="Element/Symbol" humanType="Property" icon="ConceptLibrary_files/icon_property_736527975.png" name="hyperlinkModel" refid="_622020d_1063089736320_890266_3"><diagram classType="Diagram" humanType="Diagram" icon="ConceptLibrary_files/icon_Class Diagram_505751443.png" name="Facets" refid="_18_4_62501eb_1476295530336_940590_6866"/></property><property classType="Property" humanName="Active Hyperlink" humanType="Property" icon="ConceptLibrary_files/icon_property_736527975.png" name="hyperlinkModelActive" refid="_622020d_1063089736320_73815_4"><diagram classType="Diagram" humanType="Diagram" icon="ConceptLibrary_files/icon_Class Diagram_505751443.png" name="Facets" refid="_18_4_62501eb_1476295530336_940590_6866"/></property><property classType="Property" humanName="File/WEB_PAGE" humanType="Property" icon="ConceptLibrary_files/icon_property_736527975.png" name="hyperlinkText" refid="_622020d_1063089736310_884303_1"/><property classType="Property" humanName="Active Hyperlink" humanType="Property" icon="ConceptLibrary_files/icon_property_736527975.png" name="hyperlinkTextActive" refid="_622020d_1063089736310_68488_2"/></stereotype></appliedStereotype><appliedStereotypeInstance classType="InstanceSpecification" humanName="Applied Stereotype Instance" humanType="Instance Specification" icon="ConceptLibrary_files/icon_instancespecification_1746117425.png" name=" : UML Standard Profile::MagicDraw Profile::HyperlinkOwner" refid="_18_4_62501eb_1476296437510_614505_8022"/><documentation humanName="Documentation">A facet is a "mix in" type that defines an aspect of something but does not define the identity or "fundamental" (A.K.A. "Rigid") type of that thing, but some potentially transient role, phase or other way to classify it. Something must have at least one type that is not a facet to define that things identity.
Facets do not define independent identity of the referent but technology implementations may create independent objects to represent a facet.
An instance of a facet must also have a type that is not a facet to provide the identity of the instance.
The type(s) a facet may categorize may be constrained by a Facet Generalization Constraint. E.g. Policeman is a role of a person.

[Guarino1994] Non-Substantial sortal
[Guizzard] Non-Rigid Universal: A universal G is non-rigid iff for a w ∈ W There is an x such that x ∈ extw(G), and there is a w&#146;∈ W such that x ∉extw&#146;(G)

[SOWA1999] Prehension (Relative</documentation><documentation humanName="Documentation" mode="standard">A facet is a "mix in" type that defines an aspect of something but does not define the identity or "fundamental" (A.K.A. "Rigid") type of that thing, but some potentially transient role, phase or other way to classify it. Something must have at least one type that is not a facet to define that things identity.
Facets do not define independent identity of the referent but technology implementations may create independent objects to represent a facet.
An instance of a facet must also have a type that is not a facet to provide the identity of the instance.
The type(s) a facet may categorize may be constrained by a Facet Generalization Constraint. E.g. Policeman is a role of a person.

[Guarino1994] Non-Substantial sortal
[Guizzard] Non-Rigid Universal: A universal G is non-rigid iff for a w ∈ W There is an x such that x ∈ extw(G), and there is a w&#146;∈ W such that x ∉extw&#146;(G)

[SOWA1999] Prehension (Relative</documentation><effectiveIRI humanName="Effective IRI">https://www.omg.org/spec/SMIF/Facets#FacetType</effectiveIRI><generalization humanName="Generalization"><generalization classType="Generalization" humanType="Generalization" icon="ConceptLibrary_files/icon_generalization_212232499.png" isRelationship="true" refid="_18_0_2_3ba019e_1422746034825_438932_7534"/></generalization><inheritedMember humanName="Inherited Member"><diagram classType="Diagram" humanType="Diagram" icon="ConceptLibrary_files/icon_Class Diagram_505751443.png" name="Context Detail" refid="_18_1_3ba019e_1430749149449_614203_5109"/><property classType="Property" humanType="Property" icon="ConceptLibrary_files/icon_property_736527975.png" name="justifies subtype" refid="_18_5_3_62501eb_1526764100498_967062_14034"/><diagram classType="Diagram" humanType="Diagram" icon="ConceptLibrary_files/icon_Class Diagram_505751443.png" name="Proposition Detail" refid="_18_4_62501eb_1476372124532_248366_8882"/><property classType="Property" humanType="Property" icon="ConceptLibrary_files/icon_property_736527975.png" name="sufficient supertype" refid="_18_5_3_62501eb_1526764100498_172575_14033"/><diagram classType="Diagram" humanType="Diagram" icon="ConceptLibrary_files/icon_Class Diagram_505751443.png" name="Thing Detail" refid="_18_4_62501eb_1474827775223_682407_38836"/></inheritedMember><isAbstract humanName="Is Abstract" mode="s,e">false</isAbstract><isActive humanName="Is Active" mode="s,e">false</isActive><isFinalSpecialization humanName="Is Final Specialization" mode="e">false</isFinalSpecialization><isLeaf humanName="Is Leaf" mode="e">false</isLeaf><member humanName="Member"><diagram classType="Diagram" humanType="Diagram" icon="ConceptLibrary_files/icon_Class Diagram_505751443.png" name="Context Detail" refid="_18_1_3ba019e_1430749149449_614203_5109"/><property classType="Property" humanType="Property" icon="ConceptLibrary_files/icon_property_736527975.png" name="justifies subtype" refid="_18_5_3_62501eb_1526764100498_967062_14034"/><diagram classType="Diagram" humanType="Diagram" icon="ConceptLibrary_files/icon_Class Diagram_505751443.png" name="Proposition Detail" refid="_18_4_62501eb_1476372124532_248366_8882"/><property classType="Property" humanType="Property" icon="ConceptLibrary_files/icon_property_736527975.png" name="sufficient supertype" refid="_18_5_3_62501eb_1526764100498_172575_14033"/><diagram classType="Diagram" humanType="Diagram" icon="ConceptLibrary_files/icon_Class Diagram_505751443.png" name="Thing Detail" refid="_18_4_62501eb_1474827775223_682407_38836"/></member><name humanName="Name" mode="s,e">Facet Type</name><namespace classType="Package" humanName="Namespace" humanType="Package" icon="ConceptLibrary_files/icon_package_467146800.png" name="Facets" refid="_18_4_62501eb_1476295515904_49307_6865"/><ownedComment humanName="Owned Comment"><comment classType="Comment" humanType="Comment" icon="ConceptLibrary_files/icon_comment_1609735765.png" refid="_18_0_2_3ba019e_1422746377017_73758_7546"/></ownedComment><ownedElement humanName="Owned Element"><generalization classType="Generalization" humanType="Generalization" icon="ConceptLibrary_files/icon_generalization_212232499.png" isRelationship="true" refid="_18_0_2_3ba019e_1422746034825_438932_7534"/><comment classType="Comment" humanType="Comment" icon="ConceptLibrary_files/icon_comment_1609735765.png" refid="_18_0_2_3ba019e_1422746377017_73758_7546"/><instancespecification classType="InstanceSpecification" humanType="Instance Specification" icon="ConceptLibrary_files/icon_instancespecification_1746117425.png" name=" : UML Standard Profile::MagicDraw Profile::HyperlinkOwner" refid="_18_4_62501eb_1476296437510_614505_8022"/></ownedElement><owner classType="Package" humanName="Owner" humanType="Package" icon="ConceptLibrary_files/icon_package_467146800.png" mode="s,e" name="Facets" refid="_18_4_62501eb_1476295515904_49307_6865"/><owningPackage classType="Package" humanName="Owning Package" humanType="Package" icon="ConceptLibrary_files/icon_package_467146800.png" name="Facets" refid="_18_4_62501eb_1476295515904_49307_6865"/><package classType="Package" humanName="Package" humanType="Package" icon="ConceptLibrary_files/icon_package_467146800.png" name="Facets" refid="_18_4_62501eb_1476295515904_49307_6865"/><qualifiedName humanName="Qualified Name" mode="e">SMIF Conceptual Model::Facets::Facet Type</qualifiedName><specificClassifier humanName="Specific Classifier"><class classType="Class" humanType="Class" icon="ConceptLibrary_files/icon_class_1769227988.png" name="Category Type" refid="_18_4_62501eb_1480627135838_502421_7359"/><class classType="Class" humanType="Class" icon="ConceptLibrary_files/icon_class_1769227988.png" name="Phase Type" refid="_17_0_4_1_7b3022e_1389479262852_199293_3996"/><class classType="Class" humanType="Class" icon="ConceptLibrary_files/icon_class_1769227988.png" name="Role Type" refid="_17_0_4_1_7b3022e_1389191958859_78146_8140"/></specificClassifier><superClass humanName="Super Class"><class classType="Class" humanType="Class" icon="ConceptLibrary_files/icon_class_412694050.png" name="Type" refid="_17_0_3_7b3022e_1331156699146_272050_1846"/></superClass><TO_DO humanName="To Do" mode="s,e"/><visibility humanName="Visibility" mode="e">public</visibility><appearsIn><diagram classType="Diagram" humanType="Diagram" icon="ConceptLibrary_files/icon_Generic Table_1568169108.png" name="Concept Library Classes" refid="_18_4_1_62501eb_1495298309386_966735_15952"/><diagram classType="Diagram" humanType="Diagram" icon="ConceptLibrary_files/icon_Class Diagram_505751443.png" name="Foundation" refid="_18_4_1_62501eb_1495296229925_256240_9842"/><diagram classType="Diagram" humanType="Diagram" icon="ConceptLibrary_files/icon_Class Diagram_505751443.png" name="Types" refid="_17_0_3_7b3022e_1331156482756_874223_1661"/><diagram classType="Diagram" humanType="Diagram" icon="ConceptLibrary_files/icon_Class Diagram_505751443.png" name="Type Constraints" refid="_18_3_62501eb_1465307961135_15881_7205"/><diagram classType="Diagram" humanType="Diagram" icon="ConceptLibrary_files/icon_Generic Table_1568169108.png" name="SMIF Classes" refid="_18_0_2_3ba019e_1422752494092_767389_8106"/><diagram classType="Diagram" humanType="Diagram" icon="ConceptLibrary_files/icon_Class Diagram_505751443.png" name="Facets" refid="_18_4_62501eb_1476295530336_940590_6866"/></appearsIn></class></magicdraw>