<?xml version="1.0" encoding="UTF-8"?><magicdraw><instancespecification classType="InstanceSpecification" humanType="Instance Specification" icon="ConceptLibrary_files/icon_instancespecification_1746117425.png" id="_18_0_2_3ba019e_1422752494096_978856_8107"><classifier humanName="Classifier" mode="s,e"><stereotype classType="Stereotype" humanType="Stereotype" icon="ConceptLibrary_files/icon_stereotype_643587433.png" name="DiagramInfo" refid="_9_0_be00301_1108044380615_150487_0"/><stereotype classType="Stereotype" humanType="Stereotype" icon="ConceptLibrary_files/icon_stereotype_643587433.png" name="DiagramTable" refid="_16_5beta1_8ba0276_1232443673758_573873_267"/></classifier><documentation humanName="Documentation"/><name humanName="Name" mode="s,e"/><ownedElement humanName="Owned Element"><slot classType="Slot" humanType="Slot" icon="ConceptLibrary_files/icon_slot_1468646544.png" refid="_18_5_3_62501eb_1527181997239_261003_9282"/><slot classType="Slot" humanType="Slot" icon="ConceptLibrary_files/icon_slot_1468646544.png" refid="_18_5_3_62501eb_1527181997239_485461_9284"/><slot classType="Slot" humanType="Slot" icon="ConceptLibrary_files/icon_slot_1468646544.png" refid="_18_5_3_62501eb_1527181997239_92546_9286"/><slot classType="Slot" humanType="Slot" icon="ConceptLibrary_files/icon_slot_1468646544.png" refid="_18_5_3_62501eb_1527181997239_381509_9288"/><slot classType="Slot" humanType="Slot" icon="ConceptLibrary_files/icon_slot_1468646544.png" refid="_18_5_3_62501eb_1527181997239_389987_9290"/><slot classType="Slot" humanType="Slot" icon="ConceptLibrary_files/icon_slot_1468646544.png" refid="_18_5_3_62501eb_1527181997239_897204_9292"/><slot classType="Slot" humanType="Slot" icon="ConceptLibrary_files/icon_slot_1468646544.png" refid="_18_5_3_62501eb_1527181997239_786391_9294"/><slot classType="Slot" humanType="Slot" icon="ConceptLibrary_files/icon_slot_1468646544.png" refid="_18_5_3_62501eb_1527181997240_102271_9296"/><slot classType="Slot" humanType="Slot" icon="ConceptLibrary_files/icon_slot_1468646544.png" refid="_18_5_3_62501eb_1527181997240_381581_9298"/><slot classType="Slot" humanType="Slot" icon="ConceptLibrary_files/icon_slot_1468646544.png" refid="_18_5_3_62501eb_1527181997240_930577_9300"/><slot classType="Slot" humanType="Slot" icon="ConceptLibrary_files/icon_slot_1468646544.png" refid="_18_5_3_62501eb_1527181997244_525411_9404"/><slot classType="Slot" humanType="Slot" icon="ConceptLibrary_files/icon_slot_1468646544.png" refid="_18_5_3_62501eb_1527181997244_534447_9416"/><slot classType="Slot" humanType="Slot" icon="ConceptLibrary_files/icon_slot_1468646544.png" refid="_18_5_3_62501eb_1527181997245_643388_9424"/><slot classType="Slot" humanType="Slot" icon="ConceptLibrary_files/icon_slot_1468646544.png" refid="_18_5_3_62501eb_1527181997245_779441_9426"/></ownedElement><owner classType="Diagram" humanName="Owner" humanType="Diagram" icon="ConceptLibrary_files/icon_Generic Table_1568169108.png" mode="s,e" name="SMIF Classes" refid="_18_0_2_3ba019e_1422752494092_767389_8106"/><qualifiedName humanName="Qualified Name" mode="e">SMIF Conceptual Model::SMIF Classes::</qualifiedName><slot humanName="Slot"><slot classType="Slot" humanType="Slot" icon="ConceptLibrary_files/icon_slot_1468646544.png" refid="_18_5_3_62501eb_1527181997239_261003_9282"/><slot classType="Slot" humanType="Slot" icon="ConceptLibrary_files/icon_slot_1468646544.png" refid="_18_5_3_62501eb_1527181997239_485461_9284"/><slot classType="Slot" humanType="Slot" icon="ConceptLibrary_files/icon_slot_1468646544.png" refid="_18_5_3_62501eb_1527181997239_92546_9286"/><slot classType="Slot" humanType="Slot" icon="ConceptLibrary_files/icon_slot_1468646544.png" refid="_18_5_3_62501eb_1527181997239_381509_9288"/><slot classType="Slot" humanType="Slot" icon="ConceptLibrary_files/icon_slot_1468646544.png" refid="_18_5_3_62501eb_1527181997239_389987_9290"/><slot classType="Slot" humanType="Slot" icon="ConceptLibrary_files/icon_slot_1468646544.png" refid="_18_5_3_62501eb_1527181997239_897204_9292"/><slot classType="Slot" humanType="Slot" icon="ConceptLibrary_files/icon_slot_1468646544.png" refid="_18_5_3_62501eb_1527181997239_786391_9294"/><slot classType="Slot" humanType="Slot" icon="ConceptLibrary_files/icon_slot_1468646544.png" refid="_18_5_3_62501eb_1527181997240_102271_9296"/><slot classType="Slot" humanType="Slot" icon="ConceptLibrary_files/icon_slot_1468646544.png" refid="_18_5_3_62501eb_1527181997240_381581_9298"/><slot classType="Slot" humanType="Slot" icon="ConceptLibrary_files/icon_slot_1468646544.png" refid="_18_5_3_62501eb_1527181997240_930577_9300"/><slot classType="Slot" humanType="Slot" icon="ConceptLibrary_files/icon_slot_1468646544.png" refid="_18_5_3_62501eb_1527181997244_525411_9404"/><slot classType="Slot" humanType="Slot" icon="ConceptLibrary_files/icon_slot_1468646544.png" refid="_18_5_3_62501eb_1527181997244_534447_9416"/><slot classType="Slot" humanType="Slot" icon="ConceptLibrary_files/icon_slot_1468646544.png" refid="_18_5_3_62501eb_1527181997245_643388_9424"/><slot classType="Slot" humanType="Slot" icon="ConceptLibrary_files/icon_slot_1468646544.png" refid="_18_5_3_62501eb_1527181997245_779441_9426"/></slot><stereotypedElement classType="Diagram" humanName="Stereotyped Element" humanType="Diagram" icon="ConceptLibrary_files/icon_Generic Table_1568169108.png" name="SMIF Classes" refid="_18_0_2_3ba019e_1422752494092_767389_8106"/><TO_DO humanName="To Do" mode="s,e"/><visibility humanName="Visibility">public</visibility></instancespecification></magicdraw>