<?xml version="1.0" encoding="UTF-8"?><magicdraw><comment classType="Comment" humanType="Comment" icon="ConceptLibrary_files/icon_comment_1609735765.png" id="_18_0_2_3ba019e_1422821567060_222948_5993"><annotatedElement humanName="Annotated Element" mode="s,e"><class classType="Class" humanType="Class" icon="ConceptLibrary_files/icon_class_1769227988.png" name="Include" refid="_17_0_4_1_7b3022e_1389197532067_566283_8486"/></annotatedElement><body humanName="Body" mode="s,e">An "Include" is an external scope that is visible and asserted by the owning lexical scope. 
[FUML] PackageImport
[CL] Importation: An importation contains a name. The intention is that the name identifies a piece of Common Logic content represented externally to the text, and the importation re-asserts that content in the text.</body><documentation humanName="Documentation"/><owner classType="Class" humanName="Owner" humanType="Class" icon="ConceptLibrary_files/icon_class_1769227988.png" mode="s,e" name="Include" refid="_17_0_4_1_7b3022e_1389197532067_566283_8486"/><owningElement classType="Class" humanName="Owning Element" humanType="Class" icon="ConceptLibrary_files/icon_class_1769227988.png" name="Include" refid="_17_0_4_1_7b3022e_1389197532067_566283_8486"/><TO_DO humanName="To Do" mode="s,e"/></comment></magicdraw>