<?xml version="1.0" encoding="UTF-8"?><magicdraw><comment classType="Comment" humanType="Comment" icon="ConceptLibrary_files/icon_comment_1609735765.png" id="_18_0_2_3ba019e_1422131119682_805566_8251"><annotatedElement humanName="Annotated Element" mode="s,e"><class classType="Class" humanType="Class" icon="ConceptLibrary_files/icon_class_1769227988.png" name="Operational Control" refid="_17_0_5_1_3ba019e_1407452267066_776903_11252"/></annotatedElement><body humanName="Body" mode="s,e">[NIST.IR.7298] The security controls (i.e., safeguards or countermeasures) for an information system that primarily are implemented and executed by people (as opposed to systems).
SOURCE: SP 800-53; SP 800-37; FIPS 200</body><documentation humanName="Documentation"/><owner classType="Class" humanName="Owner" humanType="Class" icon="ConceptLibrary_files/icon_class_1769227988.png" mode="s,e" name="Operational Control" refid="_17_0_5_1_3ba019e_1407452267066_776903_11252"/><owningElement classType="Class" humanName="Owning Element" humanType="Class" icon="ConceptLibrary_files/icon_class_1769227988.png" name="Operational Control" refid="_17_0_5_1_3ba019e_1407452267066_776903_11252"/><TO_DO humanName="To Do" mode="s,e"/></comment></magicdraw>