<?xml version="1.0" encoding="UTF-8"?><magicdraw><comment classType="Comment" humanType="Comment" icon="ConceptLibrary_files/icon_comment_1609735765.png" id="_18_0_2_3ba019e_1422126975526_947716_7566"><annotatedElement humanName="Annotated Element" mode="s,e"><class classType="Class" humanType="Class" icon="ConceptLibrary_files/icon_class_1769227988.png" name="Physical Location" refid="_17_0_5_1_3ba019e_1407439004181_524572_4207"/></annotatedElement><body humanName="Body" mode="s,e">A point or extent in physical space.

[NIEM] A geospatial location.
[FIBO] PhysicalLocation: A location in physical space
</body><documentation humanName="Documentation"/><owner classType="Class" humanName="Owner" humanType="Class" icon="ConceptLibrary_files/icon_class_1769227988.png" mode="s,e" name="Physical Location" refid="_17_0_5_1_3ba019e_1407439004181_524572_4207"/><owningElement classType="Class" humanName="Owning Element" humanType="Class" icon="ConceptLibrary_files/icon_class_1769227988.png" name="Physical Location" refid="_17_0_5_1_3ba019e_1407439004181_524572_4207"/><TO_DO humanName="To Do" mode="s,e"/></comment></magicdraw>