<?xml version="1.0" encoding="UTF-8"?><magicdraw><comment classType="Comment" humanType="Comment" icon="ConceptLibrary_files/icon_comment_1609735765.png" id="_18_0_2_3ba019e_1423002411983_672073_5450"><annotatedElement humanName="Annotated Element" mode="s,e"><class classType="Class" humanType="Class" icon="ConceptLibrary_files/icon_class_1769227988.png" name="Modus Operandi" refid="_17_0_5_1_3ba019e_1408567899411_519296_5584"/></annotatedElement><body humanName="Body" mode="s,e">A particular way or method an actor typically does something, especially one that is characteristic or well-established. It may or may not have a formal definition of the process.
In threat terms, a particular tactic, technique or procedure for achieving a result.
Syn. TTP [STIX]
</body><documentation humanName="Documentation"/><owner classType="Class" humanName="Owner" humanType="Class" icon="ConceptLibrary_files/icon_class_1769227988.png" mode="s,e" name="Modus Operandi" refid="_17_0_5_1_3ba019e_1408567899411_519296_5584"/><owningElement classType="Class" humanName="Owning Element" humanType="Class" icon="ConceptLibrary_files/icon_class_1769227988.png" name="Modus Operandi" refid="_17_0_5_1_3ba019e_1408567899411_519296_5584"/><TO_DO humanName="To Do" mode="s,e"/></comment></magicdraw>